{"fens":[{"fenStr":"rnbqkbnr/pppppppp/8/8/4P3/8/PPPP1PPP/RNBQKBNR","stockfishScores":{"bn":0.5049404761904762}},{"fenStr":"rnbqkbnr/pp1ppppp/8/2p5/4P3/8/PPPP1PPP/RNBQKBNR","stockfishScores":{"wn":0.5038095238095238}},{"fenStr":"rnbqkbnr/pp1ppppp/8/2p5/4P3/2N5/PPPP1PPP/R1BQKBNR","stockfishScores":{"bn":0.5063095238095238}},{"fenStr":"r1bqkbnr/pp1ppppp/2n5/2p5/4P3/2N5/PPPP1PPP/R1BQKBNR","stockfishScores":{"wn":0.5029761904761905}},{"fenStr":"r1bqkbnr/pp1ppppp/2n5/1Bp5/4P3/2N5/PPPP1PPP/R1BQK1NR","stockfishScores":{"bn":0.502797619047619}},{"fenStr":"r1bqkbnr/pp1ppppp/8/1Bp5/3nP3/2N5/PPPP1PPP/R1BQK1NR","stockfishScores":{"wn":0.4994047619047619}},{"fenStr":"r1bqkbnr/pp1ppppp/8/2p5/2BnP3/2N5/PPPP1PPP/R1BQK1NR","stockfishScores":{"bn":0.5041666666666667}},{"fenStr":"r1bqkbnr/pp1p1ppp/4p3/2p5/2BnP3/2N5/PPPP1PPP/R1BQK1NR","stockfishScores":{"wn":0.4976785714285714}},{"fenStr":"r1bqkbnr/pp1p1ppp/4p3/2p5/2BnP3/2N2N2/PPPP1PPP/R1BQK2R","stockfishScores":{"bn":0.5005357142857143}},{"fenStr":"r1bqkb1r/pp1pnppp/4p3/2p5/2BnP3/2N2N2/PPPP1PPP/R1BQK2R","stockfishScores":{"wn":0.49892857142857144}},{"fenStr":"r1bqkb1r/pp1pnppp/4p3/2p5/2BNP3/2N5/PPPP1PPP/R1BQK2R","stockfishScores":{"bn":0.5214285714285715}},{"fenStr":"r1bqkb1r/pp1pnppp/4p3/8/2BpP3/2N5/PPPP1PPP/R1BQK2R","stockfishScores":{"wn":0.4942857142857143}},{"fenStr":"r1bqkb1r/pp1pnppp/4p3/8/2BpP3/8/PPPPNPPP/R1BQK2R","stockfishScores":{"bn":0.4994642857142857}},{"fenStr":"r1bqkb1r/pp1p1ppp/2n1p3/8/2BpP3/8/PPPPNPPP/R1BQK2R","stockfishScores":{"wn":0.4963690476190476}},{"fenStr":"r1bqkb1r/pp1p1ppp/2n1p3/8/2BpP3/8/PPPPNPPP/R1BQ1RK1","stockfishScores":{"bn":0.5061309523809524}},{"fenStr":"r1bqkb1r/pp1p1p1p/2n1p1p1/8/2BpP3/8/PPPPNPPP/R1BQ1RK1","stockfishScores":{"wn":0.5072023809523809}},{"fenStr":"r1bqkb1r/pp1p1p1p/2n1p1p1/8/2BpP3/3P4/PPP1NPPP/R1BQ1RK1","stockfishScores":{"bn":0.5113095238095238}},{"fenStr":"r1bqk2r/pp1p1pbp/2n1p1p1/8/2BpP3/3P4/PPP1NPPP/R1BQ1RK1","stockfishScores":{"wn":0.5104166666666666}},{"fenStr":"r1bqk2r/pp1p1pbp/2n1p1p1/8/2BpPP2/3P4/PPP1N1PP/R1BQ1RK1","stockfishScores":{"bn":0.5098809523809524}},{"fenStr":"r1bqk2r/pp1p1pbp/4p1p1/n7/2BpPP2/3P4/PPP1N1PP/R1BQ1RK1","stockfishScores":{"wn":0.5135119047619048}},{"fenStr":"r1bqk2r/pp1p1pbp/4p1p1/n4P2/2BpP3/3P4/PPP1N1PP/R1BQ1RK1","stockfishScores":{"bn":0.515}},{"fenStr":"r1bq1rk1/pp1p1pbp/4p1p1/n4P2/2BpP3/3P4/PPP1N1PP/R1BQ1RK1","stockfishScores":{"wn":0.5066666666666667}},{"fenStr":"r1bq1rk1/pp1p1pbp/4p1p1/n4P2/2BpP1P1/3P4/PPP1N2P/R1BQ1RK1","stockfishScores":{"bn":0.5026785714285714}},{"fenStr":"r1bq1rk1/pp3pbp/4p1p1/n2p1P2/2BpP1P1/3P4/PPP1N2P/R1BQ1RK1","stockfishScores":{"wn":0.4968452380952381}},{"fenStr":"r1bq1rk1/pp3pbp/4p1p1/n2p1P2/3pP1P1/1B1P4/PPP1N2P/R1BQ1RK1","stockfishScores":{"bn":0.49857142857142855}},{"fenStr":"r1bq1rk1/pp3pbp/4p1p1/3p1P2/3pP1P1/1n1P4/PPP1N2P/R1BQ1RK1","stockfishScores":{"wn":0.4723809523809524}},{"fenStr":"r1bq1rk1/pp3pbp/4p1p1/3p1P2/3pP1P1/1P1P4/1PP1N2P/R1BQ1RK1","stockfishScores":{"bn":0.50125}},{"fenStr":"r1bq1rk1/pp3pbp/4p1p1/5P2/3pp1P1/1P1P4/1PP1N2P/R1BQ1RK1","stockfishScores":{"wn":0.4889880952380952}},{"fenStr":"r1bq1rk1/pp3pbp/4p1p1/5P2/3pP1P1/1P6/1PP1N2P/R1BQ1RK1","stockfishScores":{"bn":0.498452380952381}},{"fenStr":"r1bq1rk1/pp3pbp/6p1/5p2/3pP1P1/1P6/1PP1N2P/R1BQ1RK1","stockfishScores":{"wn":0.485}},{"fenStr":"r1bq1rk1/pp3pbp/6p1/5P2/3p2P1/1P6/1PP1N2P/R1BQ1RK1","stockfishScores":{"bn":0.4988690476190476}},{"fenStr":"r1bq1rk1/p4pbp/1p4p1/5P2/3p2P1/1P6/1PP1N2P/R1BQ1RK1","stockfishScores":{"wn":0.49910714285714286}},{"fenStr":"r1bq1rk1/p4pbp/1p4p1/5P2/3p2P1/1P4N1/1PP4P/R1BQ1RK1","stockfishScores":{"bn":0.49773809523809526}},{"fenStr":"r2q1rk1/pb3pbp/1p4p1/5P2/3p2P1/1P4N1/1PP4P/R1BQ1RK1","stockfishScores":{"wn":0.49238095238095236}},{"fenStr":"r2q1rk1/pb3pbp/1p4p1/5P2/3p1BP1/1P4N1/1PP4P/R2Q1RK1","stockfishScores":{"bn":0.49339285714285713}},{"fenStr":"r2qr1k1/pb3pbp/1p4p1/5P2/3p1BP1/1P4N1/1PP4P/R2Q1RK1","stockfishScores":{"wn":0.4907738095238095}},{"fenStr":"r2qr1k1/pb3pbp/1p4p1/5P2/3p1BP1/1P4N1/1PPQ3P/R4RK1","stockfishScores":{"bn":0.49166666666666664}},{"fenStr":"r3r1k1/pb3pbp/1p4p1/3q1P2/3p1BP1/1P4N1/1PPQ3P/R4RK1","stockfishScores":{"wn":0.49297619047619046}},{"fenStr":"r3r1k1/pb3pbp/1p4p1/3q1P2/3p1BP1/1P4N1/1PPQ3P/3R1RK1","stockfishScores":{"bn":0.4930357142857143}},{"fenStr":"r3r1k1/pb3pbp/1p4p1/3q1P2/5BP1/1P1p2N1/1PPQ3P/3R1RK1","stockfishScores":{"wn":0.47267857142857145}},{"fenStr":"r3r1k1/pb3pbp/1p4p1/3q1P2/5BP1/1PPp2N1/1P1Q3P/3R1RK1","stockfishScores":{"bn":0.47886904761904764}},{"fenStr":"r5k1/pb3pbp/1p4p1/3q1P2/5BP1/1PPp2N1/1P1Qr2P/3R1RK1","stockfishScores":{"wn":0.4399404761904762}},{"fenStr":"r5k1/pb3pbp/1p4p1/3q1P2/5BP1/1PPp4/1P1QN2P/3R1RK1","stockfishScores":{"bn":0.5126190476190476}},{"fenStr":"r5k1/pb3pbp/1p4p1/5P2/5BP1/1PPp4/1P1QN1qP/3R1RK1","stockfishScores":{"wn":0.5119642857142858}}],"result":{"bw":true}}