{"fens":[{"fenStr":"rnbqkbnr/pppppppp/8/8/4P3/8/PPPP1PPP/RNBQKBNR","stockfishScores":{"bn":0.5049404761904762}},{"fenStr":"rnbqkbnr/pppp1ppp/4p3/8/4P3/8/PPPP1PPP/RNBQKBNR","stockfishScores":{"wn":0.5002380952380953}},{"fenStr":"rnbqkbnr/pppp1ppp/4p3/8/3PP3/8/PPP2PPP/RNBQKBNR","stockfishScores":{"bn":0.5058928571428571}},{"fenStr":"rnbqkbnr/ppp2ppp/4p3/3p4/3PP3/8/PPP2PPP/RNBQKBNR","stockfishScores":{"wn":0.5010119047619047}},{"fenStr":"rnbqkbnr/ppp2ppp/4p3/3p4/3PP3/2N5/PPP2PPP/R1BQKBNR","stockfishScores":{"bn":0.5042857142857143}},{"fenStr":"rnbqk1nr/ppp2ppp/4p3/3p4/1b1PP3/2N5/PPP2PPP/R1BQKBNR","stockfishScores":{"wn":0.5006547619047619}},{"fenStr":"rnbqk1nr/ppp2ppp/4p3/3pP3/1b1P4/2N5/PPP2PPP/R1BQKBNR","stockfishScores":{"bn":0.5044642857142857}},{"fenStr":"rnbqk1nr/p1p2ppp/1p2p3/3pP3/1b1P4/2N5/PPP2PPP/R1BQKBNR","stockfishScores":{"wn":0.5045238095238095}},{"fenStr":"rnbqk1nr/p1p2ppp/1p2p3/3pP3/1b1P4/P1N5/1PP2PPP/R1BQKBNR","stockfishScores":{"bn":0.5092261904761904}},{"fenStr":"rnbqk1nr/p1p2ppp/1p2p3/3pP3/3P4/P1b5/1PP2PPP/R1BQKBNR","stockfishScores":{"wn":0.48636904761904765}},{"fenStr":"rnbqk1nr/p1p2ppp/1p2p3/3pP3/3P4/P1P5/2P2PPP/R1BQKBNR","stockfishScores":{"bn":0.5072619047619048}},{"fenStr":"rn1qk1nr/p1p2ppp/bp2p3/3pP3/3P4/P1P5/2P2PPP/R1BQKBNR","stockfishScores":{"wn":0.5059523809523809}},{"fenStr":"rn1qk1nr/p1p2ppp/bp2p3/3pP3/3P2Q1/P1P5/2P2PPP/R1B1KBNR","stockfishScores":{"bn":0.5069642857142858}},{"fenStr":"rn1qk1nr/p1p2p1p/bp2p1p1/3pP3/3P2Q1/P1P5/2P2PPP/R1B1KBNR","stockfishScores":{"wn":0.5070238095238095}},{"fenStr":"rn1qk1nr/p1p2p1p/Bp2p1p1/3pP3/3P2Q1/P1P5/2P2PPP/R1B1K1NR","stockfishScores":{"bn":0.529702380952381}},{"fenStr":"r2qk1nr/p1p2p1p/np2p1p1/3pP3/3P2Q1/P1P5/2P2PPP/R1B1K1NR","stockfishScores":{"wn":0.5029761904761905}},{"fenStr":"r2qk1nr/p1p2p1p/np2p1p1/3pP1B1/3P2Q1/P1P5/2P2PPP/R3K1NR","stockfishScores":{"bn":0.5064285714285715}},{"fenStr":"r1q1k1nr/p1p2p1p/np2p1p1/3pP1B1/3P2Q1/P1P5/2P2PPP/R3K1NR","stockfishScores":{"wn":0.5048214285714285}},{"fenStr":"r1q1k1nr/p1p2p1p/np2p1p1/3pP1B1/3P2Q1/P1P5/2P1NPPP/R3K2R","stockfishScores":{"bn":0.5079166666666667}},{"fenStr":"r1q1k1nr/p4p1p/np2p1p1/2ppP1B1/3P2Q1/P1P5/2P1NPPP/R3K2R","stockfishScores":{"wn":0.50625}},{"fenStr":"r1q1k1nr/p4p1p/np2p1p1/2ppP1B1/3P2Q1/P1P5/2P1NPPP/R4RK1","stockfishScores":{"bn":0.5173809523809524}},{"fenStr":"r1q1k1nr/p4p2/np2p1pp/2ppP1B1/3P2Q1/P1P5/2P1NPPP/R4RK1","stockfishScores":{"wn":0.5151190476190476}},{"fenStr":"r1q1k1nr/p4p2/np2p1pp/2ppP3/3P2QB/P1P5/2P1NPPP/R4RK1","stockfishScores":{"bn":0.5148809523809523}},{"fenStr":"rnq1k1nr/p4p2/1p2p1pp/2ppP3/3P2QB/P1P5/2P1NPPP/R4RK1","stockfishScores":{"wn":0.5175}},{"fenStr":"rnq1k1nr/p4p2/1p2p1pp/2ppP3/3P1NQB/P1P5/2P2PPP/R4RK1","stockfishScores":{"bn":0.5220833333333333}},{"fenStr":"rn2k1nr/p2q1p2/1p2p1pp/2ppP3/3P1NQB/P1P5/2P2PPP/R4RK1","stockfishScores":{"wn":0.5230952380952381}},{"fenStr":"rn2k1nr/p2q1p2/1p2p1pp/2ppP2N/3P2QB/P1P5/2P2PPP/R4RK1","stockfishScores":{"bn":0.533452380952381}},{"fenStr":"rn2k1nr/p2q1p2/1p2p2p/2ppP1pN/3P2QB/P1P5/2P2PPP/R4RK1","stockfishScores":{"wn":0.5203571428571429}},{"fenStr":"rn2k1nr/p2q1p2/1p2p2p/2ppP1pN/3P1PQB/P1P5/2P3PP/R4RK1","stockfishScores":{"bn":0.5220833333333333}},{"fenStr":"rn1k2nr/p2q1p2/1p2p2p/2ppP1pN/3P1PQB/P1P5/2P3PP/R4RK1","stockfishScores":{"wn":0.5142261904761904}},{"fenStr":"rn1k2nr/p2q1p2/1p2p2p/2ppP1PN/3P2QB/P1P5/2P3PP/R4RK1","stockfishScores":{"bn":0.527797619047619}},{"fenStr":"rn4nr/p1kq1p2/1p2p2p/2ppP1PN/3P2QB/P1P5/2P3PP/R4RK1","stockfishScores":{"wn":0.5239880952380952}},{"fenStr":"rn4nr/p1kq1p2/1p2p1Pp/2ppP2N/3P2QB/P1P5/2P3PP/R4RK1","stockfishScores":{"bn":0.5484523809523809}},{"fenStr":"rn4nr/p1kq4/1p2p1pp/2ppP2N/3P2QB/P1P5/2P3PP/R4RK1","stockfishScores":{"wn":0.523452380952381}},{"fenStr":"rn4nr/p1kq4/1p2p1Qp/2ppP2N/3P3B/P1P5/2P3PP/R4RK1","stockfishScores":{"bn":0.5383928571428571}},{"fenStr":"r5nr/p1kq4/1pn1p1Qp/2ppP2N/3P3B/P1P5/2P3PP/R4RK1","stockfishScores":{"wn":0.5279761904761905}},{"fenStr":"r5nr/p1kq1R2/1pn1p1Qp/2ppP2N/3P3B/P1P5/2P3PP/R5K1","stockfishScores":{"bn":0.5351190476190476}},{"fenStr":"r6r/p1kqnR2/1pn1p1Qp/2ppP2N/3P3B/P1P5/2P3PP/R5K1","stockfishScores":{"wn":0.51125}},{"fenStr":"r6r/p1kqBR2/1pn1p1Qp/2ppP2N/3P4/P1P5/2P3PP/R5K1","stockfishScores":{"bn":0.53375}},{"fenStr":"r6r/p1kqnR2/1p2p1Qp/2ppP2N/3P4/P1P5/2P3PP/R5K1","stockfishScores":{"wn":0.5069047619047619}},{"fenStr":"r6r/p1kqnRQ1/1p2p2p/2ppP2N/3P4/P1P5/2P3PP/R5K1","stockfishScores":{"bn":0.51}},{"fenStr":"4r2r/p1kqnRQ1/1p2p2p/2ppP2N/3P4/P1P5/2P3PP/R5K1","stockfishScores":{"wn":0.5083333333333333}},{"fenStr":"4r2r/p1kqnRQ1/1p2pN1p/2ppP3/3P4/P1P5/2P3PP/R5K1","stockfishScores":{"bn":0.5160119047619047}},{"fenStr":"3qr2r/p1k1nRQ1/1p2pN1p/2ppP3/3P4/P1P5/2P3PP/R5K1","stockfishScores":{"wn":0.5172619047619048}},{"fenStr":"3qN2r/p1k1nRQ1/1p2p2p/2ppP3/3P4/P1P5/2P3PP/R5K1","stockfishScores":{"bn":0.5499404761904761}},{"fenStr":"3qr3/p1k1nRQ1/1p2p2p/2ppP3/3P4/P1P5/2P3PP/R5K1","stockfishScores":{"wn":0.5247619047619048}},{"fenStr":"3qr3/p1k1nR2/1p2p2Q/2ppP3/3P4/P1P5/2P3PP/R5K1","stockfishScores":{"bn":0.5302380952380953}},{"fenStr":"2q1r3/p1k1nR2/1p2p2Q/2ppP3/3P4/P1P5/2P3PP/R5K1","stockfishScores":{"wn":0.5328571428571428}},{"fenStr":"2q1r3/p1k1nR2/1p2p2Q/2ppP3/3P4/P1P5/2P3PP/5RK1","stockfishScores":{"bn":0.534345238095238}},{"fenStr":"1kq1r3/p3nR2/1p2p2Q/2ppP3/3P4/P1P5/2P3PP/5RK1","stockfishScores":{"wn":0.5306547619047619}},{"fenStr":"1kq1r3/p3nR2/1p2pQ2/2ppP3/3P4/P1P5/2P3PP/5RK1","stockfishScores":{"bn":0.531547619047619}},{"fenStr":"1kq1r3/p4R2/1pn1pQ2/2ppP3/3P4/P1P5/2P3PP/5RK1","stockfishScores":{"wn":0.5310119047619047}},{"fenStr":"1kq1r3/p4R2/1pn1pQ2/2PpP3/8/P1P5/2P3PP/5RK1","stockfishScores":{"bn":0.5327380952380952}},{"fenStr":"1kq1r3/p4R2/2n1pQ2/2ppP3/8/P1P5/2P3PP/5RK1","stockfishScores":{"wn":0.5350595238095238}},{"fenStr":"1kq1rR2/p7/2n1pQ2/2ppP3/8/P1P5/2P3PP/5RK1","stockfishScores":{"bn":0.5277380952380952}},{"fenStr":"1kq2r2/p7/2n1pQ2/2ppP3/8/P1P5/2P3PP/5RK1","stockfishScores":{"wn":0.4868452380952381}},{"fenStr":"1kq2Q2/p7/2n1p3/2ppP3/8/P1P5/2P3PP/5RK1","stockfishScores":{"bn":0.5403571428571429}},{"fenStr":"1k3q2/p7/2n1p3/2ppP3/8/P1P5/2P3PP/5RK1","stockfishScores":{"wn":0.44476190476190475}},{"fenStr":"1k3R2/p7/2n1p3/2ppP3/8/P1P5/2P3PP/6K1","stockfishScores":{"bn":0.5282738095238095}},{"fenStr":"5R2/p1k5/2n1p3/2ppP3/8/P1P5/2P3PP/6K1","stockfishScores":{"wn":0.5266071428571428}},{"fenStr":"5R2/p1k5/2n1p3/2ppP3/7P/P1P5/2P3P1/6K1","stockfishScores":{"bn":0.5291071428571429}},{"fenStr":"5R2/p1k5/4p3/2ppn3/7P/P1P5/2P3P1/6K1","stockfishScores":{"wn":0.5245238095238095}},{"fenStr":"5R2/p1k5/4p3/2ppn2P/8/P1P5/2P3P1/6K1","stockfishScores":{"bn":0.5272619047619047}},{"fenStr":"5R2/p1k5/4p3/2p1n2P/3p4/P1P5/2P3P1/6K1","stockfishScores":{"wn":0.5270833333333333}},{"fenStr":"5R2/p1k5/4p3/2p1n2P/3P4/P7/2P3P1/6K1","stockfishScores":{"bn":0.5392857142857143}},{"fenStr":"5R2/p1k5/4p3/4n2P/3p4/P7/2P3P1/6K1","stockfishScores":{"wn":0.5307738095238095}},{"fenStr":"5R2/p1k5/4p2P/4n3/3p4/P7/2P3P1/6K1","stockfishScores":{"bn":0.5366071428571428}},{"fenStr":"5R2/p1k5/4p2P/4n3/8/P2p4/2P3P1/6K1","stockfishScores":{"wn":0.5261904761904762}},{"fenStr":"5R2/p1k5/4p2P/4n3/8/P2P4/6P1/6K1","stockfishScores":{"bn":0.542797619047619}},{"fenStr":"5R2/p1k5/4p1nP/8/8/P2P4/6P1/6K1","stockfishScores":{"wn":0.5385119047619048}},{"fenStr":"6R1/p1k5/4p1nP/8/8/P2P4/6P1/6K1","stockfishScores":{"bn":0.5441071428571429}},{"fenStr":"6R1/p1k5/4p2P/8/5n2/P2P4/6P1/6K1","stockfishScores":{"wn":0.5442857142857143}},{"fenStr":"6R1/p1k4P/4p3/8/5n2/P2P4/6P1/6K1","stockfishScores":{"bn":0.5567857142857143}},{"fenStr":"6R1/p6P/3kp3/8/5n2/P2P4/6P1/6K1","stockfishScores":{"wn":0.5536904761904762}},{"fenStr":"6RQ/p7/3kp3/8/5n2/P2P4/6P1/6K1","stockfishScores":{"bn":0.5921428571428572}},{"fenStr":"6RQ/8/3kp3/p7/5n2/P2P4/6P1/6K1","stockfishScores":{"wn":0.5920238095238095}},{"fenStr":"3R3Q/8/3kp3/p7/5n2/P2P4/6P1/6K1","stockfishScores":{"bn":0.5922619047619048}},{"fenStr":"3R3Q/8/2k1p3/p7/5n2/P2P4/6P1/6K1","stockfishScores":{"wn":0.5917261904761905}},{"fenStr":"3R4/8/2k1p3/p7/5n2/P1QP4/6P1/6K1","stockfishScores":{"bn":0.5929166666666666}},{"fenStr":"3R4/1k6/4p3/p7/5n2/P1QP4/6P1/6K1","stockfishScores":{"wn":0.5919047619047619}},{"fenStr":"1R6/1k6/4p3/p7/5n2/P1QP4/6P1/6K1","stockfishScores":{"bn":0.5916071428571429}},{"fenStr":"1R6/8/k3p3/p7/5n2/P1QP4/6P1/6K1","stockfishScores":{"wn":0.5933333333333334}},{"fenStr":"1R6/8/k1Q1p3/p7/5n2/P2P4/6P1/6K1","stockfishScores":{"bn":0.5931547619047619}},{"fenStr":"1R6/k7/2Q1p3/p7/5n2/P2P4/6P1/6K1","stockfishScores":{"wn":0.5924404761904762}},{"fenStr":"1R6/kQ6/4p3/p7/5n2/P2P4/6P1/6K1","stockfishScores":{"bn":0.5922619047619048}}],"result":{"ww":true}}