{"fens":[{"fenStr":"rnbqkbnr/pppppppp/8/8/4P3/8/PPPP1PPP/RNBQKBNR","stockfishScores":{"bn":0.5049404761904762}},{"fenStr":"rnbqkbnr/pppp1ppp/8/4p3/4P3/8/PPPP1PPP/RNBQKBNR","stockfishScores":{"wn":0.5005952380952381}},{"fenStr":"rnbqkbnr/pppp1ppp/8/4p3/4PP2/8/PPPP2PP/RNBQKBNR","stockfishScores":{"bn":0.500297619047619}},{"fenStr":"rnbqkbnr/pppp1ppp/8/8/4Pp2/8/PPPP2PP/RNBQKBNR","stockfishScores":{"wn":0.48678571428571427}},{"fenStr":"rnbqkbnr/pppp1ppp/8/8/2B1Pp2/8/PPPP2PP/RNBQK1NR","stockfishScores":{"bn":0.48857142857142855}},{"fenStr":"rnb1kbnr/pppp1ppp/8/8/2B1Pp1q/8/PPPP2PP/RNBQK1NR","stockfishScores":{"wn":0.49375}},{"fenStr":"rnb1kbnr/pppp1ppp/8/8/2B1Pp1q/8/PPPP2PP/RNBQ1KNR","stockfishScores":{"bn":0.4943452380952381}},{"fenStr":"rnb1k1nr/pppp1ppp/8/2b5/2B1Pp1q/8/PPPP2PP/RNBQ1KNR","stockfishScores":{"wn":0.47625}},{"fenStr":"rnb1k1nr/pppp1ppp/8/2b5/2BPPp1q/8/PPP3PP/RNBQ1KNR","stockfishScores":{"bn":0.5086309523809524}},{"fenStr":"rnb1k1nr/pppp1ppp/1b6/8/2BPPp1q/8/PPP3PP/RNBQ1KNR","stockfishScores":{"wn":0.5045833333333334}},{"fenStr":"rnb1k1nr/pppp1ppp/1b6/8/2BPPp1q/5N2/PPP3PP/RNBQ1K1R","stockfishScores":{"bn":0.513452380952381}},{"fenStr":"rnb1k1nr/ppppqppp/1b6/8/2BPPp2/5N2/PPP3PP/RNBQ1K1R","stockfishScores":{"wn":0.507797619047619}},{"fenStr":"rnb1k1nr/ppppqppp/1b6/8/2BPPp2/2N2N2/PPP3PP/R1BQ1K1R","stockfishScores":{"bn":0.5125595238095239}},{"fenStr":"rnb1k2r/ppppqppp/1b3n2/8/2BPPp2/2N2N2/PPP3PP/R1BQ1K1R","stockfishScores":{"wn":0.5105357142857143}},{"fenStr":"rnb1k2r/ppppqppp/1b3n2/4P3/2BP1p2/2N2N2/PPP3PP/R1BQ1K1R","stockfishScores":{"bn":0.5151190476190476}},{"fenStr":"rnb1k2r/ppppqppp/1b6/4P2n/2BP1p2/2N2N2/PPP3PP/R1BQ1K1R","stockfishScores":{"wn":0.5152976190476191}},{"fenStr":"rnb1k2r/ppppqppp/1b6/3NP2n/2BP1p2/5N2/PPP3PP/R1BQ1K1R","stockfishScores":{"bn":0.52}},{"fenStr":"rnbqk2r/pppp1ppp/1b6/3NP2n/2BP1p2/5N2/PPP3PP/R1BQ1K1R","stockfishScores":{"wn":0.5173214285714286}},{"fenStr":"rnbqk2r/pppp1ppp/1b6/3NP2n/2BP1pP1/5N2/PPP4P/R1BQ1K1R","stockfishScores":{"bn":0.5171428571428571}},{"fenStr":"rnbqk2r/pppp1ppp/1b6/3NP2n/2BP4/5Np1/PPP4P/R1BQ1K1R","stockfishScores":{"wn":0.500297619047619}},{"fenStr":"rnbqk2r/pppp1ppp/1b6/3NP1Bn/2BP4/5Np1/PPP4P/R2Q1K1R","stockfishScores":{"bn":0.5124404761904762}},{"fenStr":"rnbqk2r/pppp2pp/1b3p2/3NP1Bn/2BP4/5Np1/PPP4P/R2Q1K1R","stockfishScores":{"wn":0.49892857142857144}},{"fenStr":"rnbqk2r/pppp2pp/1b3P2/3N2Bn/2BP4/5Np1/PPP4P/R2Q1K1R","stockfishScores":{"bn":0.55875}},{"fenStr":"rnbqk2r/pppp3p/1b3p2/3N2Bn/2BP4/5Np1/PPP4P/R2Q1K1R","stockfishScores":{"wn":0.5381547619047619}},{"fenStr":"rnbqk2r/pppp3p/1b3p2/3NN1Bn/2BP4/6p1/PPP4P/R2Q1K1R","stockfishScores":{"bn":0.5272023809523809}},{"fenStr":"rnbq1rk1/pppp3p/1b3p2/3NN1Bn/2BP4/6p1/PPP4P/R2Q1K1R","stockfishScores":{"wn":0.4969047619047619}},{"fenStr":"rnbq1rk1/pppp3p/1b3p2/3NN1BQ/2BP4/6p1/PPP4P/R4K1R","stockfishScores":{"bn":0.5407738095238095}},{"fenStr":"rnbq1rk1/pppp3p/1b6/3NN1pQ/2BP4/6p1/PPP4P/R4K1R","stockfishScores":{"wn":0.4924404761904762}},{"fenStr":"rnbq1rk1/pppp3p/1b3N2/4N1pQ/2BP4/6p1/PPP4P/R4K1R","stockfishScores":{"bn":0.4917261904761905}},{"fenStr":"rnbq1r2/pppp2kp/1b3N2/4N1pQ/2BP4/6p1/PPP4P/R4K1R","stockfishScores":{"wn":0.4861309523809524}},{"fenStr":"rnbq1r2/pppp2kQ/1b3N2/4N1p1/2BP4/6p1/PPP4P/R4K1R","stockfishScores":{"bn":0.4942857142857143}},{"fenStr":"rnbq1r2/pppp3Q/1b3k2/4N1p1/2BP4/6p1/PPP4P/R4K1R","stockfishScores":{"wn":0.5608333333333333}},{"fenStr":"rnbq1r2/pppp3Q/1b3k2/6p1/2BP2N1/6p1/PPP4P/R4K1R","stockfishScores":{"bn":0.5230952380952381}}],"result":{"ww":true}}