{"fens":[{"fenStr":"rnbqkbnr/pppppppp/8/8/4P3/8/PPPP1PPP/RNBQKBNR","stockfishScores":{"bn":0.5049404761904762}},{"fenStr":"rnbqkbnr/pp1ppppp/8/2p5/4P3/8/PPPP1PPP/RNBQKBNR","stockfishScores":{"wn":0.5038095238095238}},{"fenStr":"rnbqkbnr/pp1ppppp/8/2p5/4P3/5N2/PPPP1PPP/RNBQKB1R","stockfishScores":{"bn":0.5058928571428571}},{"fenStr":"rnbqkbnr/pp2pppp/3p4/2p5/4P3/5N2/PPPP1PPP/RNBQKB1R","stockfishScores":{"wn":0.5020833333333333}},{"fenStr":"rnbqkbnr/pp2pppp/3p4/2p5/3PP3/5N2/PPP2PPP/RNBQKB1R","stockfishScores":{"bn":0.5076785714285714}},{"fenStr":"rnbqkbnr/pp2pppp/3p4/8/3pP3/5N2/PPP2PPP/RNBQKB1R","stockfishScores":{"wn":0.4976190476190476}},{"fenStr":"rnbqkbnr/pp2pppp/3p4/8/3NP3/8/PPP2PPP/RNBQKB1R","stockfishScores":{"bn":0.51}},{"fenStr":"rnbqkb1r/pp2pppp/3p1n2/8/3NP3/8/PPP2PPP/RNBQKB1R","stockfishScores":{"wn":0.5031547619047619}},{"fenStr":"rnbqkb1r/pp2pppp/3p1n2/8/3NP3/2N5/PPP2PPP/R1BQKB1R","stockfishScores":{"bn":0.5076190476190476}},{"fenStr":"rnbqkb1r/1p2pppp/p2p1n2/8/3NP3/2N5/PPP2PPP/R1BQKB1R","stockfishScores":{"wn":0.5050595238095238}},{"fenStr":"rnbqkb1r/1p2pppp/p2p1n2/8/2BNP3/2N5/PPP2PPP/R1BQK2R","stockfishScores":{"bn":0.5078571428571429}},{"fenStr":"rnbqkb1r/1p3ppp/p2p1n2/4p3/2BNP3/2N5/PPP2PPP/R1BQK2R","stockfishScores":{"wn":0.5038095238095238}},{"fenStr":"rnbqkb1r/1p3ppp/p2p1n2/4pN2/2B1P3/2N5/PPP2PPP/R1BQK2R","stockfishScores":{"bn":0.5148214285714285}},{"fenStr":"rn1qkb1r/1p3ppp/p2p1n2/4pb2/2B1P3/2N5/PPP2PPP/R1BQK2R","stockfishScores":{"wn":0.4851190476190476}},{"fenStr":"rn1qkb1r/1p3ppp/p2p1n2/4pP2/2B5/2N5/PPP2PPP/R1BQK2R","stockfishScores":{"bn":0.5066666666666667}},{"fenStr":"r2qkb1r/1p3ppp/p1np1n2/4pP2/2B5/2N5/PPP2PPP/R1BQK2R","stockfishScores":{"wn":0.5029761904761905}},{"fenStr":"r2qkb1r/1p3ppp/p1np1n2/4pPB1/2B5/2N5/PPP2PPP/R2QK2R","stockfishScores":{"bn":0.5082142857142857}},{"fenStr":"r2qk2r/1p2bppp/p1np1n2/4pPB1/2B5/2N5/PPP2PPP/R2QK2R","stockfishScores":{"wn":0.5067857142857143}},{"fenStr":"r2qk2r/1p2bppp/p1np1B2/4pP2/2B5/2N5/PPP2PPP/R2QK2R","stockfishScores":{"bn":0.5332142857142858}},{"fenStr":"r2qk2r/1p3ppp/p1np1b2/4pP2/2B5/2N5/PPP2PPP/R2QK2R","stockfishScores":{"wn":0.5022619047619048}},{"fenStr":"r2qk2r/1p3ppp/p1np1b2/4pP2/2B1N3/8/PPP2PPP/R2QK2R","stockfishScores":{"bn":0.5257142857142857}},{"fenStr":"r2qk2r/1p3ppp/p2p1b2/4pP2/2BnN3/8/PPP2PPP/R2QK2R","stockfishScores":{"wn":0.5029761904761905}},{"fenStr":"r2qk2r/1p3ppp/p2p1b2/4pP2/2BnN3/2P5/PP3PPP/R2QK2R","stockfishScores":{"bn":0.5270833333333333}},{"fenStr":"r2qk2r/1p3ppp/p4b2/3ppP2/2BnN3/2P5/PP3PPP/R2QK2R","stockfishScores":{"wn":0.5020833333333333}},{"fenStr":"r2qk2r/1p3ppp/p4N2/3ppP2/2Bn4/2P5/PP3PPP/R2QK2R","stockfishScores":{"bn":0.5229166666666667}},{"fenStr":"r2qk2r/1p3p1p/p4p2/3ppP2/2Bn4/2P5/PP3PPP/R2QK2R","stockfishScores":{"wn":0.49892857142857144}},{"fenStr":"r2qk2r/1p3p1p/p4p2/3ppP2/2Bn4/2P5/PP3PPP/R2Q1RK1","stockfishScores":{"bn":0.5070833333333333}},{"fenStr":"r2qk2r/1p3p1p/p4p2/4pP2/2pn4/2P5/PP3PPP/R2Q1RK1","stockfishScores":{"wn":0.48636904761904765}},{"fenStr":"r2qk2r/1p3p1p/p4p2/4pP2/2pP4/8/PP3PPP/R2Q1RK1","stockfishScores":{"bn":0.5110119047619047}},{"fenStr":"r3k2r/1p3p1p/p4p2/4pP2/2pq4/8/PP3PPP/R2Q1RK1","stockfishScores":{"wn":0.5018452380952381}},{"fenStr":"r3k2r/1p3p1p/p4p2/4pP2/Q1pq4/8/PP3PPP/R4RK1","stockfishScores":{"bn":0.4963095238095238}},{"fenStr":"r3k2r/5p1p/p4p2/1p2pP2/Q1pq4/8/PP3PPP/R4RK1","stockfishScores":{"wn":0.49154761904761907}},{"fenStr":"r3k2r/5p1p/p4p2/1p2pP2/2pq4/Q7/PP3PPP/R4RK1","stockfishScores":{"bn":0.4995833333333333}},{"fenStr":"r3k2r/3q1p1p/p4p2/1p2pP2/2p5/Q7/PP3PPP/R4RK1","stockfishScores":{"wn":0.4992261904761905}},{"fenStr":"r3k2r/3q1p1p/p4p2/1p2pP2/2p5/Q7/PP3PPP/3R1RK1","stockfishScores":{"bn":0.5068452380952381}},{"fenStr":"r3k2r/4qp1p/p4p2/1p2pP2/2p5/Q7/PP3PPP/3R1RK1","stockfishScores":{"wn":0.5057738095238096}},{"fenStr":"r3k2r/4qp1p/p4p2/1p2pP2/2p5/6Q1/PP3PPP/3R1RK1","stockfishScores":{"bn":0.5038690476190476}},{"fenStr":"r3k2r/5p1p/p4p2/1pq1pP2/2p5/6Q1/PP3PPP/3R1RK1","stockfishScores":{"wn":0.5055357142857143}},{"fenStr":"r3k2r/5p1p/p4p2/1pq1pP2/1Pp5/6Q1/P4PPP/3R1RK1","stockfishScores":{"bn":0.5014880952380952}},{"fenStr":"r3k2r/5p1p/p4p2/1pq1pP2/8/1p4Q1/P4PPP/3R1RK1","stockfishScores":{"wn":0.49333333333333335}},{"fenStr":"r3k2r/5p1p/p4p2/1pq1pP2/8/1p4Q1/P4PPP/2R2RK1","stockfishScores":{"bn":0.49107142857142855}},{"fenStr":"r3k2r/5p1p/p4p2/1p2pP2/3q4/1p4Q1/P4PPP/2R2RK1","stockfishScores":{"wn":0.48696428571428574}},{"fenStr":"r3k2r/5pQp/p4p2/1p2pP2/3q4/1p6/P4PPP/2R2RK1","stockfishScores":{"bn":0.49773809523809526}},{"fenStr":"r6r/4kpQp/p4p2/1p2pP2/3q4/1p6/P4PPP/2R2RK1","stockfishScores":{"wn":0.49041666666666667}},{"fenStr":"r6r/2R1kpQp/p4p2/1p2pP2/3q4/1p6/P4PPP/5RK1","stockfishScores":{"bn":0.4860714285714286}},{"fenStr":"r6r/2R2pQp/p2k1p2/1p2pP2/3q4/1p6/P4PPP/5RK1","stockfishScores":{"wn":0.5020833333333333}},{"fenStr":"r6r/2R2Q1p/p2k1p2/1p2pP2/3q4/1p6/P4PPP/5RK1","stockfishScores":{"bn":0.536547619047619}},{"fenStr":"r2r4/2R2Q1p/p2k1p2/1p2pP2/3q4/1p6/P4PPP/5RK1","stockfishScores":{"wn":0.5201785714285714}},{"fenStr":"r2r4/2R2Q1p/p2k1p2/1p2pP2/3q4/1p6/P4PPP/2R3K1","stockfishScores":{"bn":0.5471428571428572}},{"fenStr":"r2r4/2R2Q1p/p2k1p2/1p1qpP2/8/1p6/P4PPP/2R3K1","stockfishScores":{"wn":0.5338095238095238}},{"fenStr":"r2r4/2R1Q2p/p2k1p2/1p1qpP2/8/1p6/P4PPP/2R3K1","stockfishScores":{"bn":0.5255357142857143}}],"result":{"ww":true}}