{"fens":[{"fenStr":"rnbqkbnr/pppppppp/8/8/4P3/8/PPPP1PPP/RNBQKBNR","stockfishScores":{"bn":0.5049404761904762}},{"fenStr":"rnbqkbnr/pppp1ppp/4p3/8/4P3/8/PPPP1PPP/RNBQKBNR","stockfishScores":{"wn":0.5002380952380953}},{"fenStr":"rnbqkbnr/pppp1ppp/4p3/8/3PP3/8/PPP2PPP/RNBQKBNR","stockfishScores":{"bn":0.5058928571428571}},{"fenStr":"rnbqkbnr/ppp2ppp/4p3/3p4/3PP3/8/PPP2PPP/RNBQKBNR","stockfishScores":{"wn":0.5010119047619047}},{"fenStr":"rnbqkbnr/ppp2ppp/4p3/3p4/3PP3/8/PPPN1PPP/R1BQKBNR","stockfishScores":{"bn":0.5027380952380952}},{"fenStr":"r1bqkbnr/ppp2ppp/2n1p3/3p4/3PP3/8/PPPN1PPP/R1BQKBNR","stockfishScores":{"wn":0.4992261904761905}},{"fenStr":"r1bqkbnr/ppp2ppp/2n1p3/3p4/3PP3/5N2/PPPN1PPP/R1BQKB1R","stockfishScores":{"bn":0.5036309523809523}},{"fenStr":"r1bqkb1r/ppp2ppp/2n1pn2/3p4/3PP3/5N2/PPPN1PPP/R1BQKB1R","stockfishScores":{"wn":0.5026785714285714}},{"fenStr":"r1bqkb1r/ppp2ppp/2n1pn2/3pP3/3P4/5N2/PPPN1PPP/R1BQKB1R","stockfishScores":{"bn":0.50625}},{"fenStr":"r1bqkb1r/pppn1ppp/2n1p3/3pP3/3P4/5N2/PPPN1PPP/R1BQKB1R","stockfishScores":{"wn":0.5016071428571428}},{"fenStr":"r1bqkb1r/pppn1ppp/2n1p3/3pP3/3P4/1N3N2/PPP2PPP/R1BQKB1R","stockfishScores":{"bn":0.5038095238095238}},{"fenStr":"r1bqkb1r/p1pn1ppp/1pn1p3/3pP3/3P4/1N3N2/PPP2PPP/R1BQKB1R","stockfishScores":{"wn":0.5036904761904762}},{"fenStr":"r1bqkb1r/p1pn1ppp/1pn1p3/3pP3/2PP4/1N3N2/PP3PPP/R1BQKB1R","stockfishScores":{"bn":0.5039285714285714}},{"fenStr":"r1bqkb1r/p1pn1ppp/1pn1p3/4P3/2pP4/1N3N2/PP3PPP/R1BQKB1R","stockfishScores":{"wn":0.4982142857142857}},{"fenStr":"r1bqkb1r/p1pn1ppp/1pn1p3/4P3/2BP4/1N3N2/PP3PPP/R1BQK2R","stockfishScores":{"bn":0.5054166666666666}},{"fenStr":"r2qkb1r/pbpn1ppp/1pn1p3/4P3/2BP4/1N3N2/PP3PPP/R1BQK2R","stockfishScores":{"wn":0.5039285714285714}},{"fenStr":"r2qkb1r/pbpn1ppp/1pn1p3/4P3/2BP4/1N3N2/PP3PPP/R1BQ1RK1","stockfishScores":{"bn":0.514702380952381}},{"fenStr":"r2qkb1r/pbpn1ppp/1p2p3/4P3/1nBP4/1N3N2/PP3PPP/R1BQ1RK1","stockfishScores":{"wn":0.5129166666666667}},{"fenStr":"r2qkb1r/pbpn1ppp/1p2p3/4P3/1nBP4/PN3N2/1P3PPP/R1BQ1RK1","stockfishScores":{"bn":0.5169642857142858}},{"fenStr":"r2qkb1r/pbpn1ppp/1p2p3/3nP3/2BP4/PN3N2/1P3PPP/R1BQ1RK1","stockfishScores":{"wn":0.5148809523809523}},{"fenStr":"r2qkb1r/pbpn1ppp/1p2p3/3nP3/3P4/PN1B1N2/1P3PPP/R1BQ1RK1","stockfishScores":{"bn":0.5125}},{"fenStr":"r2qkb1r/pbpn1pp1/1p2p2p/3nP3/3P4/PN1B1N2/1P3PPP/R1BQ1RK1","stockfishScores":{"wn":0.5095833333333334}},{"fenStr":"r2qkb1r/pbpn1pp1/1p2p2p/3nP3/3P4/PN1B1N2/1P2QPPP/R1B2RK1","stockfishScores":{"bn":0.5082738095238095}},{"fenStr":"r2qkb1r/1bpn1pp1/1p2p2p/p2nP3/3P4/PN1B1N2/1P2QPPP/R1B2RK1","stockfishScores":{"wn":0.5073214285714286}},{"fenStr":"r2qkb1r/1bpn1pp1/1p2p2p/p2nP3/3P4/PN1BBN2/1P2QPPP/R4RK1","stockfishScores":{"bn":0.5051785714285715}},{"fenStr":"r2qkb1r/1bpn1pp1/1p2p2p/3nP3/p2P4/PN1BBN2/1P2QPPP/R4RK1","stockfishScores":{"wn":0.5013095238095238}},{"fenStr":"r2qkb1r/1bpn1pp1/1p2p2p/3nP3/p2P4/P2BBN2/1P1NQPPP/R4RK1","stockfishScores":{"bn":0.507797619047619}},{"fenStr":"r2qk2r/1bpnbpp1/1p2p2p/3nP3/p2P4/P2BBN2/1P1NQPPP/R4RK1","stockfishScores":{"wn":0.507797619047619}},{"fenStr":"r2qk2r/1bpnbpp1/1p2p2p/3nP3/p2P4/P2BBN2/1P1NQPPP/2R2RK1","stockfishScores":{"bn":0.50875}},{"fenStr":"r2qk2r/1b1nbpp1/1pp1p2p/3nP3/p2P4/P2BBN2/1P1NQPPP/2R2RK1","stockfishScores":{"wn":0.5104761904761905}},{"fenStr":"r2qk2r/1b1nbpp1/1pp1p2p/3nP3/p2PN3/P2BBN2/1P2QPPP/2R2RK1","stockfishScores":{"bn":0.513095238095238}},{"fenStr":"r2qk2r/1b1nbpp1/2p1p2p/1p1nP3/p2PN3/P2BBN2/1P2QPPP/2R2RK1","stockfishScores":{"wn":0.5124404761904762}},{"fenStr":"r2qk2r/1b1nbpp1/2p1p2p/1p1nP3/p2PN3/P2BB3/1P1NQPPP/2R2RK1","stockfishScores":{"bn":0.5110119047619047}},{"fenStr":"r3k2r/1b1nbpp1/1qp1p2p/1p1nP3/p2PN3/P2BB3/1P1NQPPP/2R2RK1","stockfishScores":{"wn":0.5130357142857143}},{"fenStr":"r3k2r/1b1nbpp1/1qp1p2p/1p1nP3/p2P4/P1NBB3/1P1NQPPP/2R2RK1","stockfishScores":{"bn":0.5081547619047619}},{"fenStr":"r3k2r/1b1nbpp1/1qp1p2p/1p2P3/p2P4/P1nBB3/1P1NQPPP/2R2RK1","stockfishScores":{"wn":0.4945833333333333}},{"fenStr":"r3k2r/1b1nbpp1/1qp1p2p/1p2P3/p2P4/P1RBB3/1P1NQPPP/5RK1","stockfishScores":{"bn":0.5150595238095238}},{"fenStr":"r3k2r/1b1nbpp1/2p1p2p/qp2P3/p2P4/P1RBB3/1P1NQPPP/5RK1","stockfishScores":{"wn":0.516547619047619}},{"fenStr":"r3k2r/1b1nbpp1/2p1p2p/qp1PP3/p7/P1RBB3/1P1NQPPP/5RK1","stockfishScores":{"bn":0.5149404761904762}},{"fenStr":"r3k2r/1b1nbpp1/2p4p/qp1pP3/p7/P1RBB3/1P1NQPPP/5RK1","stockfishScores":{"wn":0.5059523809523809}},{"fenStr":"r3k2r/1b1nbpp1/2p1P2p/qp1p4/p7/P1RBB3/1P1NQPPP/5RK1","stockfishScores":{"bn":0.5098214285714285}},{"fenStr":"r3k2r/1b1nb1p1/2p1p2p/qp1p4/p7/P1RBB3/1P1NQPPP/5RK1","stockfishScores":{"wn":0.4995833333333333}},{"fenStr":"r3k2r/1b1nb1p1/2p1p2p/qp1p4/p2B4/P1RB4/1P1NQPPP/5RK1","stockfishScores":{"bn":0.5228571428571429}},{"fenStr":"r3k2r/1b1n2p1/2p1pb1p/qp1p4/p2B4/P1RB4/1P1NQPPP/5RK1","stockfishScores":{"wn":0.5226190476190476}},{"fenStr":"r3k2r/1b1n2p1/2p1Qb1p/qp1p4/p2B4/P1RB4/1P1N1PPP/5RK1","stockfishScores":{"bn":0.5229166666666667}},{"fenStr":"r2k3r/1b1n2p1/2p1Qb1p/qp1p4/p2B4/P1RB4/1P1N1PPP/5RK1","stockfishScores":{"wn":0.5117857142857143}},{"fenStr":"r2k3r/1b1n2p1/2p1QB1p/qp1p4/p7/P1RB4/1P1N1PPP/5RK1","stockfishScores":{"bn":0.57625}},{"fenStr":"r2k3r/1b1n4/2p1Qp1p/qp1p4/p7/P1RB4/1P1N1PPP/5RK1","stockfishScores":{"wn":0.5092857142857143}},{"fenStr":"r2k3r/1b1n4/2p1Qp1p/qp1p1B2/p7/P1R5/1P1N1PPP/5RK1","stockfishScores":{"bn":0.5388095238095238}},{"fenStr":"r2k3r/1bqn4/2p1Qp1p/1p1p1B2/p7/P1R5/1P1N1PPP/5RK1","stockfishScores":{"wn":0.5176190476190476}},{"fenStr":"r2k3r/1bqn4/2p1Qp1p/1p1p1B2/p7/P1R5/1P1N1PPP/4R1K1","stockfishScores":{"bn":0.5541666666666667}},{"fenStr":"r1k4r/1bqn4/2p1Qp1p/1p1p1B2/p7/P1R5/1P1N1PPP/4R1K1","stockfishScores":{"wn":0.5254761904761904}},{"fenStr":"r1k4r/1bqn4/2p2Q1p/1p1p1B2/p7/P1R5/1P1N1PPP/4R1K1","stockfishScores":{"bn":0.5466666666666666}},{"fenStr":"r1kr4/1bqn4/2p2Q1p/1p1p1B2/p7/P1R5/1P1N1PPP/4R1K1","stockfishScores":{"wn":0.52875}},{"fenStr":"r1kr4/1bqnR3/2p2Q1p/1p1p1B2/p7/P1R5/1P1N1PPP/6K1","stockfishScores":{"bn":0.5370238095238096}},{"fenStr":"rk1r4/1bqnR3/2p2Q1p/1p1p1B2/p7/P1R5/1P1N1PPP/6K1","stockfishScores":{"wn":0.5138095238095238}},{"fenStr":"rk1r4/1bqnR3/2p4Q/1p1p1B2/p7/P1R5/1P1N1PPP/6K1","stockfishScores":{"bn":0.5198809523809523}},{"fenStr":"1k1r4/1bqnR3/r1p4Q/1p1p1B2/p7/P1R5/1P1N1PPP/6K1","stockfishScores":{"wn":0.517797619047619}},{"fenStr":"1k1r4/1bqnR2Q/r1p5/1p1p1B2/p7/P1R5/1P1N1PPP/6K1","stockfishScores":{"bn":0.5141666666666667}},{"fenStr":"1kbr4/2qnR2Q/r1p5/1p1p1B2/p7/P1R5/1P1N1PPP/6K1","stockfishScores":{"wn":0.5157738095238096}},{"fenStr":"1kbr4/2qnR2Q/r1p5/1p1p1B2/p7/P1R2N2/1P3PPP/6K1","stockfishScores":{"bn":0.5178571428571429}},{"fenStr":"1kbr4/3nR2Q/r1p5/1p1p1B2/p4q2/P1R2N2/1P3PPP/6K1","stockfishScores":{"wn":0.5169642857142858}},{"fenStr":"1kbr4/3BR2Q/r1p5/1p1p4/p4q2/P1R2N2/1P3PPP/6K1","stockfishScores":{"bn":0.5330357142857143}},{"fenStr":"1kbr4/3BR2Q/r1p5/1p6/p2p1q2/P1R2N2/1P3PPP/6K1","stockfishScores":{"wn":0.5322023809523809}},{"fenStr":"1kbr4/3BR2Q/r1p5/1p6/p2p1q2/P1R2NP1/1P3P1P/6K1","stockfishScores":{"bn":0.5345238095238095}},{"fenStr":"1kbr4/3BR2Q/r1pq4/1p6/p2p4/P1R2NP1/1P3P1P/6K1","stockfishScores":{"wn":0.5299404761904762}},{"fenStr":"1kbr4/3BR2Q/r1pq4/1p6/p2p4/P2R1NP1/1P3P1P/6K1","stockfishScores":{"bn":0.5342857142857143}},{"fenStr":"1kbr4/r2BR2Q/2pq4/1p6/p2p4/P2R1NP1/1P3P1P/6K1","stockfishScores":{"wn":0.5358928571428572}},{"fenStr":"1kbr4/r2BR2Q/2pq4/1p6/p2R4/P4NP1/1P3P1P/6K1","stockfishScores":{"bn":0.5429166666666667}},{"fenStr":"1kbr4/r2BR2Q/2p5/1pq5/p2R4/P4NP1/1P3P1P/6K1","stockfishScores":{"wn":0.5414285714285714}},{"fenStr":"1kbr4/r2BR2Q/2p5/1pq5/p2R4/P4NP1/1P3PKP/8","stockfishScores":{"bn":0.5408928571428572}},{"fenStr":"1kbr4/2rBR2Q/2p5/1pq5/p2R4/P4NP1/1P3PKP/8","stockfishScores":{"wn":0.5411309523809524}},{"fenStr":"1kbr4/2rBR2Q/2p5/1pq5/p2R3P/P4NP1/1P3PK1/8","stockfishScores":{"bn":0.54125}},{"fenStr":"1kbr4/q1rBR2Q/2p5/1p6/p2R3P/P4NP1/1P3PK1/8","stockfishScores":{"wn":0.5405952380952381}},{"fenStr":"1kbr4/q1rBR2Q/2p5/1p6/p4R1P/P4NP1/1P3PK1/8","stockfishScores":{"bn":0.5391666666666667}},{"fenStr":"1kb5/q1rrR2Q/2p5/1p6/p4R1P/P4NP1/1P3PK1/8","stockfishScores":{"wn":0.512797619047619}},{"fenStr":"1kb5/q1rR3Q/2p5/1p6/p4R1P/P4NP1/1P3PK1/8","stockfishScores":{"bn":0.5476190476190477}},{"fenStr":"1kb5/q2r3Q/2p5/1p6/p4R1P/P4NP1/1P3PK1/8","stockfishScores":{"wn":0.5130357142857143}},{"fenStr":"1kb3Q1/q2r4/2p5/1p6/p4R1P/P4NP1/1P3PK1/8","stockfishScores":{"bn":0.5192261904761905}},{"fenStr":"1kb3Q1/q2r4/8/1pp5/p4R1P/P4NP1/1P3PK1/8","stockfishScores":{"wn":0.5208333333333334}},{"fenStr":"1kb2RQ1/q2r4/8/1pp5/p6P/P4NP1/1P3PK1/8","stockfishScores":{"bn":0.5203571428571429}},{"fenStr":"1kb2RQ1/q1r5/8/1pp5/p6P/P4NP1/1P3PK1/8","stockfishScores":{"wn":0.5210119047619047}},{"fenStr":"1kb2RQ1/q1r5/8/1pp4P/p7/P4NP1/1P3PK1/8","stockfishScores":{"bn":0.521547619047619}},{"fenStr":"1kb2RQ1/1qr5/8/1pp4P/p7/P4NP1/1P3PK1/8","stockfishScores":{"wn":0.5173809523809524}},{"fenStr":"1kb2RQ1/1qr5/7P/1pp5/p7/P4NP1/1P3PK1/8","stockfishScores":{"bn":0.5201785714285714}},{"fenStr":"1kb2RQ1/1qr5/7P/1p6/p1p5/P4NP1/1P3PK1/8","stockfishScores":{"wn":0.5207738095238095}},{"fenStr":"1kb2RQ1/1qr4P/8/1p6/p1p5/P4NP1/1P3PK1/8","stockfishScores":{"bn":0.5354761904761904}},{"fenStr":"1kb2RQ1/1q5r/8/1p6/p1p5/P4NP1/1P3PK1/8","stockfishScores":{"wn":0.49702380952380953}},{"fenStr":"1kR3Q1/1q5r/8/1p6/p1p5/P4NP1/1P3PK1/8","stockfishScores":{"bn":0.5172023809523809}},{"fenStr":"2R3Q1/kq5r/8/1p6/p1p5/P4NP1/1P3PK1/8","stockfishScores":{"wn":0.5233333333333333}},{"fenStr":"2RQ4/kq5r/8/1p6/p1p5/P4NP1/1P3PK1/8","stockfishScores":{"bn":0.5307142857142857}},{"fenStr":"2RQ4/k2q3r/8/1p6/p1p5/P4NP1/1P3PK1/8","stockfishScores":{"wn":0.54125}},{"fenStr":"R2Q4/k2q3r/8/1p6/p1p5/P4NP1/1P3PK1/8","stockfishScores":{"bn":0.53125}},{"fenStr":"R2Q4/1k1q3r/8/1p6/p1p5/P4NP1/1P3PK1/8","stockfishScores":{"wn":0.5557738095238095}},{"fenStr":"RQ6/1k1q3r/8/1p6/p1p5/P4NP1/1P3PK1/8","stockfishScores":{"bn":0.5504166666666667}},{"fenStr":"RQ6/3q3r/2k5/1p6/p1p5/P4NP1/1P3PK1/8","stockfishScores":{"wn":0.5438095238095239}},{"fenStr":"1Q6/3q3r/R1k5/1p6/p1p5/P4NP1/1P3PK1/8","stockfishScores":{"bn":0.5554166666666667}},{"fenStr":"1Q6/3q3r/R7/1p1k4/p1p5/P4NP1/1P3PK1/8","stockfishScores":{"wn":0.5398809523809524}},{"fenStr":"8/3q3r/R7/1p1kQ3/p1p5/P4NP1/1P3PK1/8","stockfishScores":{"bn":0.542797619047619}}],"result":{"ww":true}}