{"fens":[{"fenStr":"rnbqkbnr/pppppppp/8/8/3P4/8/PPP1PPPP/RNBQKBNR","stockfishScores":{"bn":0.5048809523809524}},{"fenStr":"rnbqkbnr/ppppp1pp/8/5p2/3P4/8/PPP1PPPP/RNBQKBNR","stockfishScores":{"wn":0.5067261904761905}},{"fenStr":"rnbqkbnr/ppppp1pp/8/5p2/3P4/6P1/PPP1PP1P/RNBQKBNR","stockfishScores":{"bn":0.5076785714285714}},{"fenStr":"rnbqkb1r/ppppp1pp/5n2/5p2/3P4/6P1/PPP1PP1P/RNBQKBNR","stockfishScores":{"wn":0.5032738095238095}},{"fenStr":"rnbqkb1r/ppppp1pp/5n2/5p2/3P4/6P1/PPP1PPBP/RNBQK1NR","stockfishScores":{"bn":0.5050595238095238}},{"fenStr":"rnbqkb1r/ppppp2p/5np1/5p2/3P4/6P1/PPP1PPBP/RNBQK1NR","stockfishScores":{"wn":0.5042261904761904}},{"fenStr":"rnbqkb1r/ppppp2p/5np1/5p2/3P4/6PN/PPP1PPBP/RNBQK2R","stockfishScores":{"bn":0.5056547619047619}},{"fenStr":"rnbqk2r/ppppp1bp/5np1/5p2/3P4/6PN/PPP1PPBP/RNBQK2R","stockfishScores":{"wn":0.5041071428571429}},{"fenStr":"rnbqk2r/ppppp1bp/5np1/5p2/3P1N2/6P1/PPP1PPBP/RNBQK2R","stockfishScores":{"bn":0.5052380952380953}},{"fenStr":"rnbqk2r/ppp1p1bp/3p1np1/5p2/3P1N2/6P1/PPP1PPBP/RNBQK2R","stockfishScores":{"wn":0.5030357142857143}},{"fenStr":"rnbqk2r/ppp1p1bp/3p1np1/3P1p2/5N2/6P1/PPP1PPBP/RNBQK2R","stockfishScores":{"bn":0.5038690476190476}},{"fenStr":"rnbqk2r/pp2p1bp/2pp1np1/3P1p2/5N2/6P1/PPP1PPBP/RNBQK2R","stockfishScores":{"wn":0.503095238095238}},{"fenStr":"rnbqk2r/pp2p1bp/2pp1np1/3P1p2/5N2/2N3P1/PPP1PPBP/R1BQK2R","stockfishScores":{"bn":0.5042261904761904}},{"fenStr":"rnbq1rk1/pp2p1bp/2pp1np1/3P1p2/5N2/2N3P1/PPP1PPBP/R1BQK2R","stockfishScores":{"wn":0.4943452380952381}},{"fenStr":"rnbq1rk1/pp2p1bp/2pp1np1/3P1p2/5N1P/2N3P1/PPP1PPB1/R1BQK2R","stockfishScores":{"bn":0.4974404761904762}},{"fenStr":"rnbq1rk1/pp2p1bp/2pp2p1/3P1p2/5NnP/2N3P1/PPP1PPB1/R1BQK2R","stockfishScores":{"wn":0.49648809523809523}},{"fenStr":"rnbq1rk1/pp2p1bp/2pp2p1/3P1p2/5NnP/2N3P1/PPP1PPB1/R1BQ1RK1","stockfishScores":{"bn":0.5026785714285714}},{"fenStr":"rnbq1rk1/pp2p1bp/2pp2p1/3Pnp2/5N1P/2N3P1/PPP1PPB1/R1BQ1RK1","stockfishScores":{"wn":0.5060119047619047}},{"fenStr":"rnbq1rk1/pp2p1bp/2pp2p1/3Pnp2/4PN1P/2N3P1/PPP2PB1/R1BQ1RK1","stockfishScores":{"bn":0.5060119047619047}},{"fenStr":"r1bq1rk1/pp2p1bp/n1pp2p1/3Pnp2/4PN1P/2N3P1/PPP2PB1/R1BQ1RK1","stockfishScores":{"wn":0.5060714285714286}},{"fenStr":"r1bq1rk1/pp2p1bp/n1pp2p1/3PnP2/5N1P/2N3P1/PPP2PB1/R1BQ1RK1","stockfishScores":{"bn":0.5123214285714286}},{"fenStr":"r2q1rk1/pp2p1bp/n1pp2p1/3Pnb2/5N1P/2N3P1/PPP2PB1/R1BQ1RK1","stockfishScores":{"wn":0.50125}},{"fenStr":"r2q1rk1/pp2p1bp/n1pp2p1/3Pnb1P/5N2/2N3P1/PPP2PB1/R1BQ1RK1","stockfishScores":{"bn":0.4988690476190476}},{"fenStr":"r2q1rk1/ppn1p1bp/2pp2p1/3Pnb1P/5N2/2N3P1/PPP2PB1/R1BQ1RK1","stockfishScores":{"wn":0.49779761904761904}},{"fenStr":"r2q1rk1/ppn1p1bp/2pp2P1/3Pnb2/5N2/2N3P1/PPP2PB1/R1BQ1RK1","stockfishScores":{"bn":0.5158333333333334}},{"fenStr":"r2q1rk1/ppn1p1b1/2pp2p1/3Pnb2/5N2/2N3P1/PPP2PB1/R1BQ1RK1","stockfishScores":{"wn":0.49773809523809526}},{"fenStr":"r2q1rk1/ppn1p1b1/2pp2p1/3Pnb2/4NN2/6P1/PPP2PB1/R1BQ1RK1","stockfishScores":{"bn":0.49851190476190477}},{"fenStr":"r2q1rk1/ppn1p1b1/3p2p1/3pnb2/4NN2/6P1/PPP2PB1/R1BQ1RK1","stockfishScores":{"wn":0.4845833333333333}},{"fenStr":"r2q1rk1/ppn1p1b1/3p2p1/3Nnb2/4N3/6P1/PPP2PB1/R1BQ1RK1","stockfishScores":{"bn":0.5004166666666666}},{"fenStr":"r2q1rk1/ppn1p1b1/3p2p1/3Nn3/4N1b1/6P1/PPP2PB1/R1BQ1RK1","stockfishScores":{"wn":0.4969642857142857}},{"fenStr":"r2q1rk1/ppn1p1b1/3p2p1/3Nn3/4N1b1/5PP1/PPP3B1/R1BQ1RK1","stockfishScores":{"bn":0.49738095238095237}},{"fenStr":"r2q1rk1/ppn1p1b1/3p2p1/3N4/4N1b1/5nP1/PPP3B1/R1BQ1RK1","stockfishScores":{"wn":0.4838095238095238}},{"fenStr":"r2q1rk1/ppn1p1b1/3p2p1/3N4/4N1b1/5RP1/PPP3B1/R1BQ2K1","stockfishScores":{"bn":0.523154761904762}},{"fenStr":"r2q1rk1/ppn1p1b1/3p2p1/3N4/4N3/5bP1/PPP3B1/R1BQ2K1","stockfishScores":{"wn":0.47654761904761905}},{"fenStr":"r2q1rk1/ppn1p1b1/3p2p1/3N4/4N3/5BP1/PPP5/R1BQ2K1","stockfishScores":{"bn":0.5110119047619047}},{"fenStr":"r2q2k1/ppn1p1b1/3p2p1/3N1r2/4N3/5BP1/PPP5/R1BQ2K1","stockfishScores":{"wn":0.5075595238095238}},{"fenStr":"r2q2k1/ppn1p1b1/3p2p1/3N1rN1/8/5BP1/PPP5/R1BQ2K1","stockfishScores":{"bn":0.5099404761904762}},{"fenStr":"r2q2k1/ppn1p3/3p2p1/3N1rN1/8/5BP1/PbP5/R1BQ2K1","stockfishScores":{"wn":0.5060714285714286}},{"fenStr":"r2q2k1/ppN1p3/3p2p1/5rN1/8/5BP1/PbP5/R1BQ2K1","stockfishScores":{"bn":0.5320238095238096}},{"fenStr":"r2q2k1/ppN1p3/3p2p1/5rN1/8/5BP1/P1P5/b1BQ2K1","stockfishScores":{"wn":0.4982142857142857}},{"fenStr":"r2q2k1/ppN1p3/3p2p1/3B1rN1/8/6P1/P1P5/b1BQ2K1","stockfishScores":{"bn":0.5029166666666667}},{"fenStr":"r2q3k/ppN1p3/3p2p1/3B1rN1/8/6P1/P1P5/b1BQ2K1","stockfishScores":{"wn":0.5021428571428571}},{"fenStr":"r2q3k/ppN1p3/3p2p1/3B1rN1/8/6P1/P1P3K1/b1BQ4","stockfishScores":{"bn":0.5126190476190476}},{"fenStr":"r2q3k/ppN1p3/3p2p1/3B2r1/8/6P1/P1P3K1/b1BQ4","stockfishScores":{"wn":0.48642857142857143}},{"fenStr":"r2q3k/ppN1p3/3p2p1/3B2B1/8/6P1/P1P3K1/b2Q4","stockfishScores":{"bn":0.5245833333333333}},{"fenStr":"r6k/ppq1p3/3p2p1/3B2B1/8/6P1/P1P3K1/b2Q4","stockfishScores":{"wn":0.49523809523809526}},{"fenStr":"r6k/ppq1p3/3p2p1/3B2B1/8/6P1/P1P3K1/b6Q","stockfishScores":{"bn":0.49666666666666665}},{"fenStr":"r7/ppq1p1k1/3p2p1/3B2B1/8/6P1/P1P3K1/b6Q","stockfishScores":{"wn":0.5069642857142858}},{"fenStr":"r7/ppq1p1k1/3p2pQ/3B2B1/8/6P1/P1P3K1/b7","stockfishScores":{"bn":0.4875}}],"result":{"ww":true}}