{"fens":[{"fenStr":"rnbqkbnr/pppppppp/8/8/8/5N2/PPPPPPPP/RNBQKB1R","stockfishScores":{"bn":0.5038690476190476}},{"fenStr":"rnbqkb1r/pppppppp/5n2/8/8/5N2/PPPPPPPP/RNBQKB1R","stockfishScores":{"wn":0.5005952380952381}},{"fenStr":"rnbqkb1r/pppppppp/5n2/8/2P5/5N2/PP1PPPPP/RNBQKB1R","stockfishScores":{"bn":0.5021428571428571}},{"fenStr":"rnbqkb1r/pppppp1p/5np1/8/2P5/5N2/PP1PPPPP/RNBQKB1R","stockfishScores":{"wn":0.5007142857142857}},{"fenStr":"rnbqkb1r/pppppp1p/5np1/8/2P5/2N2N2/PP1PPPPP/R1BQKB1R","stockfishScores":{"bn":0.5041071428571429}},{"fenStr":"rnbqkb1r/ppp1pp1p/5np1/3p4/2P5/2N2N2/PP1PPPPP/R1BQKB1R","stockfishScores":{"wn":0.4973214285714286}},{"fenStr":"rnbqkb1r/ppp1pp1p/5np1/3P4/8/2N2N2/PP1PPPPP/R1BQKB1R","stockfishScores":{"bn":0.5105357142857143}},{"fenStr":"rnbqkb1r/ppp1pp1p/6p1/3n4/8/2N2N2/PP1PPPPP/R1BQKB1R","stockfishScores":{"wn":0.5001785714285715}},{"fenStr":"rnbqkb1r/ppp1pp1p/6p1/3N4/8/5N2/PP1PPPPP/R1BQKB1R","stockfishScores":{"bn":0.5288690476190476}},{"fenStr":"rnb1kb1r/ppp1pp1p/6p1/3q4/8/5N2/PP1PPPPP/R1BQKB1R","stockfishScores":{"wn":0.4963095238095238}},{"fenStr":"rnb1kb1r/ppp1pp1p/6p1/3q4/8/5NP1/PP1PPP1P/R1BQKB1R","stockfishScores":{"bn":0.49702380952380953}},{"fenStr":"rnb1k2r/ppp1ppbp/6p1/3q4/8/5NP1/PP1PPP1P/R1BQKB1R","stockfishScores":{"wn":0.4942261904761905}},{"fenStr":"rnb1k2r/ppp1ppbp/6p1/3q4/8/5NP1/PP1PPPBP/R1BQK2R","stockfishScores":{"bn":0.4982142857142857}},{"fenStr":"rnb1k2r/pp2ppbp/6p1/2pq4/8/5NP1/PP1PPPBP/R1BQK2R","stockfishScores":{"wn":0.49875}},{"fenStr":"rnb1k2r/pp2ppbp/6p1/2pq4/8/3P1NP1/PP2PPBP/R1BQK2R","stockfishScores":{"bn":0.5052380952380953}},{"fenStr":"r1b1k2r/pp2ppbp/2n3p1/2pq4/8/3P1NP1/PP2PPBP/R1BQK2R","stockfishScores":{"wn":0.5022619047619048}},{"fenStr":"r1b1k2r/pp2ppbp/2n3p1/2pq4/8/3P1NP1/PP2PPBP/R1BQ1RK1","stockfishScores":{"bn":0.5113690476190477}},{"fenStr":"r1b1k2r/pp2ppbp/2nq2p1/2p5/8/3P1NP1/PP2PPBP/R1BQ1RK1","stockfishScores":{"wn":0.5095833333333334}},{"fenStr":"r1b1k2r/pp2ppbp/2nq2p1/2p5/5B2/3P1NP1/PP2PPBP/R2Q1RK1","stockfishScores":{"bn":0.5102380952380953}},{"fenStr":"r1b1k2r/pp3pbp/2nq2p1/2p1p3/5B2/3P1NP1/PP2PPBP/R2Q1RK1","stockfishScores":{"wn":0.5095238095238095}},{"fenStr":"r1b1k2r/pp3pbp/2nq2p1/2p1p3/8/3PBNP1/PP2PPBP/R2Q1RK1","stockfishScores":{"bn":0.51}},{"fenStr":"r3k2r/pp1b1pbp/2nq2p1/2p1p3/8/3PBNP1/PP2PPBP/R2Q1RK1","stockfishScores":{"wn":0.5105357142857143}},{"fenStr":"r3k2r/pp1b1pbp/2nq2p1/2p1p1N1/8/3PB1P1/PP2PPBP/R2Q1RK1","stockfishScores":{"bn":0.5132142857142857}},{"fenStr":"r3k2r/p2b1pbp/1pnq2p1/2p1p1N1/8/3PB1P1/PP2PPBP/R2Q1RK1","stockfishScores":{"wn":0.5129761904761905}},{"fenStr":"r3k2r/p2b1pbp/1pnq2p1/2p1p1N1/Q7/3PB1P1/PP2PPBP/R4RK1","stockfishScores":{"bn":0.5118452380952381}},{"fenStr":"2r1k2r/p2b1pbp/1pnq2p1/2p1p1N1/Q7/3PB1P1/PP2PPBP/R4RK1","stockfishScores":{"wn":0.5125}},{"fenStr":"2r1k2r/p2b1pbp/1pnq2p1/2p1p1N1/Q4P2/3PB1P1/PP2P1BP/R4RK1","stockfishScores":{"bn":0.5119047619047619}},{"fenStr":"2r2rk1/p2b1pbp/1pnq2p1/2p1p1N1/Q4P2/3PB1P1/PP2P1BP/R4RK1","stockfishScores":{"wn":0.49898809523809523}},{"fenStr":"2r2rk1/p2b1pbp/1pnq2p1/2p1P1N1/Q7/3PB1P1/PP2P1BP/R4RK1","stockfishScores":{"bn":0.5126190476190476}},{"fenStr":"2r2rk1/p2b1pbp/1pn3p1/2p1q1N1/Q7/3PB1P1/PP2P1BP/R4RK1","stockfishScores":{"wn":0.4932142857142857}},{"fenStr":"2r2rk1/p2b1pbp/1pn3p1/2p1q1N1/Q4B2/3P2P1/PP2P1BP/R4RK1","stockfishScores":{"bn":0.49488095238095237}},{"fenStr":"2r2rk1/p2b1pbp/1pn3p1/2p3N1/Q4B2/3P2P1/Pq2P1BP/R4RK1","stockfishScores":{"wn":0.4851190476190476}},{"fenStr":"2r2rk1/p2b1pbp/1pn3p1/2p3N1/Q4B2/3P2P1/Pq2P1BP/1R3RK1","stockfishScores":{"bn":0.49488095238095237}},{"fenStr":"2r2rk1/p2b1pbp/1pn3p1/2p3N1/Q2q1B2/3P2P1/P3P1BP/1R3RK1","stockfishScores":{"wn":0.4926785714285714}},{"fenStr":"2r2rk1/p2b1pbp/1pn3p1/2p3N1/3Q1B2/3P2P1/P3P1BP/1R3RK1","stockfishScores":{"bn":0.5707142857142857}},{"fenStr":"2r2rk1/p2b1pbp/1p4p1/2p3N1/3n1B2/3P2P1/P3P1BP/1R3RK1","stockfishScores":{"wn":0.49029761904761904}},{"fenStr":"2r2rk1/p2b1pbp/1p1B2p1/2p3N1/3n4/3P2P1/P3P1BP/1R3RK1","stockfishScores":{"bn":0.49238095238095236}},{"fenStr":"2r2rk1/p2b1pbp/1p1B2p1/2p3N1/8/3P2P1/P3n1BP/1R3RK1","stockfishScores":{"wn":0.4888095238095238}},{"fenStr":"2r2rk1/p2b1pbp/1p1B2p1/2p3N1/8/3P2P1/P3n1BP/1R3R1K","stockfishScores":{"bn":0.48642857142857143}},{"fenStr":"2r2rk1/p2b1pbp/1p1B2p1/2p3N1/8/2nP2P1/P5BP/1R3R1K","stockfishScores":{"wn":0.48214285714285715}},{"fenStr":"2r2Bk1/p2b1pbp/1p4p1/2p3N1/8/2nP2P1/P5BP/1R3R1K","stockfishScores":{"bn":0.5088690476190476}},{"fenStr":"5rk1/p2b1pbp/1p4p1/2p3N1/8/2nP2P1/P5BP/1R3R1K","stockfishScores":{"wn":0.49142857142857144}},{"fenStr":"5rk1/p2b1pbp/1p4p1/2p3N1/8/2nP2P1/P5BP/4RR1K","stockfishScores":{"bn":0.49535714285714283}},{"fenStr":"5rk1/p2b1pb1/1p4pp/2p3N1/8/2nP2P1/P5BP/4RR1K","stockfishScores":{"wn":0.49125}},{"fenStr":"5rk1/p2bRpb1/1p4pp/2p3N1/8/2nP2P1/P5BP/5R1K","stockfishScores":{"bn":0.49315476190476193}},{"fenStr":"5rk1/p3Rpb1/1p4pp/2p2bN1/8/2nP2P1/P5BP/5R1K","stockfishScores":{"wn":0.4918452380952381}},{"fenStr":"5rk1/p3Rpb1/1p4pp/2p2b2/4N3/2nP2P1/P5BP/5R1K","stockfishScores":{"bn":0.4970833333333333}},{"fenStr":"3r2k1/p3Rpb1/1p4pp/2p2b2/4N3/2nP2P1/P5BP/5R1K","stockfishScores":{"wn":0.4948214285714286}},{"fenStr":"3r2k1/R4pb1/1p4pp/2p2b2/4N3/2nP2P1/P5BP/5R1K","stockfishScores":{"bn":0.49702380952380953}},{"fenStr":"6k1/R4pb1/1p4pp/2p2b2/4N3/2nr2P1/P5BP/5R1K","stockfishScores":{"wn":0.49154761904761907}},{"fenStr":"6k1/R4pb1/1p4pp/2p2b2/8/2Nr2P1/P5BP/5R1K","stockfishScores":{"bn":0.5129761904761905}},{"fenStr":"6k1/R4p2/1p4pp/2p2b2/8/2br2P1/P5BP/5R1K","stockfishScores":{"wn":0.4948214285714286}},{"fenStr":"6k1/1R3p2/1p4pp/2p2b2/8/2br2P1/P5BP/5R1K","stockfishScores":{"bn":0.49601190476190476}},{"fenStr":"6k1/1R3p2/1p1r2pp/2p2b2/8/2b3P1/P5BP/5R1K","stockfishScores":{"wn":0.49607142857142855}},{"fenStr":"6k1/1R3p2/1p1r2pp/2p2b2/8/2b3P1/P5BP/2R4K","stockfishScores":{"bn":0.49833333333333335}},{"fenStr":"6k1/1R3p2/1p1r2pp/2p2b2/8/6P1/P2b2BP/2R4K","stockfishScores":{"wn":0.49416666666666664}},{"fenStr":"6k1/1R3p2/1p1r2pp/2p2b2/2R5/6P1/P2b2BP/7K","stockfishScores":{"bn":0.49785714285714283}},{"fenStr":"6k1/1R3p2/1p1rb1pp/2p5/2R5/6P1/P2b2BP/7K","stockfishScores":{"wn":0.4920833333333333}},{"fenStr":"6k1/1R3p2/1p1rb1pp/2p5/R7/6P1/P2b2BP/7K","stockfishScores":{"bn":0.49333333333333335}},{"fenStr":"6k1/1R3p2/1p1rb1pp/8/R1p5/6P1/P2b2BP/7K","stockfishScores":{"wn":0.4901785714285714}},{"fenStr":"6k1/2R2p2/1p1rb1pp/8/R1p5/6P1/P2b2BP/7K","stockfishScores":{"bn":0.49279761904761904}},{"fenStr":"6k1/2R2p2/1p1rb1pp/8/R1p5/4b1P1/P5BP/7K","stockfishScores":{"wn":0.4923214285714286}},{"fenStr":"6k1/2R2p2/1p1rb1pp/8/R1p4P/4b1P1/P5B1/7K","stockfishScores":{"bn":0.4911309523809524}},{"fenStr":"6k1/2R2p2/1p2b1pp/8/R1p4P/4b1P1/P5B1/3r3K","stockfishScores":{"wn":0.4895833333333333}},{"fenStr":"6k1/2R2p2/1p2b1pp/8/R1p4P/4b1P1/P5BK/3r4","stockfishScores":{"bn":0.4911309523809524}},{"fenStr":"6k1/2R2p2/4b1pp/1p6/R1p4P/4b1P1/P5BK/3r4","stockfishScores":{"wn":0.48732142857142857}},{"fenStr":"R5k1/2R2p2/4b1pp/1p6/2p4P/4b1P1/P5BK/3r4","stockfishScores":{"bn":0.49357142857142855}},{"fenStr":"R7/2R2pk1/4b1pp/1p6/2p4P/4b1P1/P5BK/3r4","stockfishScores":{"wn":0.4918452380952381}},{"fenStr":"R7/5pk1/2R1b1pp/1p6/2p4P/4b1P1/P5BK/3r4","stockfishScores":{"bn":0.4895238095238095}},{"fenStr":"R7/5p2/2R1bkpp/1p6/2p4P/4b1P1/P5BK/3r4","stockfishScores":{"wn":0.49535714285714283}},{"fenStr":"8/5p2/R1R1bkpp/1p6/2p4P/4b1P1/P5BK/3r4","stockfishScores":{"bn":0.49470238095238095}},{"fenStr":"8/5p2/R1R1bkpp/1p6/2p4P/6P1/P5BK/3r2b1","stockfishScores":{"wn":0.4992261904761905}},{"fenStr":"8/5p2/R1R1bkpp/1p6/2p4P/6P1/P5B1/3r2bK","stockfishScores":{"bn":0.4976785714285714}},{"fenStr":"8/5p2/R1R1b1pp/1p2k3/2p4P/6P1/P5B1/3r2bK","stockfishScores":{"wn":0.49488095238095237}},{"fenStr":"8/5p2/R1R1b1pp/1p2k3/2p4P/5BP1/P7/3r2bK","stockfishScores":{"bn":0.49738095238095237}},{"fenStr":"8/5p2/R1R1b1pp/1p2k3/2p4P/5BP1/P7/2r3bK","stockfishScores":{"wn":0.4951190476190476}},{"fenStr":"8/5p2/R1R1b1pp/1p2k3/2p4P/5BP1/P5K1/2r3b1","stockfishScores":{"bn":0.4911904761904762}},{"fenStr":"8/5p2/R1R1b1pp/1p2k3/2p4P/4bBP1/P5K1/2r5","stockfishScores":{"wn":0.4861904761904762}},{"fenStr":"8/5p2/2R1b1pp/Rp2k3/2p4P/4bBP1/P5K1/2r5","stockfishScores":{"bn":0.4857738095238095}},{"fenStr":"8/5p2/2R1b1pp/Rp2k3/2p4P/4bBP1/P1r3K1/8","stockfishScores":{"wn":0.48946428571428574}},{"fenStr":"8/5p2/2R1b1pp/Rp2k3/2p4P/4bBP1/P1r5/7K","stockfishScores":{"bn":0.4853571428571429}},{"fenStr":"8/5p2/2R1b1pp/Rp6/2pk3P/4bBP1/P1r5/7K","stockfishScores":{"wn":0.48505952380952383}},{"fenStr":"8/5p2/2R1b1pp/1R6/2pk3P/4bBP1/P1r5/7K","stockfishScores":{"bn":0.4968452380952381}},{"fenStr":"8/5p2/2R1b1pp/1R6/2pk3P/4bBP1/r7/7K","stockfishScores":{"wn":0.49416666666666664}},{"fenStr":"8/5p2/3Rb1pp/1R6/2pk3P/4bBP1/r7/7K","stockfishScores":{"bn":0.48678571428571427}},{"fenStr":"8/5p2/3Rb1pp/1R6/2p4P/2k1bBP1/r7/7K","stockfishScores":{"wn":0.49089285714285713}},{"fenStr":"8/5p2/3Rb1pp/4R3/2p4P/2k1bBP1/r7/7K","stockfishScores":{"bn":0.49083333333333334}},{"fenStr":"8/5p2/3Rb1pp/4R3/2pb3P/2k2BP1/r7/7K","stockfishScores":{"wn":0.4864880952380952}},{"fenStr":"8/5p2/3RR1pp/8/2pb3P/2k2BP1/r7/7K","stockfishScores":{"bn":0.5174404761904762}},{"fenStr":"8/8/3Rp1pp/8/2pb3P/2k2BP1/r7/7K","stockfishScores":{"wn":0.4857142857142857}},{"fenStr":"8/8/4R1pp/8/2pb3P/2k2BP1/r7/7K","stockfishScores":{"bn":0.48910714285714285}},{"fenStr":"8/8/4R1pp/8/2pb3P/2k2BP1/5r2/7K","stockfishScores":{"wn":0.48845238095238097}},{"fenStr":"8/8/4R1pp/3B4/2pb3P/2k3P1/5r2/7K","stockfishScores":{"bn":0.48964285714285716}},{"fenStr":"8/8/4Rrpp/3B4/2pb3P/2k3P1/8/7K","stockfishScores":{"wn":0.49083333333333334}},{"fenStr":"4R3/8/5rpp/3B4/2pb3P/2k3P1/8/7K","stockfishScores":{"bn":0.4882738095238095}},{"fenStr":"4R3/8/3r2pp/3B4/2pb3P/2k3P1/8/7K","stockfishScores":{"wn":0.48851190476190476}},{"fenStr":"4R3/5B2/3r2pp/8/2pb3P/2k3P1/8/7K","stockfishScores":{"bn":0.4886904761904762}},{"fenStr":"4R3/5B2/3r2pp/8/2pb3P/3k2P1/8/7K","stockfishScores":{"wn":0.4872619047619048}},{"fenStr":"4R3/5B2/3r2pp/7P/2pb4/3k2P1/8/7K","stockfishScores":{"bn":0.48541666666666666}},{"fenStr":"4R3/5B2/3r3p/6pP/2pb4/3k2P1/8/7K","stockfishScores":{"wn":0.4872619047619048}},{"fenStr":"4R3/8/3r2Bp/6pP/2pb4/3k2P1/8/7K","stockfishScores":{"bn":0.48583333333333334}},{"fenStr":"4R3/8/3r2Bp/6pP/2pb4/6P1/3k4/7K","stockfishScores":{"wn":0.4888690476190476}},{"fenStr":"4R3/8/3r2Bp/6pP/2pb4/6P1/3k2K1/8","stockfishScores":{"bn":0.4907738095238095}},{"fenStr":"4R3/8/3r2Bp/6pP/3b4/2p3P1/3k2K1/8","stockfishScores":{"wn":0.48916666666666664}},{"fenStr":"2R5/8/3r2Bp/6pP/3b4/2p3P1/3k2K1/8","stockfishScores":{"bn":0.4874404761904762}},{"fenStr":"2R5/8/6Bp/3r2pP/3b4/2p3P1/3k2K1/8","stockfishScores":{"wn":0.4880952380952381}},{"fenStr":"2R5/8/6Bp/3r2pP/3b4/2p2KP1/3k4/8","stockfishScores":{"bn":0.4898214285714286}},{"fenStr":"2R5/8/6Bp/2br2pP/8/2p2KP1/3k4/8","stockfishScores":{"wn":0.4926785714285714}},{"fenStr":"2R5/8/6Bp/2br2pP/6P1/2p2K2/3k4/8","stockfishScores":{"bn":0.49166666666666664}},{"fenStr":"2R5/8/6Bp/2b1r1pP/6P1/2p2K2/3k4/8","stockfishScores":{"wn":0.4907738095238095}},{"fenStr":"3R4/8/6Bp/2b1r1pP/6P1/2p2K2/3k4/8","stockfishScores":{"bn":0.48928571428571427}},{"fenStr":"3R4/8/6Bp/2b1r1pP/6P1/2p2K2/8/2k5","stockfishScores":{"wn":0.49178571428571427}},{"fenStr":"1R6/8/6Bp/2b1r1pP/6P1/2p2K2/8/2k5","stockfishScores":{"bn":0.49166666666666664}},{"fenStr":"1R6/8/6Bp/2b1r1pP/6P1/5K2/2p5/2k5","stockfishScores":{"wn":0.4882142857142857}},{"fenStr":"2R5/8/6Bp/2b1r1pP/6P1/5K2/2p5/2k5","stockfishScores":{"bn":0.4886309523809524}},{"fenStr":"2R5/8/6Bp/2b1r1pP/6P1/5K2/2pk4/8","stockfishScores":{"wn":0.47886904761904764}},{"fenStr":"3R4/8/6Bp/2b1r1pP/6P1/5K2/2pk4/8","stockfishScores":{"bn":0.47869047619047617}},{"fenStr":"3R4/8/6Bp/2b1r1pP/6P1/2k2K2/2p5/8","stockfishScores":{"wn":0.48077380952380955}},{"fenStr":"2R5/8/6Bp/2b1r1pP/6P1/2k2K2/2p5/8","stockfishScores":{"bn":0.48482142857142857}},{"fenStr":"2R5/8/6Bp/2b1r1pP/6P1/5K2/1kp5/8","stockfishScores":{"wn":0.4794047619047619}},{"fenStr":"1R6/8/6Bp/2b1r1pP/6P1/5K2/1kp5/8","stockfishScores":{"bn":0.4791666666666667}},{"fenStr":"1R6/8/6Bp/2b1r1pP/6P1/2k2K2/2p5/8","stockfishScores":{"wn":0.4798809523809524}},{"fenStr":"1R6/8/7p/2b1r1pP/6P1/2k2K2/2B5/8","stockfishScores":{"bn":0.4994047619047619}},{"fenStr":"1R6/8/7p/2b1r1pP/6P1/5K2/2k5/8","stockfishScores":{"wn":0.48083333333333333}},{"fenStr":"7R/8/7p/2b1r1pP/6P1/5K2/2k5/8","stockfishScores":{"bn":0.4806547619047619}},{"fenStr":"7R/8/7p/2b3pP/6P1/4rK2/2k5/8","stockfishScores":{"wn":0.4843452380952381}},{"fenStr":"7R/8/7p/2b3pP/6P1/4r3/2k3K1/8","stockfishScores":{"bn":0.48035714285714287}},{"fenStr":"7R/8/3b3p/6pP/6P1/4r3/2k3K1/8","stockfishScores":{"wn":0.47851190476190475}},{"fenStr":"8/8/3b3R/6pP/6P1/4r3/2k3K1/8","stockfishScores":{"bn":0.48732142857142857}},{"fenStr":"8/8/7R/6pP/5bP1/4r3/2k3K1/8","stockfishScores":{"wn":0.4878571428571429}},{"fenStr":"7R/8/8/6pP/5bP1/4r3/2k3K1/8","stockfishScores":{"bn":0.49005952380952383}},{"fenStr":"7R/8/8/6pP/5bP1/3kr3/6K1/8","stockfishScores":{"wn":0.48964285714285716}},{"fenStr":"7R/8/7P/6p1/5bP1/3kr3/6K1/8","stockfishScores":{"bn":0.4924404761904762}},{"fenStr":"7R/8/7P/6p1/5bP1/4r3/4k1K1/8","stockfishScores":{"wn":0.49488095238095237}},{"fenStr":"7R/7P/8/6p1/5bP1/4r3/4k1K1/8","stockfishScores":{"bn":0.4924404761904762}},{"fenStr":"7R/7P/8/6p1/5bP1/6r1/4k1K1/8","stockfishScores":{"wn":0.49529761904761904}},{"fenStr":"7R/7P/8/6p1/5bP1/6r1/4k2K/8","stockfishScores":{"bn":0.49255952380952384}},{"fenStr":"7R/7P/8/6p1/5bP1/6r1/5k1K/8","stockfishScores":{"wn":0.4895833333333333}},{"fenStr":"5R2/7P/8/6p1/5bP1/6r1/5k1K/8","stockfishScores":{"bn":0.505297619047619}},{"fenStr":"5R2/7P/8/6p1/5bP1/8/5krK/8","stockfishScores":{"wn":0.5075}},{"fenStr":"5R2/7P/8/6p1/5bP1/7K/5kr1/8","stockfishScores":{"bn":0.5063690476190477}},{"fenStr":"5R2/7P/8/6p1/5bP1/7K/5k1r/8","stockfishScores":{"wn":0.5104166666666666}}],"result":{"bw":true}}