{"fens":[{"fenStr":"rnbqkbnr/pppppppp/8/8/3P4/8/PPP1PPPP/RNBQKBNR","stockfishScores":{"bn":0.5048809523809524}},{"fenStr":"rnbqkbnr/ppp1pppp/8/3p4/3P4/8/PPP1PPPP/RNBQKBNR","stockfishScores":{"wn":0.5005952380952381}},{"fenStr":"rnbqkbnr/ppp1pppp/8/3p4/2PP4/8/PP2PPPP/RNBQKBNR","stockfishScores":{"bn":0.5009523809523809}},{"fenStr":"rnbqkbnr/ppp2ppp/4p3/3p4/2PP4/8/PP2PPPP/RNBQKBNR","stockfishScores":{"wn":0.4981547619047619}},{"fenStr":"rnbqkbnr/ppp2ppp/4p3/3p4/2PP4/5N2/PP2PPPP/RNBQKB1R","stockfishScores":{"bn":0.5030357142857143}},{"fenStr":"rnbqkbnr/pp3ppp/2p1p3/3p4/2PP4/5N2/PP2PPPP/RNBQKB1R","stockfishScores":{"wn":0.5025}},{"fenStr":"rnbqkbnr/pp3ppp/2p1p3/3p4/2PP4/5NP1/PP2PP1P/RNBQKB1R","stockfishScores":{"bn":0.5043452380952381}},{"fenStr":"rnbqkb1r/pp3ppp/2p1pn2/3p4/2PP4/5NP1/PP2PP1P/RNBQKB1R","stockfishScores":{"wn":0.4998214285714286}},{"fenStr":"rnbqkb1r/pp3ppp/2p1pn2/3p4/2PP4/5NP1/PP2PPBP/RNBQK2R","stockfishScores":{"bn":0.5008928571428571}},{"fenStr":"rnbqk2r/pp2bppp/2p1pn2/3p4/2PP4/5NP1/PP2PPBP/RNBQK2R","stockfishScores":{"wn":0.5014880952380952}},{"fenStr":"rnbqk2r/pp2bppp/2p1pn2/3p4/2PP4/5NP1/PP2PPBP/RNBQ1RK1","stockfishScores":{"bn":0.5108928571428571}},{"fenStr":"rnbq1rk1/pp2bppp/2p1pn2/3p4/2PP4/5NP1/PP2PPBP/RNBQ1RK1","stockfishScores":{"wn":0.5008333333333334}},{"fenStr":"rnbq1rk1/pp2bppp/2p1pn2/3p4/2PP4/2N2NP1/PP2PPBP/R1BQ1RK1","stockfishScores":{"bn":0.5028571428571429}},{"fenStr":"r1bq1rk1/pp1nbppp/2p1pn2/3p4/2PP4/2N2NP1/PP2PPBP/R1BQ1RK1","stockfishScores":{"wn":0.5007738095238096}},{"fenStr":"r1bq1rk1/pp1nbppp/2p1pn2/3p4/2PP4/2N2NP1/PPQ1PPBP/R1B2RK1","stockfishScores":{"bn":0.5007738095238096}},{"fenStr":"r1bq1rk1/p2nbppp/1pp1pn2/3p4/2PP4/2N2NP1/PPQ1PPBP/R1B2RK1","stockfishScores":{"wn":0.5017857142857143}},{"fenStr":"r1bq1rk1/p2nbppp/1pp1pn2/3p4/2PPP3/2N2NP1/PPQ2PBP/R1B2RK1","stockfishScores":{"bn":0.5031547619047619}},{"fenStr":"r2q1rk1/pb1nbppp/1pp1pn2/3p4/2PPP3/2N2NP1/PPQ2PBP/R1B2RK1","stockfishScores":{"wn":0.5024404761904762}},{"fenStr":"r2q1rk1/pb1nbppp/1pp1pn2/3pP3/2PP4/2N2NP1/PPQ2PBP/R1B2RK1","stockfishScores":{"bn":0.5086904761904761}},{"fenStr":"r2qnrk1/pb1nbppp/1pp1p3/3pP3/2PP4/2N2NP1/PPQ2PBP/R1B2RK1","stockfishScores":{"wn":0.5109523809523809}},{"fenStr":"r2qnrk1/pb1nbppp/1pp1p3/3pP3/2PP4/2N2NP1/PPQ2PBP/R1B1R1K1","stockfishScores":{"bn":0.510297619047619}},{"fenStr":"2rqnrk1/pb1nbppp/1pp1p3/3pP3/2PP4/2N2NP1/PPQ2PBP/R1B1R1K1","stockfishScores":{"wn":0.5114880952380952}},{"fenStr":"2rqnrk1/pb1nbppp/1pp1p3/3pP3/2PP3P/2N2NP1/PPQ2PB1/R1B1R1K1","stockfishScores":{"bn":0.5107738095238096}},{"fenStr":"2rqnrk1/pb1nbpp1/1pp1p2p/3pP3/2PP3P/2N2NP1/PPQ2PB1/R1B1R1K1","stockfishScores":{"wn":0.5100595238095238}},{"fenStr":"2rqnrk1/pb1nbpp1/1pp1p2p/3pP3/2PP1B1P/2N2NP1/PPQ2PB1/R3R1K1","stockfishScores":{"bn":0.5107738095238096}},{"fenStr":"2rqnrk1/pb1nbpp1/1pp1p2p/4P3/2pP1B1P/2N2NP1/PPQ2PB1/R3R1K1","stockfishScores":{"wn":0.5076190476190476}},{"fenStr":"2rqnrk1/pb1nbpp1/1pp1p2p/4P3/2pP1B1P/2N2NP1/PPQ2PB1/3RR1K1","stockfishScores":{"bn":0.5080357142857143}},{"fenStr":"2rq1rk1/pbnnbpp1/1pp1p2p/4P3/2pP1B1P/2N2NP1/PPQ2PB1/3RR1K1","stockfishScores":{"wn":0.5032142857142857}},{"fenStr":"2rq1rk1/pbnnbpp1/1pp1p2p/4P3/2pP1B1P/2N2NP1/PP1Q1PB1/3RR1K1","stockfishScores":{"bn":0.5}},{"fenStr":"2rq1rk1/pb1nbpp1/1pp1p2p/3nP3/2pP1B1P/2N2NP1/PP1Q1PB1/3RR1K1","stockfishScores":{"wn":0.4949404761904762}},{"fenStr":"2rq1rk1/pb1nbpp1/1pp1p2B/3nP3/2pP3P/2N2NP1/PP1Q1PB1/3RR1K1","stockfishScores":{"bn":0.5022619047619048}},{"fenStr":"2rq1rk1/pb1nbp2/1pp1p2p/3nP3/2pP3P/2N2NP1/PP1Q1PB1/3RR1K1","stockfishScores":{"wn":0.4832142857142857}},{"fenStr":"2rq1rk1/pb1nbp2/1pp1p2Q/3nP3/2pP3P/2N2NP1/PP3PB1/3RR1K1","stockfishScores":{"bn":0.49601190476190476}},{"fenStr":"2rq1rk1/pb1nbp2/1pp1p2Q/4P3/2pP3P/2n2NP1/PP3PB1/3RR1K1","stockfishScores":{"wn":0.45}},{"fenStr":"2rq1rk1/pb1nbp2/1pp1p2Q/4P3/2pP3P/2P2NP1/P4PB1/3RR1K1","stockfishScores":{"bn":0.49851190476190477}},{"fenStr":"2rq1rk1/pb1nbp2/1p2p2Q/2p1P3/2pP3P/2P2NP1/P4PB1/3RR1K1","stockfishScores":{"wn":0.49488095238095237}},{"fenStr":"2rq1rk1/pb1nbp2/1p2p2Q/2p1P1N1/2pP3P/2P3P1/P4PB1/3RR1K1","stockfishScores":{"bn":0.5198214285714285}},{"fenStr":"2rq1rk1/pb1n1p2/1p2p2Q/2p1P1b1/2pP3P/2P3P1/P4PB1/3RR1K1","stockfishScores":{"wn":0.45154761904761903}},{"fenStr":"2rq1rk1/pb1n1p2/1p2p2Q/2p1P1P1/2pP4/2P3P1/P4PB1/3RR1K1","stockfishScores":{"bn":0.4976785714285714}},{"fenStr":"2r2rk1/pbqn1p2/1p2p2Q/2p1P1P1/2pP4/2P3P1/P4PB1/3RR1K1","stockfishScores":{"wn":0.49773809523809526}},{"fenStr":"2r2rk1/pbqn1p2/1p2p1PQ/2p1P3/2pP4/2P3P1/P4PB1/3RR1K1","stockfishScores":{"bn":0.5164880952380952}},{"fenStr":"2r2rk1/pbqn4/1p2p1pQ/2p1P3/2pP4/2P3P1/P4PB1/3RR1K1","stockfishScores":{"wn":0.5022619047619048}},{"fenStr":"2r2rk1/pbqn4/1p2p1Q1/2p1P3/2pP4/2P3P1/P4PB1/3RR1K1","stockfishScores":{"bn":0.5039285714285714}},{"fenStr":"2r2r1k/pbqn4/1p2p1Q1/2p1P3/2pP4/2P3P1/P4PB1/3RR1K1","stockfishScores":{"wn":0.5035119047619048}},{"fenStr":"2r2r1k/pBqn4/1p2p1Q1/2p1P3/2pP4/2P3P1/P4P2/3RR1K1","stockfishScores":{"bn":0.5313690476190476}},{"fenStr":"2r2r1k/pq1n4/1p2p1Q1/2p1P3/2pP4/2P3P1/P4P2/3RR1K1","stockfishScores":{"wn":0.49410714285714286}},{"fenStr":"2r2r1k/pq1n4/1p2p1Q1/2p1P3/2pPR3/2P3P1/P4P2/3R2K1","stockfishScores":{"bn":0.5138690476190476}},{"fenStr":"2r2r1k/pq6/1p2pnQ1/2p1P3/2pPR3/2P3P1/P4P2/3R2K1","stockfishScores":{"wn":0.505297619047619}},{"fenStr":"2r2r1k/pq6/1p2pPQ1/2p5/2pPR3/2P3P1/P4P2/3R2K1","stockfishScores":{"bn":0.5414880952380953}},{"fenStr":"2r4k/pq3r2/1p2pPQ1/2p5/2pPR3/2P3P1/P4P2/3R2K1","stockfishScores":{"wn":0.5465476190476191}},{"fenStr":"2r4k/pq3r2/1p2pPQ1/2P5/2p1R3/2P3P1/P4P2/3R2K1","stockfishScores":{"bn":0.5529761904761905}},{"fenStr":"2r4k/pq5r/1p2pPQ1/2P5/2p1R3/2P3P1/P4P2/3R2K1","stockfishScores":{"wn":0.5263095238095238}},{"fenStr":"2r4k/pq5r/1pP1pPQ1/8/2p1R3/2P3P1/P4P2/3R2K1","stockfishScores":{"bn":0.5319642857142857}},{"fenStr":"2r4k/p6r/1pq1pPQ1/8/2p1R3/2P3P1/P4P2/3R2K1","stockfishScores":{"wn":0.5191071428571429}},{"fenStr":"2r4k/p4P1r/1pq1p1Q1/8/2p1R3/2P3P1/P4P2/3R2K1","stockfishScores":{"bn":0.5293452380952381}},{"fenStr":"2r4k/p4P1r/1p2p1Q1/8/q1p1R3/2P3P1/P4P2/3R2K1","stockfishScores":{"wn":0.5217261904761905}},{"fenStr":"2r4k/p4P1r/1p2pQ2/8/q1p1R3/2P3P1/P4P2/3R2K1","stockfishScores":{"bn":0.5136904761904761}},{"fenStr":"2r4k/p4Pr1/1p2pQ2/8/q1p1R3/2P3P1/P4P2/3R2K1","stockfishScores":{"wn":0.5641666666666667}},{"fenStr":"2r4k/p4Pr1/1p2pQ2/8/q1p4R/2P3P1/P4P2/3R2K1","stockfishScores":{"bn":0.5748214285714286}}],"result":{"ww":true}}