{"fens":[{"fenStr":"rnbqkbnr/pppppppp/8/8/3P4/8/PPP1PPPP/RNBQKBNR","stockfishScores":{"bn":0.5048809523809524}},{"fenStr":"rnbqkbnr/pp1ppppp/8/2p5/3P4/8/PPP1PPPP/RNBQKBNR","stockfishScores":{"wn":0.5050595238095238}},{"fenStr":"rnbqkbnr/pp1ppppp/8/2p5/3P4/2P5/PP2PPPP/RNBQKBNR","stockfishScores":{"bn":0.5066071428571428}},{"fenStr":"rnbqkbnr/pp1p1ppp/4p3/2p5/3P4/2P5/PP2PPPP/RNBQKBNR","stockfishScores":{"wn":0.5014285714285714}},{"fenStr":"rnbqkbnr/pp1p1ppp/4p3/2p5/3P4/2P2N2/PP2PPPP/RNBQKB1R","stockfishScores":{"bn":0.5061309523809524}},{"fenStr":"rnbqk1nr/pp1pbppp/4p3/2p5/3P4/2P2N2/PP2PPPP/RNBQKB1R","stockfishScores":{"wn":0.5051785714285715}},{"fenStr":"rnbqk1nr/pp1pbppp/4p3/2p5/3P1B2/2P2N2/PP2PPPP/RN1QKB1R","stockfishScores":{"bn":0.5060714285714286}},{"fenStr":"rnbqk2r/pp1pbppp/4pn2/2p5/3P1B2/2P2N2/PP2PPPP/RN1QKB1R","stockfishScores":{"wn":0.5048809523809524}},{"fenStr":"rnbqk2r/pp1pbppp/4pn2/2p5/3P1B2/2P1PN2/PP3PPP/RN1QKB1R","stockfishScores":{"bn":0.5078571428571429}},{"fenStr":"rnbq1rk1/pp1pbppp/4pn2/2p5/3P1B2/2P1PN2/PP3PPP/RN1QKB1R","stockfishScores":{"wn":0.49839285714285714}},{"fenStr":"rnbq1rk1/pp1pbppp/4pn2/2p5/3P1B2/2P1PN2/PP1N1PPP/R2QKB1R","stockfishScores":{"bn":0.5011904761904762}},{"fenStr":"rnbq1rk1/pp2bppp/4pn2/2pp4/3P1B2/2P1PN2/PP1N1PPP/R2QKB1R","stockfishScores":{"wn":0.4957142857142857}},{"fenStr":"rnbq1rk1/pp2bppp/4pn2/2pp4/3P1B2/2PBPN2/PP1N1PPP/R2QK2R","stockfishScores":{"bn":0.4963095238095238}},{"fenStr":"rnbq1rk1/pp2bppp/4pn2/3p4/3p1B2/2PBPN2/PP1N1PPP/R2QK2R","stockfishScores":{"wn":0.4950595238095238}},{"fenStr":"rnbq1rk1/pp2bppp/4pn2/3p4/3P1B2/2PB1N2/PP1N1PPP/R2QK2R","stockfishScores":{"bn":0.498452380952381}},{"fenStr":"r1bq1rk1/pp2bppp/2n1pn2/3p4/3P1B2/2PB1N2/PP1N1PPP/R2QK2R","stockfishScores":{"wn":0.4950595238095238}},{"fenStr":"r1bq1rk1/pp2bppp/2n1pn2/3p4/3P1B2/2PB1N2/PP1N1PPP/R2Q1RK1","stockfishScores":{"bn":0.5069047619047619}},{"fenStr":"r1b2rk1/pp2bppp/1qn1pn2/3p4/3P1B2/2PB1N2/PP1N1PPP/R2Q1RK1","stockfishScores":{"wn":0.5055952380952381}},{"fenStr":"r1b2rk1/pp2bppp/1qn1pn2/3p4/3P1B2/2PB1N2/PPQN1PPP/R4RK1","stockfishScores":{"bn":0.5057738095238096}},{"fenStr":"r1b2rk1/pp2bpp1/1qn1pn1p/3p4/3P1B2/2PB1N2/PPQN1PPP/R4RK1","stockfishScores":{"wn":0.5040476190476191}},{"fenStr":"r1b2rk1/pp2bpp1/1qn1pn1p/3p4/3P1B2/2PB1N1P/PPQN1PP1/R4RK1","stockfishScores":{"bn":0.5045238095238095}},{"fenStr":"r1b2rk1/pp2bpp1/1qn1p2p/3p3n/3P1B2/2PB1N1P/PPQN1PP1/R4RK1","stockfishScores":{"wn":0.5045833333333334}},{"fenStr":"r1b2rk1/pp2bpp1/1qn1p2p/3p3n/3P4/2PB1N1P/PPQN1PPB/R4RK1","stockfishScores":{"bn":0.5072619047619048}},{"fenStr":"r4rk1/pp1bbpp1/1qn1p2p/3p3n/3P4/2PB1N1P/PPQN1PPB/R4RK1","stockfishScores":{"wn":0.5055952380952381}},{"fenStr":"r4rk1/pp1bbpp1/1qn1p2p/3p3n/3P4/2PB1N1P/PPQN1PPB/1R3RK1","stockfishScores":{"bn":0.5063690476190477}},{"fenStr":"r4rk1/pp1bbp2/1qn1p2p/3p2pn/3P4/2PB1N1P/PPQN1PPB/1R3RK1","stockfishScores":{"wn":0.5101190476190476}},{"fenStr":"r4rk1/pp1bbp2/1qn1p2p/3p2pn/3P4/2PB1N1P/PPQN1PPB/1R2R1K1","stockfishScores":{"bn":0.5108333333333334}},{"fenStr":"r4rk1/pp1bbp2/1qn1p2p/3p2p1/3P1n2/2PB1N1P/PPQN1PPB/1R2R1K1","stockfishScores":{"wn":0.5054166666666666}},{"fenStr":"r4rk1/pp1bbp2/1qn1p2p/3p2p1/3P1n2/2P2N1P/PPQN1PPB/1R2RBK1","stockfishScores":{"bn":0.5060119047619047}},{"fenStr":"r4r1k/pp1bbp2/1qn1p2p/3p2p1/3P1n2/2P2N1P/PPQN1PPB/1R2RBK1","stockfishScores":{"wn":0.5073809523809524}},{"fenStr":"r4r1k/pp1bbp2/1qn1p2p/3p2p1/3P1n1P/2P2N2/PPQN1PPB/1R2RBK1","stockfishScores":{"bn":0.5035119047619048}},{"fenStr":"r5rk/pp1bbp2/1qn1p2p/3p2p1/3P1n1P/2P2N2/PPQN1PPB/1R2RBK1","stockfishScores":{"wn":0.5041666666666667}},{"fenStr":"r5rk/pp1bbp2/1qn1p2p/3p2P1/3P1n2/2P2N2/PPQN1PPB/1R2RBK1","stockfishScores":{"bn":0.5194642857142857}},{"fenStr":"r5rk/pp1bbp2/1qn1p3/3p2p1/3P1n2/2P2N2/PPQN1PPB/1R2RBK1","stockfishScores":{"wn":0.5051190476190476}},{"fenStr":"r5rk/pp1bbp2/1qn1p3/3p2p1/3P1n2/1NP2N2/PPQ2PPB/1R2RBK1","stockfishScores":{"bn":0.5021428571428571}},{"fenStr":"r5rk/1p1bbp2/1qn1p3/p2p2p1/3P1n2/1NP2N2/PPQ2PPB/1R2RBK1","stockfishScores":{"wn":0.5011904761904762}},{"fenStr":"r5rk/1p1bbp2/1qn1p3/p2p2p1/3P1n2/1NP2N2/PP1Q1PPB/1R2RBK1","stockfishScores":{"bn":0.49910714285714286}},{"fenStr":"r5rk/1p1bbp2/1qn1p3/3p2p1/p2P1n2/1NP2N2/PP1Q1PPB/1R2RBK1","stockfishScores":{"wn":0.49625}},{"fenStr":"r5rk/1p1bbp2/1qn1p3/2Np2p1/p2P1n2/2P2N2/PP1Q1PPB/1R2RBK1","stockfishScores":{"bn":0.5064880952380952}},{"fenStr":"r5rk/1p1b1p2/1qn1p3/2bp2p1/p2P1n2/2P2N2/PP1Q1PPB/1R2RBK1","stockfishScores":{"wn":0.4856547619047619}},{"fenStr":"r5rk/1p1b1p2/1qn1p3/2Pp2p1/p4n2/2P2N2/PP1Q1PPB/1R2RBK1","stockfishScores":{"bn":0.5039285714285714}},{"fenStr":"r5rk/1p1b1p2/2n1p3/2qp2p1/p4n2/2P2N2/PP1Q1PPB/1R2RBK1","stockfishScores":{"wn":0.4973214285714286}},{"fenStr":"r5rk/1p1b1p2/2n1p3/2qp2p1/p4B2/2P2N2/PP1Q1PP1/1R2RBK1","stockfishScores":{"bn":0.5213690476190476}},{"fenStr":"r5rk/1p1b1p2/2n1p3/2qp4/p4p2/2P2N2/PP1Q1PP1/1R2RBK1","stockfishScores":{"wn":0.4961309523809524}},{"fenStr":"r5rk/1p1b1p2/2n1p3/2qp4/p4Q2/2P2N2/PP3PP1/1R2RBK1","stockfishScores":{"bn":0.5145238095238095}},{"fenStr":"r5r1/1p1b1pk1/2n1p3/2qp4/p4Q2/2P2N2/PP3PP1/1R2RBK1","stockfishScores":{"wn":0.520952380952381}},{"fenStr":"r5r1/1p1b1pk1/2n1p3/2qp2N1/p4Q2/2P5/PP3PP1/1R2RBK1","stockfishScores":{"bn":0.5223809523809524}},{"fenStr":"r5r1/1p1bqpk1/2n1p3/3p2N1/p4Q2/2P5/PP3PP1/1R2RBK1","stockfishScores":{"wn":0.5069047619047619}},{"fenStr":"r5r1/1p1bqpk1/2n1p3/3p2N1/p5Q1/2P5/PP3PP1/1R2RBK1","stockfishScores":{"bn":0.5017857142857143}},{"fenStr":"r5rk/1p1bqp2/2n1p3/3p2N1/p5Q1/2P5/PP3PP1/1R2RBK1","stockfishScores":{"wn":0.5086309523809524}},{"fenStr":"r5rk/1p1bqp2/2n1p3/3p2N1/p6Q/2P5/PP3PP1/1R2RBK1","stockfishScores":{"bn":0.5196428571428572}},{"fenStr":"r5r1/1p1bqpk1/2n1p3/3p2N1/p6Q/2P5/PP3PP1/1R2RBK1","stockfishScores":{"wn":0.5213095238095238}},{"fenStr":"r5r1/1p1bqpk1/2n1p3/3p2N1/p6Q/2PB4/PP3PP1/1R2R1K1","stockfishScores":{"bn":0.530952380952381}},{"fenStr":"r6r/1p1bqpk1/2n1p3/3p2N1/p6Q/2PB4/PP3PP1/1R2R1K1","stockfishScores":{"wn":0.5005952380952381}},{"fenStr":"r6r/1p1bqpk1/2n1p3/3p2N1/p7/2PB2Q1/PP3PP1/1R2R1K1","stockfishScores":{"bn":0.5038095238095238}},{"fenStr":"r6r/1p1bqp2/2n1p2k/3p2N1/p7/2PB2Q1/PP3PP1/1R2R1K1","stockfishScores":{"wn":0.5277380952380952}},{"fenStr":"r6r/1p1bqp2/2n1p2k/3p2N1/p4P2/2PB2Q1/PP4P1/1R2R1K1","stockfishScores":{"bn":0.5320238095238096}},{"fenStr":"r6r/1p1bqp2/2n4k/3pp1N1/p4P2/2PB2Q1/PP4P1/1R2R1K1","stockfishScores":{"wn":0.524702380952381}},{"fenStr":"r6r/1p1bqN2/2n4k/3pp3/p4P2/2PB2Q1/PP4P1/1R2R1K1","stockfishScores":{"bn":0.5375}},{"fenStr":"r6r/1p1b1q2/2n4k/3pp3/p4P2/2PB2Q1/PP4P1/1R2R1K1","stockfishScores":{"wn":0.49625}},{"fenStr":"r6r/1p1b1q2/2n4k/3pp1Q1/p4P2/2PB4/PP4P1/1R2R1K1","stockfishScores":{"bn":0.4992261904761905}}],"result":{"ww":true}}