{"fens":[{"fenStr":"rnbqkbnr/pppppppp/8/8/4P3/8/PPPP1PPP/RNBQKBNR","stockfishScores":{"bn":0.5049404761904762}},{"fenStr":"rnbqkbnr/pp1ppppp/8/2p5/4P3/8/PPPP1PPP/RNBQKBNR","stockfishScores":{"wn":0.5038095238095238}},{"fenStr":"rnbqkbnr/pp1ppppp/8/2p5/4P3/5N2/PPPP1PPP/RNBQKB1R","stockfishScores":{"bn":0.5058928571428571}},{"fenStr":"rnbqkbnr/pp2pppp/3p4/2p5/4P3/5N2/PPPP1PPP/RNBQKB1R","stockfishScores":{"wn":0.5020833333333333}},{"fenStr":"rnbqkbnr/pp2pppp/3p4/2p5/3PP3/5N2/PPP2PPP/RNBQKB1R","stockfishScores":{"bn":0.5076785714285714}},{"fenStr":"rnbqkbnr/pp2pppp/3p4/8/3pP3/5N2/PPP2PPP/RNBQKB1R","stockfishScores":{"wn":0.4976190476190476}},{"fenStr":"rnbqkbnr/pp2pppp/3p4/8/3NP3/8/PPP2PPP/RNBQKB1R","stockfishScores":{"bn":0.51}},{"fenStr":"rnbqkb1r/pp2pppp/3p1n2/8/3NP3/8/PPP2PPP/RNBQKB1R","stockfishScores":{"wn":0.5031547619047619}},{"fenStr":"rnbqkb1r/pp2pppp/3p1n2/8/3NP3/2N5/PPP2PPP/R1BQKB1R","stockfishScores":{"bn":0.5076190476190476}},{"fenStr":"rnbqkb1r/1p2pppp/p2p1n2/8/3NP3/2N5/PPP2PPP/R1BQKB1R","stockfishScores":{"wn":0.5050595238095238}},{"fenStr":"rnbqkb1r/1p2pppp/p2p1n2/6B1/3NP3/2N5/PPP2PPP/R2QKB1R","stockfishScores":{"bn":0.5054761904761905}},{"fenStr":"r1bqkb1r/1p1npppp/p2p1n2/6B1/3NP3/2N5/PPP2PPP/R2QKB1R","stockfishScores":{"wn":0.5050595238095238}},{"fenStr":"r1bqkb1r/1p1npppp/p2p1n2/6B1/3NP3/2N5/PPP1QPPP/R3KB1R","stockfishScores":{"bn":0.5043452380952381}},{"fenStr":"r1b1kb1r/1pqnpppp/p2p1n2/6B1/3NP3/2N5/PPP1QPPP/R3KB1R","stockfishScores":{"wn":0.5051785714285715}},{"fenStr":"r1b1kb1r/1pqnpppp/p2p1n2/6B1/3NP3/2N5/PPP1QPPP/2KR1B1R","stockfishScores":{"bn":0.5126190476190476}},{"fenStr":"r1b1kb1r/1pqnppp1/p2p1n1p/6B1/3NP3/2N5/PPP1QPPP/2KR1B1R","stockfishScores":{"wn":0.5064285714285715}},{"fenStr":"r1b1kb1r/1pqnppp1/p2p1n1p/8/3NP2B/2N5/PPP1QPPP/2KR1B1R","stockfishScores":{"bn":0.5077380952380952}},{"fenStr":"r1b1kb1r/1pqn1pp1/p2ppn1p/8/3NP2B/2N5/PPP1QPPP/2KR1B1R","stockfishScores":{"wn":0.5069047619047619}},{"fenStr":"r1b1kb1r/1pqn1pp1/p2ppn1p/8/3NPP1B/2N5/PPP1Q1PP/2KR1B1R","stockfishScores":{"bn":0.5123809523809524}},{"fenStr":"r1b1k2r/1pqnbpp1/p2ppn1p/8/3NPP1B/2N5/PPP1Q1PP/2KR1B1R","stockfishScores":{"wn":0.5117261904761905}},{"fenStr":"r1b1k2r/1pqnbpp1/p2ppn1p/8/4PP1B/2N2N2/PPP1Q1PP/2KR1B1R","stockfishScores":{"bn":0.5107738095238096}},{"fenStr":"r1b1k2r/1pqnbpp1/p2p1n1p/4p3/4PP1B/2N2N2/PPP1Q1PP/2KR1B1R","stockfishScores":{"wn":0.5125595238095239}},{"fenStr":"r1b1k2r/1pqnbpp1/p2p1n1p/4P3/4P2B/2N2N2/PPP1Q1PP/2KR1B1R","stockfishScores":{"bn":0.5223809523809524}},{"fenStr":"r1b1k2r/1pqnbpp1/p4n1p/4p3/4P2B/2N2N2/PPP1Q1PP/2KR1B1R","stockfishScores":{"wn":0.5108333333333334}},{"fenStr":"r1b1k2r/1pqnbpp1/p4n1p/3Np3/4P2B/5N2/PPP1Q1PP/2KR1B1R","stockfishScores":{"bn":0.5266666666666666}},{"fenStr":"r1b1k2r/1pqnbpp1/p6p/3np3/4P2B/5N2/PPP1Q1PP/2KR1B1R","stockfishScores":{"wn":0.48529761904761903}},{"fenStr":"r1b1k2r/1pqnbpp1/p6p/3Pp3/7B/5N2/PPP1Q1PP/2KR1B1R","stockfishScores":{"bn":0.5076190476190476}},{"fenStr":"r1b1k2r/1pqn1pp1/p2b3p/3Pp3/7B/5N2/PPP1Q1PP/2KR1B1R","stockfishScores":{"wn":0.50875}},{"fenStr":"r1b1k2r/1pqn1pp1/p2b3p/3Pp3/6PB/5N2/PPP1Q2P/2KR1B1R","stockfishScores":{"bn":0.508095238095238}},{"fenStr":"r1b1k2r/2qn1pp1/p2b3p/1p1Pp3/6PB/5N2/PPP1Q2P/2KR1B1R","stockfishScores":{"wn":0.506547619047619}},{"fenStr":"r1b1k2r/2qn1pp1/p2b3p/1p1Pp1P1/7B/5N2/PPP1Q2P/2KR1B1R","stockfishScores":{"bn":0.5054761904761905}},{"fenStr":"r1b1k2r/2qn1pp1/p2b4/1p1Pp1p1/7B/5N2/PPP1Q2P/2KR1B1R","stockfishScores":{"wn":0.49392857142857144}},{"fenStr":"r1b1k2r/2qn1pp1/p2b4/1p1Pp1B1/8/5N2/PPP1Q2P/2KR1B1R","stockfishScores":{"bn":0.5023214285714286}},{"fenStr":"r1b1k2r/2qn2p1/p2b1p2/1p1Pp1B1/8/5N2/PPP1Q2P/2KR1B1R","stockfishScores":{"wn":0.4982738095238095}},{"fenStr":"r1b1k2r/2qn2p1/p2b1p2/1p1Pp3/8/4BN2/PPP1Q2P/2KR1B1R","stockfishScores":{"bn":0.49857142857142855}},{"fenStr":"r1b1k2r/2q3p1/p2b1p2/1pnPp3/8/4BN2/PPP1Q2P/2KR1B1R","stockfishScores":{"wn":0.5005357142857143}},{"fenStr":"r1b1k2r/2q3p1/p2b1p2/1pnPp3/7P/4BN2/PPP1Q3/2KR1B1R","stockfishScores":{"bn":0.50125}},{"fenStr":"r3k2r/2q3p1/p2b1p2/1pnPp3/6bP/4BN2/PPP1Q3/2KR1B1R","stockfishScores":{"wn":0.49779761904761904}},{"fenStr":"r3k2r/2q3p1/p2b1p2/1pnPp3/6bP/4BN1B/PPP1Q3/2KR3R","stockfishScores":{"bn":0.49916666666666665}},{"fenStr":"r3k2r/2q3p1/p2b1p2/1pnPp3/7P/4BN1b/PPP1Q3/2KR3R","stockfishScores":{"wn":0.4791666666666667}},{"fenStr":"r3k2r/2q3p1/p2b1p2/1pnPp3/7P/4BN1R/PPP1Q3/2KR4","stockfishScores":{"bn":0.501547619047619}},{"fenStr":"r4rk1/2q3p1/p2b1p2/1pnPp3/7P/4BN1R/PPP1Q3/2KR4","stockfishScores":{"wn":0.4980357142857143}},{"fenStr":"r4rk1/2q3p1/p2b1p2/1pnPp3/7P/4BN1R/PPP1Q3/2K3R1","stockfishScores":{"bn":0.5007738095238096}},{"fenStr":"r4rk1/2q3p1/p2b1p2/1pnP4/4p2P/4BN1R/PPP1Q3/2K3R1","stockfishScores":{"wn":0.5014285714285714}},{"fenStr":"r4rk1/2q3p1/p2b1p2/1pnP4/3Np2P/4B2R/PPP1Q3/2K3R1","stockfishScores":{"bn":0.5058333333333334}},{"fenStr":"r5k1/2q2rp1/p2b1p2/1pnP4/3Np2P/4B2R/PPP1Q3/2K3R1","stockfishScores":{"wn":0.5073214285714286}},{"fenStr":"r5k1/2q2rp1/p2b1p2/1pnP1N2/4p2P/4B2R/PPP1Q3/2K3R1","stockfishScores":{"bn":0.5175}},{"fenStr":"r5k1/2q2rp1/p2b1p2/1p1P1N2/4p2P/3nB2R/PPP1Q3/2K3R1","stockfishScores":{"wn":0.5127380952380952}},{"fenStr":"r5k1/2q2rp1/p2b1p2/1p1P1N2/4p2P/3nB2R/PPP1Q3/1K4R1","stockfishScores":{"bn":0.5144047619047619}},{"fenStr":"r5k1/2q2rp1/p2b1p2/1p1P1N2/4pn1P/4B2R/PPP1Q3/1K4R1","stockfishScores":{"wn":0.4994642857142857}},{"fenStr":"r5k1/2q2rp1/p2b1p2/1p1P1N2/4pB1P/7R/PPP1Q3/1K4R1","stockfishScores":{"bn":0.5455952380952381}},{"fenStr":"r5k1/2q2rp1/p4p2/1p1P1N2/4pb1P/7R/PPP1Q3/1K4R1","stockfishScores":{"wn":0.5139880952380952}},{"fenStr":"r5k1/2q2rp1/p2P1p2/1p3N2/4pb1P/7R/PPP1Q3/1K4R1","stockfishScores":{"bn":0.5186904761904761}},{"fenStr":"r5k1/5rp1/p2P1p2/1pq2N2/4pb1P/7R/PPP1Q3/1K4R1","stockfishScores":{"wn":0.5068452380952381}},{"fenStr":"r5k1/5rp1/p2P1p2/1pq2N2/4pbQP/7R/PPP5/1K4R1","stockfishScores":{"bn":0.5151190476190476}},{"fenStr":"r4k2/5rp1/p2P1p2/1pq2N2/4pbQP/7R/PPP5/1K4R1","stockfishScores":{"wn":0.5167261904761905}},{"fenStr":"r4k2/5rp1/p2P1p2/1pq2N2/4pbQP/7R/PPP5/1K1R4","stockfishScores":{"bn":0.5143452380952381}},{"fenStr":"r4k2/5rp1/p2P1p2/1pq1bN2/4p1QP/7R/PPP5/1K1R4","stockfishScores":{"wn":0.513154761904762}},{"fenStr":"r4k2/5rp1/p2P1p2/1pq1bN2/4Q2P/7R/PPP5/1K1R4","stockfishScores":{"bn":0.5244047619047619}},{"fenStr":"4rk2/5rp1/p2P1p2/1pq1bN2/4Q2P/7R/PPP5/1K1R4","stockfishScores":{"wn":0.5136904761904761}},{"fenStr":"4rk2/5rp1/p2P1p2/1pq1bN2/6QP/7R/PPP5/1K1R4","stockfishScores":{"bn":0.5167261904761905}},{"fenStr":"2r2k2/5rp1/p2P1p2/1pq1bN2/6QP/7R/PPP5/1K1R4","stockfishScores":{"wn":0.5051190476190476}},{"fenStr":"2r2k2/5rp1/p2P1p2/1pq1bN2/6QP/2P4R/PP6/1K1R4","stockfishScores":{"bn":0.5175}},{"fenStr":"2r2k2/3r2p1/p2P1p2/1pq1bN2/6QP/2P4R/PP6/1K1R4","stockfishScores":{"wn":0.5138095238095238}},{"fenStr":"2r2k2/3rN1p1/p2P1p2/1pq1b3/6QP/2P4R/PP6/1K1R4","stockfishScores":{"bn":0.5341071428571429}},{"fenStr":"3r1k2/3rN1p1/p2P1p2/1pq1b3/6QP/2P4R/PP6/1K1R4","stockfishScores":{"wn":0.5328571428571428}},{"fenStr":"3r1k2/3rN1p1/p2PQp2/1pq1b3/7P/2P4R/PP6/1K1R4","stockfishScores":{"bn":0.5451190476190476}},{"fenStr":"3r1k2/4N1p1/p2rQp2/1pq1b3/7P/2P4R/PP6/1K1R4","stockfishScores":{"wn":0.5242857142857142}},{"fenStr":"3r1k2/6p1/p2rQpN1/1pq1b3/7P/2P4R/PP6/1K1R4","stockfishScores":{"bn":0.5060714285714286}}],"result":{"ww":true}}