{"fens":[{"fenStr":"rnbqkbnr/pppppppp/8/8/2P5/8/PP1PPPPP/RNBQKBNR","stockfishScores":{"bn":0.5016666666666667}},{"fenStr":"rnbqkb1r/pppppppp/5n2/8/2P5/8/PP1PPPPP/RNBQKBNR","stockfishScores":{"wn":0.4988690476190476}},{"fenStr":"rnbqkb1r/pppppppp/5n2/8/2P5/5N2/PP1PPPPP/RNBQKB1R","stockfishScores":{"bn":0.5021428571428571}},{"fenStr":"rnbqkb1r/pppp1ppp/4pn2/8/2P5/5N2/PP1PPPPP/RNBQKB1R","stockfishScores":{"wn":0.4980357142857143}},{"fenStr":"rnbqkb1r/pppp1ppp/4pn2/8/2P5/5NP1/PP1PPP1P/RNBQKB1R","stockfishScores":{"bn":0.4994642857142857}},{"fenStr":"rnbqkb1r/ppp2ppp/4pn2/3p4/2P5/5NP1/PP1PPP1P/RNBQKB1R","stockfishScores":{"wn":0.4951190476190476}},{"fenStr":"rnbqkb1r/ppp2ppp/4pn2/3p4/2P5/1P3NP1/P2PPP1P/RNBQKB1R","stockfishScores":{"bn":0.49714285714285716}},{"fenStr":"rnbqkb1r/ppp2ppp/4pn2/8/2Pp4/1P3NP1/P2PPP1P/RNBQKB1R","stockfishScores":{"wn":0.49642857142857144}},{"fenStr":"rnbqkb1r/ppp2ppp/4pn2/8/2Pp4/1P3NP1/P2PPPBP/RNBQK2R","stockfishScores":{"bn":0.4975595238095238}},{"fenStr":"r1bqkb1r/ppp2ppp/2n1pn2/8/2Pp4/1P3NP1/P2PPPBP/RNBQK2R","stockfishScores":{"wn":0.4951190476190476}},{"fenStr":"r1bqkb1r/ppp2ppp/2n1pn2/8/2Pp4/1P3NP1/P2PPPBP/RNBQ1RK1","stockfishScores":{"bn":0.5041666666666667}},{"fenStr":"r1bqkb1r/ppp2ppp/2n2n2/4p3/2Pp4/1P3NP1/P2PPPBP/RNBQ1RK1","stockfishScores":{"wn":0.4993452380952381}},{"fenStr":"r1bqkb1r/ppp2ppp/2n2n2/4p3/2Pp4/1P1P1NP1/P3PPBP/RNBQ1RK1","stockfishScores":{"bn":0.5050595238095238}},{"fenStr":"r1bqk2r/ppp1bppp/2n2n2/4p3/2Pp4/1P1P1NP1/P3PPBP/RNBQ1RK1","stockfishScores":{"wn":0.5064880952380952}},{"fenStr":"r1bqk2r/ppp1bppp/2n2n2/4p3/1PPp4/3P1NP1/P3PPBP/RNBQ1RK1","stockfishScores":{"bn":0.5067857142857143}},{"fenStr":"r1bqk2r/ppp1bppp/2n2n2/8/1PPpp3/3P1NP1/P3PPBP/RNBQ1RK1","stockfishScores":{"wn":0.5009523809523809}},{"fenStr":"r1bqk2r/ppp1bppp/2n2n2/8/1PPpP3/5NP1/P3PPBP/RNBQ1RK1","stockfishScores":{"bn":0.5141071428571429}},{"fenStr":"r1bqk2r/ppp2ppp/2n2n2/8/1bPpP3/5NP1/P3PPBP/RNBQ1RK1","stockfishScores":{"wn":0.506547619047619}},{"fenStr":"r1bqk2r/ppp2ppp/2n2n2/4P3/1bPp4/5NP1/P3PPBP/RNBQ1RK1","stockfishScores":{"bn":0.5136904761904761}},{"fenStr":"r1bqk2r/ppp2ppp/2n5/4P3/1bPpn3/5NP1/P3PPBP/RNBQ1RK1","stockfishScores":{"wn":0.5076190476190476}},{"fenStr":"r1bqk2r/ppp2ppp/2n5/4P3/1bPpn3/5NP1/PB2PPBP/RN1Q1RK1","stockfishScores":{"bn":0.5054166666666666}},{"fenStr":"r1bqk2r/ppp2ppp/2n5/2b1P3/2Ppn3/5NP1/PB2PPBP/RN1Q1RK1","stockfishScores":{"wn":0.5046428571428572}},{"fenStr":"r1bqk2r/ppp2ppp/2n5/2b1P3/2Ppn3/3Q1NP1/PB2PPBP/RN3RK1","stockfishScores":{"bn":0.5057738095238096}},{"fenStr":"r2qk2r/ppp2ppp/2n5/2b1Pb2/2Ppn3/3Q1NP1/PB2PPBP/RN3RK1","stockfishScores":{"wn":0.5026785714285714}},{"fenStr":"r2qk2r/ppp2ppp/2n5/2b1Pb2/2Ppn2N/3Q2P1/PB2PPBP/RN3RK1","stockfishScores":{"bn":0.5083333333333333}},{"fenStr":"r2qk2r/ppp2ppp/8/2b1nb2/2Ppn2N/3Q2P1/PB2PPBP/RN3RK1","stockfishScores":{"wn":0.49714285714285716}},{"fenStr":"r2qk2r/ppp2ppp/8/2b1nb2/2Ppn2N/6P1/PBQ1PPBP/RN3RK1","stockfishScores":{"bn":0.4976785714285714}},{"fenStr":"r2qk2r/ppp2ppp/8/2b1nb2/2Pp3N/6n1/PBQ1PPBP/RN3RK1","stockfishScores":{"wn":0.48160714285714284}},{"fenStr":"r2qk2r/ppp2ppp/8/2b1nN2/2Pp4/6n1/PBQ1PPBP/RN3RK1","stockfishScores":{"bn":0.5435714285714286}},{"fenStr":"r2qk2r/ppp2ppp/8/2b1nN2/2Pp4/8/PBQ1PPBP/RN3nK1","stockfishScores":{"wn":0.5135714285714286}},{"fenStr":"r2qk2r/ppp2ppp/8/2b1nN2/2PpQ3/8/PB2PPBP/RN3nK1","stockfishScores":{"bn":0.5239880952380952}},{"fenStr":"r2qk2r/ppp3pp/5p2/2b1nN2/2PpQ3/8/PB2PPBP/RN3nK1","stockfishScores":{"wn":0.5093452380952381}},{"fenStr":"r2qk2r/ppp3Np/5p2/2b1n3/2PpQ3/8/PB2PPBP/RN3nK1","stockfishScores":{"bn":0.5058928571428571}},{"fenStr":"r2q3r/ppp2kNp/5p2/2b1n3/2PpQ3/8/PB2PPBP/RN3nK1","stockfishScores":{"wn":0.4976190476190476}},{"fenStr":"r2q3r/ppp2k1p/5p2/2b1nN2/2PpQ3/8/PB2PPBP/RN3nK1","stockfishScores":{"bn":0.513095238095238}},{"fenStr":"r2q3r/ppp2k1p/5p2/2b2N2/2npQ3/8/PB2PPBP/RN3nK1","stockfishScores":{"wn":0.5169047619047619}},{"fenStr":"r2q3r/ppp2k1p/5p2/2b2N2/2npQ3/8/P3PPBP/RNB2nK1","stockfishScores":{"bn":0.5210714285714285}},{"fenStr":"r2q3r/pp3k1p/2p2p2/2b2N2/2npQ3/8/P3PPBP/RNB2nK1","stockfishScores":{"wn":0.5061309523809524}},{"fenStr":"r2q3r/pp3k1p/2p2p1N/2b5/2npQ3/8/P3PPBP/RNB2nK1","stockfishScores":{"bn":0.48845238095238097}},{"fenStr":"r2q1k1r/pp5p/2p2p1N/2b5/2npQ3/8/P3PPBP/RNB2nK1","stockfishScores":{"wn":0.4980952380952381}},{"fenStr":"r2q1k1r/pp5p/2p2p1N/2b5/2npQ3/8/P3PPBP/RNB2K2","stockfishScores":{"bn":0.51125}},{"fenStr":"r3qk1r/pp5p/2p2p1N/2b5/2npQ3/8/P3PPBP/RNB2K2","stockfishScores":{"wn":0.5105357142857143}},{"fenStr":"r3qk1r/pp5p/2p2p1N/2b5/2np4/8/P1Q1PPBP/RNB2K2","stockfishScores":{"bn":0.5064880952380952}},{"fenStr":"r4k1r/pp5p/2p1qp1N/2b5/2np4/8/P1Q1PPBP/RNB2K2","stockfishScores":{"wn":0.5051785714285715}},{"fenStr":"r4k1r/pp5p/2p1qp1N/2b5/2np4/8/P1QNPPBP/R1B2K2","stockfishScores":{"bn":0.5069047619047619}},{"fenStr":"r4k1r/p6p/2p1qp1N/1pb5/2np4/8/P1QNPPBP/R1B2K2","stockfishScores":{"wn":0.5068452380952381}},{"fenStr":"r4k1r/p6p/2p1qp1N/1pb5/2np4/1N6/P1Q1PPBP/R1B2K2","stockfishScores":{"bn":0.5145833333333333}},{"fenStr":"r4k1r/p6p/1bp1qp1N/1p6/2np4/1N6/P1Q1PPBP/R1B2K2","stockfishScores":{"wn":0.5123809523809524}},{"fenStr":"r4k1r/p6p/1bp1qp2/1p3N2/2np4/1N6/P1Q1PPBP/R1B2K2","stockfishScores":{"bn":0.5172023809523809}},{"fenStr":"3r1k1r/p6p/1bp1qp2/1p3N2/2np4/1N6/P1Q1PPBP/R1B2K2","stockfishScores":{"wn":0.5158333333333334}},{"fenStr":"3r1k1r/p6p/1bp1qp1B/1p3N2/2np4/1N6/P1Q1PPBP/R4K2","stockfishScores":{"bn":0.5188690476190476}},{"fenStr":"3r3r/p4k1p/1bp1qp1B/1p3N2/2np4/1N6/P1Q1PPBP/R4K2","stockfishScores":{"wn":0.5132142857142857}},{"fenStr":"3r3r/p4k1p/1bp1qp1B/1p3N2/2np4/1N1Q4/P3PPBP/R4K2","stockfishScores":{"bn":0.5120833333333333}},{"fenStr":"3r3r/p4k1p/1bp1qp1B/1p2nN2/3p4/1N1Q4/P3PPBP/R4K2","stockfishScores":{"wn":0.5160714285714286}},{"fenStr":"3r3r/p4k1p/1bp1qp1B/1p2nN2/3p4/1N5Q/P3PPBP/R4K2","stockfishScores":{"bn":0.5323809523809524}},{"fenStr":"3r3r/p4k1p/1bp1qp1B/1p2nN2/8/1N1p3Q/P3PPBP/R4K2","stockfishScores":{"wn":0.5239285714285714}},{"fenStr":"3r3r/p4k1p/1bp1qp1B/1p2nN1Q/8/1N1p4/P3PPBP/R4K2","stockfishScores":{"bn":0.5139285714285714}},{"fenStr":"3r3r/p4k1p/1bp1qpnB/1p3N1Q/8/1N1p4/P3PPBP/R4K2","stockfishScores":{"wn":0.5220238095238096}},{"fenStr":"3r3r/p4k1p/1bp1qpnB/1p3N1Q/8/1N1P4/P4PBP/R4K2","stockfishScores":{"bn":0.5310714285714285}},{"fenStr":"3rr3/p4k1p/1bp1qpnB/1p3N1Q/8/1N1P4/P4PBP/R4K2","stockfishScores":{"wn":0.5235714285714286}},{"fenStr":"3rr3/p4k1p/1bp1qpnB/1p3N1Q/4B3/1N1P4/P4P1P/R4K2","stockfishScores":{"bn":0.5314285714285715}},{"fenStr":"3rr3/p4k1p/1bp2pnB/1p2qN1Q/4B3/1N1P4/P4P1P/R4K2","stockfishScores":{"wn":0.5302976190476191}},{"fenStr":"3rr3/p4k1p/1bp2pnB/1p2qN1Q/4B3/1N1P4/P4P1P/2R2K2","stockfishScores":{"bn":0.53375}},{"fenStr":"3rr3/p4k1p/1b3pnB/1pp1qN1Q/4B3/1N1P4/P4P1P/2R2K2","stockfishScores":{"wn":0.5357738095238095}},{"fenStr":"3rr3/p4k1p/1b3pn1/1pp1qN1Q/4BB2/1N1P4/P4P1P/2R2K2","stockfishScores":{"bn":0.5625}},{"fenStr":"3rr3/p4k1p/1b3pn1/1pp2N1Q/4Bq2/1N1P4/P4P1P/2R2K2","stockfishScores":{"wn":0.5230952380952381}},{"fenStr":"3rr3/p4k1Q/1b3pn1/1pp2N2/4Bq2/1N1P4/P4P1P/2R2K2","stockfishScores":{"bn":0.5238095238095238}},{"fenStr":"3rr3/p6Q/1b2kpn1/1pp2N2/4Bq2/1N1P4/P4P1P/2R2K2","stockfishScores":{"wn":0.5102380952380953}},{"fenStr":"3rr3/p5NQ/1b2kpn1/1pp5/4Bq2/1N1P4/P4P1P/2R2K2","stockfishScores":{"bn":0.5007738095238096}},{"fenStr":"3rr3/p5NQ/1b3pn1/1pp1k3/4Bq2/1N1P4/P4P1P/2R2K2","stockfishScores":{"wn":0.5114285714285715}},{"fenStr":"3rr3/p5NQ/1b3pn1/1pp1k3/4Bq2/1N1P4/P4P1P/4RK2","stockfishScores":{"bn":0.5251785714285714}},{"fenStr":"3r3r/p5NQ/1b3pn1/1pp1k3/4Bq2/1N1P4/P4P1P/4RK2","stockfishScores":{"wn":0.5}},{"fenStr":"3r3r/p5N1/1b3pQ1/1pp1k3/4Bq2/1N1P4/P4P1P/4RK2","stockfishScores":{"bn":0.5404761904761904}},{"fenStr":"3r4/p5N1/1b3pQ1/1pp1k3/4Bq2/1N1P4/P4P1r/4RK2","stockfishScores":{"wn":0.5094642857142857}},{"fenStr":"3r4/p5N1/1b3pQ1/1pp1k3/5q2/1N1P4/P4PBr/4RK2","stockfishScores":{"bn":0.5573809523809524}},{"fenStr":"3r4/p5N1/1b1k1pQ1/1pp5/5q2/1N1P4/P4PBr/4RK2","stockfishScores":{"wn":0.5924404761904762}},{"fenStr":"3rN3/p7/1b1k1pQ1/1pp5/5q2/1N1P4/P4PBr/4RK2","stockfishScores":{"bn":0.5407738095238095}},{"fenStr":"3rN3/p2k4/1b3pQ1/1pp5/5q2/1N1P4/P4PBr/4RK2","stockfishScores":{"wn":0.5770833333333333}},{"fenStr":"3rN3/p2k1Q2/1b3p2/1pp5/5q2/1N1P4/P4PBr/4RK2","stockfishScores":{"bn":0.6154761904761905}},{"fenStr":"2krN3/p4Q2/1b3p2/1pp5/5q2/1N1P4/P4PBr/4RK2","stockfishScores":{"wn":0.5351190476190476}},{"fenStr":"2krN3/pQ6/1b3p2/1pp5/5q2/1N1P4/P4PBr/4RK2","stockfishScores":{"bn":0.5266666666666666}}],"result":{"ww":true}}