{"fens":[{"fenStr":"rnbqkbnr/pppppppp/8/8/4P3/8/PPPP1PPP/RNBQKBNR","stockfishScores":{"bn":0.5049404761904762}},{"fenStr":"rnbqkbnr/pp1ppppp/8/2p5/4P3/8/PPPP1PPP/RNBQKBNR","stockfishScores":{"wn":0.5038095238095238}},{"fenStr":"rnbqkbnr/pp1ppppp/8/2p5/4P3/5N2/PPPP1PPP/RNBQKB1R","stockfishScores":{"bn":0.5058928571428571}},{"fenStr":"rnbqkbnr/pp1p1ppp/4p3/2p5/4P3/5N2/PPPP1PPP/RNBQKB1R","stockfishScores":{"wn":0.5020238095238095}},{"fenStr":"rnbqkbnr/pp1p1ppp/4p3/2p5/3PP3/5N2/PPP2PPP/RNBQKB1R","stockfishScores":{"bn":0.5095833333333334}},{"fenStr":"rnbqkbnr/pp1p1ppp/4p3/8/3pP3/5N2/PPP2PPP/RNBQKB1R","stockfishScores":{"wn":0.4922619047619048}},{"fenStr":"rnbqkbnr/pp1p1ppp/4p3/8/3NP3/8/PPP2PPP/RNBQKB1R","stockfishScores":{"bn":0.5060119047619047}},{"fenStr":"rnb1kbnr/pp1p1ppp/1q2p3/8/3NP3/8/PPP2PPP/RNBQKB1R","stockfishScores":{"wn":0.5066666666666667}},{"fenStr":"rnb1kbnr/pp1p1ppp/1q2p3/8/4P3/1N6/PPP2PPP/RNBQKB1R","stockfishScores":{"bn":0.49523809523809526}},{"fenStr":"rnb1kbnr/ppqp1ppp/4p3/8/4P3/1N6/PPP2PPP/RNBQKB1R","stockfishScores":{"wn":0.5063690476190477}},{"fenStr":"rnb1kbnr/ppqp1ppp/4p3/8/4P3/1N1B4/PPP2PPP/RNBQK2R","stockfishScores":{"bn":0.505}},{"fenStr":"rnb1kb1r/ppqp1ppp/4pn2/8/4P3/1N1B4/PPP2PPP/RNBQK2R","stockfishScores":{"wn":0.5021428571428571}},{"fenStr":"rnb1kb1r/ppqp1ppp/4pn2/8/4P3/1N1B4/PPP2PPP/RNBQ1RK1","stockfishScores":{"bn":0.5119047619047619}},{"fenStr":"rnb1k2r/ppqpbppp/4pn2/8/4P3/1N1B4/PPP2PPP/RNBQ1RK1","stockfishScores":{"wn":0.5122023809523809}},{"fenStr":"rnb1k2r/ppqpbppp/4pn2/8/4P3/1N1BB3/PPP2PPP/RN1Q1RK1","stockfishScores":{"bn":0.5135119047619048}},{"fenStr":"rnb1k2r/ppq1bppp/3ppn2/8/4P3/1N1BB3/PPP2PPP/RN1Q1RK1","stockfishScores":{"wn":0.5139285714285714}},{"fenStr":"rnb1k2r/ppq1bppp/3ppn2/8/2P1P3/1N1BB3/PP3PPP/RN1Q1RK1","stockfishScores":{"bn":0.5135714285714286}},{"fenStr":"rnb1k2r/p1q1bppp/1p1ppn2/8/2P1P3/1N1BB3/PP3PPP/RN1Q1RK1","stockfishScores":{"wn":0.513452380952381}},{"fenStr":"rnb1k2r/p1q1bppp/1p1ppn2/8/2P1P3/1NNBB3/PP3PPP/R2Q1RK1","stockfishScores":{"bn":0.5179166666666667}},{"fenStr":"rnb1k2r/2q1bppp/pp1ppn2/8/2P1P3/1NNBB3/PP3PPP/R2Q1RK1","stockfishScores":{"wn":0.5191666666666667}},{"fenStr":"rnb1k2r/2q1bppp/pp1ppn2/8/2P1PP2/1NNBB3/PP4PP/R2Q1RK1","stockfishScores":{"bn":0.5191071428571429}},{"fenStr":"r1b1k2r/2qnbppp/pp1ppn2/8/2P1PP2/1NNBB3/PP4PP/R2Q1RK1","stockfishScores":{"wn":0.5161904761904762}},{"fenStr":"r1b1k2r/2qnbppp/pp1ppn2/8/2P1PP2/1NNBB3/PP2Q1PP/R4RK1","stockfishScores":{"bn":0.5154761904761904}},{"fenStr":"r3k2r/1bqnbppp/pp1ppn2/8/2P1PP2/1NNBB3/PP2Q1PP/R4RK1","stockfishScores":{"wn":0.5132738095238095}},{"fenStr":"r3k2r/1bqnbppp/pp1ppn2/8/2P1PP2/1NNBB2P/PP2Q1P1/R4RK1","stockfishScores":{"bn":0.513095238095238}},{"fenStr":"r3k2r/1bqnbpp1/pp1ppn2/7p/2P1PP2/1NNBB2P/PP2Q1P1/R4RK1","stockfishScores":{"wn":0.5097619047619047}},{"fenStr":"r3k2r/1bqnbpp1/pp1ppn2/7p/P1P1PP2/1NNBB2P/1P2Q1P1/R4RK1","stockfishScores":{"bn":0.5092261904761904}},{"fenStr":"r3k2r/1bqnbpp1/1p1ppn2/p6p/P1P1PP2/1NNBB2P/1P2Q1P1/R4RK1","stockfishScores":{"wn":0.5111309523809524}},{"fenStr":"r3k2r/1bqnbpp1/1p1ppn2/pN5p/P1P1PP2/1N1BB2P/1P2Q1P1/R4RK1","stockfishScores":{"bn":0.5208333333333334}},{"fenStr":"rq2k2r/1b1nbpp1/1p1ppn2/pN5p/P1P1PP2/1N1BB2P/1P2Q1P1/R4RK1","stockfishScores":{"wn":0.5143452380952381}},{"fenStr":"rq2k2r/1b1nbpp1/1p1ppn2/pN3P1p/P1P1P3/1N1BB2P/1P2Q1P1/R4RK1","stockfishScores":{"bn":0.5136309523809524}},{"fenStr":"rq2k2r/1b1nbpp1/1p1p1n2/pN2pP1p/P1P1P3/1N1BB2P/1P2Q1P1/R4RK1","stockfishScores":{"wn":0.5156547619047619}},{"fenStr":"rq2k2r/1b1nbpp1/1p1p1n2/pN2pP1p/P1P1P3/3BB2P/1P1NQ1P1/R4RK1","stockfishScores":{"bn":0.5154761904761904}},{"fenStr":"rq2k2r/1b1nbpp1/1p1p1n2/pN2pP2/P1P1P2p/3BB2P/1P1NQ1P1/R4RK1","stockfishScores":{"wn":0.5180357142857143}},{"fenStr":"rq2k2r/1b1nbpp1/1p1p1n2/pN2pPB1/P1P1P2p/3B3P/1P1NQ1P1/R4RK1","stockfishScores":{"bn":0.5195833333333333}},{"fenStr":"rq2k2r/1b1nbpp1/1p1p4/pN2pPBn/P1P1P2p/3B3P/1P1NQ1P1/R4RK1","stockfishScores":{"wn":0.5226785714285714}},{"fenStr":"rq2k2r/1b1nBpp1/1p1p4/pN2pP1n/P1P1P2p/3B3P/1P1NQ1P1/R4RK1","stockfishScores":{"bn":0.5653571428571429}},{"fenStr":"rq5r/1b1nkpp1/1p1p4/pN2pP1n/P1P1P2p/3B3P/1P1NQ1P1/R4RK1","stockfishScores":{"wn":0.5126190476190476}},{"fenStr":"rq5r/1b1nkpp1/1p1p4/pN2pP1n/P1P1P1Qp/3B3P/1P1N2P1/R4RK1","stockfishScores":{"bn":0.5194642857142857}},{"fenStr":"rq5r/1b1nkpp1/1p1p4/pN2pP2/P1P1PnQp/3B3P/1P1N2P1/R4RK1","stockfishScores":{"wn":0.5128571428571429}},{"fenStr":"rq5r/1b1nkpp1/1p1p4/pN2pP2/P1P1PRQp/3B3P/1P1N2P1/R5K1","stockfishScores":{"bn":0.5391071428571429}},{"fenStr":"rq5r/1b1nkpp1/1p1p4/pN3P2/P1P1PpQp/3B3P/1P1N2P1/R5K1","stockfishScores":{"wn":0.5059523809523809}},{"fenStr":"rq5r/1b1nkpp1/1p1p4/pN3P2/P1P1PQ1p/3B3P/1P1N2P1/R5K1","stockfishScores":{"bn":0.5132738095238095}},{"fenStr":"rq5r/1b2kpp1/1p1p4/pN2nP2/P1P1PQ1p/3B3P/1P1N2P1/R5K1","stockfishScores":{"wn":0.5036904761904762}},{"fenStr":"rq5r/1b2kpp1/1p1p1P2/pN2n3/P1P1PQ1p/3B3P/1P1N2P1/R5K1","stockfishScores":{"bn":0.50125}},{"fenStr":"rq3k1r/1b3pp1/1p1p1P2/pN2n3/P1P1PQ1p/3B3P/1P1N2P1/R5K1","stockfishScores":{"wn":0.4975595238095238}},{"fenStr":"rq3k1r/1b3pP1/1p1p4/pN2n3/P1P1PQ1p/3B3P/1P1N2P1/R5K1","stockfishScores":{"bn":0.5091666666666667}},{"fenStr":"rq5r/1b3pk1/1p1p4/pN2n3/P1P1PQ1p/3B3P/1P1N2P1/R5K1","stockfishScores":{"wn":0.49839285714285714}},{"fenStr":"rq5r/1b3pk1/1p1p4/pN2n3/P1P1PQ1p/3B3P/1P1N2P1/5RK1","stockfishScores":{"bn":0.5061309523809524}},{"fenStr":"rq6/1b3pk1/1p1p3r/pN2n3/P1P1PQ1p/3B3P/1P1N2P1/5RK1","stockfishScores":{"wn":0.506547619047619}},{"fenStr":"rq6/1b3pk1/1p1p3r/p3n3/P1PNPQ1p/3B3P/1P1N2P1/5RK1","stockfishScores":{"bn":0.5240476190476191}},{"fenStr":"rqb5/5pk1/1p1p3r/p3n3/P1PNPQ1p/3B3P/1P1N2P1/5RK1","stockfishScores":{"wn":0.5164880952380952}},{"fenStr":"rqb5/5pk1/1p1p3r/p3n3/P1PNPQ1p/7P/1P1NB1P1/5RK1","stockfishScores":{"bn":0.5201785714285714}},{"fenStr":"r1b5/2q2pk1/1p1p3r/p3n3/P1PNPQ1p/7P/1P1NB1P1/5RK1","stockfishScores":{"wn":0.5193452380952381}},{"fenStr":"r1b5/2q2pk1/1p1p3r/p3n3/P1PNPQBp/7P/1P1N2P1/5RK1","stockfishScores":{"bn":0.5173809523809524}},{"fenStr":"r1b5/2q2pk1/1p1p3r/p7/P1PNPQnp/7P/1P1N2P1/5RK1","stockfishScores":{"wn":0.49416666666666664}},{"fenStr":"r1b5/2q2pk1/1p1p3r/p7/P1PNPQPp/8/1P1N2P1/5RK1","stockfishScores":{"bn":0.5167857142857143}},{"fenStr":"r1b5/4qpk1/1p1p3r/p7/P1PNPQPp/8/1P1N2P1/5RK1","stockfishScores":{"wn":0.5064285714285715}},{"fenStr":"r1b5/4qpk1/1p1p3r/p5P1/P1PNPQ1p/8/1P1N2P1/5RK1","stockfishScores":{"bn":0.5107142857142857}},{"fenStr":"r1b5/4qpkr/1p1p4/p5P1/P1PNPQ1p/8/1P1N2P1/5RK1","stockfishScores":{"wn":0.5085119047619048}},{"fenStr":"r1b5/4qpkr/1pNp4/p5P1/P1P1PQ1p/8/1P1N2P1/5RK1","stockfishScores":{"bn":0.5081547619047619}},{"fenStr":"r1b1q3/5pkr/1pNp4/p5P1/P1P1PQ1p/8/1P1N2P1/5RK1","stockfishScores":{"wn":0.5163690476190477}},{"fenStr":"r1b1q3/5pkr/1pNp1Q2/p5P1/P1P1P2p/8/1P1N2P1/5RK1","stockfishScores":{"bn":0.5063095238095238}},{"fenStr":"r1b1qk2/5p1r/1pNp1Q2/p5P1/P1P1P2p/8/1P1N2P1/5RK1","stockfishScores":{"wn":0.5236309523809524}},{"fenStr":"r1b1qk2/5p1r/1pNQ4/p5P1/P1P1P2p/8/1P1N2P1/5RK1","stockfishScores":{"bn":0.5123809523809524}},{"fenStr":"r1b1q1k1/5p1r/1pNQ4/p5P1/P1P1P2p/8/1P1N2P1/5RK1","stockfishScores":{"wn":0.5163690476190477}},{"fenStr":"r1b1q1k1/4Np1r/1p1Q4/p5P1/P1P1P2p/8/1P1N2P1/5RK1","stockfishScores":{"bn":0.5110714285714286}},{"fenStr":"r1b1q3/4Npkr/1p1Q4/p5P1/P1P1P2p/8/1P1N2P1/5RK1","stockfishScores":{"wn":0.5383928571428571}},{"fenStr":"r1b1q3/4Npkr/1p1Q2P1/p7/P1P1P2p/8/1P1N2P1/5RK1","stockfishScores":{"bn":0.5476785714285715}},{"fenStr":"r1b1q3/4N1kr/1p1Q2p1/p7/P1P1P2p/8/1P1N2P1/5RK1","stockfishScores":{"wn":0.5229761904761905}},{"fenStr":"r1b1q3/4N1kr/1p3Qp1/p7/P1P1P2p/8/1P1N2P1/5RK1","stockfishScores":{"bn":0.5117857142857143}},{"fenStr":"r1b1q3/4N2r/1p3Qpk/p7/P1P1P2p/8/1P1N2P1/5RK1","stockfishScores":{"wn":0.5288690476190476}},{"fenStr":"r1b1q3/4N2r/1p3Qpk/p7/P1P1PR1p/8/1P1N2P1/6K1","stockfishScores":{"bn":0.54875}},{"fenStr":"r1b5/4q2r/1p3Qpk/p7/P1P1PR1p/8/1P1N2P1/6K1","stockfishScores":{"wn":0.5033928571428572}},{"fenStr":"r1b5/4q2r/1p3Qpk/p7/P1P1P2R/8/1P1N2P1/6K1","stockfishScores":{"bn":0.48738095238095236}}],"result":{"ww":true}}