{"fens":[{"fenStr":"rnbqkbnr/pppppppp/8/8/3P4/8/PPP1PPPP/RNBQKBNR","stockfishScores":{"bn":0.5048809523809524}},{"fenStr":"rnbqkbnr/ppp1pppp/8/3p4/3P4/8/PPP1PPPP/RNBQKBNR","stockfishScores":{"wn":0.5005952380952381}},{"fenStr":"rnbqkbnr/ppp1pppp/8/3p4/3P4/4P3/PPP2PPP/RNBQKBNR","stockfishScores":{"bn":0.5031547619047619}},{"fenStr":"rnbqkbnr/pp2pppp/8/2pp4/3P4/4P3/PPP2PPP/RNBQKBNR","stockfishScores":{"wn":0.5029761904761905}},{"fenStr":"rnbqkbnr/pp2pppp/8/2pp4/3P4/2P1P3/PP3PPP/RNBQKBNR","stockfishScores":{"bn":0.5035714285714286}},{"fenStr":"rnbqkb1r/pp2pppp/5n2/2pp4/3P4/2P1P3/PP3PPP/RNBQKBNR","stockfishScores":{"wn":0.4986309523809524}},{"fenStr":"rnbqkb1r/pp2pppp/5n2/2pp4/3P4/2PBP3/PP3PPP/RNBQK1NR","stockfishScores":{"bn":0.49726190476190474}},{"fenStr":"r1bqkb1r/pp2pppp/2n2n2/2pp4/3P4/2PBP3/PP3PPP/RNBQK1NR","stockfishScores":{"wn":0.4950595238095238}},{"fenStr":"r1bqkb1r/pp2pppp/2n2n2/2pp4/3P1P2/2PBP3/PP4PP/RNBQK1NR","stockfishScores":{"bn":0.49160714285714285}},{"fenStr":"r1bqkb1r/pp2pp1p/2n2np1/2pp4/3P1P2/2PBP3/PP4PP/RNBQK1NR","stockfishScores":{"wn":0.48946428571428574}},{"fenStr":"r1bqkb1r/pp2pp1p/2n2np1/2pp4/3P1P2/2PBPN2/PP4PP/RNBQK2R","stockfishScores":{"bn":0.49529761904761904}},{"fenStr":"r1bqk2r/pp2ppbp/2n2np1/2pp4/3P1P2/2PBPN2/PP4PP/RNBQK2R","stockfishScores":{"wn":0.49416666666666664}},{"fenStr":"r1bqk2r/pp2ppbp/2n2np1/2pp4/3P1P2/2PBPN2/PP1N2PP/R1BQK2R","stockfishScores":{"bn":0.4969642857142857}},{"fenStr":"r1b1k2r/ppq1ppbp/2n2np1/2pp4/3P1P2/2PBPN2/PP1N2PP/R1BQK2R","stockfishScores":{"wn":0.4970833333333333}},{"fenStr":"r1b1k2r/ppq1ppbp/2n2np1/2ppN3/3P1P2/2PBP3/PP1N2PP/R1BQK2R","stockfishScores":{"bn":0.4950595238095238}},{"fenStr":"r3k2r/ppq1ppbp/2n2np1/2ppNb2/3P1P2/2PBP3/PP1N2PP/R1BQK2R","stockfishScores":{"wn":0.49470238095238095}},{"fenStr":"r3k2r/ppq1ppbp/2n2np1/2ppNB2/3P1P2/2P1P3/PP1N2PP/R1BQK2R","stockfishScores":{"bn":0.5216071428571428}},{"fenStr":"r3k2r/ppq1ppbp/2n2n2/2ppNp2/3P1P2/2P1P3/PP1N2PP/R1BQK2R","stockfishScores":{"wn":0.4967261904761905}},{"fenStr":"r3k2r/ppq1ppbp/2n2n2/2ppNp2/3P1P2/2P1P3/PP1N2PP/R1BQ1RK1","stockfishScores":{"bn":0.5063690476190477}},{"fenStr":"r3k2r/ppq2pbp/2n1pn2/2ppNp2/3P1P2/2P1P3/PP1N2PP/R1BQ1RK1","stockfishScores":{"wn":0.5047619047619047}},{"fenStr":"r3k2r/ppq2pbp/2n1pn2/2ppNp2/3P1P2/2P1PR2/PP1N2PP/R1BQ2K1","stockfishScores":{"bn":0.5033928571428572}},{"fenStr":"2kr3r/ppq2pbp/2n1pn2/2ppNp2/3P1P2/2P1PR2/PP1N2PP/R1BQ2K1","stockfishScores":{"wn":0.4974404761904762}},{"fenStr":"2kr3r/ppq2pbp/2n1pn2/2ppNp2/1P1P1P2/2P1PR2/P2N2PP/R1BQ2K1","stockfishScores":{"bn":0.4986904761904762}},{"fenStr":"2kr3r/ppq2pbp/2n1pn2/3pNp2/1PpP1P2/2P1PR2/P2N2PP/R1BQ2K1","stockfishScores":{"wn":0.49601190476190476}},{"fenStr":"2kr3r/ppq2pbp/2n1pn2/1P1pNp2/2pP1P2/2P1PR2/P2N2PP/R1BQ2K1","stockfishScores":{"bn":0.4986904761904762}},{"fenStr":"2kr3r/ppq2pbp/4pn2/1P1pnp2/2pP1P2/2P1PR2/P2N2PP/R1BQ2K1","stockfishScores":{"wn":0.467202380952381}},{"fenStr":"2kr3r/ppq2pbp/4pn2/1P1pPp2/2pP4/2P1PR2/P2N2PP/R1BQ2K1","stockfishScores":{"bn":0.5019047619047619}},{"fenStr":"2kr3r/ppq2pbp/4p3/1P1pPp2/2pPn3/2P1PR2/P2N2PP/R1BQ2K1","stockfishScores":{"wn":0.4948214285714286}},{"fenStr":"2kr3r/ppq2pbp/4p3/1P1pPp2/Q1pPn3/2P1PR2/P2N2PP/R1B3K1","stockfishScores":{"bn":0.4961309523809524}},{"fenStr":"2kr3r/ppq2pbp/4p3/1P1pPp2/Q1pP4/2n1PR2/P2N2PP/R1B3K1","stockfishScores":{"wn":0.48738095238095236}},{"fenStr":"2kr3r/Qpq2pbp/4p3/1P1pPp2/2pP4/2n1PR2/P2N2PP/R1B3K1","stockfishScores":{"bn":0.5013095238095238}},{"fenStr":"3r3r/Qpqk1pbp/4p3/1P1pPp2/2pP4/2n1PR2/P2N2PP/R1B3K1","stockfishScores":{"wn":0.4944047619047619}},{"fenStr":"3r3r/Qpqk1pbp/1P2p3/3pPp2/2pP4/2n1PR2/P2N2PP/R1B3K1","stockfishScores":{"bn":0.49738095238095237}},{"fenStr":"3r3r/Qp1k1pbp/1Pq1p3/3pPp2/2pP4/2n1PR2/P2N2PP/R1B3K1","stockfishScores":{"wn":0.49404761904761907}},{"fenStr":"3r3r/1p1k1pbp/1Pq1p3/Q2pPp2/2pP4/2n1PR2/P2N2PP/R1B3K1","stockfishScores":{"bn":0.4957142857142857}},{"fenStr":"3r3r/1p1k1pbp/1Pq1p3/Q2pPp2/2pP4/4PR2/P2Nn1PP/R1B3K1","stockfishScores":{"wn":0.4920833333333333}},{"fenStr":"3r3r/1p1k1pbp/1Pq1p3/Q2pPp2/2pP4/4PR2/P2Nn1PP/R1B4K","stockfishScores":{"bn":0.4903571428571429}},{"fenStr":"r6r/1p1k1pbp/1Pq1p3/Q2pPp2/2pP4/4PR2/P2Nn1PP/R1B4K","stockfishScores":{"wn":0.48541666666666666}},{"fenStr":"r6r/1p1k1pbp/1Pq1p3/3pPp2/1QpP4/4PR2/P2Nn1PP/R1B4K","stockfishScores":{"bn":0.49089285714285713}},{"fenStr":"7r/1p1k1pbp/rPq1p3/3pPp2/1QpP4/4PR2/P2Nn1PP/R1B4K","stockfishScores":{"wn":0.49178571428571427}},{"fenStr":"7r/1p1k1pbp/rPq1p3/3pPp2/1QpP4/4P3/P2NnRPP/R1B4K","stockfishScores":{"bn":0.49541666666666667}},{"fenStr":"7r/1p1k1pbp/1rq1p3/3pPp2/1QpP4/4P3/P2NnRPP/R1B4K","stockfishScores":{"wn":0.4882738095238095}},{"fenStr":"7r/1p1k1pbp/1rq1p3/Q2pPp2/2pP4/4P3/P2NnRPP/R1B4K","stockfishScores":{"bn":0.48839285714285713}},{"fenStr":"7r/1p1k1pbp/r1q1p3/Q2pPp2/2pP4/4P3/P2NnRPP/R1B4K","stockfishScores":{"wn":0.4838095238095238}},{"fenStr":"7r/1p1k1pbp/r1q1p3/3pPp2/1QpP4/4P3/P2NnRPP/R1B4K","stockfishScores":{"bn":0.48797619047619045}},{"fenStr":"5b1r/1p1k1p1p/r1q1p3/3pPp2/1QpP4/4P3/P2NnRPP/R1B4K","stockfishScores":{"wn":0.4819047619047619}},{"fenStr":"5b1r/1p1k1p1p/r1q1p3/3pPp2/2pP4/4P3/P2NnRPP/RQB4K","stockfishScores":{"bn":0.4849404761904762}},{"fenStr":"5b1r/1p1k1p1p/r1q1p3/3pPp2/2pP4/4P3/P2N1RPP/RQn4K","stockfishScores":{"wn":0.46476190476190476}},{"fenStr":"5b1r/1p1k1p1p/r1q1p3/3pPp2/2pP4/4P3/P2N1RPP/R1Q4K","stockfishScores":{"bn":0.48797619047619045}},{"fenStr":"7r/1p1k1p1p/r1q1p2b/3pPp2/2pP4/4P3/P2N1RPP/R1Q4K","stockfishScores":{"wn":0.4882738095238095}},{"fenStr":"7r/1p1k1p1p/r1q1p2b/3pPp2/2pP4/4P3/P4RPP/R1Q2N1K","stockfishScores":{"bn":0.4866666666666667}},{"fenStr":"6r1/1p1k1p1p/r1q1p2b/3pPp2/2pP4/4P3/P4RPP/R1Q2N1K","stockfishScores":{"wn":0.48583333333333334}},{"fenStr":"6r1/1p1k1p1p/r1q1p2b/3pPp2/2pP4/4P3/P4RPP/1RQ2N1K","stockfishScores":{"bn":0.4861904761904762}},{"fenStr":"8/1p1k1p1p/r1q1p2b/3pPp2/2pP2r1/4P3/P4RPP/1RQ2N1K","stockfishScores":{"wn":0.48875}},{"fenStr":"8/1p1k1p1p/r1q1p2b/3pPp2/2pP2r1/4P3/PR4PP/1RQ2N1K","stockfishScores":{"bn":0.49339285714285713}},{"fenStr":"8/3k1p1p/rpq1p2b/3pPp2/2pP2r1/4P3/PR4PP/1RQ2N1K","stockfishScores":{"wn":0.4905952380952381}},{"fenStr":"8/3k1p1p/rpq1p2b/3pPp2/2pP2r1/4P3/PRQ3PP/1R3N1K","stockfishScores":{"bn":0.4899404761904762}},{"fenStr":"8/3k1p1p/rpq1p2b/3pPp2/2pPr3/4P3/PRQ3PP/1R3N1K","stockfishScores":{"wn":0.49041666666666667}},{"fenStr":"8/3k1p1p/rpq1p2b/3pPp2/2pPr3/4P3/PRQ3PP/4RN1K","stockfishScores":{"bn":0.48696428571428574}},{"fenStr":"5b2/3k1p1p/rpq1p3/3pPp2/2pPr3/4P3/PRQ3PP/4RN1K","stockfishScores":{"wn":0.4882738095238095}},{"fenStr":"5b2/3k1p1p/rpq1p3/3pPp2/2pPr3/4P1N1/PRQ3PP/4R2K","stockfishScores":{"bn":0.4928571428571429}},{"fenStr":"5b2/3k1p1p/rpq1p3/3pPp2/2pP2r1/4P1N1/PRQ3PP/4R2K","stockfishScores":{"wn":0.49154761904761907}},{"fenStr":"5b2/3k1p1p/rpq1p3/3pPp2/2pP2r1/4P1N1/PRQ3PP/1R5K","stockfishScores":{"bn":0.4930952380952381}},{"fenStr":"8/3k1p1p/rpq1p3/3pPp2/2pP2r1/b3P1N1/PRQ3PP/1R5K","stockfishScores":{"wn":0.4930952380952381}},{"fenStr":"8/3k1p1p/rpq1p3/1R1pPp2/2pP2r1/b3P1N1/P1Q3PP/1R5K","stockfishScores":{"bn":0.4950595238095238}},{"fenStr":"4k3/5p1p/rpq1p3/1R1pPp2/2pP2r1/b3P1N1/P1Q3PP/1R5K","stockfishScores":{"wn":0.49589285714285714}},{"fenStr":"4k3/5p1p/rpq1p3/1R1pPp2/2pP2r1/b3P1N1/P1Q3PP/1R4K1","stockfishScores":{"bn":0.4963690476190476}},{"fenStr":"4k3/4bp1p/rpq1p3/1R1pPp2/2pP2r1/4P1N1/P1Q3PP/1R4K1","stockfishScores":{"wn":0.4948214285714286}},{"fenStr":"4k3/4bp1p/rpq1p3/1R1pPp2/2pP2r1/4P1N1/PQ4PP/1R4K1","stockfishScores":{"bn":0.49214285714285716}},{"fenStr":"4k3/5p1p/rpq1p3/1R1pPpb1/2pP2r1/4P1N1/PQ4PP/1R4K1","stockfishScores":{"wn":0.49315476190476193}},{"fenStr":"4k3/5p1p/rpq1p3/1R1pPpb1/2pP2r1/4P3/PQ4PP/1R3NK1","stockfishScores":{"bn":0.4913690476190476}},{"fenStr":"4k3/5p1p/rpq1p3/1R1pPpb1/2pPr3/4P3/PQ4PP/1R3NK1","stockfishScores":{"wn":0.49315476190476193}},{"fenStr":"4k3/5p1p/rpq1p3/1R1pPpb1/2pPr3/4P3/PQ3KPP/1R3N2","stockfishScores":{"bn":0.48541666666666666}},{"fenStr":"4k3/5p1p/rpq1p3/1R1pP1b1/2pPrp2/4P3/PQ3KPP/1R3N2","stockfishScores":{"wn":0.490952380952381}},{"fenStr":"4k3/5p1p/rpq1p3/1R1pP1b1/2pPrP2/8/PQ3KPP/1R3N2","stockfishScores":{"bn":0.48119047619047617}},{"fenStr":"4k3/5p1p/rpq1p3/1R1pP1b1/2pP1r2/8/PQ3KPP/1R3N2","stockfishScores":{"wn":0.48773809523809525}},{"fenStr":"4k3/5p1p/rpq1p3/1R1pP1b1/2pP1r2/8/PQ4PP/1R3NK1","stockfishScores":{"bn":0.4917261904761905}},{"fenStr":"4k3/5p1p/rpq1p3/1R1pP1b1/3P1r2/2p5/PQ4PP/1R3NK1","stockfishScores":{"wn":0.48505952380952383}},{"fenStr":"4k3/5p1p/rpq1p3/1R1pP1b1/3P1r2/2p5/P1Q3PP/1R3NK1","stockfishScores":{"bn":0.4913690476190476}},{"fenStr":"4k3/5p1p/rp2p3/1R1pP1b1/2qP1r2/2p5/P1Q3PP/1R3NK1","stockfishScores":{"wn":0.47964285714285715}},{"fenStr":"4k3/5p1p/rp2p3/1R1pP1b1/2qP1r2/2p3N1/P1Q3PP/1R4K1","stockfishScores":{"bn":0.48273809523809524}},{"fenStr":"4k3/5p1p/rp2p3/1R1pP1b1/3q1r2/2p3N1/P1Q3PP/1R4K1","stockfishScores":{"wn":0.47672619047619047}},{"fenStr":"4k3/5p1p/rp2p3/1R1pP1b1/3q1r2/2p3N1/P1Q3PP/1R5K","stockfishScores":{"bn":0.48119047619047617}},{"fenStr":"4k3/5p1p/rp2p3/1R1pP1b1/3q3r/2p3N1/P1Q3PP/1R5K","stockfishScores":{"wn":0.4792857142857143}},{"fenStr":"4k3/5p1p/rp2p3/1R1pP1b1/3q3r/2p5/P1Q1N1PP/1R5K","stockfishScores":{"bn":0.4830952380952381}},{"fenStr":"4k3/5p1p/rp2p3/1R1pP1b1/3q4/2p5/P1Q1N1Pr/1R5K","stockfishScores":{"wn":0.48136904761904764}},{"fenStr":"4k3/5p1p/rp2p3/1R1pP1b1/3q4/2p5/P1Q1N1PK/1R6","stockfishScores":{"bn":0.5132142857142857}},{"fenStr":"4k3/5p1p/rp2p3/1R1pP1b1/7q/2p5/P1Q1N1PK/1R6","stockfishScores":{"wn":0.5151785714285714}},{"fenStr":"4k3/5p1p/rp2p3/1R1pP1b1/7q/2p5/P1Q1N1P1/1R4K1","stockfishScores":{"bn":0.50875}},{"fenStr":"4k3/5p1p/rp2p3/1R1pP3/7q/2p1b3/P1Q1N1P1/1R4K1","stockfishScores":{"wn":0.4944642857142857}},{"fenStr":"4k3/5p1p/rp2p3/1R1pP3/7q/2p1b3/P1Q1N1P1/1R3K2","stockfishScores":{"bn":0.5072619047619048}},{"fenStr":"4k3/5p1p/rp2p3/1R1pP3/8/2p1b3/P1Q1NqP1/1R3K2","stockfishScores":{"wn":0.5133928571428571}}],"result":{"bw":true}}