{"fens":[{"fenStr":"rnbqkbnr/pppppppp/8/8/4P3/8/PPPP1PPP/RNBQKBNR","stockfishScores":{"bn":0.5049404761904762}},{"fenStr":"rnbqkbnr/pp1ppppp/8/2p5/4P3/8/PPPP1PPP/RNBQKBNR","stockfishScores":{"wn":0.5038095238095238}},{"fenStr":"rnbqkbnr/pp1ppppp/8/2p5/4P3/5N2/PPPP1PPP/RNBQKB1R","stockfishScores":{"bn":0.5058928571428571}},{"fenStr":"rnbqkbnr/pp2pppp/3p4/2p5/4P3/5N2/PPPP1PPP/RNBQKB1R","stockfishScores":{"wn":0.5020833333333333}},{"fenStr":"rnbqkbnr/pp2pppp/3p4/2p5/3PP3/5N2/PPP2PPP/RNBQKB1R","stockfishScores":{"bn":0.5076785714285714}},{"fenStr":"rnbqkbnr/pp2pppp/3p4/8/3pP3/5N2/PPP2PPP/RNBQKB1R","stockfishScores":{"wn":0.4976190476190476}},{"fenStr":"rnbqkbnr/pp2pppp/3p4/8/3NP3/8/PPP2PPP/RNBQKB1R","stockfishScores":{"bn":0.51}},{"fenStr":"rnbqkb1r/pp2pppp/3p1n2/8/3NP3/8/PPP2PPP/RNBQKB1R","stockfishScores":{"wn":0.5031547619047619}},{"fenStr":"rnbqkb1r/pp2pppp/3p1n2/8/3NP3/2N5/PPP2PPP/R1BQKB1R","stockfishScores":{"bn":0.5076190476190476}},{"fenStr":"rnbqkb1r/1p2pppp/p2p1n2/8/3NP3/2N5/PPP2PPP/R1BQKB1R","stockfishScores":{"wn":0.5050595238095238}},{"fenStr":"rnbqkb1r/1p2pppp/p2p1n2/8/3NP3/2N1B3/PPP2PPP/R2QKB1R","stockfishScores":{"bn":0.5055357142857143}},{"fenStr":"rnbqkb1r/1p3ppp/p2ppn2/8/3NP3/2N1B3/PPP2PPP/R2QKB1R","stockfishScores":{"wn":0.5066666666666667}},{"fenStr":"rnbqkb1r/1p3ppp/p2ppn2/8/3NPP2/2N1B3/PPP3PP/R2QKB1R","stockfishScores":{"bn":0.5068452380952381}},{"fenStr":"r1bqkb1r/1p3ppp/p1nppn2/8/3NPP2/2N1B3/PPP3PP/R2QKB1R","stockfishScores":{"wn":0.5036309523809523}},{"fenStr":"r1bqkb1r/1p3ppp/p1nppn2/8/3NPP2/2N1BQ2/PPP3PP/R3KB1R","stockfishScores":{"bn":0.5026785714285714}},{"fenStr":"r1bqk2r/1p2bppp/p1nppn2/8/3NPP2/2N1BQ2/PPP3PP/R3KB1R","stockfishScores":{"wn":0.502797619047619}},{"fenStr":"r1bqk2r/1p2bppp/p1nppn2/8/3NPP2/2N1BQ2/PPP3PP/2KR1B1R","stockfishScores":{"bn":0.5135119047619048}},{"fenStr":"r1b1k2r/1pq1bppp/p1nppn2/8/3NPP2/2N1BQ2/PPP3PP/2KR1B1R","stockfishScores":{"wn":0.5135714285714286}},{"fenStr":"r1b1k2r/1pq1bppp/p1nppn2/8/3NPPP1/2N1BQ2/PPP4P/2KR1B1R","stockfishScores":{"bn":0.5147619047619048}},{"fenStr":"r1b1k2r/1pq1bppp/p2ppn2/8/3nPPP1/2N1BQ2/PPP4P/2KR1B1R","stockfishScores":{"wn":0.4882738095238095}},{"fenStr":"r1b1k2r/1pq1bppp/p2ppn2/8/3BPPP1/2N2Q2/PPP4P/2KR1B1R","stockfishScores":{"bn":0.5167261904761905}},{"fenStr":"r1b1k2r/1pq1bppp/p2p1n2/4p3/3BPPP1/2N2Q2/PPP4P/2KR1B1R","stockfishScores":{"wn":0.5105952380952381}},{"fenStr":"r1b1k2r/1pq1bppp/p2p1n2/4P3/3BP1P1/2N2Q2/PPP4P/2KR1B1R","stockfishScores":{"bn":0.5241071428571429}},{"fenStr":"r1b1k2r/1pq1bppp/p4n2/4p3/3BP1P1/2N2Q2/PPP4P/2KR1B1R","stockfishScores":{"wn":0.5082738095238095}},{"fenStr":"r1b1k2r/1pq1bppp/p4n2/4p3/3BP1P1/2N3Q1/PPP4P/2KR1B1R","stockfishScores":{"bn":0.50875}},{"fenStr":"r1b1k2r/1pq2ppp/p2b1n2/4p3/3BP1P1/2N3Q1/PPP4P/2KR1B1R","stockfishScores":{"wn":0.5070238095238095}},{"fenStr":"r1b1k2r/1pq2ppp/p2b1n2/4p3/4P1P1/2N1B1Q1/PPP4P/2KR1B1R","stockfishScores":{"bn":0.5136904761904761}},{"fenStr":"r3k2r/1pq2ppp/p2b1n2/4p3/4P1b1/2N1B1Q1/PPP4P/2KR1B1R","stockfishScores":{"wn":0.504702380952381}},{"fenStr":"r3k2r/1pq2ppp/p2b1n2/4p3/4P1b1/2NRB1Q1/PPP4P/2K2B1R","stockfishScores":{"bn":0.50625}},{"fenStr":"2kr3r/1pq2ppp/p2b1n2/4p3/4P1b1/2NRB1Q1/PPP4P/2K2B1R","stockfishScores":{"wn":0.4980952380952381}},{"fenStr":"2kr3r/1pq2ppp/p2b1n2/3Np3/4P1b1/3RB1Q1/PPP4P/2K2B1R","stockfishScores":{"bn":0.5282738095238095}},{"fenStr":"2kr3r/1p3ppp/p2b1n2/q2Np3/4P1b1/3RB1Q1/PPP4P/2K2B1R","stockfishScores":{"wn":0.5304761904761904}},{"fenStr":"2kr3r/1p3ppp/p2b1N2/q3p3/4P1b1/3RB1Q1/PPP4P/2K2B1R","stockfishScores":{"bn":0.5639880952380952}},{"fenStr":"2kr3r/1p3ppp/p2bbN2/q3p3/4P3/3RB1Q1/PPP4P/2K2B1R","stockfishScores":{"wn":0.5445833333333333}},{"fenStr":"2kr3r/1p3ppp/p2bb3/q2Np3/4P3/3RB1Q1/PPP4P/2K2B1R","stockfishScores":{"bn":0.5576785714285715}},{"fenStr":"2kr3r/1p3ppp/p2bb3/3Np3/4P3/3RB1Q1/qPP4P/2K2B1R","stockfishScores":{"wn":0.5434523809523809}},{"fenStr":"2kr3r/1p3ppp/p2bb3/3Np3/4P3/3RB1Q1/qPP3BP/2K4R","stockfishScores":{"bn":0.5435119047619048}},{"fenStr":"2kr3r/1p3ppp/p2bb3/3Np3/4P3/3RB1Q1/1PP3BP/q1K4R","stockfishScores":{"wn":0.5535119047619048}},{"fenStr":"2kr3r/1p3ppp/p2bb3/3Np3/4P3/3RB1Q1/1PPK2BP/q6R","stockfishScores":{"bn":0.55}},{"fenStr":"2kr3r/1p3ppp/p2bb3/3Np3/4P3/3RB1Q1/1qPK2BP/7R","stockfishScores":{"wn":0.5374404761904762}},{"fenStr":"2kr3r/1p3ppp/p2bb3/3Np3/4P3/3RB1Q1/1qPK2BP/2R5","stockfishScores":{"bn":0.5411309523809524}},{"fenStr":"1k1r3r/1p3ppp/p2bb3/3Np3/4P3/3RB1Q1/1qPK2BP/2R5","stockfishScores":{"wn":0.5089285714285714}},{"fenStr":"1k1r3r/1p3ppp/p2bb3/3Np3/4P3/1R2B1Q1/1qPK2BP/2R5","stockfishScores":{"bn":0.5261904761904762}},{"fenStr":"1k1r3r/1p3ppp/p2bb3/3Np3/4P3/1R2B1Q1/q1PK2BP/2R5","stockfishScores":{"wn":0.518095238095238}},{"fenStr":"1k1r3r/1p3ppp/p2bb3/3Np3/4P3/1R2B1Q1/q1PK2BP/1R6","stockfishScores":{"bn":0.557797619047619}},{"fenStr":"1k5r/1p1r1ppp/p2bb3/3Np3/4P3/1R2B1Q1/q1PK2BP/1R6","stockfishScores":{"wn":0.5272023809523809}},{"fenStr":"1k5r/1p1r1ppp/p2bb3/3Np3/4P3/1R2B1Q1/qRPK2BP/8","stockfishScores":{"bn":0.5385119047619048}},{"fenStr":"1k5r/1p1r1ppp/p2bb3/q2Np3/4P3/1R2B1Q1/1RPK2BP/8","stockfishScores":{"wn":0.5310119047619047}},{"fenStr":"1k5r/1p1r1ppp/p2bb3/q2Np3/4P3/1R2B1Q1/1RP1K1BP/8","stockfishScores":{"bn":0.5291666666666667}},{"fenStr":"1k5r/1p1r1ppp/p2b4/q2bp3/4P3/1R2B1Q1/1RP1K1BP/8","stockfishScores":{"wn":0.49178571428571427}},{"fenStr":"1k5r/1p1r1ppp/p2b4/q2Pp3/8/1R2B1Q1/1RP1K1BP/8","stockfishScores":{"bn":0.52625}},{"fenStr":"1k5r/1p1r2pp/p2b4/q2Ppp2/8/1R2B1Q1/1RP1K1BP/8","stockfishScores":{"wn":0.5183333333333333}},{"fenStr":"1k5r/1p1r2pp/p2b4/q2Ppp2/8/1R4Q1/1RPBK1BP/8","stockfishScores":{"bn":0.5140476190476191}},{"fenStr":"1k1q3r/1p1r2pp/p2b4/3Ppp2/8/1R4Q1/1RPBK1BP/8","stockfishScores":{"wn":0.5110119047619047}},{"fenStr":"1k1q3r/1p1r2pp/p2b4/3Ppp2/2P5/1R4Q1/1R1BK1BP/8","stockfishScores":{"bn":0.5138095238095238}},{"fenStr":"1kq4r/1p1r2pp/p2b4/3Ppp2/2P5/1R4Q1/1R1BK1BP/8","stockfishScores":{"wn":0.5123214285714286}},{"fenStr":"1kq4r/1p1r2pp/p2b4/3Ppp2/2P5/1R1Q4/1R1BK1BP/8","stockfishScores":{"bn":0.5160119047619047}},{"fenStr":"1kq4r/1p1r2pp/p2b4/3P1p2/2P1p3/1R1Q4/1R1BK1BP/8","stockfishScores":{"wn":0.5080357142857143}},{"fenStr":"1kq4r/1p1r2pp/p2b4/3P1p2/2PQp3/1R6/1R1BK1BP/8","stockfishScores":{"bn":0.5160714285714286}},{"fenStr":"1kq1r3/1p1r2pp/p2b4/3P1p2/2PQp3/1R6/1R1BK1BP/8","stockfishScores":{"wn":0.5126190476190476}},{"fenStr":"1kq1r3/1p1r2pp/p2b4/3P1p2/2PQp3/1R2B3/1R2K1BP/8","stockfishScores":{"bn":0.5528571428571428}},{"fenStr":"1kq1r3/1p1r2pp/p7/2bP1p2/2PQp3/1R2B3/1R2K1BP/8","stockfishScores":{"wn":0.5164285714285715}},{"fenStr":"1kq1r3/1p1r2pp/p7/2QP1p2/2P1p3/1R2B3/1R2K1BP/8","stockfishScores":{"bn":0.5913690476190476}},{"fenStr":"1k2r3/1p1r2pp/p7/2qP1p2/2P1p3/1R2B3/1R2K1BP/8","stockfishScores":{"wn":0.4639285714285714}},{"fenStr":"1k2r3/1p1r2pp/p7/2BP1p2/2P1p3/1R6/1R2K1BP/8","stockfishScores":{"bn":0.5418452380952381}},{"fenStr":"1kr5/1p1r2pp/p7/2BP1p2/2P1p3/1R6/1R2K1BP/8","stockfishScores":{"wn":0.5410119047619047}},{"fenStr":"1kr5/1p1r2pp/p7/3P1p2/2PBp3/1R6/1R2K1BP/8","stockfishScores":{"bn":0.5428571428571428}},{"fenStr":"1k6/1p1r2pp/p7/3P1p2/2rBp3/1R6/1R2K1BP/8","stockfishScores":{"wn":0.5276785714285714}},{"fenStr":"1k6/1p1r2pp/p7/3PBp2/2r1p3/1R6/1R2K1BP/8","stockfishScores":{"bn":0.5295238095238095}},{"fenStr":"8/kp1r2pp/p7/3PBp2/2r1p3/1R6/1R2K1BP/8","stockfishScores":{"wn":0.5318452380952381}},{"fenStr":"8/kp1r2pp/p2P4/4Bp2/2r1p3/1R6/1R2K1BP/8","stockfishScores":{"bn":0.5321428571428571}},{"fenStr":"8/k2r2pp/p2P4/1p2Bp2/2r1p3/1R6/1R2K1BP/8","stockfishScores":{"wn":0.5308333333333334}},{"fenStr":"8/k2r2pp/p2P4/1p2Bp2/2r1p3/1R2K3/1R4BP/8","stockfishScores":{"bn":0.5317261904761905}},{"fenStr":"8/3r2pp/pk1P4/1p2Bp2/2r1p3/1R2K3/1R4BP/8","stockfishScores":{"wn":0.5297619047619048}},{"fenStr":"8/3r2pp/pk1P4/1p2Bp2/2r1p3/1R2K3/1R5P/5B2","stockfishScores":{"bn":0.5306547619047619}},{"fenStr":"8/3r2pp/pk1P4/1p2Bp2/4p3/1R2K3/1R5P/2r2B2","stockfishScores":{"wn":0.5263690476190476}},{"fenStr":"8/3r2pp/pk1P4/1B2Bp2/4p3/1R2K3/1R5P/2r5","stockfishScores":{"bn":0.5371428571428571}},{"fenStr":"8/3r2pp/1k1P4/1p2Bp2/4p3/1R2K3/1R5P/2r5","stockfishScores":{"wn":0.5148809523809523}},{"fenStr":"8/3r2pp/1k1P4/1R2Bp2/4p3/4K3/1R5P/2r5","stockfishScores":{"bn":0.517797619047619}},{"fenStr":"8/3r2pp/2kP4/1R2Bp2/4p3/4K3/1R5P/2r5","stockfishScores":{"wn":0.5225595238095239}},{"fenStr":"8/3r2pp/1RkP4/4Bp2/4p3/4K3/1R5P/2r5","stockfishScores":{"bn":0.5159523809523809}},{"fenStr":"8/3r2pp/1R1P4/3kBp2/4p3/4K3/1R5P/2r5","stockfishScores":{"wn":0.5142857142857142}},{"fenStr":"8/3r2pp/1R1P4/1R1kBp2/4p3/4K3/7P/2r5","stockfishScores":{"bn":0.5141666666666667}},{"fenStr":"8/3r2pp/1R1Pk3/1R2Bp2/4p3/4K3/7P/2r5","stockfishScores":{"wn":0.5157142857142857}},{"fenStr":"8/3r2pp/1R1Pk3/1R3p2/4pB2/4K3/7P/2r5","stockfishScores":{"bn":0.5177380952380952}},{"fenStr":"8/3r2pp/1R1Pk3/1R3p2/4pB2/4K3/7P/5r2","stockfishScores":{"wn":0.5156547619047619}},{"fenStr":"8/3r2pp/1R1Pk3/4Rp2/4pB2/4K3/7P/5r2","stockfishScores":{"bn":0.509702380952381}},{"fenStr":"8/3r2pp/1R1P1k2/4Rp2/4pB2/4K3/7P/5r2","stockfishScores":{"wn":0.5126190476190476}},{"fenStr":"8/3rR1pp/1R1P1k2/5p2/4pB2/4K3/7P/5r2","stockfishScores":{"bn":0.5183928571428571}},{"fenStr":"3r4/4R1pp/1R1P1k2/5p2/4pB2/4K3/7P/5r2","stockfishScores":{"wn":0.5197619047619048}},{"fenStr":"3r4/4R1pp/1R1P1k2/4Bp2/4p3/4K3/7P/5r2","stockfishScores":{"bn":0.5144642857142857}},{"fenStr":"3r4/4R1pp/1R1P2k1/4Bp2/4p3/4K3/7P/5r2","stockfishScores":{"wn":0.5201190476190476}},{"fenStr":"3r4/6Rp/1R1P2k1/4Bp2/4p3/4K3/7P/5r2","stockfishScores":{"bn":0.5189285714285714}},{"fenStr":"3r4/6Rp/1R1P4/4Bp1k/4p3/4K3/7P/5r2","stockfishScores":{"wn":0.5273809523809524}},{"fenStr":"3r4/7R/1R1P4/4Bp1k/4p3/4K3/7P/5r2","stockfishScores":{"bn":0.5273214285714286}},{"fenStr":"3r4/7R/1R1P2k1/4Bp2/4p3/4K3/7P/5r2","stockfishScores":{"wn":0.5289285714285714}},{"fenStr":"3r4/6R1/1R1P2k1/4Bp2/4p3/4K3/7P/5r2","stockfishScores":{"bn":0.5240476190476191}},{"fenStr":"3r4/6R1/1R1P4/4Bp1k/4p3/4K3/7P/5r2","stockfishScores":{"wn":0.5308333333333334}},{"fenStr":"3r4/3P2R1/1R6/4Bp1k/4p3/4K3/7P/5r2","stockfishScores":{"bn":0.53625}},{"fenStr":"3r4/3P2R1/1R6/4Bp1k/4p3/4Kr2/7P/8","stockfishScores":{"wn":0.5405357142857143}},{"fenStr":"3r4/3P2R1/1R6/4Bp1k/4p3/5r2/4K2P/8","stockfishScores":{"bn":0.5366071428571428}},{"fenStr":"r7/3P2R1/1R6/4Bp1k/4p3/5r2/4K2P/8","stockfishScores":{"wn":0.5345238095238095}},{"fenStr":"rR6/3P2R1/8/4Bp1k/4p3/5r2/4K2P/8","stockfishScores":{"bn":0.5427380952380952}},{"fenStr":"1R6/3P2R1/8/4Bp1k/4p3/5r2/r3K2P/8","stockfishScores":{"wn":0.5386904761904762}},{"fenStr":"1R6/3P2R1/8/5p1k/4p3/5r2/rB2K2P/8","stockfishScores":{"bn":0.5335714285714286}},{"fenStr":"1R6/3P2R1/8/5p1k/4p3/3r4/rB2K2P/8","stockfishScores":{"wn":0.5244642857142857}},{"fenStr":"7R/3P2R1/8/5p1k/4p3/3r4/rB2K2P/8","stockfishScores":{"bn":0.5226785714285714}}],"result":{"ww":true}}