{"fens":[{"fenStr":"rnbqkbnr/pppppppp/8/8/4P3/8/PPPP1PPP/RNBQKBNR","stockfishScores":{"bn":0.5049404761904762}},{"fenStr":"rnbqkbnr/pppppp1p/6p1/8/4P3/8/PPPP1PPP/RNBQKBNR","stockfishScores":{"wn":0.5035714285714286}},{"fenStr":"rnbqkbnr/pppppp1p/6p1/8/3PP3/8/PPP2PPP/RNBQKBNR","stockfishScores":{"bn":0.5094047619047619}},{"fenStr":"rnbqk1nr/ppppppbp/6p1/8/3PP3/8/PPP2PPP/RNBQKBNR","stockfishScores":{"wn":0.5077380952380952}},{"fenStr":"rnbqk1nr/ppppppbp/6p1/8/3PP3/2N5/PPP2PPP/R1BQKBNR","stockfishScores":{"bn":0.5099404761904762}},{"fenStr":"rnbqk1nr/ppp1ppbp/3p2p1/8/3PP3/2N5/PPP2PPP/R1BQKBNR","stockfishScores":{"wn":0.5059523809523809}},{"fenStr":"rnbqk1nr/ppp1ppbp/3p2p1/8/3PPP2/2N5/PPP3PP/R1BQKBNR","stockfishScores":{"bn":0.5032738095238095}},{"fenStr":"rnbqk1nr/1pp1ppbp/p2p2p1/8/3PPP2/2N5/PPP3PP/R1BQKBNR","stockfishScores":{"wn":0.5032738095238095}},{"fenStr":"rnbqk1nr/1pp1ppbp/p2p2p1/8/3PPP2/2N2N2/PPP3PP/R1BQKB1R","stockfishScores":{"bn":0.5075}},{"fenStr":"rnbqk1nr/2p1ppbp/p2p2p1/1p6/3PPP2/2N2N2/PPP3PP/R1BQKB1R","stockfishScores":{"wn":0.5069642857142858}},{"fenStr":"rnbqk1nr/2p1ppbp/p2p2p1/1p6/3PPP2/2NB1N2/PPP3PP/R1BQK2R","stockfishScores":{"bn":0.5066666666666667}},{"fenStr":"r1bqk1nr/2pnppbp/p2p2p1/1p6/3PPP2/2NB1N2/PPP3PP/R1BQK2R","stockfishScores":{"wn":0.5043452380952381}},{"fenStr":"r1bqk1nr/2pnppbp/p2p2p1/1p6/P2PPP2/2NB1N2/1PP3PP/R1BQK2R","stockfishScores":{"bn":0.5036309523809523}},{"fenStr":"r1bqk1nr/2pnppbp/p2p2p1/8/Pp1PPP2/2NB1N2/1PP3PP/R1BQK2R","stockfishScores":{"wn":0.5031547619047619}},{"fenStr":"r1bqk1nr/2pnppbp/p2p2p1/8/Pp1PPP2/3B1N2/1PP1N1PP/R1BQK2R","stockfishScores":{"bn":0.5066666666666667}},{"fenStr":"r1bqk1nr/3nppbp/p2p2p1/2p5/Pp1PPP2/3B1N2/1PP1N1PP/R1BQK2R","stockfishScores":{"wn":0.5033333333333333}},{"fenStr":"r1bqk1nr/3nppbp/p2p2p1/2p5/Pp1PPP2/2PB1N2/1P2N1PP/R1BQK2R","stockfishScores":{"bn":0.5055357142857143}},{"fenStr":"1rbqk1nr/3nppbp/p2p2p1/2p5/Pp1PPP2/2PB1N2/1P2N1PP/R1BQK2R","stockfishScores":{"wn":0.5064880952380952}},{"fenStr":"1rbqk1nr/3nppbp/p2p2p1/2p5/Pp1PPP2/2PB1N2/1P2N1PP/R1BQ1RK1","stockfishScores":{"bn":0.5182738095238095}},{"fenStr":"1rbqk2r/3nppbp/p2p1np1/2p5/Pp1PPP2/2PB1N2/1P2N1PP/R1BQ1RK1","stockfishScores":{"wn":0.5139285714285714}},{"fenStr":"1rbqk2r/3nppbp/p2p1np1/2p1P3/Pp1P1P2/2PB1N2/1P2N1PP/R1BQ1RK1","stockfishScores":{"bn":0.5196428571428572}},{"fenStr":"1rbqk2r/3nppbp/p2p2p1/2pnP3/Pp1P1P2/2PB1N2/1P2N1PP/R1BQ1RK1","stockfishScores":{"wn":0.5155357142857143}},{"fenStr":"1rbqk2r/3nppbp/p2p2p1/2pnP3/PpPP1P2/3B1N2/1P2N1PP/R1BQ1RK1","stockfishScores":{"bn":0.518154761904762}},{"fenStr":"1rbqk2r/2nnppbp/p2p2p1/2p1P3/PpPP1P2/3B1N2/1P2N1PP/R1BQ1RK1","stockfishScores":{"wn":0.5179166666666667}},{"fenStr":"1rbqk2r/2nnppbp/p2P2p1/2p5/PpPP1P2/3B1N2/1P2N1PP/R1BQ1RK1","stockfishScores":{"bn":0.5239285714285714}},{"fenStr":"1rbqk2r/2nn1pbp/p2p2p1/2p5/PpPP1P2/3B1N2/1P2N1PP/R1BQ1RK1","stockfishScores":{"wn":0.5111309523809524}},{"fenStr":"1rbqk2r/2nn1pbp/p2p2p1/2p2P2/PpPP4/3B1N2/1P2N1PP/R1BQ1RK1","stockfishScores":{"bn":0.5152380952380953}},{"fenStr":"1rbq1rk1/2nn1pbp/p2p2p1/2p2P2/PpPP4/3B1N2/1P2N1PP/R1BQ1RK1","stockfishScores":{"wn":0.5055357142857143}},{"fenStr":"1rbq1rk1/2nn1pbp/p2p2P1/2p5/PpPP4/3B1N2/1P2N1PP/R1BQ1RK1","stockfishScores":{"bn":0.516547619047619}},{"fenStr":"1rbq1rk1/2nn1pb1/p2p2p1/2p5/PpPP4/3B1N2/1P2N1PP/R1BQ1RK1","stockfishScores":{"wn":0.5041666666666667}},{"fenStr":"1rbq1rk1/2nn1pb1/p2p2p1/2p3B1/PpPP4/3B1N2/1P2N1PP/R2Q1RK1","stockfishScores":{"bn":0.5057738095238096}},{"fenStr":"1rb1qrk1/2nn1pb1/p2p2p1/2p3B1/PpPP4/3B1N2/1P2N1PP/R2Q1RK1","stockfishScores":{"wn":0.5048214285714285}},{"fenStr":"1rb1qrk1/2nn1pb1/p2p2p1/2p3B1/PpPP4/3B1N2/1P1QN1PP/R4RK1","stockfishScores":{"bn":0.5038095238095238}},{"fenStr":"1rb1qrk1/2nn1pb1/p2p2p1/6B1/PpPp4/3B1N2/1P1QN1PP/R4RK1","stockfishScores":{"wn":0.49970238095238095}},{"fenStr":"1rb1qrk1/2nn1pb1/p2p2p1/6B1/PpPN4/3B1N2/1P1Q2PP/R4RK1","stockfishScores":{"bn":0.5058333333333334}},{"fenStr":"1rb1qrk1/2n2pb1/p2p2p1/4n1B1/PpPN4/3B1N2/1P1Q2PP/R4RK1","stockfishScores":{"wn":0.5027380952380952}},{"fenStr":"1rb1qrk1/2n2pb1/p2p2pB/4n3/PpPN4/3B1N2/1P1Q2PP/R4RK1","stockfishScores":{"bn":0.5016666666666667}},{"fenStr":"1rb1qrk1/5pb1/p2pn1pB/4n3/PpPN4/3B1N2/1P1Q2PP/R4RK1","stockfishScores":{"wn":0.4982738095238095}},{"fenStr":"1rb1qrk1/5pB1/p2pn1p1/4n3/PpPN4/3B1N2/1P1Q2PP/R4RK1","stockfishScores":{"bn":0.534702380952381}},{"fenStr":"1rb1qr2/5pk1/p2pn1p1/4n3/PpPN4/3B1N2/1P1Q2PP/R4RK1","stockfishScores":{"wn":0.5025}},{"fenStr":"1rb1qr2/5pk1/p2pN1p1/4n3/PpP5/3B1N2/1P1Q2PP/R4RK1","stockfishScores":{"bn":0.5288095238095238}},{"fenStr":"1r2qr2/5pk1/p2pb1p1/4n3/PpP5/3B1N2/1P1Q2PP/R4RK1","stockfishScores":{"wn":0.4982142857142857}},{"fenStr":"1r2qr2/5pk1/p2pb1p1/4N3/PpP5/3B4/1P1Q2PP/R4RK1","stockfishScores":{"bn":0.540952380952381}},{"fenStr":"1r2qr2/5pk1/p3b1p1/4p3/PpP5/3B4/1P1Q2PP/R4RK1","stockfishScores":{"wn":0.5096428571428572}},{"fenStr":"1r2qr2/5pk1/p3b1p1/4p3/PpP5/3BQ3/1P4PP/R4RK1","stockfishScores":{"bn":0.523154761904762}},{"fenStr":"1r2qr2/6k1/p3bpp1/4p3/PpP5/3BQ3/1P4PP/R4RK1","stockfishScores":{"wn":0.5145833333333333}},{"fenStr":"1r2qr2/Q5k1/p3bpp1/4p3/PpP5/3B4/1P4PP/R4RK1","stockfishScores":{"bn":0.5098809523809524}},{"fenStr":"1r3r2/Q2q2k1/p3bpp1/4p3/PpP5/3B4/1P4PP/R4RK1","stockfishScores":{"wn":0.49857142857142855}},{"fenStr":"1r3r2/3Q2k1/p3bpp1/4p3/PpP5/3B4/1P4PP/R4RK1","stockfishScores":{"bn":0.5746428571428571}},{"fenStr":"1r3r2/3b2k1/p4pp1/4p3/PpP5/3B4/1P4PP/R4RK1","stockfishScores":{"wn":0.4994642857142857}},{"fenStr":"1r3r2/3b2k1/p4pp1/2P1p3/Pp6/3B4/1P4PP/R4RK1","stockfishScores":{"bn":0.5011309523809524}},{"fenStr":"1r3r2/3b2k1/5pp1/p1P1p3/Pp6/3B4/1P4PP/R4RK1","stockfishScores":{"wn":0.5001785714285715}},{"fenStr":"1r3r2/3b2k1/5pp1/p1P1p3/Pp2B3/8/1P4PP/R4RK1","stockfishScores":{"bn":0.49988095238095237}},{"fenStr":"2r2r2/3b2k1/5pp1/p1P1p3/Pp2B3/8/1P4PP/R4RK1","stockfishScores":{"wn":0.49857142857142855}},{"fenStr":"2r2r2/3b2k1/5pp1/p1P1p3/Pp2B3/8/1P4PP/R2R2K1","stockfishScores":{"bn":0.5010119047619047}},{"fenStr":"2r5/3b1rk1/5pp1/p1P1p3/Pp2B3/8/1P4PP/R2R2K1","stockfishScores":{"wn":0.5031547619047619}},{"fenStr":"2r5/3b1rk1/5pp1/p1PBp3/Pp6/8/1P4PP/R2R2K1","stockfishScores":{"bn":0.5033333333333333}},{"fenStr":"2r5/3br1k1/5pp1/p1PBp3/Pp6/8/1P4PP/R2R2K1","stockfishScores":{"wn":0.5000595238095238}},{"fenStr":"2r5/3br1k1/5pp1/p1PBp3/Pp6/8/1P4PP/R1R3K1","stockfishScores":{"bn":0.49976190476190474}},{"fenStr":"2r5/4r1k1/2b2pp1/p1PBp3/Pp6/8/1P4PP/R1R3K1","stockfishScores":{"wn":0.4957738095238095}},{"fenStr":"2r5/4r1k1/2b2pp1/p1P1p3/Pp6/1B6/1P4PP/R1R3K1","stockfishScores":{"bn":0.4944642857142857}},{"fenStr":"3r4/4r1k1/2b2pp1/p1P1p3/Pp6/1B6/1P4PP/R1R3K1","stockfishScores":{"wn":0.49452380952380953}},{"fenStr":"3r4/4r1k1/2b2pp1/p1P1p3/Pp6/1B6/1P4PP/R2R2K1","stockfishScores":{"bn":0.49720238095238095}},{"fenStr":"3r4/3r2k1/2b2pp1/p1P1p3/Pp6/1B6/1P4PP/R2R2K1","stockfishScores":{"wn":0.4922619047619048}},{"fenStr":"3r4/3r2k1/2b2pp1/p1P1p3/Pp6/1B6/1P3KPP/R2R4","stockfishScores":{"bn":0.49357142857142855}},{"fenStr":"3r4/6k1/2b2pp1/p1P1p3/Pp6/1B6/1P1r1KPP/R2R4","stockfishScores":{"wn":0.490952380952381}},{"fenStr":"3r4/6k1/2b2pp1/p1P1p3/Pp6/1B2K3/1P1r2PP/R2R4","stockfishScores":{"bn":0.4769047619047619}},{"fenStr":"8/6k1/2b2pp1/p1P1p3/Pp6/1B1rK3/1P1r2PP/R2R4","stockfishScores":{"wn":0.4807142857142857}}],"result":{"bw":true}}