{"fens":[{"fenStr":"rnbqkbnr/pppppppp/8/8/3P4/8/PPP1PPPP/RNBQKBNR","stockfishScores":{"bn":0.5048809523809524}},{"fenStr":"rnbqkbnr/ppp1pppp/8/3p4/3P4/8/PPP1PPPP/RNBQKBNR","stockfishScores":{"wn":0.5005952380952381}},{"fenStr":"rnbqkbnr/ppp1pppp/8/3p4/2PP4/8/PP2PPPP/RNBQKBNR","stockfishScores":{"bn":0.5009523809523809}},{"fenStr":"rnbqkbnr/ppp2ppp/4p3/3p4/2PP4/8/PP2PPPP/RNBQKBNR","stockfishScores":{"wn":0.4981547619047619}},{"fenStr":"rnbqkbnr/ppp2ppp/4p3/3p4/2PP4/5N2/PP2PPPP/RNBQKB1R","stockfishScores":{"bn":0.5030357142857143}},{"fenStr":"rnbqkb1r/ppp2ppp/4pn2/3p4/2PP4/5N2/PP2PPPP/RNBQKB1R","stockfishScores":{"wn":0.49916666666666665}},{"fenStr":"rnbqkb1r/ppp2ppp/4pn2/3p4/2PP4/2N2N2/PP2PPPP/R1BQKB1R","stockfishScores":{"bn":0.501547619047619}},{"fenStr":"rnbqk2r/ppp2ppp/4pn2/3p4/1bPP4/2N2N2/PP2PPPP/R1BQKB1R","stockfishScores":{"wn":0.49988095238095237}},{"fenStr":"rnbqk2r/ppp2ppp/4pn2/3p4/1bPP4/2N1PN2/PP3PPP/R1BQKB1R","stockfishScores":{"bn":0.502797619047619}},{"fenStr":"rnbq1rk1/ppp2ppp/4pn2/3p4/1bPP4/2N1PN2/PP3PPP/R1BQKB1R","stockfishScores":{"wn":0.49220238095238095}},{"fenStr":"rnbq1rk1/ppp2ppp/4pn2/3p4/1bPP4/2NBPN2/PP3PPP/R1BQK2R","stockfishScores":{"bn":0.49255952380952384}},{"fenStr":"r1bq1rk1/pppn1ppp/4pn2/3p4/1bPP4/2NBPN2/PP3PPP/R1BQK2R","stockfishScores":{"wn":0.4907738095238095}},{"fenStr":"r1bq1rk1/pppn1ppp/4pn2/3p4/1bPP4/2NBPN2/PP3PPP/R1BQ1RK1","stockfishScores":{"bn":0.5038690476190476}},{"fenStr":"r1bqr1k1/pppn1ppp/4pn2/3p4/1bPP4/2NBPN2/PP3PPP/R1BQ1RK1","stockfishScores":{"wn":0.5048214285714285}},{"fenStr":"r1bqr1k1/pppn1ppp/4pn2/3p4/1bPP4/2NBPN2/PPQ2PPP/R1B2RK1","stockfishScores":{"bn":0.5036309523809523}},{"fenStr":"r1bqr1k1/pp1n1ppp/2p1pn2/3p4/1bPP4/2NBPN2/PPQ2PPP/R1B2RK1","stockfishScores":{"wn":0.5022619047619048}},{"fenStr":"r1bqr1k1/pp1n1ppp/2p1pn2/3pN3/1bPP4/2NBP3/PPQ2PPP/R1B2RK1","stockfishScores":{"bn":0.5058928571428571}},{"fenStr":"r1bqr1k1/pp3ppp/2p1pn2/3pn3/1bPP4/2NBP3/PPQ2PPP/R1B2RK1","stockfishScores":{"wn":0.4780952380952381}},{"fenStr":"r1bqr1k1/pp3ppp/2p1pn2/3pP3/1bP5/2NBP3/PPQ2PPP/R1B2RK1","stockfishScores":{"bn":0.5025595238095238}},{"fenStr":"r1bqr1k1/pp3ppp/2p1pn2/4P3/1bp5/2NBP3/PPQ2PPP/R1B2RK1","stockfishScores":{"wn":0.5}},{"fenStr":"r1bqr1k1/pp3ppp/2p1pn2/4P3/1bB5/2N1P3/PPQ2PPP/R1B2RK1","stockfishScores":{"bn":0.5039880952380953}},{"fenStr":"r1bqr1k1/pp3ppp/2p1pn2/4P3/2B5/2b1P3/PPQ2PPP/R1B2RK1","stockfishScores":{"wn":0.47619047619047616}},{"fenStr":"r1bqr1k1/pp3ppp/2p1pn2/4P3/2B5/2P1P3/P1Q2PPP/R1B2RK1","stockfishScores":{"bn":0.5053571428571428}},{"fenStr":"r1bqr1k1/pp3ppp/2p1p3/3nP3/2B5/2P1P3/P1Q2PPP/R1B2RK1","stockfishScores":{"wn":0.5029166666666667}},{"fenStr":"r1bqr1k1/pp3ppp/2p1p3/3nP3/8/2PBP3/P1Q2PPP/R1B2RK1","stockfishScores":{"bn":0.5033333333333333}},{"fenStr":"r1b1r1k1/pp3ppp/2p1p3/3nP3/7q/2PBP3/P1Q2PPP/R1B2RK1","stockfishScores":{"wn":0.5032142857142857}},{"fenStr":"r1b1r1k1/pp3ppp/2p1p3/3nP3/5P1q/2PBP3/P1Q3PP/R1B2RK1","stockfishScores":{"bn":0.504702380952381}},{"fenStr":"r1b1r1k1/p4ppp/1pp1p3/3nP3/5P1q/2PBP3/P1Q3PP/R1B2RK1","stockfishScores":{"wn":0.5054761904761905}},{"fenStr":"r1b1r1k1/p4ppp/1pp1p3/3nP3/5P1q/2PBP3/P1QB2PP/R4RK1","stockfishScores":{"bn":0.5073214285714286}},{"fenStr":"r1b1r1k1/p4p1p/1pp1p1p1/3nP3/5P1q/2PBP3/P1QB2PP/R4RK1","stockfishScores":{"wn":0.5091071428571429}},{"fenStr":"r1b1r1k1/p4p1p/1pp1p1p1/3nP3/2P2P1q/3BP3/P1QB2PP/R4RK1","stockfishScores":{"bn":0.5124404761904762}},{"fenStr":"r1b1r1k1/p1n2p1p/1pp1p1p1/4P3/2P2P1q/3BP3/P1QB2PP/R4RK1","stockfishScores":{"wn":0.5126190476190476}},{"fenStr":"r1b1r1k1/p1n2p1p/1pp1p1p1/4P3/2P2P1q/3BPR2/P1QB2PP/R5K1","stockfishScores":{"bn":0.5118452380952381}},{"fenStr":"r1b1r1k1/p1n1qp1p/1pp1p1p1/4P3/2P2P2/3BPR2/P1QB2PP/R5K1","stockfishScores":{"wn":0.5080357142857143}},{"fenStr":"r1b1r1k1/p1n1qp1p/1pp1p1p1/4P3/2P1PP2/3B1R2/P1QB2PP/R5K1","stockfishScores":{"bn":0.5076785714285714}},{"fenStr":"r1br2k1/p1n1qp1p/1pp1p1p1/4P3/2P1PP2/3B1R2/P1QB2PP/R5K1","stockfishScores":{"wn":0.5069047619047619}},{"fenStr":"r1br2k1/p1n1qp1p/1pp1p1p1/4P3/2P1PP2/3B1R2/P1QB2PP/5RK1","stockfishScores":{"bn":0.5072619047619048}},{"fenStr":"r1br2k1/p3qp1p/npp1p1p1/4P3/2P1PP2/3B1R2/P1QB2PP/5RK1","stockfishScores":{"wn":0.5080357142857143}},{"fenStr":"r1br2k1/p3qp1p/npp1p1p1/4P3/2P1PP2/3B1R2/P2B2PP/1Q3RK1","stockfishScores":{"bn":0.507797619047619}},{"fenStr":"r1br2k1/p3qp1p/1pp1p1p1/2n1P3/2P1PP2/3B1R2/P2B2PP/1Q3RK1","stockfishScores":{"wn":0.49648809523809523}},{"fenStr":"r1br2k1/p3qp1p/1pp1p1p1/2n1P3/1BP1PP2/3B1R2/P5PP/1Q3RK1","stockfishScores":{"bn":0.49666666666666665}},{"fenStr":"r2r2k1/p3qp1p/bpp1p1p1/2n1P3/1BP1PP2/3B1R2/P5PP/1Q3RK1","stockfishScores":{"wn":0.49785714285714283}},{"fenStr":"r2r2k1/p3qp1p/bpp1p1p1/2n1PP2/1BP1P3/3B1R2/P5PP/1Q3RK1","stockfishScores":{"bn":0.49898809523809523}},{"fenStr":"r2r2k1/p3qp1p/bpp3p1/2n1Pp2/1BP1P3/3B1R2/P5PP/1Q3RK1","stockfishScores":{"wn":0.48541666666666666}},{"fenStr":"r2r2k1/p3qp1p/bpp3p1/2n1PP2/1BP5/3B1R2/P5PP/1Q3RK1","stockfishScores":{"bn":0.5007142857142857}},{"fenStr":"r5k1/p3qp1p/bpp3p1/2n1PP2/1BP5/3r1R2/P5PP/1Q3RK1","stockfishScores":{"wn":0.4813095238095238}},{"fenStr":"r5k1/p3qp1p/bpp3p1/2n1PP2/1BP5/3Q1R2/P5PP/5RK1","stockfishScores":{"bn":0.5111309523809524}},{"fenStr":"r5k1/p3qp1p/bpp3p1/4PP2/1BP5/3n1R2/P5PP/5RK1","stockfishScores":{"wn":0.43416666666666665}},{"fenStr":"r5k1/p3Bp1p/bpp3p1/4PP2/2P5/3n1R2/P5PP/5RK1","stockfishScores":{"bn":0.5144047619047619}},{"fenStr":"r5k1/p3Bp1p/bpp3p1/4nP2/2P5/5R2/P5PP/5RK1","stockfishScores":{"wn":0.5036309523809523}},{"fenStr":"r5k1/p3Bp1p/bpp3p1/4nP2/2P5/2R5/P5PP/5RK1","stockfishScores":{"bn":0.5057142857142857}},{"fenStr":"r5k1/p3Bp1p/bpp3p1/5P2/2n5/2R5/P5PP/5RK1","stockfishScores":{"wn":0.5048809523809524}},{"fenStr":"r5k1/p3Bp1p/bpp3p1/5P2/2n5/2R5/P5PP/3R2K1","stockfishScores":{"bn":0.5042857142857143}},{"fenStr":"r5k1/p3Bp1p/bp4p1/2p2P2/2n5/2R5/P5PP/3R2K1","stockfishScores":{"wn":0.5048809523809524}},{"fenStr":"r5k1/p3Bp1p/bp4p1/2p2P2/2n5/3R4/P5PP/3R2K1","stockfishScores":{"bn":0.502797619047619}},{"fenStr":"r5k1/p3Bp1p/bp4p1/2p1nP2/8/3R4/P5PP/3R2K1","stockfishScores":{"wn":0.49839285714285714}},{"fenStr":"r2R2k1/p3Bp1p/bp4p1/2p1nP2/8/8/P5PP/3R2K1","stockfishScores":{"bn":0.505297619047619}},{"fenStr":"3r2k1/p3Bp1p/bp4p1/2p1nP2/8/8/P5PP/3R2K1","stockfishScores":{"wn":0.46648809523809526}},{"fenStr":"3R2k1/p3Bp1p/bp4p1/2p1nP2/8/8/P5PP/6K1","stockfishScores":{"bn":0.4994047619047619}},{"fenStr":"3R4/p3Bpkp/bp4p1/2p1nP2/8/8/P5PP/6K1","stockfishScores":{"wn":0.5005952380952381}},{"fenStr":"3R4/p3Bpkp/bp3Pp1/2p1n3/8/8/P5PP/6K1","stockfishScores":{"bn":0.4994047619047619}},{"fenStr":"3R4/p3Bp1p/bp3Ppk/2p1n3/8/8/P5PP/6K1","stockfishScores":{"wn":0.4995833333333333}},{"fenStr":"8/p3Bp1p/bp3Ppk/2pRn3/8/8/P5PP/6K1","stockfishScores":{"bn":0.5000595238095238}},{"fenStr":"8/p3Bp1p/bpn2Ppk/2pR4/8/8/P5PP/6K1","stockfishScores":{"wn":0.4995833333333333}},{"fenStr":"5B2/p4p1p/bpn2Ppk/2pR4/8/8/P5PP/6K1","stockfishScores":{"bn":0.4994047619047619}}],"result":{"ww":true}}