{"fens":[{"fenStr":"rnbqkbnr/pppppppp/8/8/3P4/8/PPP1PPPP/RNBQKBNR","stockfishScores":{"bn":0.5048809523809524}},{"fenStr":"rnbqkbnr/ppp1pppp/8/3p4/3P4/8/PPP1PPPP/RNBQKBNR","stockfishScores":{"wn":0.5005952380952381}},{"fenStr":"rnbqkbnr/ppp1pppp/8/3p4/2PP4/8/PP2PPPP/RNBQKBNR","stockfishScores":{"bn":0.5009523809523809}},{"fenStr":"rnbqkbnr/pp2pppp/2p5/3p4/2PP4/8/PP2PPPP/RNBQKBNR","stockfishScores":{"wn":0.4994047619047619}},{"fenStr":"rnbqkbnr/pp2pppp/2p5/3P4/3P4/8/PP2PPPP/RNBQKBNR","stockfishScores":{"bn":0.504702380952381}},{"fenStr":"rnbqkbnr/pp2pppp/8/3p4/3P4/8/PP2PPPP/RNBQKBNR","stockfishScores":{"wn":0.5005952380952381}},{"fenStr":"rnbqkbnr/pp2pppp/8/3p4/3P1B2/8/PP2PPPP/RN1QKBNR","stockfishScores":{"bn":0.5072619047619048}},{"fenStr":"r1bqkbnr/pp2pppp/2n5/3p4/3P1B2/8/PP2PPPP/RN1QKBNR","stockfishScores":{"wn":0.49898809523809523}},{"fenStr":"r1bqkbnr/pp2pppp/2n5/3p4/3P1B2/4P3/PP3PPP/RN1QKBNR","stockfishScores":{"bn":0.5026785714285714}},{"fenStr":"r1bqkb1r/pp2pppp/2n2n2/3p4/3P1B2/4P3/PP3PPP/RN1QKBNR","stockfishScores":{"wn":0.4976190476190476}},{"fenStr":"r1bqkb1r/pp2pppp/2n2n2/3p4/3P1B2/2N1P3/PP3PPP/R2QKBNR","stockfishScores":{"bn":0.5}},{"fenStr":"r1bqkb1r/1p2pppp/p1n2n2/3p4/3P1B2/2N1P3/PP3PPP/R2QKBNR","stockfishScores":{"wn":0.5}},{"fenStr":"r1bqkb1r/1p2pppp/p1n2n2/3p4/3P1B2/2NBP3/PP3PPP/R2QK1NR","stockfishScores":{"bn":0.5004761904761905}},{"fenStr":"r2qkb1r/1p2pppp/p1n2n2/3p4/3P1Bb1/2NBP3/PP3PPP/R2QK1NR","stockfishScores":{"wn":0.5008333333333334}},{"fenStr":"r2qkb1r/1p2pppp/p1n2n2/3p4/3P1Bb1/2NBP3/PP2NPPP/R2QK2R","stockfishScores":{"bn":0.5035119047619048}},{"fenStr":"r2qkb1r/1p3ppp/p1n1pn2/3p4/3P1Bb1/2NBP3/PP2NPPP/R2QK2R","stockfishScores":{"wn":0.5005357142857143}},{"fenStr":"r2qkb1r/1p3ppp/p1n1pn2/3p4/3P1Bb1/2NBPP2/PP2N1PP/R2QK2R","stockfishScores":{"bn":0.5066071428571428}},{"fenStr":"r2qkb1r/1p3ppp/p1n1pn2/3p3b/3P1B2/2NBPP2/PP2N1PP/R2QK2R","stockfishScores":{"wn":0.5042857142857143}},{"fenStr":"r2qkb1r/1p3ppp/p1n1pn2/3p3b/3P1B2/2NBPP2/PP2N1PP/R2Q1RK1","stockfishScores":{"bn":0.5151190476190476}},{"fenStr":"r2qk2r/1p3ppp/p1nbpn2/3p3b/3P1B2/2NBPP2/PP2N1PP/R2Q1RK1","stockfishScores":{"wn":0.5144047619047619}},{"fenStr":"r2qk2r/1p3ppp/p1nbpn2/3p3b/N2P1B2/3BPP2/PP2N1PP/R2Q1RK1","stockfishScores":{"bn":0.51125}},{"fenStr":"r2q1rk1/1p3ppp/p1nbpn2/3p3b/N2P1B2/3BPP2/PP2N1PP/R2Q1RK1","stockfishScores":{"wn":0.5008928571428571}},{"fenStr":"r2q1rk1/1p3ppp/p1nbpn2/3p3b/N2P1B2/3BPP2/PP2N1PP/2RQ1RK1","stockfishScores":{"bn":0.5017857142857143}},{"fenStr":"r2q1rk1/1p3ppp/p1nbpnb1/3p4/N2P1B2/3BPP2/PP2N1PP/2RQ1RK1","stockfishScores":{"wn":0.4980357142857143}},{"fenStr":"r2q1rk1/1p3ppp/p1nbpnB1/3p4/N2P1B2/4PP2/PP2N1PP/2RQ1RK1","stockfishScores":{"bn":0.5225}},{"fenStr":"r2q1rk1/1p3pp1/p1nbpnp1/3p4/N2P1B2/4PP2/PP2N1PP/2RQ1RK1","stockfishScores":{"wn":0.49910714285714286}},{"fenStr":"r2q1rk1/1p3pp1/p1nbpnp1/2Np4/3P1B2/4PP2/PP2N1PP/2RQ1RK1","stockfishScores":{"bn":0.5}},{"fenStr":"r2q1rk1/1p3pp1/p1n1pnp1/2bp4/3P1B2/4PP2/PP2N1PP/2RQ1RK1","stockfishScores":{"wn":0.4844047619047619}},{"fenStr":"r2q1rk1/1p3pp1/p1n1pnp1/2Rp4/3P1B2/4PP2/PP2N1PP/3Q1RK1","stockfishScores":{"bn":0.5005952380952381}},{"fenStr":"r2q1rk1/1p1n1pp1/p1n1p1p1/2Rp4/3P1B2/4PP2/PP2N1PP/3Q1RK1","stockfishScores":{"wn":0.4969047619047619}},{"fenStr":"r2q1rk1/1p1n1pp1/p1n1p1p1/3p4/3P1B2/2R1PP2/PP2N1PP/3Q1RK1","stockfishScores":{"bn":0.5014880952380952}},{"fenStr":"2rq1rk1/1p1n1pp1/p1n1p1p1/3p4/3P1B2/2R1PP2/PP2N1PP/3Q1RK1","stockfishScores":{"wn":0.5007142857142857}},{"fenStr":"2rq1rk1/1p1n1pp1/p1n1p1p1/3p4/3P1B2/2R1PP2/PP1QN1PP/5RK1","stockfishScores":{"bn":0.49970238095238095}},{"fenStr":"2rqr1k1/1p1n1pp1/p1n1p1p1/3p4/3P1B2/2R1PP2/PP1QN1PP/5RK1","stockfishScores":{"wn":0.5006547619047619}},{"fenStr":"2rqr1k1/1p1n1pp1/p1n1p1p1/3p4/3P1B2/2R1PP2/PP1Q2PP/2N2RK1","stockfishScores":{"bn":0.495952380952381}},{"fenStr":"2rqr1k1/1p3pp1/pnn1p1p1/3p4/3P1B2/2R1PP2/PP1Q2PP/2N2RK1","stockfishScores":{"wn":0.49720238095238095}},{"fenStr":"2rqr1k1/1p3pp1/pnn1p1p1/3p4/3P1B2/1PR1PP2/P2Q2PP/2N2RK1","stockfishScores":{"bn":0.4973214285714286}},{"fenStr":"2rqr1k1/1p1n1pp1/p1n1p1p1/3p4/3P1B2/1PR1PP2/P2Q2PP/2N2RK1","stockfishScores":{"wn":0.49702380952380953}},{"fenStr":"2rqr1k1/1p1n1pp1/p1n1p1p1/3p4/3P1B2/1PRNPP2/P2Q2PP/5RK1","stockfishScores":{"bn":0.5011904761904762}},{"fenStr":"2r1r1k1/1p1nqpp1/p1n1p1p1/3p4/3P1B2/1PRNPP2/P2Q2PP/5RK1","stockfishScores":{"wn":0.5016666666666667}},{"fenStr":"2r1r1k1/1p1nqpp1/p1n1p1p1/3p4/3P1B2/1PRNPP2/P2Q2PP/2R3K1","stockfishScores":{"bn":0.5024404761904762}},{"fenStr":"3rr1k1/1p1nqpp1/p1n1p1p1/3p4/3P1B2/1PRNPP2/P2Q2PP/2R3K1","stockfishScores":{"wn":0.5046428571428572}},{"fenStr":"3rr1k1/1pBnqpp1/p1n1p1p1/3p4/3P4/1PRNPP2/P2Q2PP/2R3K1","stockfishScores":{"bn":0.5064285714285715}},{"fenStr":"2r1r1k1/1pBnqpp1/p1n1p1p1/3p4/3P4/1PRNPP2/P2Q2PP/2R3K1","stockfishScores":{"wn":0.49964285714285717}},{"fenStr":"2r1r1k1/1p1nqpp1/p1n1p1p1/3p4/3P1B2/1PRNPP2/P2Q2PP/2R3K1","stockfishScores":{"bn":0.5024404761904762}},{"fenStr":"3rr1k1/1p1nqpp1/p1n1p1p1/3p4/3P1B2/1PRNPP2/P2Q2PP/2R3K1","stockfishScores":{"wn":0.5046428571428572}},{"fenStr":"3rr1k1/1pBnqpp1/p1n1p1p1/3p4/3P4/1PRNPP2/P2Q2PP/2R3K1","stockfishScores":{"bn":0.5064285714285715}},{"fenStr":"r3r1k1/1pBnqpp1/p1n1p1p1/3p4/3P4/1PRNPP2/P2Q2PP/2R3K1","stockfishScores":{"wn":0.5059523809523809}},{"fenStr":"r3r1k1/1p1nqpp1/p1n1p1p1/3p4/3P4/1PRNPPB1/P2Q2PP/2R3K1","stockfishScores":{"bn":0.5063095238095238}},{"fenStr":"r3r1k1/1p1n1pp1/p1n1p1p1/3p2q1/3P4/1PRNPPB1/P2Q2PP/2R3K1","stockfishScores":{"wn":0.5100595238095238}},{"fenStr":"r3r1k1/1p1n1pp1/p1n1p1p1/3p2q1/3P4/1P1NPPB1/P1RQ2PP/2R3K1","stockfishScores":{"bn":0.5097619047619047}},{"fenStr":"r3r1k1/1p1nqpp1/p1n1p1p1/3p4/3P4/1P1NPPB1/P1RQ2PP/2R3K1","stockfishScores":{"wn":0.5082738095238095}},{"fenStr":"r3r1k1/1p1nqpp1/p1n1p1p1/3p4/3P4/1P1NPP2/P1RQ1BPP/2R3K1","stockfishScores":{"bn":0.5063095238095238}},{"fenStr":"3rr1k1/1p1nqpp1/p1n1p1p1/3p4/3P4/1P1NPP2/P1RQ1BPP/2R3K1","stockfishScores":{"wn":0.5068452380952381}},{"fenStr":"3rr1k1/1p1nqpp1/p1n1p1p1/3p4/3P4/1P1NPPB1/P1RQ2PP/2R3K1","stockfishScores":{"bn":0.5066071428571428}},{"fenStr":"3rr1k1/1p1nqpp1/p1n1p3/3p2p1/3P4/1P1NPPB1/P1RQ2PP/2R3K1","stockfishScores":{"wn":0.5068452380952381}},{"fenStr":"3rr1k1/1p1nqpp1/p1n1p3/2Np2p1/3P4/1P2PPB1/P1RQ2PP/2R3K1","stockfishScores":{"bn":0.5043452380952381}},{"fenStr":"3rr1k1/1p2qpp1/p1n1p3/2np2p1/3P4/1P2PPB1/P1RQ2PP/2R3K1","stockfishScores":{"wn":0.48738095238095236}},{"fenStr":"3rr1k1/1p2qpp1/p1n1p3/2Rp2p1/3P4/1P2PPB1/P2Q2PP/2R3K1","stockfishScores":{"bn":0.5025}},{"fenStr":"2r1r1k1/1p2qpp1/p1n1p3/2Rp2p1/3P4/1P2PPB1/P2Q2PP/2R3K1","stockfishScores":{"wn":0.502797619047619}},{"fenStr":"2r1r1k1/1p2qpp1/p1n1p3/2Rp2p1/P2P4/1P2PPB1/3Q2PP/2R3K1","stockfishScores":{"bn":0.5014880952380952}},{"fenStr":"2rqr1k1/1p3pp1/p1n1p3/2Rp2p1/P2P4/1P2PPB1/3Q2PP/2R3K1","stockfishScores":{"wn":0.5023214285714286}},{"fenStr":"2rqr1k1/1p3pp1/p1n1p3/2Rp2p1/P2P4/1PQ1PPB1/6PP/2R3K1","stockfishScores":{"bn":0.500297619047619}},{"fenStr":"2rqr1k1/1p3pp1/2n1p3/p1Rp2p1/P2P4/1PQ1PPB1/6PP/2R3K1","stockfishScores":{"wn":0.5021428571428571}},{"fenStr":"2rqr1k1/1p3pp1/2n1p3/p1Rp2p1/P2P4/1P1QPPB1/6PP/2R3K1","stockfishScores":{"bn":0.5013690476190477}},{"fenStr":"2r1r1k1/1p1q1pp1/2n1p3/p1Rp2p1/P2P4/1P1QPPB1/6PP/2R3K1","stockfishScores":{"wn":0.5020238095238095}},{"fenStr":"2r1r1k1/1p1q1pp1/2n1p3/pQRp2p1/P2P4/1P2PPB1/6PP/2R3K1","stockfishScores":{"bn":0.5011309523809524}},{"fenStr":"r3r1k1/1p1q1pp1/2n1p3/pQRp2p1/P2P4/1P2PPB1/6PP/2R3K1","stockfishScores":{"wn":0.5036309523809523}},{"fenStr":"r3r1k1/1p1q1pp1/2n1p3/pQRp2p1/P2P4/1P2PP2/6PP/2R1B1K1","stockfishScores":{"bn":0.5007738095238096}},{"fenStr":"r3r1k1/1p2qpp1/2n1p3/pQRp2p1/P2P4/1P2PP2/6PP/2R1B1K1","stockfishScores":{"wn":0.5026785714285714}},{"fenStr":"r3r1k1/1p2qpp1/2n1p3/pQRp2p1/P2P4/1P2PP2/3B2PP/2R3K1","stockfishScores":{"bn":0.5022619047619048}},{"fenStr":"4r1k1/rp2qpp1/2n1p3/pQRp2p1/P2P4/1P2PP2/3B2PP/2R3K1","stockfishScores":{"wn":0.5045238095238095}},{"fenStr":"4r1k1/rp2qpp1/2n1p3/p1Rp2p1/P2P4/1P1QPP2/3B2PP/2R3K1","stockfishScores":{"bn":0.5029761904761905}},{"fenStr":"3qr1k1/rp3pp1/2n1p3/p1Rp2p1/P2P4/1P1QPP2/3B2PP/2R3K1","stockfishScores":{"wn":0.5048214285714285}},{"fenStr":"3qr1k1/rp3pp1/2n1p3/pQRp2p1/P2P4/1P2PP2/3B2PP/2R3K1","stockfishScores":{"bn":0.5030357142857143}},{"fenStr":"4r1k1/rp2qpp1/2n1p3/pQRp2p1/P2P4/1P2PP2/3B2PP/2R3K1","stockfishScores":{"wn":0.5045238095238095}},{"fenStr":"4r1k1/rp2qpp1/2n1p3/p1Rp2p1/P2P4/1P2PP2/3BQ1PP/2R3K1","stockfishScores":{"bn":0.5027380952380952}},{"fenStr":"3r2k1/rp2qpp1/2n1p3/p1Rp2p1/P2P4/1P2PP2/3BQ1PP/2R3K1","stockfishScores":{"wn":0.5032142857142857}},{"fenStr":"3r2k1/rp2qpp1/2n1p3/p1Rp2p1/P2P4/1P2PP2/3B2PP/2R1Q1K1","stockfishScores":{"bn":0.5011309523809524}},{"fenStr":"r5k1/rp2qpp1/2n1p3/p1Rp2p1/P2P4/1P2PP2/3B2PP/2R1Q1K1","stockfishScores":{"wn":0.502797619047619}},{"fenStr":"r5k1/rp2qpp1/2n1p3/p1Rp2p1/P2PP3/1P3P2/3B2PP/2R1Q1K1","stockfishScores":{"bn":0.5017261904761905}},{"fenStr":"r5k1/rp2qpp1/4p3/p1Rp2p1/P2nP3/1P3P2/3B2PP/2R1Q1K1","stockfishScores":{"wn":0.4980357142857143}},{"fenStr":"r5k1/rp2qpp1/4p3/p1RP2p1/P2n4/1P3P2/3B2PP/2R1Q1K1","stockfishScores":{"bn":0.5031547619047619}},{"fenStr":"r5k1/rp2qpp1/4p3/p1RP2p1/P7/1n3P2/3B2PP/2R1Q1K1","stockfishScores":{"wn":0.49255952380952384}},{"fenStr":"r1R3k1/rp2qpp1/4p3/p2P2p1/P7/1n3P2/3B2PP/2R1Q1K1","stockfishScores":{"bn":0.49910714285714286}},{"fenStr":"r1R5/rp2qppk/4p3/p2P2p1/P7/1n3P2/3B2PP/2R1Q1K1","stockfishScores":{"wn":0.5113690476190477}},{"fenStr":"r1R5/rpR1qppk/4p3/p2P2p1/P7/1n3P2/3B2PP/4Q1K1","stockfishScores":{"bn":0.5230952380952381}},{"fenStr":"r1R5/rpR2ppk/4p3/p2P2p1/P7/qn3P2/3B2PP/4Q1K1","stockfishScores":{"wn":0.5241071428571429}},{"fenStr":"r1R5/rpR2ppk/4p3/p2P2B1/P7/qn3P2/6PP/4Q1K1","stockfishScores":{"bn":0.5379166666666667}},{"fenStr":"2r5/rpR2ppk/4p3/p2P2B1/P7/qn3P2/6PP/4Q1K1","stockfishScores":{"wn":0.4742857142857143}},{"fenStr":"2r5/rpR2ppk/4p3/p2P2B1/P3Q3/qn3P2/6PP/6K1","stockfishScores":{"bn":0.47845238095238096}},{"fenStr":"2r5/rpR3pk/4p3/p2P1pB1/P3Q3/qn3P2/6PP/6K1","stockfishScores":{"wn":0.4838095238095238}},{"fenStr":"2r5/rpR3pk/4p3/p2P1pB1/P6Q/qn3P2/6PP/6K1","stockfishScores":{"bn":0.4880952380952381}},{"fenStr":"2r5/rpR3p1/4p1k1/p2P1pB1/P6Q/qn3P2/6PP/6K1","stockfishScores":{"wn":0.49178571428571427}},{"fenStr":"2r5/rp4R1/4p1k1/p2P1pB1/P6Q/qn3P2/6PP/6K1","stockfishScores":{"bn":0.5130357142857143}},{"fenStr":"2r5/rp4k1/4p3/p2P1pB1/P6Q/qn3P2/6PP/6K1","stockfishScores":{"wn":0.4319047619047619}},{"fenStr":"2r5/rp4k1/4p2Q/p2P1pB1/P7/qn3P2/6PP/6K1","stockfishScores":{"bn":0.43154761904761907}},{"fenStr":"2r5/rp3k2/4p2Q/p2P1pB1/P7/qn3P2/6PP/6K1","stockfishScores":{"wn":0.4319047619047619}},{"fenStr":"2r5/rp3k2/4P2Q/p4pB1/P7/qn3P2/6PP/6K1","stockfishScores":{"bn":0.439047619047619}},{"fenStr":"2r3k1/rp6/4P2Q/p4pB1/P7/qn3P2/6PP/6K1","stockfishScores":{"wn":0.4392857142857143}},{"fenStr":"2r3k1/rp6/4P1Q1/p4pB1/P7/qn3P2/6PP/6K1","stockfishScores":{"bn":0.43976190476190474}},{"fenStr":"2r2k2/rp6/4P1Q1/p4pB1/P7/qn3P2/6PP/6K1","stockfishScores":{"wn":0.4399404761904762}},{"fenStr":"2r2k2/rp3Q2/4P3/p4pB1/P7/qn3P2/6PP/6K1","stockfishScores":{"bn":0.4398214285714286}}],"result":{"ww":true}}