{"fens":[{"fenStr":"rnbqkbnr/pppppppp/8/8/4P3/8/PPPP1PPP/RNBQKBNR","stockfishScores":{"bn":0.5049404761904762}},{"fenStr":"rnbqkbnr/pp1ppppp/8/2p5/4P3/8/PPPP1PPP/RNBQKBNR","stockfishScores":{"wn":0.5038095238095238}},{"fenStr":"rnbqkbnr/pp1ppppp/8/2p5/4P3/5N2/PPPP1PPP/RNBQKB1R","stockfishScores":{"bn":0.5058928571428571}},{"fenStr":"r1bqkbnr/pp1ppppp/2n5/2p5/4P3/5N2/PPPP1PPP/RNBQKB1R","stockfishScores":{"wn":0.5025}},{"fenStr":"r1bqkbnr/pp1ppppp/2n5/2p5/4P3/2N2N2/PPPP1PPP/R1BQKB1R","stockfishScores":{"bn":0.505}},{"fenStr":"r1bqkbnr/pp1ppp1p/2n3p1/2p5/4P3/2N2N2/PPPP1PPP/R1BQKB1R","stockfishScores":{"wn":0.5040476190476191}},{"fenStr":"r1bqkbnr/pp1ppp1p/2n3p1/2p5/4P3/2NP1N2/PPP2PPP/R1BQKB1R","stockfishScores":{"bn":0.5070833333333333}},{"fenStr":"r1bqk1nr/pp1pppbp/2n3p1/2p5/4P3/2NP1N2/PPP2PPP/R1BQKB1R","stockfishScores":{"wn":0.5031547619047619}},{"fenStr":"r1bqk1nr/pp1pppbp/2n3p1/2p5/4P3/2NP1N2/PPP1BPPP/R1BQK2R","stockfishScores":{"bn":0.5025595238095238}},{"fenStr":"r1bqk1nr/pp2ppbp/2np2p1/2p5/4P3/2NP1N2/PPP1BPPP/R1BQK2R","stockfishScores":{"wn":0.49916666666666665}},{"fenStr":"r1bqk1nr/pp2ppbp/2np2p1/2p5/4P3/2NP1N2/PPP1BPPP/R1BQ1RK1","stockfishScores":{"bn":0.5097619047619047}},{"fenStr":"r1bqk2r/pp2ppbp/2np1np1/2p5/4P3/2NP1N2/PPP1BPPP/R1BQ1RK1","stockfishScores":{"wn":0.5089285714285714}},{"fenStr":"r1bqk2r/pp2ppbp/2np1np1/2p3B1/4P3/2NP1N2/PPP1BPPP/R2Q1RK1","stockfishScores":{"bn":0.5105952380952381}},{"fenStr":"r1bq1rk1/pp2ppbp/2np1np1/2p3B1/4P3/2NP1N2/PPP1BPPP/R2Q1RK1","stockfishScores":{"wn":0.5020238095238095}},{"fenStr":"r1bq1rk1/pp2ppbp/2np1np1/2p3B1/4P3/2NP1N2/PPP1BPPP/R2QR1K1","stockfishScores":{"bn":0.5008333333333334}},{"fenStr":"r2q1rk1/pp1bppbp/2np1np1/2p3B1/4P3/2NP1N2/PPP1BPPP/R2QR1K1","stockfishScores":{"wn":0.49952380952380954}},{"fenStr":"r2q1rk1/pp1bppbp/2np1np1/2p3B1/3PP3/2N2N2/PPP1BPPP/R2QR1K1","stockfishScores":{"bn":0.5021428571428571}},{"fenStr":"r2q1rk1/pp1bppbp/2np1np1/6B1/3pP3/2N2N2/PPP1BPPP/R2QR1K1","stockfishScores":{"wn":0.48851190476190476}},{"fenStr":"r2q1rk1/pp1bppbp/2np1np1/6B1/3NP3/2N5/PPP1BPPP/R2QR1K1","stockfishScores":{"bn":0.4990476190476191}},{"fenStr":"r4rk1/pp1bppbp/2np1np1/q5B1/3NP3/2N5/PPP1BPPP/R2QR1K1","stockfishScores":{"wn":0.500297619047619}},{"fenStr":"r4rk1/pp1bppbp/2Np1np1/q5B1/4P3/2N5/PPP1BPPP/R2QR1K1","stockfishScores":{"bn":0.5297619047619048}},{"fenStr":"r4rk1/pp2ppbp/2bp1np1/q5B1/4P3/2N5/PPP1BPPP/R2QR1K1","stockfishScores":{"wn":0.4992857142857143}},{"fenStr":"r4rk1/pp2ppbp/2bp1Bp1/q7/4P3/2N5/PPP1BPPP/R2QR1K1","stockfishScores":{"bn":0.5273809523809524}},{"fenStr":"r4rk1/pp2pp1p/2bp1bp1/q7/4P3/2N5/PPP1BPPP/R2QR1K1","stockfishScores":{"wn":0.49529761904761904}},{"fenStr":"r4rk1/pp2pp1p/2bp1bp1/q7/4P3/2NQ4/PPP1BPPP/R3R1K1","stockfishScores":{"bn":0.495}},{"fenStr":"r4rk1/pp2pp1p/2bp1bp1/8/1q2P3/2NQ4/PPP1BPPP/R3R1K1","stockfishScores":{"wn":0.49410714285714286}},{"fenStr":"r4rk1/pp2pp1p/2bp1bp1/8/1q2P3/2NQ1B2/PPP2PPP/R3R1K1","stockfishScores":{"bn":0.4932142857142857}},{"fenStr":"r4rk1/pp2pp1p/2bp1bp1/8/4P3/2NQ1B2/PqP2PPP/R3R1K1","stockfishScores":{"wn":0.4876190476190476}},{"fenStr":"r4rk1/pp2pp1p/2bp1bp1/8/4P3/2NQ1B2/PqP2PPP/RR4K1","stockfishScores":{"bn":0.49404761904761907}},{"fenStr":"r4rk1/pp2pp1p/2bp1bp1/8/4P3/2qQ1B2/P1P2PPP/RR4K1","stockfishScores":{"wn":0.4599404761904762}},{"fenStr":"r4rk1/pp2pp1p/2bp1bp1/8/4P3/2Q2B2/P1P2PPP/RR4K1","stockfishScores":{"bn":0.5322619047619047}},{"fenStr":"r4rk1/pp2pp1p/2bp2p1/8/4P3/2b2B2/P1P2PPP/RR4K1","stockfishScores":{"wn":0.4580952380952381}},{"fenStr":"r4rk1/pp2pp1p/2bp2p1/8/4P3/2b2B2/P1P2PPP/RR3K2","stockfishScores":{"bn":0.4558333333333333}},{"fenStr":"2r2rk1/pp2pp1p/2bp2p1/8/4P3/2b2B2/P1P2PPP/RR3K2","stockfishScores":{"wn":0.4556547619047619}},{"fenStr":"2r2rk1/pp2pp1p/2bp2p1/8/4P3/2b5/P1P2PPP/RR1B1K2","stockfishScores":{"bn":0.4523214285714286}},{"fenStr":"2r2rk1/pp2pp1p/3p2p1/8/4b3/2b5/P1P2PPP/RR1B1K2","stockfishScores":{"wn":0.4546428571428571}},{"fenStr":"2r2rk1/pp2pp1p/3p2p1/8/4b3/2b5/P1P1KPPP/RR1B4","stockfishScores":{"bn":0.4541071428571429}},{"fenStr":"2r2rk1/pp2pp1p/3p2p1/8/4b3/8/P1P1KPPP/bR1B4","stockfishScores":{"wn":0.4181547619047619}},{"fenStr":"2r2rk1/pp2pp1p/3p2p1/8/4b3/8/P1P1KPPP/R2B4","stockfishScores":{"bn":0.4463095238095238}},{"fenStr":"2r2rk1/pp2pp1p/3p2p1/8/8/8/P1b1KPPP/R2B4","stockfishScores":{"wn":0.44166666666666665}},{"fenStr":"2r2rk1/pp2pp1p/3p2p1/8/8/8/P1B1KPPP/R7","stockfishScores":{"bn":0.46327380952380953}},{"fenStr":"5rk1/pp2pp1p/3p2p1/8/8/8/P1r1KPPP/R7","stockfishScores":{"wn":0.44226190476190474}},{"fenStr":"5rk1/pp2pp1p/3p2p1/8/8/5K2/P1r2PPP/R7","stockfishScores":{"bn":0.4425595238095238}},{"fenStr":"2r3k1/pp2pp1p/3p2p1/8/8/5K2/P1r2PPP/R7","stockfishScores":{"wn":0.4425595238095238}},{"fenStr":"2r3k1/pp2pp1p/3p2p1/8/8/5KP1/P1r2P1P/R7","stockfishScores":{"bn":0.44279761904761905}},{"fenStr":"6k1/pp2pp1p/3p2p1/8/8/2r2KP1/P1r2P1P/R7","stockfishScores":{"wn":0.4426785714285714}},{"fenStr":"6k1/pp2pp1p/3p2p1/8/8/2r3P1/P1r2PKP/R7","stockfishScores":{"bn":0.4436904761904762}},{"fenStr":"6k1/pp2pp1p/3p2p1/8/8/2r3P1/Pr3PKP/R7","stockfishScores":{"wn":0.44375}},{"fenStr":"6k1/pp2pp1p/3p2p1/8/7P/2r3P1/Pr3PK1/R7","stockfishScores":{"bn":0.44410714285714287}},{"fenStr":"6k1/pp2pp1p/3p2p1/8/7P/6P1/Prr2PK1/R7","stockfishScores":{"wn":0.4438095238095238}},{"fenStr":"6k1/pp2pp1p/3p2p1/8/7P/6P1/Prr2PK1/5R2","stockfishScores":{"bn":0.444047619047619}},{"fenStr":"6k1/pp2pp1p/3p2p1/8/7P/6P1/r1r2PK1/5R2","stockfishScores":{"wn":0.43952380952380954}},{"fenStr":"6k1/pp2pp1p/3p2p1/8/6PP/8/r1r2PK1/5R2","stockfishScores":{"bn":0.4392261904761905}},{"fenStr":"6k1/pp3p1p/3p2p1/4p3/6PP/8/r1r2PK1/5R2","stockfishScores":{"wn":0.4394047619047619}},{"fenStr":"6k1/pp3p1p/3p2p1/4p3/6PP/8/r1r2P2/5RK1","stockfishScores":{"bn":0.4388690476190476}},{"fenStr":"6k1/pp3p1p/6p1/3pp3/6PP/8/r1r2P2/5RK1","stockfishScores":{"wn":0.43797619047619046}},{"fenStr":"6k1/pp3p1p/6p1/3pp3/6PP/5P2/r1r5/5RK1","stockfishScores":{"bn":0.4380357142857143}},{"fenStr":"6k1/pp3p1p/6p1/3pp3/6PP/5P2/r5r1/5RK1","stockfishScores":{"wn":0.4380952380952381}},{"fenStr":"6k1/pp3p1p/6p1/3pp3/6PP/5P2/r5r1/5R1K","stockfishScores":{"bn":0.4367261904761905}},{"fenStr":"6k1/pp3p1p/6p1/3pp3/6PP/5P2/r6r/5R1K","stockfishScores":{"wn":0.43714285714285717}},{"fenStr":"6k1/pp3p1p/6p1/3pp3/6PP/5P2/r6r/5RK1","stockfishScores":{"bn":0.4384523809523809}},{"fenStr":"6k1/pp3p1p/6p1/3pp3/6PP/5P2/6rr/5RK1","stockfishScores":{"wn":0.4380952380952381}}],"result":{"bw":true}}