{"fens":[{"fenStr":"rnbqkbnr/pppppppp/8/8/4P3/8/PPPP1PPP/RNBQKBNR","stockfishScores":{"bn":0.5049404761904762}},{"fenStr":"rnbqkbnr/pppp1ppp/8/4p3/4P3/8/PPPP1PPP/RNBQKBNR","stockfishScores":{"wn":0.5005952380952381}},{"fenStr":"rnbqkbnr/pppp1ppp/8/4p3/4P3/5N2/PPPP1PPP/RNBQKB1R","stockfishScores":{"bn":0.5044047619047619}},{"fenStr":"r1bqkbnr/pppp1ppp/2n5/4p3/4P3/5N2/PPPP1PPP/RNBQKB1R","stockfishScores":{"wn":0.5004166666666666}},{"fenStr":"r1bqkbnr/pppp1ppp/2n5/4p3/3PP3/5N2/PPP2PPP/RNBQKB1R","stockfishScores":{"bn":0.5090476190476191}},{"fenStr":"r1bqkbnr/pppp1ppp/2n5/8/3pP3/5N2/PPP2PPP/RNBQKB1R","stockfishScores":{"wn":0.4969047619047619}},{"fenStr":"r1bqkbnr/pppp1ppp/2n5/8/3NP3/8/PPP2PPP/RNBQKB1R","stockfishScores":{"bn":0.5056547619047619}},{"fenStr":"r1bqkbnr/pppp1ppp/8/8/3nP3/8/PPP2PPP/RNBQKB1R","stockfishScores":{"wn":0.4785714285714286}},{"fenStr":"r1bqkbnr/pppp1ppp/8/8/3QP3/8/PPP2PPP/RNB1KB1R","stockfishScores":{"bn":0.51125}},{"fenStr":"r1bqkbnr/ppp2ppp/3p4/8/3QP3/8/PPP2PPP/RNB1KB1R","stockfishScores":{"wn":0.5152380952380953}},{"fenStr":"r1bqkbnr/ppp2ppp/3p4/8/3QP3/2N5/PPP2PPP/R1B1KB1R","stockfishScores":{"bn":0.518452380952381}},{"fenStr":"r1bqkb1r/ppp2ppp/3p1n2/8/3QP3/2N5/PPP2PPP/R1B1KB1R","stockfishScores":{"wn":0.5158333333333334}},{"fenStr":"r1bqkb1r/ppp2ppp/3p1n2/6B1/3QP3/2N5/PPP2PPP/R3KB1R","stockfishScores":{"bn":0.5207142857142857}},{"fenStr":"r1bqk2r/ppp1bppp/3p1n2/6B1/3QP3/2N5/PPP2PPP/R3KB1R","stockfishScores":{"wn":0.5178571428571429}},{"fenStr":"r1bqk2r/ppp1bppp/3p1n2/6B1/3QP3/2N5/PPP2PPP/2KR1B1R","stockfishScores":{"bn":0.5307142857142857}},{"fenStr":"r2qk2r/ppp1bppp/3pbn2/6B1/3QP3/2N5/PPP2PPP/2KR1B1R","stockfishScores":{"wn":0.5288095238095238}},{"fenStr":"r2qk2r/ppp1bppp/3pbn2/6B1/3QP3/2N3P1/PPP2P1P/2KR1B1R","stockfishScores":{"bn":0.5285119047619048}},{"fenStr":"r2qk2r/ppp1bpp1/3pbn1p/6B1/3QP3/2N3P1/PPP2P1P/2KR1B1R","stockfishScores":{"wn":0.5220833333333333}},{"fenStr":"r2qk2r/ppp1bpp1/3pbn1p/8/3QP3/2N3P1/PPPB1P1P/2KR1B1R","stockfishScores":{"bn":0.5167857142857143}},{"fenStr":"r2qk2r/1pp1bpp1/p2pbn1p/8/3QP3/2N3P1/PPPB1P1P/2KR1B1R","stockfishScores":{"wn":0.510297619047619}},{"fenStr":"r2qk2r/1pp1bpp1/p2pbn1p/8/3QP3/2N3P1/PPPB1PBP/2KR3R","stockfishScores":{"bn":0.5098214285714285}},{"fenStr":"r2qk2r/1p2bpp1/p2pbn1p/2p5/3QP3/2N3P1/PPPB1PBP/2KR3R","stockfishScores":{"wn":0.505}},{"fenStr":"r2qk2r/1p2bpp1/p2pbn1p/2p5/4P3/2N1Q1P1/PPPB1PBP/2KR3R","stockfishScores":{"bn":0.506547619047619}},{"fenStr":"r2qk2r/1p2bpp1/p2pb2p/2p5/4P1n1/2N1Q1P1/PPPB1PBP/2KR3R","stockfishScores":{"wn":0.5058333333333334}},{"fenStr":"r2qk2r/1p2bpp1/p2pb2p/2p5/4P1n1/2N3P1/PPPBQPBP/2KR3R","stockfishScores":{"bn":0.5091071428571429}},{"fenStr":"r2qk2r/1p2bpp1/p2pb2p/2p1n3/4P3/2N3P1/PPPBQPBP/2KR3R","stockfishScores":{"wn":0.5029166666666667}},{"fenStr":"r2qk2r/1p2bpp1/p2pb2p/2p1n3/4PP2/2N3P1/PPPBQ1BP/2KR3R","stockfishScores":{"bn":0.5109523809523809}},{"fenStr":"r2qk2r/1p2bpp1/p2p3p/2p1n3/4PPb1/2N3P1/PPPBQ1BP/2KR3R","stockfishScores":{"wn":0.50875}},{"fenStr":"r2qk2r/1p2bpp1/p2p3p/2p1n3/4PPb1/2N3P1/PPPB1QBP/2KR3R","stockfishScores":{"bn":0.5104166666666666}},{"fenStr":"r2qk2r/1p2bpp1/p2p3p/2p1n3/4PP2/2N3P1/PPPB1QBP/2Kb3R","stockfishScores":{"wn":0.48505952380952383}},{"fenStr":"r2qk2r/1p2bpp1/p2p3p/2p1n3/4PP2/2N3P1/PPPB1QBP/2KR4","stockfishScores":{"bn":0.5033928571428572}},{"fenStr":"r2qk2r/1p2bpp1/p2p3p/2p5/2n1PP2/2N3P1/PPPB1QBP/2KR4","stockfishScores":{"wn":0.5024404761904762}},{"fenStr":"r2qk2r/1p2bpp1/p2p3p/2p1P3/2n2P2/2N3P1/PPPB1QBP/2KR4","stockfishScores":{"bn":0.5059523809523809}},{"fenStr":"1r1qk2r/1p2bpp1/p2p3p/2p1P3/2n2P2/2N3P1/PPPB1QBP/2KR4","stockfishScores":{"wn":0.5056547619047619}},{"fenStr":"1r1qk2r/1p2bpp1/p2P3p/2p5/2n2P2/2N3P1/PPPB1QBP/2KR4","stockfishScores":{"bn":0.5125595238095239}},{"fenStr":"1r1qk2r/1p3pp1/p2b3p/2p5/2n2P2/2N3P1/PPPB1QBP/2KR4","stockfishScores":{"wn":0.501547619047619}},{"fenStr":"1r1qk2r/1p3pp1/p2b3p/2p5/2n2P2/2N3P1/PPPBQ1BP/2KR4","stockfishScores":{"bn":0.5081547619047619}},{"fenStr":"1r2k2r/1p2qpp1/p2b3p/2p5/2n2P2/2N3P1/PPPBQ1BP/2KR4","stockfishScores":{"wn":0.5060714285714286}},{"fenStr":"1r2k2r/1p2qpp1/p2b3p/2p5/2Q2P2/2N3P1/PPPB2BP/2KR4","stockfishScores":{"bn":0.5468452380952381}},{"fenStr":"1r3rk1/1p2qpp1/p2b3p/2p5/2Q2P2/2N3P1/PPPB2BP/2KR4","stockfishScores":{"wn":0.5214880952380953}},{"fenStr":"1r3rk1/1p2qpp1/p2b3p/2pN4/2Q2P2/6P1/PPPB2BP/2KR4","stockfishScores":{"bn":0.5247619047619048}},{"fenStr":"1r1q1rk1/1p3pp1/p2b3p/2pN4/2Q2P2/6P1/PPPB2BP/2KR4","stockfishScores":{"wn":0.5218452380952381}},{"fenStr":"1r1q1rk1/1p3pp1/p2b3p/2pN4/2Q2P2/4B1P1/PPP3BP/2KR4","stockfishScores":{"bn":0.5222023809523809}},{"fenStr":"1r1q1rk1/5pp1/p2b3p/1ppN4/2Q2P2/4B1P1/PPP3BP/2KR4","stockfishScores":{"wn":0.5166071428571428}},{"fenStr":"1r1q1rk1/5pp1/p2b3p/1ppN4/5P2/2Q1B1P1/PPP3BP/2KR4","stockfishScores":{"bn":0.5202976190476191}},{"fenStr":"1r1q1rk1/5pp1/p2b3p/2pN4/1p3P2/2Q1B1P1/PPP3BP/2KR4","stockfishScores":{"wn":0.5177380952380952}},{"fenStr":"1r1q1rk1/5pp1/p2b3p/2pN4/1pQ2P2/4B1P1/PPP3BP/2KR4","stockfishScores":{"bn":0.5210119047619047}},{"fenStr":"1r1qr1k1/5pp1/p2b3p/2pN4/1pQ2P2/4B1P1/PPP3BP/2KR4","stockfishScores":{"wn":0.5178571428571429}},{"fenStr":"1r1qr1k1/5pp1/p2b3p/2pN4/1pQ2P2/6P1/PPP3BP/2KR2B1","stockfishScores":{"bn":0.5164880952380952}},{"fenStr":"1r1qr2k/5pp1/p2b3p/2pN4/1pQ2P2/6P1/PPP3BP/2KR2B1","stockfishScores":{"wn":0.518452380952381}},{"fenStr":"1r1qr2k/5pp1/p2b3p/2pN4/1pQ2P2/6P1/PPP3BP/1K1R2B1","stockfishScores":{"bn":0.5193452380952381}},{"fenStr":"1r1qr2k/5pp1/3b3p/p1pN4/1pQ2P2/6P1/PPP3BP/1K1R2B1","stockfishScores":{"wn":0.5189285714285714}},{"fenStr":"1r1qr2k/5pp1/3b3p/p1p5/1pQ2P2/4N1P1/PPP3BP/1K1R2B1","stockfishScores":{"bn":0.5205357142857143}},{"fenStr":"1r2r2k/5pp1/3b1q1p/p1p5/1pQ2P2/4N1P1/PPP3BP/1K1R2B1","stockfishScores":{"wn":0.519702380952381}},{"fenStr":"1r2r2k/5pp1/Q2b1q1p/p1p5/1p3P2/4N1P1/PPP3BP/1K1R2B1","stockfishScores":{"bn":0.521547619047619}},{"fenStr":"1r2r2k/4bpp1/Q4q1p/p1p5/1p3P2/4N1P1/PPP3BP/1K1R2B1","stockfishScores":{"wn":0.5191666666666667}},{"fenStr":"1r2r2k/4bpp1/5q1p/Q1p5/1p3P2/4N1P1/PPP3BP/1K1R2B1","stockfishScores":{"bn":0.5206547619047619}},{"fenStr":"1r1r3k/4bpp1/5q1p/Q1p5/1p3P2/4N1P1/PPP3BP/1K1R2B1","stockfishScores":{"wn":0.5214880952380953}},{"fenStr":"1r1r3k/4bpp1/5q1p/Q1p5/1p3P2/4N1P1/PPP3BP/1KR3B1","stockfishScores":{"bn":0.5169047619047619}},{"fenStr":"1r5k/4bpp1/5q1p/Q1p5/1p3P2/4N1P1/PPPr2BP/1KR3B1","stockfishScores":{"wn":0.5154166666666666}},{"fenStr":"1r5k/4bpp1/5q1p/Q1p5/1p3P2/P3N1P1/1PPr2BP/1KR3B1","stockfishScores":{"bn":0.5161309523809524}},{"fenStr":"1r5k/4bpp1/5q1p/Q1p5/5P2/p3N1P1/1PPr2BP/1KR3B1","stockfishScores":{"wn":0.47386904761904763}},{"fenStr":"1r5k/4bpp1/5q1p/2p5/5P2/Q3N1P1/1PPr2BP/1KR3B1","stockfishScores":{"bn":0.5122023809523809}},{"fenStr":"1r5k/4bpp1/5q1p/8/2p2P2/Q3N1P1/1PPr2BP/1KR3B1","stockfishScores":{"wn":0.5045238095238095}},{"fenStr":"1r5k/4bpp1/5q1p/8/2p2P2/4N1P1/QPPr2BP/1KR3B1","stockfishScores":{"bn":0.5066071428571428}},{"fenStr":"1r5k/4bpp1/7p/8/2p2P2/2q1N1P1/QPPr2BP/1KR3B1","stockfishScores":{"wn":0.5104166666666666}},{"fenStr":"1r5k/4bpp1/7p/8/2p2P2/2q1NBP1/QPPr3P/1KR3B1","stockfishScores":{"bn":0.5114285714285715}},{"fenStr":"1r5k/5pp1/5b1p/8/2p2P2/2q1NBP1/QPPr3P/1KR3B1","stockfishScores":{"wn":0.5104166666666666}},{"fenStr":"1r5k/5pp1/5b1p/8/2N2P2/2q2BP1/QPPr3P/1KR3B1","stockfishScores":{"bn":0.5201785714285714}},{"fenStr":"1r1r3k/5pp1/5b1p/8/2N2P2/2q2BP1/QPP4P/1KR3B1","stockfishScores":{"wn":0.5208333333333334}},{"fenStr":"1r1r3k/5pp1/5b1p/8/2N2P2/2q2BP1/QPP4P/K1R3B1","stockfishScores":{"bn":0.5190476190476191}},{"fenStr":"1r1r3k/5pp1/5b1p/8/2N2P2/5qP1/QPP4P/K1R3B1","stockfishScores":{"wn":0.47869047619047617}},{"fenStr":"1r1r3k/5pp1/5b1p/8/5P2/N4qP1/QPP4P/K1R3B1","stockfishScores":{"bn":0.48345238095238097}},{"fenStr":"3r3k/5pp1/5b1p/8/5P2/N4qP1/QrP4P/K1R3B1","stockfishScores":{"wn":0.46476190476190476}},{"fenStr":"3r3k/5pp1/5b1p/8/5P2/N4qP1/1QP4P/K1R3B1","stockfishScores":{"bn":0.48857142857142855}},{"fenStr":"3r3k/5pp1/5b1p/8/5P2/q5P1/1QP4P/K1R3B1","stockfishScores":{"wn":0.4635714285714286}},{"fenStr":"3r3k/5pp1/5b1p/8/5P2/q5P1/1QP4P/1KR3B1","stockfishScores":{"bn":0.4761309523809524}},{"fenStr":"3r3k/5pp1/5b1p/8/5P2/6P1/1qP4P/1KR3B1","stockfishScores":{"wn":0.4303571428571429}}],"result":{"bw":true}}