{"fens":[{"fenStr":"rnbqkbnr/pppppppp/8/8/4P3/8/PPPP1PPP/RNBQKBNR","stockfishScores":{"bn":0.5049404761904762}},{"fenStr":"rnbqkbnr/pppp1ppp/8/4p3/4P3/8/PPPP1PPP/RNBQKBNR","stockfishScores":{"wn":0.5005952380952381}},{"fenStr":"rnbqkbnr/pppp1ppp/8/4p3/4P3/5N2/PPPP1PPP/RNBQKB1R","stockfishScores":{"bn":0.5044047619047619}},{"fenStr":"rnbqkb1r/pppp1ppp/5n2/4p3/4P3/5N2/PPPP1PPP/RNBQKB1R","stockfishScores":{"wn":0.5005952380952381}},{"fenStr":"rnbqkb1r/pppp1ppp/5n2/4N3/4P3/8/PPPP1PPP/RNBQKB1R","stockfishScores":{"bn":0.508452380952381}},{"fenStr":"rnbqkb1r/ppp2ppp/3p1n2/4N3/4P3/8/PPPP1PPP/RNBQKB1R","stockfishScores":{"wn":0.5036309523809523}},{"fenStr":"rnbqkb1r/ppp2ppp/3p1n2/8/4P3/5N2/PPPP1PPP/RNBQKB1R","stockfishScores":{"bn":0.503452380952381}},{"fenStr":"rnbqkb1r/ppp2ppp/3p4/8/4n3/5N2/PPPP1PPP/RNBQKB1R","stockfishScores":{"wn":0.4950595238095238}},{"fenStr":"rnbqkb1r/ppp2ppp/3p4/8/4n3/2N2N2/PPPP1PPP/R1BQKB1R","stockfishScores":{"bn":0.5004761904761905}},{"fenStr":"rnbqkb1r/ppp2ppp/3p4/8/8/2n2N2/PPPP1PPP/R1BQKB1R","stockfishScores":{"wn":0.4651190476190476}},{"fenStr":"rnbqkb1r/ppp2ppp/3p4/8/8/2P2N2/PPP2PPP/R1BQKB1R","stockfishScores":{"bn":0.5157738095238096}},{"fenStr":"rnbqk2r/ppp1bppp/3p4/8/8/2P2N2/PPP2PPP/R1BQKB1R","stockfishScores":{"wn":0.5048809523809524}},{"fenStr":"rnbqk2r/ppp1bppp/3p4/8/5B2/2P2N2/PPP2PPP/R2QKB1R","stockfishScores":{"bn":0.5048214285714285}},{"fenStr":"r1bqk2r/pppnbppp/3p4/8/5B2/2P2N2/PPP2PPP/R2QKB1R","stockfishScores":{"wn":0.5009523809523809}},{"fenStr":"r1bqk2r/pppnbppp/3p4/8/5B2/2P2N2/PPPQ1PPP/R3KB1R","stockfishScores":{"bn":0.49952380952380954}},{"fenStr":"r1bq1rk1/pppnbppp/3p4/8/5B2/2P2N2/PPPQ1PPP/R3KB1R","stockfishScores":{"wn":0.48988095238095236}},{"fenStr":"r1bq1rk1/pppnbppp/3p4/8/5B2/2P2N2/PPPQ1PPP/2KR1B1R","stockfishScores":{"bn":0.49726190476190474}},{"fenStr":"r1bq1rk1/ppp1bppp/3p4/2n5/5B2/2P2N2/PPPQ1PPP/2KR1B1R","stockfishScores":{"wn":0.49720238095238095}},{"fenStr":"r1bq1rk1/ppp1bppp/3p4/2n5/5B2/2P2N2/PPPQ1PPP/1K1R1B1R","stockfishScores":{"bn":0.49952380952380954}},{"fenStr":"r1bq1rk1/ppp2ppp/3p1b2/2n5/5B2/2P2N2/PPPQ1PPP/1K1R1B1R","stockfishScores":{"wn":0.5000595238095238}},{"fenStr":"r1bq1rk1/ppp2ppp/3p1b2/2n5/5B2/2PB1N2/PPPQ1PPP/1K1R3R","stockfishScores":{"bn":0.5007142857142857}},{"fenStr":"r2q1rk1/ppp2ppp/3p1b2/2n5/5Bb1/2PB1N2/PPPQ1PPP/1K1R3R","stockfishScores":{"wn":0.49910714285714286}},{"fenStr":"r2q1rk1/ppp2ppp/3p1b2/2n5/5Bb1/2PB1N2/PPPQ1PPP/1K4RR","stockfishScores":{"bn":0.49666666666666665}},{"fenStr":"r4rk1/pppq1ppp/3p1b2/2n5/5Bb1/2PB1N2/PPPQ1PPP/1K4RR","stockfishScores":{"wn":0.49654761904761907}},{"fenStr":"r4rk1/pppq1ppp/3p1b2/2n5/3N1Bb1/2PB4/PPPQ1PPP/1K4RR","stockfishScores":{"bn":0.4988690476190476}},{"fenStr":"r4rk1/pppq1ppp/3p1b2/8/3N1Bb1/2Pn4/PPPQ1PPP/1K4RR","stockfishScores":{"wn":0.4667857142857143}},{"fenStr":"r4rk1/pppq1ppp/3p1b2/8/3N1Bb1/2PQ4/PPP2PPP/1K4RR","stockfishScores":{"bn":0.49273809523809525}},{"fenStr":"r3r1k1/pppq1ppp/3p1b2/8/3N1Bb1/2PQ4/PPP2PPP/1K4RR","stockfishScores":{"wn":0.49}},{"fenStr":"r3r1k1/pppq1ppp/3p1b2/8/3N1Bb1/2PQ3P/PPP2PP1/1K4RR","stockfishScores":{"bn":0.495}},{"fenStr":"r3r1k1/pppq1ppp/3p1b2/7b/3N1B2/2PQ3P/PPP2PP1/1K4RR","stockfishScores":{"wn":0.4930357142857143}},{"fenStr":"r3r1k1/pppq1ppp/3p1b2/7b/3N4/2PQB2P/PPP2PP1/1K4RR","stockfishScores":{"bn":0.49547619047619046}},{"fenStr":"r3r1k1/pppq1ppp/3p1bb1/8/3N4/2PQB2P/PPP2PP1/1K4RR","stockfishScores":{"wn":0.4882142857142857}},{"fenStr":"r3r1k1/pppq1ppp/3p1bb1/8/3N4/2P1B2P/PPPQ1PP1/1K4RR","stockfishScores":{"bn":0.4911904761904762}},{"fenStr":"r3r1k1/p1pq1ppp/3p1bb1/1p6/3N4/2P1B2P/PPPQ1PP1/1K4RR","stockfishScores":{"wn":0.49392857142857144}},{"fenStr":"r3r1k1/p1pq1ppp/3p1bb1/1p6/3N3P/2P1B3/PPPQ1PP1/1K4RR","stockfishScores":{"bn":0.49315476190476193}},{"fenStr":"r3r1k1/p2q1ppp/3p1bb1/1pp5/3N3P/2P1B3/PPPQ1PP1/1K4RR","stockfishScores":{"wn":0.48791666666666667}},{"fenStr":"r3r1k1/p2q1ppp/3p1bb1/1pp5/7P/2P1B3/PPPQNPP1/1K4RR","stockfishScores":{"bn":0.4905952380952381}},{"fenStr":"r3r1k1/p2q1ppp/3p1bb1/2p5/1p5P/2P1B3/PPPQNPP1/1K4RR","stockfishScores":{"wn":0.48916666666666664}},{"fenStr":"r3r1k1/p2q1ppp/3p1bb1/2p5/1P5P/4B3/PPPQNPP1/1K4RR","stockfishScores":{"bn":0.4944047619047619}},{"fenStr":"1r2r1k1/p2q1ppp/3p1bb1/2p5/1P5P/4B3/PPPQNPP1/1K4RR","stockfishScores":{"wn":0.4926190476190476}},{"fenStr":"1r2r1k1/p2q1ppp/3p1bb1/2p5/1P3N1P/4B3/PPPQ1PP1/1K4RR","stockfishScores":{"bn":0.49654761904761907}},{"fenStr":"4r1k1/p2q1ppp/3p1bb1/2p5/1r3N1P/4B3/PPPQ1PP1/1K4RR","stockfishScores":{"wn":0.46535714285714286}},{"fenStr":"4r1k1/p2q1ppp/3p1bb1/2p5/1r3N1P/1P2B3/P1PQ1PP1/1K4RR","stockfishScores":{"bn":0.4797619047619048}},{"fenStr":"4r1k1/p4ppp/3p1bb1/1qp5/1r3N1P/1P2B3/P1PQ1PP1/1K4RR","stockfishScores":{"wn":0.4828571428571429}},{"fenStr":"4r1k1/p4ppp/3p1bN1/1qp5/1r5P/1P2B3/P1PQ1PP1/1K4RR","stockfishScores":{"bn":0.5120833333333333}},{"fenStr":"4r1k1/p4pp1/3p1bp1/1qp5/1r5P/1P2B3/P1PQ1PP1/1K4RR","stockfishScores":{"wn":0.49101190476190476}},{"fenStr":"4r1k1/p4pp1/3p1bp1/1qp4P/1r6/1P2B3/P1PQ1PP1/1K4RR","stockfishScores":{"bn":0.4913690476190476}},{"fenStr":"4r1k1/p4pp1/3p1bp1/1q5P/1rp5/1P2B3/P1PQ1PP1/1K4RR","stockfishScores":{"wn":0.4967857142857143}},{"fenStr":"4r1k1/p4pp1/3p1bp1/1q5P/1rp5/1PP1B3/P2Q1PP1/1K4RR","stockfishScores":{"bn":0.4963095238095238}},{"fenStr":"4r1k1/p4pp1/3p1bp1/1q5P/1r6/1pP1B3/P2Q1PP1/1K4RR","stockfishScores":{"wn":0.47410714285714284}},{"fenStr":"4r1k1/p4pp1/3p1bp1/1q5P/1r6/PpP1B3/3Q1PP1/1K4RR","stockfishScores":{"bn":0.4679761904761905}},{"fenStr":"4r1k1/p4pp1/3p1bp1/1q5P/r7/PpP1B3/3Q1PP1/1K4RR","stockfishScores":{"wn":0.4542857142857143}},{"fenStr":"4r1k1/p4pp1/3p1bP1/1q6/r7/PpP1B3/3Q1PP1/1K4RR","stockfishScores":{"bn":0.46845238095238095}},{"fenStr":"4r1k1/p4pp1/3p1bP1/1q6/8/rpP1B3/3Q1PP1/1K4RR","stockfishScores":{"wn":0.4569047619047619}},{"fenStr":"4r1kR/p4pp1/3p1bP1/1q6/8/rpP1B3/3Q1PP1/1K4R1","stockfishScores":{"bn":0.44720238095238096}},{"fenStr":"4r2k/p4pp1/3p1bP1/1q6/8/rpP1B3/3Q1PP1/1K4R1","stockfishScores":{"wn":0.4232142857142857}},{"fenStr":"4r2k/p4Pp1/3p1b2/1q6/8/rpP1B3/3Q1PP1/1K4R1","stockfishScores":{"bn":0.43720238095238095}},{"fenStr":"4r2k/p4Pp1/3p1b2/5q2/8/rpP1B3/3Q1PP1/1K4R1","stockfishScores":{"wn":0.44035714285714284}},{"fenStr":"4r2k/p4Pp1/3p1b2/5q2/8/rpP1B3/3Q1PP1/2K3R1","stockfishScores":{"bn":0.4423809523809524}},{"fenStr":"4r2k/p4Pp1/3p1b2/5q2/8/1pP1B3/3Q1PP1/r1K3R1","stockfishScores":{"wn":0.4275595238095238}},{"fenStr":"4r2k/p4Pp1/3p1b2/5q2/8/1pP1B3/1K1Q1PP1/r5R1","stockfishScores":{"bn":0.44470238095238096}},{"fenStr":"4r2k/p4Pp1/3p1b2/5q2/8/1pP1B3/rK1Q1PP1/6R1","stockfishScores":{"wn":0.46291666666666664}},{"fenStr":"4r2k/p4Pp1/3p1b2/5q2/8/1KP1B3/r2Q1PP1/6R1","stockfishScores":{"bn":0.4425}},{"fenStr":"1r5k/p4Pp1/3p1b2/5q2/8/1KP1B3/r2Q1PP1/6R1","stockfishScores":{"wn":0.4263095238095238}},{"fenStr":"1r5k/p4Pp1/3p1b2/5q2/2K5/2P1B3/r2Q1PP1/6R1","stockfishScores":{"bn":0.4213690476190476}},{"fenStr":"1r5k/p4Pp1/3p1b2/5q2/r1K5/2P1B3/3Q1PP1/6R1","stockfishScores":{"wn":0.41583333333333333}}],"result":{"bw":true}}