{"fens":[{"fenStr":"rnbqkbnr/pppppppp/8/8/4P3/8/PPPP1PPP/RNBQKBNR","stockfishScores":{"bn":0.5049404761904762}},{"fenStr":"rnbqkbnr/pp1ppppp/8/2p5/4P3/8/PPPP1PPP/RNBQKBNR","stockfishScores":{"wn":0.5038095238095238}},{"fenStr":"rnbqkbnr/pp1ppppp/8/2p5/4P3/5N2/PPPP1PPP/RNBQKB1R","stockfishScores":{"bn":0.5058928571428571}},{"fenStr":"rnbqkbnr/pp1p1ppp/4p3/2p5/4P3/5N2/PPPP1PPP/RNBQKB1R","stockfishScores":{"wn":0.5020238095238095}},{"fenStr":"rnbqkbnr/pp1p1ppp/4p3/2p5/3PP3/5N2/PPP2PPP/RNBQKB1R","stockfishScores":{"bn":0.5095833333333334}},{"fenStr":"rnbqkbnr/pp1p1ppp/4p3/8/3pP3/5N2/PPP2PPP/RNBQKB1R","stockfishScores":{"wn":0.4922619047619048}},{"fenStr":"rnbqkbnr/pp1p1ppp/4p3/8/3NP3/8/PPP2PPP/RNBQKB1R","stockfishScores":{"bn":0.5060119047619047}},{"fenStr":"rnb1kbnr/pp1p1ppp/1q2p3/8/3NP3/8/PPP2PPP/RNBQKB1R","stockfishScores":{"wn":0.5066666666666667}},{"fenStr":"rnb1kbnr/pp1p1ppp/1q2p3/8/4P3/1N6/PPP2PPP/RNBQKB1R","stockfishScores":{"bn":0.49523809523809526}},{"fenStr":"rnb1kbnr/ppqp1ppp/4p3/8/4P3/1N6/PPP2PPP/RNBQKB1R","stockfishScores":{"wn":0.5063690476190477}},{"fenStr":"rnb1kbnr/ppqp1ppp/4p3/8/4P3/1NN5/PPP2PPP/R1BQKB1R","stockfishScores":{"bn":0.5092261904761904}},{"fenStr":"rnb1kbnr/1pqp1ppp/p3p3/8/4P3/1NN5/PPP2PPP/R1BQKB1R","stockfishScores":{"wn":0.5098809523809524}},{"fenStr":"rnb1kbnr/1pqp1ppp/p3p3/8/4P3/1NNB4/PPP2PPP/R1BQK2R","stockfishScores":{"bn":0.5083333333333333}},{"fenStr":"rnb1kbnr/2qp1ppp/p3p3/1p6/4P3/1NNB4/PPP2PPP/R1BQK2R","stockfishScores":{"wn":0.5073809523809524}},{"fenStr":"rnb1kbnr/2qp1ppp/p3p3/1p6/4P3/1NNB4/PPP2PPP/R1BQ1RK1","stockfishScores":{"bn":0.5173214285714286}},{"fenStr":"rn2kbnr/1bqp1ppp/p3p3/1p6/4P3/1NNB4/PPP2PPP/R1BQ1RK1","stockfishScores":{"wn":0.5151785714285714}},{"fenStr":"rn2kbnr/1bqp1ppp/p3p3/1p6/4PP2/1NNB4/PPP3PP/R1BQ1RK1","stockfishScores":{"bn":0.5171428571428571}},{"fenStr":"rn2kb1r/1bqp1ppp/p3pn2/1p6/4PP2/1NNB4/PPP3PP/R1BQ1RK1","stockfishScores":{"wn":0.5145833333333333}},{"fenStr":"rn2kb1r/1bqp1ppp/p3pn2/1p2P3/5P2/1NNB4/PPP3PP/R1BQ1RK1","stockfishScores":{"bn":0.5075595238095238}},{"fenStr":"rn2kb1r/1bqp1ppp/p3pn2/4P3/1p3P2/1NNB4/PPP3PP/R1BQ1RK1","stockfishScores":{"wn":0.5085119047619048}},{"fenStr":"rn2kb1r/1bqp1ppp/p3pP2/8/1p3P2/1NNB4/PPP3PP/R1BQ1RK1","stockfishScores":{"bn":0.5272619047619047}},{"fenStr":"rn2kb1r/1bqp1ppp/p3pP2/8/5P2/1NpB4/PPP3PP/R1BQ1RK1","stockfishScores":{"wn":0.5036904761904762}},{"fenStr":"rn2kb1r/1bqp1pPp/p3p3/8/5P2/1NpB4/PPP3PP/R1BQ1RK1","stockfishScores":{"bn":0.5167857142857143}},{"fenStr":"rn2k2r/1bqp1pbp/p3p3/8/5P2/1NpB4/PPP3PP/R1BQ1RK1","stockfishScores":{"wn":0.5004166666666666}},{"fenStr":"rn2k2r/1bqp1pbp/p3p3/8/5P2/1NPB4/P1P3PP/R1BQ1RK1","stockfishScores":{"bn":0.5050595238095238}},{"fenStr":"rn2k2r/1bqp1p1p/p3p3/8/5P2/1NbB4/P1P3PP/R1BQ1RK1","stockfishScores":{"wn":0.4975595238095238}},{"fenStr":"rn2k2r/1bqp1p1p/p3p3/8/5P2/1NbB4/P1P3PP/1RBQ1RK1","stockfishScores":{"bn":0.5007142857142857}},{"fenStr":"rn2k1r1/1bqp1p1p/p3p3/8/5P2/1NbB4/P1P3PP/1RBQ1RK1","stockfishScores":{"wn":0.46714285714285714}},{"fenStr":"rn2k1r1/1bqp1p1p/p3p3/8/5P2/1NbB4/P1P2RPP/1RBQ2K1","stockfishScores":{"bn":0.5051190476190476}},{"fenStr":"rn2k1r1/1b1p1p1p/pq2p3/8/5P2/1NbB4/P1P2RPP/1RBQ2K1","stockfishScores":{"wn":0.47696428571428573}},{"fenStr":"rn2k1r1/1b1p1p1p/pq2p3/8/5P2/1Nb5/P1P2RPP/1RBQ1BK1","stockfishScores":{"bn":0.49720238095238095}},{"fenStr":"rn2k1r1/3p1p1p/pq2p3/3b4/5P2/1Nb5/P1P2RPP/1RBQ1BK1","stockfishScores":{"wn":0.49601190476190476}},{"fenStr":"rn2k1r1/3p1p1p/pq2p3/3b4/5P2/1Nb5/PBP2RPP/1R1Q1BK1","stockfishScores":{"bn":0.49642857142857144}},{"fenStr":"rn2k1r1/3p1p1p/pq2p3/3b4/5P2/1N6/PbP2RPP/1R1Q1BK1","stockfishScores":{"wn":0.4723809523809524}},{"fenStr":"rn2k1r1/3p1p1p/pq2p3/3b4/5P2/1N6/PRP2RPP/3Q1BK1","stockfishScores":{"bn":0.49833333333333335}},{"fenStr":"r3k1r1/3p1p1p/pqn1p3/3b4/5P2/1N6/PRP2RPP/3Q1BK1","stockfishScores":{"wn":0.49255952380952384}},{"fenStr":"r3k1r1/3p1p1p/pqn1p3/3b4/2P2P2/1N6/PR3RPP/3Q1BK1","stockfishScores":{"bn":0.5025}},{"fenStr":"r3k1r1/3p1p1p/pqn1p3/8/2P1bP2/1N6/PR3RPP/3Q1BK1","stockfishScores":{"wn":0.5002380952380953}},{"fenStr":"r3k1r1/3p1p1p/pqn1p3/2P5/4bP2/1N6/PR3RPP/3Q1BK1","stockfishScores":{"bn":0.5108333333333334}},{"fenStr":"r3k1r1/3p1p1p/p1n1p3/2P5/1q2bP2/1N6/PR3RPP/3Q1BK1","stockfishScores":{"wn":0.5055952380952381}},{"fenStr":"r3k1r1/3p1p1p/p1n1p3/2P5/1q2bP2/1N6/P2R1RPP/3Q1BK1","stockfishScores":{"bn":0.50375}},{"fenStr":"4k1r1/r2p1p1p/p1n1p3/2P5/1q2bP2/1N6/P2R1RPP/3Q1BK1","stockfishScores":{"wn":0.5038095238095238}},{"fenStr":"4k1r1/r2p1p1p/p1n1p3/2P5/1q2bP2/1N1B4/P2R1RPP/3Q2K1","stockfishScores":{"bn":0.5013095238095238}},{"fenStr":"4k1r1/r2p1p1p/p1n1p3/2P5/1q3P2/1N1b4/P2R1RPP/3Q2K1","stockfishScores":{"wn":0.47767857142857145}},{"fenStr":"4k1r1/r2p1p1p/p1n1p3/2P5/1q3P2/1N1R4/P4RPP/3Q2K1","stockfishScores":{"bn":0.5046428571428572}},{"fenStr":"4k1r1/r2p1p1p/2n1p3/p1P5/1q3P2/1N1R4/P4RPP/3Q2K1","stockfishScores":{"wn":0.5040476190476191}},{"fenStr":"4k1r1/r2p1p1p/2n1p3/p1P5/1q1N1P2/3R4/P4RPP/3Q2K1","stockfishScores":{"bn":0.5029166666666667}},{"fenStr":"4k1r1/r2p1p1p/4p3/p1P5/1q1n1P2/3R4/P4RPP/3Q2K1","stockfishScores":{"wn":0.4780357142857143}},{"fenStr":"4k1r1/r2p1p1p/4p3/p1P5/1q1R1P2/8/P4RPP/3Q2K1","stockfishScores":{"bn":0.5029166666666667}},{"fenStr":"4k1r1/r2p1p1p/4p3/p1P5/3R1P2/2q5/P4RPP/3Q2K1","stockfishScores":{"wn":0.5057738095238096}},{"fenStr":"4k1r1/r2p1p1p/4p3/p1P5/3R1P2/2q5/P2R2PP/3Q2K1","stockfishScores":{"bn":0.5021428571428571}},{"fenStr":"4k3/r2p1p1p/4p1r1/p1P5/3R1P2/2q5/P2R2PP/3Q2K1","stockfishScores":{"wn":0.5033333333333333}},{"fenStr":"4k3/r2R1p1p/4p1r1/p1P5/5P2/2q5/P2R2PP/3Q2K1","stockfishScores":{"bn":0.5278571428571428}},{"fenStr":"4k3/r2R1p1p/4p1r1/p1q5/5P2/8/P2R2PP/3Q2K1","stockfishScores":{"wn":0.5139880952380952}},{"fenStr":"4k3/r2R1p1p/4p1r1/p1q5/5P2/8/P2R2PP/3Q3K","stockfishScores":{"bn":0.5170833333333333}},{"fenStr":"4k3/3r1p1p/4p1r1/p1q5/5P2/8/P2R2PP/3Q3K","stockfishScores":{"wn":0.4595238095238095}},{"fenStr":"4k3/3R1p1p/4p1r1/p1q5/5P2/8/P5PP/3Q3K","stockfishScores":{"bn":0.5041666666666667}},{"fenStr":"4k3/3R1p1p/2q1p1r1/p7/5P2/8/P5PP/3Q3K","stockfishScores":{"wn":0.5023809523809524}},{"fenStr":"4k3/5p1p/2q1p1r1/p7/5P2/8/P2R2PP/3Q3K","stockfishScores":{"bn":0.5014285714285714}},{"fenStr":"4k3/5p1p/2q1pr2/p7/5P2/8/P2R2PP/3Q3K","stockfishScores":{"wn":0.5027380952380952}},{"fenStr":"4k3/5p1p/2q1pr2/p7/5P2/8/P4RPP/3Q3K","stockfishScores":{"bn":0.5013690476190477}},{"fenStr":"4k3/5p1p/2q1p3/p4r2/5P2/8/P4RPP/3Q3K","stockfishScores":{"wn":0.5018452380952381}},{"fenStr":"4k3/5p1p/2q1p3/p4r2/5P2/7P/P4RP1/3Q3K","stockfishScores":{"bn":0.5009523809523809}},{"fenStr":"4k3/5p2/2q1p3/p4r1p/5P2/7P/P4RP1/3Q3K","stockfishScores":{"wn":0.5003571428571428}},{"fenStr":"4k3/5p2/2q1p3/p4r1p/3Q1P2/7P/P4RP1/7K","stockfishScores":{"bn":0.5019047619047619}},{"fenStr":"4k3/5p2/2q1p3/p2r3p/3Q1P2/7P/P4RP1/7K","stockfishScores":{"wn":0.4992857142857143}},{"fenStr":"4k3/5p2/2q1p3/p2r3p/5P2/7P/P4RP1/Q6K","stockfishScores":{"bn":0.49857142857142855}},{"fenStr":"4k3/5p2/3qp3/p2r3p/5P2/7P/P4RP1/Q6K","stockfishScores":{"wn":0.49970238095238095}},{"fenStr":"4k3/5p2/3qp3/p2r3p/5P2/7P/P5P1/Q4R1K","stockfishScores":{"bn":0.49898809523809523}},{"fenStr":"8/4kp2/3qp3/p2r3p/5P2/7P/P5P1/Q4R1K","stockfishScores":{"wn":0.4968452380952381}},{"fenStr":"8/4kp2/3qp3/p2r1P1p/8/7P/P5P1/Q4R1K","stockfishScores":{"bn":0.49535714285714283}},{"fenStr":"8/4kp2/3q4/p2rpP1p/8/7P/P5P1/Q4R1K","stockfishScores":{"wn":0.49488095238095237}},{"fenStr":"8/4kp2/3q1P2/p2rp2p/8/7P/P5P1/Q4R1K","stockfishScores":{"bn":0.4961904761904762}},{"fenStr":"8/5p2/3qkP2/p2rp2p/8/7P/P5P1/Q4R1K","stockfishScores":{"wn":0.4974404761904762}},{"fenStr":"8/5p2/3qkP2/p2rp2p/8/7P/P5P1/1Q3R1K","stockfishScores":{"bn":0.5042857142857143}},{"fenStr":"8/5p2/3qkP2/p3p2p/8/3r3P/P5P1/1Q3R1K","stockfishScores":{"wn":0.49720238095238095}},{"fenStr":"8/5p2/3qkP2/pQ2p2p/8/3r3P/P5P1/5R1K","stockfishScores":{"bn":0.5055357142857143}},{"fenStr":"8/5p2/4kP2/pQ1qp2p/8/3r3P/P5P1/5R1K","stockfishScores":{"wn":0.5036309523809523}},{"fenStr":"4Q3/5p2/4kP2/p2qp2p/8/3r3P/P5P1/5R1K","stockfishScores":{"bn":0.5032738095238095}},{"fenStr":"4Q3/5p2/3k1P2/p2qp2p/8/3r3P/P5P1/5R1K","stockfishScores":{"wn":0.5017857142857143}},{"fenStr":"3Q4/5p2/3k1P2/p2qp2p/8/3r3P/P5P1/5R1K","stockfishScores":{"bn":0.5004166666666666}},{"fenStr":"3Q4/5p2/4kP2/p2qp2p/8/3r3P/P5P1/5R1K","stockfishScores":{"wn":0.5008928571428571}},{"fenStr":"8/4Qp2/4kP2/p2qp2p/8/3r3P/P5P1/5R1K","stockfishScores":{"bn":0.4986309523809524}}],"result":{"ww":true}}