{"fens":[{"fenStr":"rnbqkbnr/pppppppp/8/8/3P4/8/PPP1PPPP/RNBQKBNR","stockfishScores":{"bn":0.5048809523809524}},{"fenStr":"rnbqkbnr/pppppp1p/6p1/8/3P4/8/PPP1PPPP/RNBQKBNR","stockfishScores":{"wn":0.5045833333333334}},{"fenStr":"rnbqkbnr/pppppp1p/6p1/8/3PP3/8/PPP2PPP/RNBQKBNR","stockfishScores":{"bn":0.5094047619047619}},{"fenStr":"rnbqkbnr/ppp1pp1p/3p2p1/8/3PP3/8/PPP2PPP/RNBQKBNR","stockfishScores":{"wn":0.5056547619047619}},{"fenStr":"rnbqkbnr/ppp1pp1p/3p2p1/8/3PP3/2N5/PPP2PPP/R1BQKBNR","stockfishScores":{"bn":0.5078571428571429}},{"fenStr":"rnbqk1nr/ppp1ppbp/3p2p1/8/3PP3/2N5/PPP2PPP/R1BQKBNR","stockfishScores":{"wn":0.5059523809523809}},{"fenStr":"rnbqk1nr/ppp1ppbp/3p2p1/8/3PP3/2N1B3/PPP2PPP/R2QKBNR","stockfishScores":{"bn":0.5061904761904762}},{"fenStr":"rnbqk1nr/1pp1ppbp/p2p2p1/8/3PP3/2N1B3/PPP2PPP/R2QKBNR","stockfishScores":{"wn":0.5061904761904762}},{"fenStr":"rnbqk1nr/1pp1ppbp/p2p2p1/8/P2PP3/2N1B3/1PP2PPP/R2QKBNR","stockfishScores":{"bn":0.505297619047619}},{"fenStr":"rnbqk1nr/2p1ppbp/pp1p2p1/8/P2PP3/2N1B3/1PP2PPP/R2QKBNR","stockfishScores":{"wn":0.5077380952380952}},{"fenStr":"rnbqk1nr/2p1ppbp/pp1p2p1/8/P2PP3/2N1BN2/1PP2PPP/R2QKB1R","stockfishScores":{"bn":0.5106547619047619}},{"fenStr":"rn1qk1nr/1bp1ppbp/pp1p2p1/8/P2PP3/2N1BN2/1PP2PPP/R2QKB1R","stockfishScores":{"wn":0.51}},{"fenStr":"rn1qk1nr/1bp1ppbp/pp1p2p1/8/P2PP3/2N1BN1P/1PP2PP1/R2QKB1R","stockfishScores":{"bn":0.5109523809523809}},{"fenStr":"rn1qk2r/1bp1ppbp/pp1p1np1/8/P2PP3/2N1BN1P/1PP2PP1/R2QKB1R","stockfishScores":{"wn":0.5080357142857143}},{"fenStr":"rn1qk2r/1bp1ppbp/pp1p1np1/8/P2PP3/2NBBN1P/1PP2PP1/R2QK2R","stockfishScores":{"bn":0.508095238095238}},{"fenStr":"rn1q1rk1/1bp1ppbp/pp1p1np1/8/P2PP3/2NBBN1P/1PP2PP1/R2QK2R","stockfishScores":{"wn":0.49875}},{"fenStr":"rn1q1rk1/1bp1ppbp/pp1p1np1/8/P2PP3/2NBBN1P/1PP2PP1/R2Q1RK1","stockfishScores":{"bn":0.5096428571428572}},{"fenStr":"r2q1rk1/1bpnppbp/pp1p1np1/8/P2PP3/2NBBN1P/1PP2PP1/R2Q1RK1","stockfishScores":{"wn":0.5063095238095238}},{"fenStr":"r2q1rk1/1bpnppbp/pp1p1np1/8/P2PP3/2NBBN1P/1PPQ1PP1/R4RK1","stockfishScores":{"bn":0.5049404761904762}},{"fenStr":"r2qr1k1/1bpnppbp/pp1p1np1/8/P2PP3/2NBBN1P/1PPQ1PP1/R4RK1","stockfishScores":{"wn":0.5060119047619047}},{"fenStr":"r2qr1k1/1bpnppbp/pp1p1npB/8/P2PP3/2NB1N1P/1PPQ1PP1/R4RK1","stockfishScores":{"bn":0.5042857142857143}},{"fenStr":"r2qr1kb/1bpnpp1p/pp1p1npB/8/P2PP3/2NB1N1P/1PPQ1PP1/R4RK1","stockfishScores":{"wn":0.5099404761904762}},{"fenStr":"r2qr1kb/1bpnpp1p/pp1p1npB/8/P2PP3/2NB1N1P/1PPQ1PP1/R3R1K1","stockfishScores":{"bn":0.5101785714285715}},{"fenStr":"r2qr1kb/1b1npp1p/pp1p1npB/2p5/P2PP3/2NB1N1P/1PPQ1PP1/R3R1K1","stockfishScores":{"wn":0.5085119047619048}},{"fenStr":"r2qr1kb/1b1npp1p/pp1p1npB/2pP4/P3P3/2NB1N1P/1PPQ1PP1/R3R1K1","stockfishScores":{"bn":0.5099404761904762}},{"fenStr":"r2qr1kb/1b2pp1p/pp1p1npB/2pPn3/P3P3/2NB1N1P/1PPQ1PP1/R3R1K1","stockfishScores":{"wn":0.5042261904761904}},{"fenStr":"r2qr1kb/1b2pp1p/pp1p1npB/2pPN3/P3P3/2NB3P/1PPQ1PP1/R3R1K1","stockfishScores":{"bn":0.5404166666666667}},{"fenStr":"r2qr1kb/1b2pp1p/pp3npB/2pPp3/P3P3/2NB3P/1PPQ1PP1/R3R1K1","stockfishScores":{"wn":0.5133928571428571}},{"fenStr":"r2qr1kb/1b2pp1p/pp3npB/2pPp3/P1B1P3/2N4P/1PPQ1PP1/R3R1K1","stockfishScores":{"bn":0.5143452380952381}},{"fenStr":"r3r1kb/1bq1pp1p/pp3npB/2pPp3/P1B1P3/2N4P/1PPQ1PP1/R3R1K1","stockfishScores":{"wn":0.5155357142857143}},{"fenStr":"r3r1kb/1bq1pp1p/pp3npB/2pPp3/P1B1P3/2N4P/1PPQ1PP1/3RR1K1","stockfishScores":{"bn":0.5147619047619048}},{"fenStr":"r2r2kb/1bq1pp1p/pp3npB/2pPp3/P1B1P3/2N4P/1PPQ1PP1/3RR1K1","stockfishScores":{"wn":0.5133333333333333}},{"fenStr":"r2r2kb/1bq1pp1p/pp3npB/2pPp3/P1B1PP2/2N4P/1PPQ2P1/3RR1K1","stockfishScores":{"bn":0.5096428571428572}},{"fenStr":"r2rn1kb/1bq1pp1p/pp4pB/2pPp3/P1B1PP2/2N4P/1PPQ2P1/3RR1K1","stockfishScores":{"wn":0.5142261904761904}},{"fenStr":"r2rn1kb/1bq1pp1p/pp4pB/2pPpP2/P1B1P3/2N4P/1PPQ2P1/3RR1K1","stockfishScores":{"bn":0.5188690476190476}},{"fenStr":"r2r2kb/1bq1pp1p/pp1n2pB/2pPpP2/P1B1P3/2N4P/1PPQ2P1/3RR1K1","stockfishScores":{"wn":0.5076190476190476}},{"fenStr":"r2r2kb/1bq1pp1p/pp1n2pB/2pPpP2/P1B1P3/1PN4P/2PQ2P1/3RR1K1","stockfishScores":{"bn":0.5095238095238095}},{"fenStr":"r2r2kb/1b1qpp1p/pp1n2pB/2pPpP2/P1B1P3/1PN4P/2PQ2P1/3RR1K1","stockfishScores":{"wn":0.5110119047619047}},{"fenStr":"r2r2kb/1b1qpp1p/pp1n2pB/2pPpP2/P3P3/1PN4P/2PQB1P1/3RR1K1","stockfishScores":{"bn":0.5110714285714286}},{"fenStr":"r2r2k1/1b1qppbp/pp1n2pB/2pPpP2/P3P3/1PN4P/2PQB1P1/3RR1K1","stockfishScores":{"wn":0.5073214285714286}},{"fenStr":"r2r2k1/1b1qppbp/pp1n2pB/2pPpP2/P3P1B1/1PN4P/2PQ2P1/3RR1K1","stockfishScores":{"bn":0.5078571428571429}},{"fenStr":"r2r2k1/1bq1ppbp/pp1n2pB/2pPpP2/P3P1B1/1PN4P/2PQ2P1/3RR1K1","stockfishScores":{"wn":0.5067857142857143}},{"fenStr":"r2r2k1/1bq1ppbp/pp1n2pB/2pPpP2/P3P1B1/1PN4P/2PQ2P1/3R1RK1","stockfishScores":{"bn":0.5044047619047619}},{"fenStr":"r2r2k1/1bq1p1bp/pp1n1ppB/2pPpP2/P3P1B1/1PN4P/2PQ2P1/3R1RK1","stockfishScores":{"wn":0.5041666666666667}},{"fenStr":"r2r2k1/1bq1p1bp/pp1n1pPB/2pPp3/P3P1B1/1PN4P/2PQ2P1/3R1RK1","stockfishScores":{"bn":0.5330952380952381}},{"fenStr":"r2r2k1/1bq1p1b1/pp1n1ppB/2pPp3/P3P1B1/1PN4P/2PQ2P1/3R1RK1","stockfishScores":{"wn":0.5107142857142857}},{"fenStr":"r2r2k1/1bq1p1b1/pp1nBppB/2pPp3/P3P3/1PN4P/2PQ2P1/3R1RK1","stockfishScores":{"bn":0.5123809523809524}},{"fenStr":"r2r4/1bq1p1bk/pp1nBppB/2pPp3/P3P3/1PN4P/2PQ2P1/3R1RK1","stockfishScores":{"wn":0.5103571428571428}},{"fenStr":"r2r4/1bq1p1Bk/pp1nBpp1/2pPp3/P3P3/1PN4P/2PQ2P1/3R1RK1","stockfishScores":{"bn":0.5583928571428571}},{"fenStr":"r2r4/1bq1p1k1/pp1nBpp1/2pPp3/P3P3/1PN4P/2PQ2P1/3R1RK1","stockfishScores":{"wn":0.50625}},{"fenStr":"r2r4/1bq1p1k1/pp1nBpp1/2pPp3/P3P3/1PN4P/2P1Q1P1/3R1RK1","stockfishScores":{"bn":0.5026190476190476}},{"fenStr":"r6r/1bq1p1k1/pp1nBpp1/2pPp3/P3P3/1PN4P/2P1Q1P1/3R1RK1","stockfishScores":{"wn":0.5038690476190476}},{"fenStr":"r6r/1bq1p1k1/pp1nBpp1/2pPp3/P3P1Q1/1PN4P/2P3P1/3R1RK1","stockfishScores":{"bn":0.5075}},{"fenStr":"r7/1bq1p1k1/pp1nBpp1/2pPp2r/P3P1Q1/1PN4P/2P3P1/3R1RK1","stockfishScores":{"wn":0.5089880952380952}},{"fenStr":"r7/1bq1p1k1/pp1nBpp1/2pPp2r/P3P1QP/1PN5/2P3P1/3R1RK1","stockfishScores":{"bn":0.5089880952380952}},{"fenStr":"7r/1bq1p1k1/pp1nBpp1/2pPp2r/P3P1QP/1PN5/2P3P1/3R1RK1","stockfishScores":{"wn":0.5074404761904762}},{"fenStr":"7r/1bq1p1k1/pp1nBpp1/2pPp2r/P3P1QP/1PN3P1/2P5/3R1RK1","stockfishScores":{"bn":0.5075}},{"fenStr":"3q3r/1b2p1k1/pp1nBpp1/2pPp2r/P3P1QP/1PN3P1/2P5/3R1RK1","stockfishScores":{"wn":0.5085119047619048}},{"fenStr":"3q3r/1b2p1k1/pp1nBpp1/2pPp2r/P3P1QP/1PN3P1/2PR4/5RK1","stockfishScores":{"bn":0.5070833333333333}},{"fenStr":"4q2r/1b2p1k1/pp1nBpp1/2pPp2r/P3P1QP/1PN3P1/2PR4/5RK1","stockfishScores":{"wn":0.5066666666666667}},{"fenStr":"4q2r/1b2p1k1/pp1nBpp1/2pPp2r/P3P1QP/1PN3P1/2P4R/5RK1","stockfishScores":{"bn":0.5052380952380953}},{"fenStr":"4q2r/1b2p1k1/pp1nBp2/2pPp1pr/P3P1QP/1PN3P1/2P4R/5RK1","stockfishScores":{"wn":0.5069047619047619}},{"fenStr":"4q2r/1b2p1k1/pp1nBp2/2pPp1pr/P3P1QP/1PN3P1/2P3KR/5R2","stockfishScores":{"bn":0.5025}},{"fenStr":"7r/1b2p1k1/pp1nBpq1/2pPp1pr/P3P1QP/1PN3P1/2P3KR/5R2","stockfishScores":{"wn":0.5031547619047619}},{"fenStr":"7r/1b2p1k1/pp1nBpq1/2pPp1pr/P3P1QP/1PN3P1/2P3KR/7R","stockfishScores":{"bn":0.49988095238095237}},{"fenStr":"7r/1b2p1k1/pp1nBpq1/2pPp2r/P3P1Qp/1PN3P1/2P3KR/7R","stockfishScores":{"wn":0.4986309523809524}},{"fenStr":"7r/1b2p1k1/pp1nBpQ1/2pPp2r/P3P2p/1PN3P1/2P3KR/7R","stockfishScores":{"bn":0.5708333333333333}},{"fenStr":"7r/1b2p3/pp1nBpk1/2pPp2r/P3P2p/1PN3P1/2P3KR/7R","stockfishScores":{"wn":0.49041666666666667}},{"fenStr":"7r/1b2p3/pp1nBpk1/2pPp2r/P3P2P/1PN5/2P3KR/7R","stockfishScores":{"bn":0.4928571428571429}},{"fenStr":"7r/1b2p3/pp1nB1k1/2pPpp1r/P3P2P/1PN5/2P3KR/7R","stockfishScores":{"wn":0.49255952380952384}},{"fenStr":"7r/1b2p3/pp1nB1k1/2pPpp1r/P3P2P/1PN2K2/2P4R/7R","stockfishScores":{"bn":0.49988095238095237}},{"fenStr":"7r/1b2p3/pp1nB1k1/2pPp2r/P3Pp1P/1PN2K2/2P4R/7R","stockfishScores":{"wn":0.5007738095238096}},{"fenStr":"7r/1b2p3/pp1nB1k1/2pPp2r/P3Pp1P/1PN2K2/2P4R/6R1","stockfishScores":{"bn":0.5050595238095238}},{"fenStr":"7r/1b2p3/pp1nB2k/2pPp2r/P3Pp1P/1PN2K2/2P4R/6R1","stockfishScores":{"wn":0.506547619047619}},{"fenStr":"7r/1b2p3/pp1nB2k/2pPp2r/P3Pp1P/1PN2K2/2P3R1/6R1","stockfishScores":{"bn":0.5156547619047619}},{"fenStr":"7r/1b2p3/pp1nB2k/2pPp3/P3Pp1r/1PN2K2/2P3R1/6R1","stockfishScores":{"wn":0.5079166666666667}},{"fenStr":"7r/1b2p3/pp1nB1Rk/2pPp3/P3Pp1r/1PN2K2/2P5/6R1","stockfishScores":{"bn":0.4970833333333333}},{"fenStr":"7r/1b2p2k/pp1nB1R1/2pPp3/P3Pp1r/1PN2K2/2P5/6R1","stockfishScores":{"wn":0.5040476190476191}},{"fenStr":"7r/1b2p1Rk/pp1nB3/2pPp3/P3Pp1r/1PN2K2/2P5/6R1","stockfishScores":{"bn":0.5003571428571428}},{"fenStr":"7r/1b2p1R1/pp1nB2k/2pPp3/P3Pp1r/1PN2K2/2P5/6R1","stockfishScores":{"wn":0.5085119047619048}},{"fenStr":"7r/1b2p1R1/pp1nB1Rk/2pPp3/P3Pp1r/1PN2K2/2P5/8","stockfishScores":{"bn":0.4998214285714286}},{"fenStr":"7r/1b2p1R1/pp1nB1R1/2pPp2k/P3Pp1r/1PN2K2/2P5/8","stockfishScores":{"wn":0.5066071428571428}},{"fenStr":"7r/1b2p1R1/pp1n2R1/2pPp2k/P3PpBr/1PN2K2/2P5/8","stockfishScores":{"bn":0.4969642857142857}},{"fenStr":"7r/1b2p1R1/pp1n2R1/2pPp2k/P3Ppr1/1PN2K2/2P5/8","stockfishScores":{"wn":0.4610714285714286}},{"fenStr":"7r/1b2p1R1/pp1n4/2pPp2k/P3PpR1/1PN2K2/2P5/8","stockfishScores":{"bn":0.5210119047619047}},{"fenStr":"2b4r/4p1R1/pp1n4/2pPp2k/P3PpR1/1PN2K2/2P5/8","stockfishScores":{"wn":0.5139285714285714}},{"fenStr":"2b4r/4p1R1/pp1n4/2pPp2k/P3Pp2/1PN2K2/2P5/6R1","stockfishScores":{"bn":0.5186309523809524}},{"fenStr":"2b4r/4p1R1/pp1n4/2pPp3/P3Pp1k/1PN2K2/2P5/6R1","stockfishScores":{"wn":0.518452380952381}},{"fenStr":"2b4r/4p1R1/pp1n4/2pPp3/P3Pp1k/1PN2K2/2P5/7R","stockfishScores":{"bn":0.5159523809523809}},{"fenStr":"7r/4p1R1/pp1n4/2pPp3/P3Pp1k/1PN2K1b/2P5/7R","stockfishScores":{"wn":0.5238690476190476}},{"fenStr":"7r/4p3/pp1n4/2pPp3/P3PpRk/1PN2K1b/2P5/7R","stockfishScores":{"bn":0.5141666666666667}},{"fenStr":"7r/4p3/pp1n4/2pPp2k/P3PpR1/1PN2K1b/2P5/7R","stockfishScores":{"wn":0.519702380952381}},{"fenStr":"7r/4p3/pp1n4/2pPp2k/P3PpR1/1PN2K1R/2P5/8","stockfishScores":{"bn":0.5385714285714286}}],"result":{"ww":true}}