{"fens":[{"fenStr":"rnbqkbnr/pppppppp/8/8/4P3/8/PPPP1PPP/RNBQKBNR","stockfishScores":{"bn":0.5049404761904762}},{"fenStr":"rnbqkbnr/pp1ppppp/8/2p5/4P3/8/PPPP1PPP/RNBQKBNR","stockfishScores":{"wn":0.5038095238095238}},{"fenStr":"rnbqkbnr/pp1ppppp/8/2p5/4P3/2N5/PPPP1PPP/R1BQKBNR","stockfishScores":{"bn":0.5063095238095238}},{"fenStr":"rnbqkbnr/pp2pppp/3p4/2p5/4P3/2N5/PPPP1PPP/R1BQKBNR","stockfishScores":{"wn":0.5029166666666667}},{"fenStr":"rnbqkbnr/pp2pppp/3p4/2p5/4PP2/2N5/PPPP2PP/R1BQKBNR","stockfishScores":{"bn":0.5022023809523809}},{"fenStr":"rnbqkbnr/1p2pppp/p2p4/2p5/4PP2/2N5/PPPP2PP/R1BQKBNR","stockfishScores":{"wn":0.5024404761904762}},{"fenStr":"rnbqkbnr/1p2pppp/p2p4/2p5/4PP2/2N2N2/PPPP2PP/R1BQKB1R","stockfishScores":{"bn":0.5054166666666666}},{"fenStr":"r1bqkbnr/1p2pppp/p1np4/2p5/4PP2/2N2N2/PPPP2PP/R1BQKB1R","stockfishScores":{"wn":0.5022619047619048}},{"fenStr":"r1bqkbnr/1p2pppp/p1np4/2p5/P3PP2/2N2N2/1PPP2PP/R1BQKB1R","stockfishScores":{"bn":0.5014285714285714}},{"fenStr":"r1bqkbnr/1p2pp1p/p1np2p1/2p5/P3PP2/2N2N2/1PPP2PP/R1BQKB1R","stockfishScores":{"wn":0.500297619047619}},{"fenStr":"r1bqkbnr/1p2pp1p/p1np2p1/2p5/P1B1PP2/2N2N2/1PPP2PP/R1BQK2R","stockfishScores":{"bn":0.5029761904761905}},{"fenStr":"r1bqk1nr/1p2ppbp/p1np2p1/2p5/P1B1PP2/2N2N2/1PPP2PP/R1BQK2R","stockfishScores":{"wn":0.4993452380952381}},{"fenStr":"r1bqk1nr/1p2ppbp/p1np2p1/2p5/P1B1PP2/2N2N2/1PPP2PP/R1BQ1RK1","stockfishScores":{"bn":0.5098809523809524}},{"fenStr":"r1bqk2r/1p2ppbp/p1np1np1/2p5/P1B1PP2/2N2N2/1PPP2PP/R1BQ1RK1","stockfishScores":{"wn":0.5081547619047619}},{"fenStr":"r1bqk2r/1p2ppbp/p1np1np1/2p5/P1B1PP2/2NP1N2/1PP3PP/R1BQ1RK1","stockfishScores":{"bn":0.5123809523809524}},{"fenStr":"r1bq1rk1/1p2ppbp/p1np1np1/2p5/P1B1PP2/2NP1N2/1PP3PP/R1BQ1RK1","stockfishScores":{"wn":0.5021428571428571}},{"fenStr":"r1bq1rk1/1p2ppbp/p1np1np1/2p5/P1B1PP2/2NP1N2/1PP3PP/R1B1QRK1","stockfishScores":{"bn":0.5022023809523809}},{"fenStr":"r1bq1rk1/1p3pbp/p1nppnp1/2p5/P1B1PP2/2NP1N2/1PP3PP/R1B1QRK1","stockfishScores":{"wn":0.5029166666666667}},{"fenStr":"r1bq1rk1/1p3pbp/p1nppnp1/2p5/P3PP2/1BNP1N2/1PP3PP/R1B1QRK1","stockfishScores":{"bn":0.5010119047619047}},{"fenStr":"r1bq1rk1/1p3pbp/p1n1pnp1/2pp4/P3PP2/1BNP1N2/1PP3PP/R1B1QRK1","stockfishScores":{"wn":0.4994047619047619}},{"fenStr":"r1bq1rk1/1p3pbp/p1n1pnp1/2ppP3/P4P2/1BNP1N2/1PP3PP/R1B1QRK1","stockfishScores":{"bn":0.5038690476190476}},{"fenStr":"r1bq1rk1/1p1n1pbp/p1n1p1p1/2ppP3/P4P2/1BNP1N2/1PP3PP/R1B1QRK1","stockfishScores":{"wn":0.5003571428571428}},{"fenStr":"r1bq1rk1/1p1n1pbp/p1n1p1p1/2ppP3/P4P2/1BNP1N2/1PPB2PP/R3QRK1","stockfishScores":{"bn":0.5010714285714286}},{"fenStr":"1rbq1rk1/1p1n1pbp/p1n1p1p1/2ppP3/P4P2/1BNP1N2/1PPB2PP/R3QRK1","stockfishScores":{"wn":0.5020833333333333}},{"fenStr":"1rbq1rk1/1p1n1pbp/p1n1p1p1/2ppP3/P4P2/1B1P1N2/1PPBN1PP/R3QRK1","stockfishScores":{"bn":0.5025595238095238}},{"fenStr":"1rbq1rk1/3n1pbp/p1n1p1p1/1pppP3/P4P2/1B1P1N2/1PPBN1PP/R3QRK1","stockfishScores":{"wn":0.501547619047619}},{"fenStr":"1rbq1rk1/3n1pbp/p1n1p1p1/1PppP3/5P2/1B1P1N2/1PPBN1PP/R3QRK1","stockfishScores":{"bn":0.5143452380952381}},{"fenStr":"1rbq1rk1/3n1pbp/2n1p1p1/1pppP3/5P2/1B1P1N2/1PPBN1PP/R3QRK1","stockfishScores":{"wn":0.5048214285714285}},{"fenStr":"1rbq1rk1/3n1pbp/2n1p1p1/1pppP3/5P2/1BPP1N2/1P1BN1PP/R3QRK1","stockfishScores":{"bn":0.503452380952381}},{"fenStr":"1rbq1rk1/3n1pbp/2n1p1p1/1p1pP3/2p2P2/1BPP1N2/1P1BN1PP/R3QRK1","stockfishScores":{"wn":0.4975595238095238}},{"fenStr":"1rbq1rk1/3n1pbp/2n1p1p1/1p1pP3/2p2P2/2PP1N2/1PBBN1PP/R3QRK1","stockfishScores":{"bn":0.5045238095238095}},{"fenStr":"1rbq1rk1/3n1pbp/2n1p1p1/1p1pP3/5P2/2Pp1N2/1PBBN1PP/R3QRK1","stockfishScores":{"wn":0.49779761904761904}},{"fenStr":"1rbq1rk1/3n1pbp/2n1p1p1/1p1pP3/5P2/2PB1N2/1P1BN1PP/R3QRK1","stockfishScores":{"bn":0.50625}},{"fenStr":"1rbq1rk1/5pbp/2n1p1p1/1pnpP3/5P2/2PB1N2/1P1BN1PP/R3QRK1","stockfishScores":{"wn":0.5005952380952381}},{"fenStr":"1rbq1rk1/5pbp/2n1p1p1/1pnpP3/5P2/2P2N2/1PBBN1PP/R3QRK1","stockfishScores":{"bn":0.5041666666666667}},{"fenStr":"1r1q1rk1/3b1pbp/2n1p1p1/1pnpP3/5P2/2P2N2/1PBBN1PP/R3QRK1","stockfishScores":{"wn":0.5038095238095238}},{"fenStr":"1r1q1rk1/3b1pbp/2n1p1p1/1pnpP3/3N1P2/2P2N2/1PBB2PP/R3QRK1","stockfishScores":{"bn":0.5073214285714286}},{"fenStr":"1r3rk1/2qb1pbp/2n1p1p1/1pnpP3/3N1P2/2P2N2/1PBB2PP/R3QRK1","stockfishScores":{"wn":0.507797619047619}},{"fenStr":"1r3rk1/2qb1pbp/2n1p1p1/1pnpP3/1P1N1P2/2P2N2/2BB2PP/R3QRK1","stockfishScores":{"bn":0.5117261904761905}},{"fenStr":"1r3rk1/2qb1pbp/4p1p1/1pnpP3/1P1n1P2/2P2N2/2BB2PP/R3QRK1","stockfishScores":{"wn":0.4819047619047619}},{"fenStr":"1r3rk1/2qb1pbp/4p1p1/1pnpP3/1P1P1P2/5N2/2BB2PP/R3QRK1","stockfishScores":{"bn":0.5053571428571428}},{"fenStr":"1r3rk1/2qb1pbp/4p1p1/1p1pP3/nP1P1P2/5N2/2BB2PP/R3QRK1","stockfishScores":{"wn":0.5042857142857143}},{"fenStr":"1r3rk1/2qb1pbp/4p1p1/1p1pP3/nP1P1P2/1B3N2/3B2PP/R3QRK1","stockfishScores":{"bn":0.5058333333333334}},{"fenStr":"1r3rk1/2qb1pbp/1n2p1p1/1p1pP3/1P1P1P2/1B3N2/3B2PP/R3QRK1","stockfishScores":{"wn":0.5045833333333334}},{"fenStr":"1r3rk1/2qb1pbp/1n2p1p1/1p1pP3/1P1P1P2/1B3N2/3BQ1PP/R4RK1","stockfishScores":{"bn":0.5043452380952381}},{"fenStr":"r4rk1/2qb1pbp/1n2p1p1/1p1pP3/1P1P1P2/1B3N2/3BQ1PP/R4RK1","stockfishScores":{"wn":0.5039880952380953}},{"fenStr":"r4rk1/2qb1pbp/1n2p1p1/1p1pP3/1P1P1P2/1B1Q1N2/3B2PP/R4RK1","stockfishScores":{"bn":0.5033333333333333}},{"fenStr":"r1r3k1/2qb1pbp/1n2p1p1/1p1pP3/1P1P1P2/1B1Q1N2/3B2PP/R4RK1","stockfishScores":{"wn":0.5001190476190476}},{"fenStr":"r1r3k1/2qb1pbp/1n2p1p1/1p1pP3/1P1P1PP1/1B1Q1N2/3B3P/R4RK1","stockfishScores":{"bn":0.4973214285714286}},{"fenStr":"2r3k1/r1qb1pbp/1n2p1p1/1p1pP3/1P1P1PP1/1B1Q1N2/3B3P/R4RK1","stockfishScores":{"wn":0.49910714285714286}},{"fenStr":"2r3k1/r1qb1pbp/1n2p1p1/1p1pP1P1/1P1P1P2/1B1Q1N2/3B3P/R4RK1","stockfishScores":{"bn":0.49738095238095237}},{"fenStr":"r5k1/r1qb1pbp/1n2p1p1/1p1pP1P1/1P1P1P2/1B1Q1N2/3B3P/R4RK1","stockfishScores":{"wn":0.4976785714285714}},{"fenStr":"r5k1/r1qb1pbp/1n2p1p1/1p1pP1P1/1P1P1P2/1B1Q1N2/3B3P/1R3RK1","stockfishScores":{"bn":0.49720238095238095}},{"fenStr":"r5k1/r1qb1pbp/4p1p1/1p1pP1P1/1PnP1P2/1B1Q1N2/3B3P/1R3RK1","stockfishScores":{"wn":0.4943452380952381}},{"fenStr":"r5k1/r1qb1pbp/4p1p1/1p1pP1P1/1PnP1P2/1BBQ1N2/7P/1R3RK1","stockfishScores":{"bn":0.49488095238095237}},{"fenStr":"r4bk1/r1qb1p1p/4p1p1/1p1pP1P1/1PnP1P2/1BBQ1N2/7P/1R3RK1","stockfishScores":{"wn":0.49565476190476193}},{"fenStr":"r4bk1/r1qb1p1p/4p1p1/1p1pP1P1/1PnP1P2/1BBQ1N2/7P/1RR3K1","stockfishScores":{"bn":0.4957738095238095}},{"fenStr":"r2q1bk1/r2b1p1p/4p1p1/1p1pP1P1/1PnP1P2/1BBQ1N2/7P/1RR3K1","stockfishScores":{"wn":0.49797619047619046}},{"fenStr":"r2q1bk1/r2b1p1p/4p1p1/1p1pP1P1/1PnP1P1P/1BBQ1N2/8/1RR3K1","stockfishScores":{"bn":0.4967261904761905}},{"fenStr":"r2q2k1/r2bbp1p/4p1p1/1p1pP1P1/1PnP1P1P/1BBQ1N2/8/1RR3K1","stockfishScores":{"wn":0.49779761904761904}},{"fenStr":"r2q2k1/r2bbp1p/4p1p1/1p1pP1P1/1PnP1P1P/1BBQ4/8/1RR1N1K1","stockfishScores":{"bn":0.49297619047619046}},{"fenStr":"r4qk1/r2bbp1p/4p1p1/1p1pP1P1/1PnP1P1P/1BBQ4/8/1RR1N1K1","stockfishScores":{"wn":0.4948214285714286}},{"fenStr":"r4qk1/r2bbp1p/4p1p1/1p1pP1P1/1PnP1P1P/1BBQ4/2N5/1RR3K1","stockfishScores":{"bn":0.4950595238095238}},{"fenStr":"2r2qk1/r2bbp1p/4p1p1/1p1pP1P1/1PnP1P1P/1BBQ4/2N5/1RR3K1","stockfishScores":{"wn":0.49702380952380953}},{"fenStr":"2r2qk1/r2bbp1p/4p1p1/1p1pP1P1/1PnP1P1P/1B1Q4/2N5/1RR1B1K1","stockfishScores":{"bn":0.49470238095238095}},{"fenStr":"2r2qk1/2rbbp1p/4p1p1/1p1pP1P1/1PnP1P1P/1B1Q4/2N5/1RR1B1K1","stockfishScores":{"wn":0.4961904761904762}},{"fenStr":"2r2qk1/2rbbp1p/4p1p1/1p1pP1P1/1PnP1P1P/3Q4/B1N5/1RR1B1K1","stockfishScores":{"bn":0.49351190476190476}},{"fenStr":"2r2qk1/2rbbp1p/1n2p1p1/1p1pP1P1/1P1P1P1P/3Q4/B1N5/1RR1B1K1","stockfishScores":{"wn":0.48892857142857143}},{"fenStr":"2r2qk1/2rbbp1p/1n2p1p1/1p1pP1P1/1P1P1P1P/1B1Q4/2N5/1RR1B1K1","stockfishScores":{"bn":0.4894047619047619}},{"fenStr":"2r2qk1/2rbbp1p/4p1p1/1p1pP1P1/nP1P1P1P/1B1Q4/2N5/1RR1B1K1","stockfishScores":{"wn":0.4930357142857143}},{"fenStr":"2r2qk1/2rbbp1p/4p1p1/1p1pP1P1/nP1P1P1P/3Q4/B1N5/1RR1B1K1","stockfishScores":{"bn":0.4876190476190476}},{"fenStr":"2r2qk1/2rbbp1p/4p1p1/1p1pP1P1/1P1P1P1P/2nQ4/B1N5/1RR1B1K1","stockfishScores":{"wn":0.48892857142857143}},{"fenStr":"2r2qk1/2rbbp1p/4p1p1/1p1pP1P1/1P1P1P1P/2nQ4/BRN5/2R1B1K1","stockfishScores":{"bn":0.4913690476190476}},{"fenStr":"2r2qk1/2rbbp2/4p1pp/1p1pP1P1/1P1P1P1P/2nQ4/BRN5/2R1B1K1","stockfishScores":{"wn":0.49214285714285716}},{"fenStr":"2r2qk1/2rbbp2/4p1pp/1p1pP1P1/1P1P1P1P/2nQ4/BRN5/2R1BK2","stockfishScores":{"bn":0.4881547619047619}},{"fenStr":"2r2qk1/2rbbp2/4p1pp/1p1pP1P1/1P1PnP1P/3Q4/BRN5/2R1BK2","stockfishScores":{"wn":0.48119047619047617}},{"fenStr":"2r2qk1/2rbbp2/4p1pp/1p1pP1P1/1P1PnP1P/3Q4/BRN5/3RBK2","stockfishScores":{"bn":0.47904761904761906}},{"fenStr":"2r3k1/2rbbpq1/4p1pp/1p1pP1P1/1P1PnP1P/3Q4/BRN5/3RBK2","stockfishScores":{"wn":0.4801190476190476}},{"fenStr":"2r3k1/2rbbpq1/4p1pp/1p1pP1P1/1P1PnP1P/3QN3/BR6/3RBK2","stockfishScores":{"bn":0.4845238095238095}},{"fenStr":"2r3k1/2rbbpq1/4p1p1/1p1pP1p1/1P1PnP1P/3QN3/BR6/3RBK2","stockfishScores":{"wn":0.47696428571428573}},{"fenStr":"2r3k1/2rbbpq1/4p1p1/1p1pP1P1/1P1PnP2/3QN3/BR6/3RBK2","stockfishScores":{"bn":0.48779761904761904}},{"fenStr":"2r3k1/2rbbp1q/4p1p1/1p1pP1P1/1P1PnP2/3QN3/BR6/3RBK2","stockfishScores":{"wn":0.4769047619047619}},{"fenStr":"2r3k1/2rbbp1q/4p1p1/1p1pP1P1/1P1PnP2/3QN3/BR6/3RB1K1","stockfishScores":{"bn":0.4842261904761905}},{"fenStr":"2r3k1/3bbp1q/4p1p1/1p1pP1P1/1P1PnP2/2rQN3/BR6/3RB1K1","stockfishScores":{"wn":0.48601190476190476}},{"fenStr":"2r3k1/3bbp1q/4p1p1/1p1pP1P1/1P1PnP2/2r1N3/BR2Q3/3RB1K1","stockfishScores":{"bn":0.48583333333333334}},{"fenStr":"2r3k1/3bbp2/4p1p1/1p1pP1P1/1P1PnP2/2r1N2q/BR2Q3/3RB1K1","stockfishScores":{"wn":0.4794047619047619}},{"fenStr":"2r3k1/3bbp2/4p1p1/1p1pP1P1/1P1PnP2/2r4q/BR2Q3/3RBNK1","stockfishScores":{"bn":0.46767857142857144}},{"fenStr":"2r3k1/3bbp2/4p1p1/1p1pP1P1/1P1PnP2/5r1q/BR2Q3/3RBNK1","stockfishScores":{"wn":0.43083333333333335}},{"fenStr":"2r3k1/3bbp2/4p1p1/1p1pP1P1/1P1PnP2/5r1q/BR1BQ3/3R1NK1","stockfishScores":{"bn":0.42589285714285713}},{"fenStr":"2r5/3bbpk1/4p1p1/1p1pP1P1/1P1PnP2/5r1q/BR1BQ3/3R1NK1","stockfishScores":{"wn":0.4264880952380952}},{"fenStr":"2r5/3bbpk1/4p1p1/1p1pP1P1/1P1PnP2/5r1q/BR1BQ2N/3R2K1","stockfishScores":{"bn":0.42160714285714285}},{"fenStr":"2r5/3bbpk1/4p1p1/1p1pP1P1/1P1PnP2/6rq/BR1BQ2N/3R2K1","stockfishScores":{"wn":0.4675}},{"fenStr":"2r5/3bbpk1/4p1p1/1p1pP1P1/1P1PnP2/6rq/BR1BQ2N/3R3K","stockfishScores":{"bn":0.4426785714285714}},{"fenStr":"7r/3bbpk1/4p1p1/1p1pP1P1/1P1PnP2/6rq/BR1BQ2N/3R3K","stockfishScores":{"wn":0.42541666666666667}},{"fenStr":"7r/3bbpk1/4p1p1/1p1pP1P1/1P1PnP2/6rq/BR2Q2N/2BR3K","stockfishScores":{"bn":0.43529761904761904}},{"fenStr":"7r/3bbpk1/4p1p1/1p1pP1P1/1P1PnPr1/7q/BR2Q2N/2BR3K","stockfishScores":{"wn":0.42273809523809525}},{"fenStr":"7r/3bbpk1/4p1p1/1p1pP1P1/1P1PnPr1/3Q3q/BR5N/2BR3K","stockfishScores":{"bn":0.4195238095238095}},{"fenStr":"7r/3bbpk1/4p1p1/1p1pP1P1/1P1PnPr1/3Q4/BR5q/2BR3K","stockfishScores":{"wn":0.4189880952380952}},{"fenStr":"7r/3bbpk1/4p1p1/1p1pP1P1/1P1PnPr1/3Q4/B6R/2BR3K","stockfishScores":{"bn":0.5466666666666666}},{"fenStr":"7r/3bbpk1/4p1p1/1p1pP1P1/1P1P1Pr1/3Q4/B4n1R/2BR3K","stockfishScores":{"wn":0.5483333333333333}}],"result":{"bw":true}}