{"fens":[{"fenStr":"rnbqkbnr/pppppppp/8/8/3P4/8/PPP1PPPP/RNBQKBNR","stockfishScores":{"bn":0.5048809523809524}},{"fenStr":"rnbqkb1r/pppppppp/5n2/8/3P4/8/PPP1PPPP/RNBQKBNR","stockfishScores":{"wn":0.5016071428571428}},{"fenStr":"rnbqkb1r/pppppppp/5n2/8/2PP4/8/PP2PPPP/RNBQKBNR","stockfishScores":{"bn":0.5041071428571429}},{"fenStr":"rnbqkb1r/pppppp1p/5np1/8/2PP4/8/PP2PPPP/RNBQKBNR","stockfishScores":{"wn":0.5035119047619048}},{"fenStr":"rnbqkb1r/pppppp1p/5np1/8/2PP4/2N5/PP2PPPP/R1BQKBNR","stockfishScores":{"bn":0.5066666666666667}},{"fenStr":"rnbqk2r/ppppppbp/5np1/8/2PP4/2N5/PP2PPPP/R1BQKBNR","stockfishScores":{"wn":0.5055357142857143}},{"fenStr":"rnbqk2r/ppppppbp/5np1/8/2PPP3/2N5/PP3PPP/R1BQKBNR","stockfishScores":{"bn":0.510297619047619}},{"fenStr":"rnbq1rk1/ppppppbp/5np1/8/2PPP3/2N5/PP3PPP/R1BQKBNR","stockfishScores":{"wn":0.5016666666666667}},{"fenStr":"rnbq1rk1/ppppppbp/5np1/8/2PPP3/2N1B3/PP3PPP/R2QKBNR","stockfishScores":{"bn":0.5018452380952381}},{"fenStr":"rnbq1rk1/ppp1ppbp/3p1np1/8/2PPP3/2N1B3/PP3PPP/R2QKBNR","stockfishScores":{"wn":0.49464285714285716}},{"fenStr":"rnbq1rk1/ppp1ppbp/3p1np1/8/2PPP3/2N1BP2/PP4PP/R2QKBNR","stockfishScores":{"bn":0.49583333333333335}},{"fenStr":"rnbq1rk1/1pp1ppbp/p2p1np1/8/2PPP3/2N1BP2/PP4PP/R2QKBNR","stockfishScores":{"wn":0.4961904761904762}},{"fenStr":"rnbq1rk1/1pp1ppbp/p2p1np1/8/2PPP3/2N1BP2/PP2N1PP/R2QKB1R","stockfishScores":{"bn":0.4986904761904762}},{"fenStr":"rnbq1rk1/1p2ppbp/p1pp1np1/8/2PPP3/2N1BP2/PP2N1PP/R2QKB1R","stockfishScores":{"wn":0.4993452380952381}},{"fenStr":"rnbq1rk1/1p2ppbp/p1pp1np1/2P5/3PP3/2N1BP2/PP2N1PP/R2QKB1R","stockfishScores":{"bn":0.49952380952380954}},{"fenStr":"rnbq1rk1/4ppbp/pppp1np1/2P5/3PP3/2N1BP2/PP2N1PP/R2QKB1R","stockfishScores":{"wn":0.5017857142857143}},{"fenStr":"rnbq1rk1/4ppbp/pPpp1np1/8/3PP3/2N1BP2/PP2N1PP/R2QKB1R","stockfishScores":{"bn":0.50875}},{"fenStr":"rnb2rk1/4ppbp/pqpp1np1/8/3PP3/2N1BP2/PP2N1PP/R2QKB1R","stockfishScores":{"wn":0.5}},{"fenStr":"rnb2rk1/4ppbp/pqpp1np1/8/3PP3/2N1BP2/PP1QN1PP/R3KB1R","stockfishScores":{"bn":0.5008928571428571}},{"fenStr":"rnb2rk1/4ppbp/1qpp1np1/p7/3PP3/2N1BP2/PP1QN1PP/R3KB1R","stockfishScores":{"wn":0.5000595238095238}},{"fenStr":"rnb2rk1/4ppbp/1qpp1np1/p7/N2PP3/4BP2/PP1QN1PP/R3KB1R","stockfishScores":{"bn":0.5020238095238095}},{"fenStr":"rnb2rk1/4ppbp/2pp1np1/p7/Nq1PP3/4BP2/PP1QN1PP/R3KB1R","stockfishScores":{"wn":0.49273809523809525}},{"fenStr":"rnb2rk1/4ppbp/2pp1np1/p7/Nq1PP3/2N1BP2/PP1Q2PP/R3KB1R","stockfishScores":{"bn":0.49839285714285714}},{"fenStr":"r1b2rk1/3nppbp/2pp1np1/p7/Nq1PP3/2N1BP2/PP1Q2PP/R3KB1R","stockfishScores":{"wn":0.49583333333333335}},{"fenStr":"r1b2rk1/3nppbp/2pp1np1/p7/Nq1PP3/1PN1BP2/P2Q2PP/R3KB1R","stockfishScores":{"bn":0.49476190476190474}},{"fenStr":"r1b2rk1/3n1pbp/2pp1np1/p3p3/Nq1PP3/1PN1BP2/P2Q2PP/R3KB1R","stockfishScores":{"wn":0.493452380952381}},{"fenStr":"r1b2rk1/3n1pbp/2pp1np1/p3P3/Nq2P3/1PN1BP2/P2Q2PP/R3KB1R","stockfishScores":{"bn":0.49910714285714286}},{"fenStr":"r1b2rk1/5pbp/2pp1np1/p3n3/Nq2P3/1PN1BP2/P2Q2PP/R3KB1R","stockfishScores":{"wn":0.49238095238095236}},{"fenStr":"r1b2rk1/5pbp/2pp1np1/p3n3/Nq2P3/1PN1BP2/P2Q2PP/3RKB1R","stockfishScores":{"bn":0.49464285714285716}},{"fenStr":"r1b1nrk1/5pbp/2pp2p1/p3n3/Nq2P3/1PN1BP2/P2Q2PP/3RKB1R","stockfishScores":{"wn":0.49797619047619046}},{"fenStr":"r1b1nrk1/5pbp/2pp2p1/p3n3/Nq2P3/1PN1BP2/P2QB1PP/3RK2R","stockfishScores":{"bn":0.4974404761904762}},{"fenStr":"r1b1nrk1/6bp/2pp2p1/p3np2/Nq2P3/1PN1BP2/P2QB1PP/3RK2R","stockfishScores":{"wn":0.4976785714285714}},{"fenStr":"r1b1nrk1/6bp/2pp2p1/p3np2/Nq2P3/1PN1BP2/P2QB1PP/3R1RK1","stockfishScores":{"bn":0.5107738095238096}},{"fenStr":"r1b1nrk1/6bp/2pp2p1/p3n3/Nq2p3/1PN1BP2/P2QB1PP/3R1RK1","stockfishScores":{"wn":0.4994642857142857}},{"fenStr":"r1b1nrk1/6bp/2pp2p1/p3n3/Nq2N3/1P2BP2/P2QB1PP/3R1RK1","stockfishScores":{"bn":0.5117261904761905}},{"fenStr":"r1b1nrk1/6bp/2p3p1/p2pn3/Nq2N3/1P2BP2/P2QB1PP/3R1RK1","stockfishScores":{"wn":0.5060714285714286}},{"fenStr":"r1b1nrk1/6bp/2p3p1/p2pn3/Nq6/1PN1BP2/P2QB1PP/3R1RK1","stockfishScores":{"bn":0.5038095238095238}},{"fenStr":"r1b2rk1/6bp/2p2np1/p2pn3/Nq6/1PN1BP2/P2QB1PP/3R1RK1","stockfishScores":{"wn":0.5048809523809524}},{"fenStr":"r1b2rk1/6bp/2p2np1/p2pn3/Nq1B4/1PN2P2/P2QB1PP/3R1RK1","stockfishScores":{"bn":0.5133928571428571}},{"fenStr":"r1b2rk1/3n2bp/2p2np1/p2p4/Nq1B4/1PN2P2/P2QB1PP/3R1RK1","stockfishScores":{"wn":0.5132142857142857}},{"fenStr":"r1b2rk1/3n2bp/2p2np1/p2p4/1q1B4/1PN2P2/PN1QB1PP/3R1RK1","stockfishScores":{"bn":0.5104166666666666}},{"fenStr":"r4rk1/1b1n2bp/2p2np1/p2p4/1q1B4/1PN2P2/PN1QB1PP/3R1RK1","stockfishScores":{"wn":0.5096428571428572}},{"fenStr":"r4rk1/1b1n2bp/2p2np1/p2p4/Nq1B4/1P3P2/PN1QB1PP/3R1RK1","stockfishScores":{"bn":0.5096428571428572}},{"fenStr":"r4rk1/1b1n2bp/5np1/p1pp4/Nq1B4/1P3P2/PN1QB1PP/3R1RK1","stockfishScores":{"wn":0.5022619047619048}},{"fenStr":"r4rk1/1b1n2bp/5np1/p1pp4/Nq6/1PB2P2/PN1QB1PP/3R1RK1","stockfishScores":{"bn":0.5036309523809523}},{"fenStr":"r4rk1/1b1n2bp/5np1/p1pp4/N6q/1PB2P2/PN1QB1PP/3R1RK1","stockfishScores":{"wn":0.5016666666666667}},{"fenStr":"r4rk1/1b1n2bp/5np1/pBpp4/N6q/1PB2P2/PN1Q2PP/3R1RK1","stockfishScores":{"bn":0.5029166666666667}},{"fenStr":"r4rk1/1b1n2bp/5np1/pBp5/N2p3q/1PB2P2/PN1Q2PP/3R1RK1","stockfishScores":{"wn":0.4942261904761905}},{"fenStr":"r4rk1/1b1n2bp/5np1/pBp5/N2p3q/1PB2P2/PN4PP/3RQRK1","stockfishScores":{"bn":0.4926190476190476}},{"fenStr":"r4rk1/1b1n2bp/5np1/pBp4q/N2p4/1PB2P2/PN4PP/3RQRK1","stockfishScores":{"wn":0.4914880952380952}},{"fenStr":"r4rk1/1b1n2bp/5np1/pBp4q/N2p4/1P3P2/PN1B2PP/3RQRK1","stockfishScores":{"bn":0.5068452380952381}},{"fenStr":"r4rk1/1b4bp/5np1/pBp1n2q/N2p4/1P3P2/PN1B2PP/3RQRK1","stockfishScores":{"wn":0.49720238095238095}},{"fenStr":"r4rk1/1b4bp/5np1/pBp1n2q/N2p4/1P3PQ1/PN1B2PP/3R1RK1","stockfishScores":{"bn":0.49773809523809526}},{"fenStr":"r4rk1/1b4bp/5np1/pBp1nq2/N2p4/1P3PQ1/PN1B2PP/3R1RK1","stockfishScores":{"wn":0.5005952380952381}},{"fenStr":"r4rk1/1b4bp/5np1/pBp1nqQ1/N2p4/1P3P2/PN1B2PP/3R1RK1","stockfishScores":{"bn":0.4982738095238095}},{"fenStr":"r4rk1/1b1n2bp/6p1/pBp1nqQ1/N2p4/1P3P2/PN1B2PP/3R1RK1","stockfishScores":{"wn":0.49523809523809526}},{"fenStr":"r4rk1/1b1n2bp/6p1/pBp1nQ2/N2p4/1P3P2/PN1B2PP/3R1RK1","stockfishScores":{"bn":0.5751190476190476}},{"fenStr":"r5k1/1b1n2bp/6p1/pBp1nr2/N2p4/1P3P2/PN1B2PP/3R1RK1","stockfishScores":{"wn":0.5011309523809524}},{"fenStr":"r5k1/1b1n2bp/6p1/pBp1nr2/N1Np4/1P3P2/P2B2PP/3R1RK1","stockfishScores":{"bn":0.5028571428571429}},{"fenStr":"r5k1/3n2bp/2b3p1/pBp1nr2/N1Np4/1P3P2/P2B2PP/3R1RK1","stockfishScores":{"wn":0.5005357142857143}},{"fenStr":"r5k1/3n2bp/2B3p1/p1p1nr2/N1Np4/1P3P2/P2B2PP/3R1RK1","stockfishScores":{"bn":0.5333928571428571}},{"fenStr":"r5k1/3n2bp/2n3p1/p1p2r2/N1Np4/1P3P2/P2B2PP/3R1RK1","stockfishScores":{"wn":0.5022023809523809}},{"fenStr":"r5k1/3n2bp/2n3p1/p1p2r2/N1Np4/1P3P2/P2B2PP/3RR1K1","stockfishScores":{"bn":0.503452380952381}},{"fenStr":"r4bk1/3n3p/2n3p1/p1p2r2/N1Np4/1P3P2/P2B2PP/3RR1K1","stockfishScores":{"wn":0.5066666666666667}},{"fenStr":"r4bk1/3n3p/2n3p1/p1p2r2/N1Np4/1P3P2/P2B2PP/3RRK2","stockfishScores":{"bn":0.5046428571428572}},{"fenStr":"r4b2/3n1k1p/2n3p1/p1p2r2/N1Np4/1P3P2/P2B2PP/3RRK2","stockfishScores":{"wn":0.506547619047619}},{"fenStr":"r4b2/3n1k1p/2n3p1/p1p2r2/N1Np4/1P3P2/P2BK1PP/3RR3","stockfishScores":{"bn":0.504702380952381}},{"fenStr":"r4b2/5k1p/2n3p1/p1p1nr2/N1Np4/1P3P2/P2BK1PP/3RR3","stockfishScores":{"wn":0.5057142857142857}},{"fenStr":"r4b2/5k1p/2n3p1/p1p1Nr2/N2p4/1P3P2/P2BK1PP/3RR3","stockfishScores":{"bn":0.5275595238095238}},{"fenStr":"r4b2/5k1p/6p1/p1p1nr2/N2p4/1P3P2/P2BK1PP/3RR3","stockfishScores":{"wn":0.50375}},{"fenStr":"r4b2/5k1p/6p1/p1p1nr2/N2p1P2/1P6/P2BK1PP/3RR3","stockfishScores":{"bn":0.5010714285714286}},{"fenStr":"r4b2/5k1p/2n3p1/p1p2r2/N2p1P2/1P6/P2BK1PP/3RR3","stockfishScores":{"wn":0.500297619047619}},{"fenStr":"r4b2/5k1p/2n3p1/p1p2r2/N2p1P2/1P1K4/P2B2PP/3RR3","stockfishScores":{"bn":0.5020833333333333}},{"fenStr":"r7/5k1p/2nb2p1/p1p2r2/N2p1P2/1P1K4/P2B2PP/3RR3","stockfishScores":{"wn":0.5006547619047619}},{"fenStr":"r7/5k1p/2nb2p1/p1p2r2/N2pRP2/1P1K4/P2B2PP/3R4","stockfishScores":{"bn":0.49839285714285714}},{"fenStr":"r7/5k1p/2nb4/p1p2rp1/N2pRP2/1P1K4/P2B2PP/3R4","stockfishScores":{"wn":0.5025595238095238}},{"fenStr":"r7/5k1p/2nb4/p1p2rP1/N2pR3/1P1K4/P2B2PP/3R4","stockfishScores":{"bn":0.5045833333333334}},{"fenStr":"r7/5k1p/2nb4/p1p3P1/N2pR3/1P1K4/P2B1rPP/3R4","stockfishScores":{"wn":0.5010714285714286}},{"fenStr":"r7/5k1p/2nb4/p1p3P1/N1KpR3/1P6/P2B1rPP/3R4","stockfishScores":{"bn":0.5005952380952381}},{"fenStr":"r7/5k1p/3b4/p1p3P1/NnKpR3/1P6/P2B1rPP/3R4","stockfishScores":{"wn":0.5020833333333333}},{"fenStr":"r7/5k1p/3b4/p1p3P1/NnKpR3/PP6/3B1rPP/3R4","stockfishScores":{"bn":0.5053571428571428}},{"fenStr":"r7/5k1p/3b4/p1p3P1/N1KpR3/PP6/2nB1rPP/3R4","stockfishScores":{"wn":0.49976190476190474}},{"fenStr":"r7/5k1p/3b4/p1p3P1/N1KpR3/PP6/2n2rPP/2BR4","stockfishScores":{"bn":0.5005952380952381}},{"fenStr":"r7/5k1p/3b4/p1p3P1/N1KpR3/PP6/2n3rP/2BR4","stockfishScores":{"wn":0.49726190476190474}},{"fenStr":"r7/5k1p/3b4/p1p3P1/N1KpR2P/PP6/2n3r1/2BR4","stockfishScores":{"bn":0.5024404761904762}},{"fenStr":"r7/5k1p/3b4/p1p3P1/N1KpR2P/PP6/2n2r2/2BR4","stockfishScores":{"wn":0.5007142857142857}},{"fenStr":"r7/5k1p/3b4/p1p3PP/N1KpR3/PP6/2n2r2/2BR4","stockfishScores":{"bn":0.5019047619047619}},{"fenStr":"3r4/5k1p/3b4/p1p3PP/N1KpR3/PP6/2n2r2/2BR4","stockfishScores":{"wn":0.502797619047619}},{"fenStr":"3r4/5k1p/1N1b4/p1p3PP/2KpR3/PP6/2n2r2/2BR4","stockfishScores":{"bn":0.4994642857142857}},{"fenStr":"1r6/5k1p/1N1b4/p1p3PP/2KpR3/PP6/2n2r2/2BR4","stockfishScores":{"wn":0.495}},{"fenStr":"1r6/3N1k1p/3b4/p1p3PP/2KpR3/PP6/2n2r2/2BR4","stockfishScores":{"bn":0.4980952380952381}},{"fenStr":"8/1r1N1k1p/3b4/p1p3PP/2KpR3/PP6/2n2r2/2BR4","stockfishScores":{"wn":0.49476190476190474}},{"fenStr":"8/1r3k1p/3b1N2/p1p3PP/2KpR3/PP6/2n2r2/2BR4","stockfishScores":{"bn":0.49714285714285716}},{"fenStr":"8/1r3k1p/3b1N2/p1p3PP/2KpR3/PP3r2/2n5/2BR4","stockfishScores":{"wn":0.47398809523809526}},{"fenStr":"8/1r3k1N/3b4/p1p3PP/2KpR3/PP3r2/2n5/2BR4","stockfishScores":{"bn":0.4808928571428571}},{"fenStr":"8/1r3k1N/3b4/p1p3PP/2KpR3/Pr6/2n5/2BR4","stockfishScores":{"wn":0.4769047619047619}},{"fenStr":"8/1r3k1N/3b2P1/p1p4P/2KpR3/Pr6/2n5/2BR4","stockfishScores":{"bn":0.4880952380952381}},{"fenStr":"8/1r4kN/3b2P1/p1p4P/2KpR3/Pr6/2n5/2BR4","stockfishScores":{"wn":0.4693452380952381}},{"fenStr":"8/1r4kN/3bR1P1/p1p4P/2Kp4/Pr6/2n5/2BR4","stockfishScores":{"bn":0.4775595238095238}},{"fenStr":"8/1r4kN/3bR1P1/p1p4P/2Kp4/P1r5/2n5/2BR4","stockfishScores":{"wn":0.4967857142857143}},{"fenStr":"8/1r4kN/3bR1P1/p1pK3P/3p4/P1r5/2n5/2BR4","stockfishScores":{"bn":0.5129761904761905}},{"fenStr":"8/1r2b1kN/4R1P1/p1pK3P/3p4/P1r5/2n5/2BR4","stockfishScores":{"wn":0.5064285714285715}},{"fenStr":"8/1r2b1kN/4R1PP/p1pK4/3p4/P1r5/2n5/2BR4","stockfishScores":{"bn":0.5089285714285714}},{"fenStr":"6k1/1r2b2N/4R1PP/p1pK4/3p4/P1r5/2n5/2BR4","stockfishScores":{"wn":0.5132142857142857}},{"fenStr":"6k1/1r2b3/4RNPP/p1pK4/3p4/P1r5/2n5/2BR4","stockfishScores":{"bn":0.5203571428571429}},{"fenStr":"6k1/1r6/4RbPP/p1pK4/3p4/P1r5/2n5/2BR4","stockfishScores":{"wn":0.4903571428571429}},{"fenStr":"4R1k1/1r6/5bPP/p1pK4/3p4/P1r5/2n5/2BR4","stockfishScores":{"bn":0.48523809523809525}}],"result":{"ww":true}}