{"fens":[{"fenStr":"rnbqkbnr/pppppppp/8/8/3P4/8/PPP1PPPP/RNBQKBNR","stockfishScores":{"bn":0.5048809523809524}},{"fenStr":"rnbqkbnr/ppppp1pp/8/5p2/3P4/8/PPP1PPPP/RNBQKBNR","stockfishScores":{"wn":0.5067261904761905}},{"fenStr":"rnbqkbnr/ppppp1pp/8/5p2/2PP4/8/PP2PPPP/RNBQKBNR","stockfishScores":{"bn":0.50875}},{"fenStr":"rnbqkb1r/ppppp1pp/5n2/5p2/2PP4/8/PP2PPPP/RNBQKBNR","stockfishScores":{"wn":0.5048214285714285}},{"fenStr":"rnbqkb1r/ppppp1pp/5n2/5p2/2PP4/5N2/PP2PPPP/RNBQKB1R","stockfishScores":{"bn":0.5083333333333333}},{"fenStr":"rnbqkb1r/ppppp2p/5np1/5p2/2PP4/5N2/PP2PPPP/RNBQKB1R","stockfishScores":{"wn":0.5075}},{"fenStr":"rnbqkb1r/ppppp2p/5np1/5p2/2PP4/5NP1/PP2PP1P/RNBQKB1R","stockfishScores":{"bn":0.5089285714285714}},{"fenStr":"rnbqk2r/ppppp1bp/5np1/5p2/2PP4/5NP1/PP2PP1P/RNBQKB1R","stockfishScores":{"wn":0.5073809523809524}},{"fenStr":"rnbqk2r/ppppp1bp/5np1/5p2/2PP4/5NP1/PP2PPBP/RNBQK2R","stockfishScores":{"bn":0.508452380952381}},{"fenStr":"rnbq1rk1/ppppp1bp/5np1/5p2/2PP4/5NP1/PP2PPBP/RNBQK2R","stockfishScores":{"wn":0.49964285714285717}},{"fenStr":"rnbq1rk1/ppppp1bp/5np1/5p2/2PP4/5NP1/PP2PPBP/RNBQ1RK1","stockfishScores":{"bn":0.5080357142857143}},{"fenStr":"rnbq1rk1/ppp1p1bp/3p1np1/5p2/2PP4/5NP1/PP2PPBP/RNBQ1RK1","stockfishScores":{"wn":0.5039880952380953}},{"fenStr":"rnbq1rk1/ppp1p1bp/3p1np1/5p2/2PP4/2N2NP1/PP2PPBP/R1BQ1RK1","stockfishScores":{"bn":0.5064285714285715}},{"fenStr":"rnbq1rk1/pp2p1bp/2pp1np1/5p2/2PP4/2N2NP1/PP2PPBP/R1BQ1RK1","stockfishScores":{"wn":0.5059523809523809}},{"fenStr":"rnbq1rk1/pp2p1bp/2pp1np1/3P1p2/2P5/2N2NP1/PP2PPBP/R1BQ1RK1","stockfishScores":{"bn":0.5057738095238096}},{"fenStr":"rn1q1rk1/pp1bp1bp/2pp1np1/3P1p2/2P5/2N2NP1/PP2PPBP/R1BQ1RK1","stockfishScores":{"wn":0.5055357142857143}},{"fenStr":"rn1q1rk1/pp1bp1bp/2pp1np1/3P1p2/2P5/2N2NP1/PP2PPBP/1RBQ1RK1","stockfishScores":{"bn":0.5046428571428572}},{"fenStr":"r2q1rk1/pp1bp1bp/n1pp1np1/3P1p2/2P5/2N2NP1/PP2PPBP/1RBQ1RK1","stockfishScores":{"wn":0.5039880952380953}},{"fenStr":"r2q1rk1/pp1bp1bp/n1pp1np1/3P1p2/2PN4/2N3P1/PP2PPBP/1RBQ1RK1","stockfishScores":{"bn":0.5051785714285715}},{"fenStr":"2rq1rk1/pp1bp1bp/n1pp1np1/3P1p2/2PN4/2N3P1/PP2PPBP/1RBQ1RK1","stockfishScores":{"wn":0.5059523809523809}},{"fenStr":"2rq1rk1/pp1bp1bp/n1Pp1np1/5p2/2PN4/2N3P1/PP2PPBP/1RBQ1RK1","stockfishScores":{"bn":0.5191666666666667}},{"fenStr":"2rq1rk1/p2bp1bp/n1pp1np1/5p2/2PN4/2N3P1/PP2PPBP/1RBQ1RK1","stockfishScores":{"wn":0.5039880952380953}},{"fenStr":"2rq1rk1/p2bp1bp/n1pp1np1/5p2/1PPN4/2N3P1/P3PPBP/1RBQ1RK1","stockfishScores":{"bn":0.505297619047619}},{"fenStr":"2rq1rk1/p2bp1bp/n2p1np1/2p2p2/1PPN4/2N3P1/P3PPBP/1RBQ1RK1","stockfishScores":{"wn":0.50125}},{"fenStr":"2rq1rk1/p2bp1bp/n2p1np1/2P2p2/2PN4/2N3P1/P3PPBP/1RBQ1RK1","stockfishScores":{"bn":0.5100595238095238}},{"fenStr":"2rq1rk1/p2bp1bp/3p1np1/2n2p2/2PN4/2N3P1/P3PPBP/1RBQ1RK1","stockfishScores":{"wn":0.4969642857142857}},{"fenStr":"2rq1rk1/p2bp1bp/3p1np1/2n2p2/2P5/1NN3P1/P3PPBP/1RBQ1RK1","stockfishScores":{"bn":0.49416666666666664}},{"fenStr":"2rq1rk1/p3p1bp/3pbnp1/2n2p2/2P5/1NN3P1/P3PPBP/1RBQ1RK1","stockfishScores":{"wn":0.49410714285714286}},{"fenStr":"2rq1rk1/p3p1bp/3pbnp1/2nN1p2/2P5/1N4P1/P3PPBP/1RBQ1RK1","stockfishScores":{"bn":0.4963690476190476}},{"fenStr":"2rq1rk1/p3p1bp/3pbnp1/3N1p2/2P1n3/1N4P1/P3PPBP/1RBQ1RK1","stockfishScores":{"wn":0.4992261904761905}},{"fenStr":"2rq1rk1/p3p1bp/3pbnp1/3N1p2/2P1n3/1N1Q2P1/P3PPBP/1RB2RK1","stockfishScores":{"bn":0.5011309523809524}},{"fenStr":"2rq1rk1/p3p1bp/3pb1p1/3N1p2/2P1n1n1/1N1Q2P1/P3PPBP/1RB2RK1","stockfishScores":{"wn":0.49642857142857144}},{"fenStr":"2rq1rk1/p3p1bp/3pb1p1/3N1p2/2P1nBn1/1N1Q2P1/P3PPBP/1R3RK1","stockfishScores":{"bn":0.49702380952380953}},{"fenStr":"2rq1rk1/p3p1bp/3pb1p1/3Nnp2/2P1nB2/1N1Q2P1/P3PPBP/1R3RK1","stockfishScores":{"wn":0.4999404761904762}},{"fenStr":"2rq1rk1/p3p1bp/3pb1p1/3NBp2/2P1n3/1N1Q2P1/P3PPBP/1R3RK1","stockfishScores":{"bn":0.521547619047619}},{"fenStr":"2rq1rk1/p3p2p/3pb1p1/3Nbp2/2P1n3/1N1Q2P1/P3PPBP/1R3RK1","stockfishScores":{"wn":0.49964285714285717}},{"fenStr":"2rq1rk1/p3p2p/3pb1p1/3Nbp2/2P1n3/1N1Q2P1/P3PPBP/1RR3K1","stockfishScores":{"bn":0.49851190476190477}},{"fenStr":"2r2rk1/p2qp2p/3pb1p1/3Nbp2/2P1n3/1N1Q2P1/P3PPBP/1RR3K1","stockfishScores":{"wn":0.49952380952380954}},{"fenStr":"2r2rk1/p2qp2p/3pb1p1/3Nbp2/2P1n3/1N1QP1P1/P4PBP/1RR3K1","stockfishScores":{"bn":0.49851190476190477}},{"fenStr":"2r2rk1/p2qp2p/3pb1p1/2nNbp2/2P5/1N1QP1P1/P4PBP/1RR3K1","stockfishScores":{"wn":0.49160714285714285}},{"fenStr":"2r2rk1/p2qp2p/3pb1p1/2NNbp2/2P5/3QP1P1/P4PBP/1RR3K1","stockfishScores":{"bn":0.5251190476190476}},{"fenStr":"5rk1/p2qp2p/3pb1p1/2rNbp2/2P5/3QP1P1/P4PBP/1RR3K1","stockfishScores":{"wn":0.5020238095238095}},{"fenStr":"5rk1/pR1qp2p/3pb1p1/2rNbp2/2P5/3QP1P1/P4PBP/2R3K1","stockfishScores":{"bn":0.5111904761904762}},{"fenStr":"5rk1/pq2p2p/3pb1p1/2rNbp2/2P5/3QP1P1/P4PBP/2R3K1","stockfishScores":{"wn":0.46625}},{"fenStr":"5rk1/pq2p2p/3pbNp1/2r1bp2/2P5/3QP1P1/P4PBP/2R3K1","stockfishScores":{"bn":0.4549404761904762}},{"fenStr":"5rk1/pq2p2p/3pbbp1/2r2p2/2P5/3QP1P1/P4PBP/2R3K1","stockfishScores":{"wn":0.4336309523809524}},{"fenStr":"5rk1/pB2p2p/3pbbp1/2r2p2/2P5/3QP1P1/P4P1P/2R3K1","stockfishScores":{"bn":0.5050595238095238}},{"fenStr":"1r4k1/pB2p2p/3pbbp1/2r2p2/2P5/3QP1P1/P4P1P/2R3K1","stockfishScores":{"wn":0.5014285714285714}},{"fenStr":"1r4k1/p3p2p/3pbbp1/2r2p2/2P5/3QPBP1/P4P1P/2R3K1","stockfishScores":{"bn":0.5042857142857143}},{"fenStr":"2r3k1/p3p2p/3pbbp1/2r2p2/2P5/3QPBP1/P4P1P/2R3K1","stockfishScores":{"wn":0.5057738095238096}},{"fenStr":"2r3k1/p3p2p/3pbbp1/2r2p2/2P5/3QPBP1/P4P1P/1R4K1","stockfishScores":{"bn":0.5059523809523809}},{"fenStr":"2r3k1/p3p2p/3p1bp1/2r2p2/2b5/3QPBP1/P4P1P/1R4K1","stockfishScores":{"wn":0.4968452380952381}},{"fenStr":"2r3k1/p3p2p/3p1bp1/2r2p2/2b5/Q3PBP1/P4P1P/1R4K1","stockfishScores":{"bn":0.5011309523809524}},{"fenStr":"2r3k1/4p2p/3p1bp1/p1r2p2/2b5/Q3PBP1/P4P1P/1R4K1","stockfishScores":{"wn":0.5014285714285714}},{"fenStr":"2r3k1/4p2p/3p1bp1/p1r2p2/2b5/Q3PBP1/P4P1P/2R3K1","stockfishScores":{"bn":0.49988095238095237}},{"fenStr":"2r5/4p1kp/3p1bp1/p1r2p2/2b5/Q3PBP1/P4P1P/2R3K1","stockfishScores":{"wn":0.49964285714285717}},{"fenStr":"2r5/4p1kp/3p1bp1/p1r2p2/2b4P/Q3PBP1/P4P2/2R3K1","stockfishScores":{"bn":0.4993452380952381}},{"fenStr":"1r6/4p1kp/3p1bp1/p1r2p2/2b4P/Q3PBP1/P4P2/2R3K1","stockfishScores":{"wn":0.5017261904761905}},{"fenStr":"1r6/4p1kp/3p1bp1/p1r2p2/Q1b4P/4PBP1/P4P2/2R3K1","stockfishScores":{"bn":0.5016666666666667}},{"fenStr":"8/4p1kp/3p1bp1/p1r2p2/Qrb4P/4PBP1/P4P2/2R3K1","stockfishScores":{"wn":0.49857142857142855}},{"fenStr":"8/4p1kp/3p1bp1/p1r2p2/1rb4P/4PBP1/P4P2/2RQ2K1","stockfishScores":{"bn":0.4994047619047619}},{"fenStr":"8/4p1kp/3p1bp1/p1r2p2/1r5P/4PBP1/b4P2/2RQ2K1","stockfishScores":{"wn":0.4930357142857143}},{"fenStr":"8/4p1kp/3p1bp1/p1R2p2/1r5P/4PBP1/b4P2/3Q2K1","stockfishScores":{"bn":0.5322023809523809}},{"fenStr":"8/4p1kp/5bp1/p1p2p2/1r5P/4PBP1/b4P2/3Q2K1","stockfishScores":{"wn":0.4926190476190476}},{"fenStr":"3Q4/4p1kp/5bp1/p1p2p2/1r5P/4PBP1/b4P2/6K1","stockfishScores":{"bn":0.49255952380952384}},{"fenStr":"3Q4/4p1kp/5bp1/2p2p2/pr5P/4PBP1/b4P2/6K1","stockfishScores":{"wn":0.48928571428571427}},{"fenStr":"8/4p1kp/5bp1/Q1p2p2/pr5P/4PBP1/b4P2/6K1","stockfishScores":{"bn":0.490952380952381}},{"fenStr":"8/4p1kp/5bp1/Q1p2p2/p6P/4PBP1/b4P2/1r4K1","stockfishScores":{"wn":0.4942261904761905}},{"fenStr":"8/4p1kp/5bp1/Q1p2p2/p6P/4PBP1/b4PK1/1r6","stockfishScores":{"bn":0.49488095238095237}},{"fenStr":"8/4p1kp/5bp1/Q4p2/p1p4P/4PBP1/b4PK1/1r6","stockfishScores":{"wn":0.4957142857142857}},{"fenStr":"8/4p1kp/5bp1/5p2/Q1p4P/4PBP1/b4PK1/1r6","stockfishScores":{"bn":0.5003571428571428}},{"fenStr":"8/4p1kp/5bp1/5p2/Q1p4P/1b2PBP1/5PK1/1r6","stockfishScores":{"wn":0.4930952380952381}},{"fenStr":"8/4p1kp/5bp1/1Q3p2/2p4P/1b2PBP1/5PK1/1r6","stockfishScores":{"bn":0.4967261904761905}},{"fenStr":"8/4p1kp/5bp1/1Q3p2/7P/1bp1PBP1/5PK1/1r6","stockfishScores":{"wn":0.49279761904761904}},{"fenStr":"8/4p1kp/5bp1/1Q3p2/7P/1bp1P1P1/5PK1/1r1B4","stockfishScores":{"bn":0.49565476190476193}},{"fenStr":"8/4p1kp/5bp1/1Q3p2/7P/1b2P1P1/2p2PK1/1r1B4","stockfishScores":{"wn":0.4754761904761905}},{"fenStr":"8/4p1kp/5bp1/1Q3p2/7P/1b2P1P1/2B2PK1/1r6","stockfishScores":{"bn":0.5119642857142858}},{"fenStr":"8/4p1kp/5bp1/1Q3p2/7P/4P1P1/2b2PK1/1r6","stockfishScores":{"wn":0.4797619047619048}},{"fenStr":"8/4p1kp/5bp1/5p2/7P/4P1P1/2b1QPK1/1r6","stockfishScores":{"bn":0.4816666666666667}},{"fenStr":"8/4p1kp/5bp1/5p2/4b2P/4P1P1/4QPK1/1r6","stockfishScores":{"wn":0.4800595238095238}},{"fenStr":"8/4p1kp/5bp1/5p2/4b2P/4P1PK/4QP2/1r6","stockfishScores":{"bn":0.4754761904761905}},{"fenStr":"8/4p1kp/5bp1/5p2/4b2P/4P1PK/4QP2/7r","stockfishScores":{"wn":0.4776190476190476}}],"result":{"bw":true}}