{"fens":[{"fenStr":"rnbqkbnr/pppppppp/8/8/3P4/8/PPP1PPPP/RNBQKBNR","stockfishScores":{"bn":0.5048809523809524}},{"fenStr":"rnbqkb1r/pppppppp/5n2/8/3P4/8/PPP1PPPP/RNBQKBNR","stockfishScores":{"wn":0.5016071428571428}},{"fenStr":"rnbqkb1r/pppppppp/5n2/8/2PP4/8/PP2PPPP/RNBQKBNR","stockfishScores":{"bn":0.5041071428571429}},{"fenStr":"rnbqkb1r/pppppp1p/5np1/8/2PP4/8/PP2PPPP/RNBQKBNR","stockfishScores":{"wn":0.5035119047619048}},{"fenStr":"rnbqkb1r/pppppp1p/5np1/8/2PP4/2N5/PP2PPPP/R1BQKBNR","stockfishScores":{"bn":0.5066666666666667}},{"fenStr":"rnbqk2r/ppppppbp/5np1/8/2PP4/2N5/PP2PPPP/R1BQKBNR","stockfishScores":{"wn":0.5055357142857143}},{"fenStr":"rnbqk2r/ppppppbp/5np1/8/2PP4/2N3P1/PP2PP1P/R1BQKBNR","stockfishScores":{"bn":0.5064880952380952}},{"fenStr":"rnbq1rk1/ppppppbp/5np1/8/2PP4/2N3P1/PP2PP1P/R1BQKBNR","stockfishScores":{"wn":0.4974404761904762}},{"fenStr":"rnbq1rk1/ppppppbp/5np1/8/2PP4/2N3P1/PP2PPBP/R1BQK1NR","stockfishScores":{"bn":0.49952380952380954}},{"fenStr":"rnbq1rk1/ppp1ppbp/3p1np1/8/2PP4/2N3P1/PP2PPBP/R1BQK1NR","stockfishScores":{"wn":0.4943452380952381}},{"fenStr":"rnbq1rk1/ppp1ppbp/3p1np1/8/2PP4/2N2NP1/PP2PPBP/R1BQK2R","stockfishScores":{"bn":0.49714285714285716}},{"fenStr":"r1bq1rk1/ppp1ppbp/2np1np1/8/2PP4/2N2NP1/PP2PPBP/R1BQK2R","stockfishScores":{"wn":0.49702380952380953}},{"fenStr":"r1bq1rk1/ppp1ppbp/2np1np1/8/2PP4/2N2NP1/PP2PPBP/R1BQ1RK1","stockfishScores":{"bn":0.5058928571428571}},{"fenStr":"r2q1rk1/ppp1ppbp/2np1np1/8/2PP2b1/2N2NP1/PP2PPBP/R1BQ1RK1","stockfishScores":{"wn":0.5045238095238095}},{"fenStr":"r2q1rk1/ppp1ppbp/2np1np1/3P4/2P3b1/2N2NP1/PP2PPBP/R1BQ1RK1","stockfishScores":{"bn":0.5070238095238095}},{"fenStr":"r2q1rk1/ppp1ppbp/3p1np1/n2P4/2P3b1/2N2NP1/PP2PPBP/R1BQ1RK1","stockfishScores":{"wn":0.5055952380952381}},{"fenStr":"r2q1rk1/ppp1ppbp/3p1np1/n2P4/2P3b1/1PN2NP1/P3PPBP/R1BQ1RK1","stockfishScores":{"bn":0.5075595238095238}},{"fenStr":"r2q1rk1/pp2ppbp/3p1np1/n1pP4/2P3b1/1PN2NP1/P3PPBP/R1BQ1RK1","stockfishScores":{"wn":0.5044047619047619}},{"fenStr":"r2q1rk1/pp2ppbp/3p1np1/n1pP4/2P3b1/1PN2NP1/PB2PPBP/R2Q1RK1","stockfishScores":{"bn":0.5047619047619047}},{"fenStr":"r4rk1/pp1qppbp/3p1np1/n1pP4/2P3b1/1PN2NP1/PB2PPBP/R2Q1RK1","stockfishScores":{"wn":0.5069047619047619}},{"fenStr":"r4rk1/pp1qppbp/3p1np1/n1pP4/2P3b1/1PN2NP1/PB1QPPBP/R4RK1","stockfishScores":{"bn":0.5067857142857143}},{"fenStr":"r4rk1/pp1qppbp/3p1np1/n1pP4/2P5/1PN2NPb/PB1QPPBP/R4RK1","stockfishScores":{"wn":0.5104761904761905}},{"fenStr":"r4rk1/pp1qppbp/3p1np1/n1pP4/2P1P3/1PN2NPb/PB1Q1PBP/R4RK1","stockfishScores":{"bn":0.5108928571428571}},{"fenStr":"r4rk1/pp1qppbp/3p1np1/n1pP4/2P1P3/1PN2NP1/PB1Q1PbP/R4RK1","stockfishScores":{"wn":0.4750595238095238}},{"fenStr":"r4rk1/pp1qppbp/3p1np1/n1pP4/2P1P3/1PN2NP1/PB1Q1PKP/R4R2","stockfishScores":{"bn":0.5090476190476191}},{"fenStr":"r4rk1/pp1q1pbp/3p1np1/n1pPp3/2P1P3/1PN2NP1/PB1Q1PKP/R4R2","stockfishScores":{"wn":0.5105357142857143}},{"fenStr":"r4rk1/pp1q1pbp/3pPnp1/n1p5/2P1P3/1PN2NP1/PB1Q1PKP/R4R2","stockfishScores":{"bn":0.5169047619047619}},{"fenStr":"r4rk1/pp1q2bp/3ppnp1/n1p5/2P1P3/1PN2NP1/PB1Q1PKP/R4R2","stockfishScores":{"wn":0.5064285714285715}},{"fenStr":"r4rk1/pp1q2bp/3ppnp1/n1p5/2P1P3/1PN2NP1/PB1Q1PKP/3R1R2","stockfishScores":{"bn":0.508452380952381}},{"fenStr":"3r1rk1/pp1q2bp/3ppnp1/n1p5/2P1P3/1PN2NP1/PB1Q1PKP/3R1R2","stockfishScores":{"wn":0.50875}},{"fenStr":"3r1rk1/pp1q2bp/3ppnp1/n1p5/2P1P3/1PN2NP1/PB1Q1PKP/3RR3","stockfishScores":{"bn":0.5092857142857143}},{"fenStr":"3r1rk1/pp1q2bp/2nppnp1/2p5/2P1P3/1PN2NP1/PB1Q1PKP/3RR3","stockfishScores":{"wn":0.5043452380952381}},{"fenStr":"3r1rk1/pp1q2bp/2nppnp1/1Np5/2P1P3/1P3NP1/PB1Q1PKP/3RR3","stockfishScores":{"bn":0.50375}},{"fenStr":"3rnrk1/pp1q2bp/2npp1p1/1Np5/2P1P3/1P3NP1/PB1Q1PKP/3RR3","stockfishScores":{"wn":0.5042857142857143}},{"fenStr":"3rnrk1/pp1q2Bp/2npp1p1/1Np5/2P1P3/1P3NP1/P2Q1PKP/3RR3","stockfishScores":{"bn":0.5345833333333333}},{"fenStr":"3rnrk1/pp4qp/2npp1p1/1Np5/2P1P3/1P3NP1/P2Q1PKP/3RR3","stockfishScores":{"wn":0.5029761904761905}},{"fenStr":"3rnrk1/pp4qp/2npp1p1/1Np3N1/2P1P3/1P4P1/P2Q1PKP/3RR3","stockfishScores":{"bn":0.5059523809523809}},{"fenStr":"3rnrk1/pp2q2p/2npp1p1/1Np3N1/2P1P3/1P4P1/P2Q1PKP/3RR3","stockfishScores":{"wn":0.5045238095238095}},{"fenStr":"3rnrk1/pp2q2p/2npp1p1/1Np3N1/2P1PP2/1P4P1/P2Q2KP/3RR3","stockfishScores":{"bn":0.5055952380952381}},{"fenStr":"3rnrk1/1p2q2p/p1npp1p1/1Np3N1/2P1PP2/1P4P1/P2Q2KP/3RR3","stockfishScores":{"wn":0.5029761904761905}},{"fenStr":"3rnrk1/1p2q2p/p1npp1p1/2p3N1/2P1PP2/1PN3P1/P2Q2KP/3RR3","stockfishScores":{"bn":0.50625}},{"fenStr":"3r1rk1/1pn1q2p/p1npp1p1/2p3N1/2P1PP2/1PN3P1/P2Q2KP/3RR3","stockfishScores":{"wn":0.5049404761904762}},{"fenStr":"3r1rk1/1pn1q2p/p1npp1p1/2p5/2P1PP2/1PN2NP1/P2Q2KP/3RR3","stockfishScores":{"bn":0.5044642857142857}},{"fenStr":"3r1rk1/1pn3qp/p1npp1p1/2p5/2P1PP2/1PN2NP1/P2Q2KP/3RR3","stockfishScores":{"wn":0.5054761904761905}},{"fenStr":"3r1rk1/1pn3qp/p1npp1p1/2p5/2P1PP2/1PN1RNP1/P2Q2KP/3R4","stockfishScores":{"bn":0.5035714285714286}},{"fenStr":"3r1rk1/1pn3qp/p1np2p1/2p1p3/2P1PP2/1PN1RNP1/P2Q2KP/3R4","stockfishScores":{"wn":0.5056547619047619}},{"fenStr":"3r1rk1/1pn3qp/p1np2p1/2pNp3/2P1PP2/1P2RNP1/P2Q2KP/3R4","stockfishScores":{"bn":0.5077380952380952}},{"fenStr":"3r1rk1/1pn3qp/p2p2p1/2pNp3/2PnPP2/1P2RNP1/P2Q2KP/3R4","stockfishScores":{"wn":0.5085714285714286}},{"fenStr":"3r1rk1/1pn3qp/p2p2p1/2pNp3/2PNPP2/1P2R1P1/P2Q2KP/3R4","stockfishScores":{"bn":0.5335119047619048}},{"fenStr":"3r1rk1/1pn3qp/p2p2p1/3Np3/2PpPP2/1P2R1P1/P2Q2KP/3R4","stockfishScores":{"wn":0.5023214285714286}},{"fenStr":"3r1rk1/1pn3qp/p2p2p1/3Np3/2PpPP2/1P3RP1/P2Q2KP/3R4","stockfishScores":{"bn":0.5051190476190476}},{"fenStr":"3r1rk1/1p4qp/p2p2p1/3np3/2PpPP2/1P3RP1/P2Q2KP/3R4","stockfishScores":{"wn":0.4763095238095238}},{"fenStr":"3r1rk1/1p4qp/p2p2p1/3Pp3/3pPP2/1P3RP1/P2Q2KP/3R4","stockfishScores":{"bn":0.5}},{"fenStr":"2r2rk1/1p4qp/p2p2p1/3Pp3/3pPP2/1P3RP1/P2Q2KP/3R4","stockfishScores":{"wn":0.4994047619047619}},{"fenStr":"2r2rk1/1p4qp/p2p2p1/3Pp3/3pPP2/1P3RP1/P2Q2KP/5R2","stockfishScores":{"bn":0.49797619047619046}},{"fenStr":"5rk1/1pr3qp/p2p2p1/3Pp3/3pPP2/1P3RP1/P2Q2KP/5R2","stockfishScores":{"wn":0.49988095238095237}},{"fenStr":"5rk1/1pr3qp/p2p2p1/3Pp3/3pPP2/1P3RP1/P2Q1RKP/8","stockfishScores":{"bn":0.4970833333333333}},{"fenStr":"2r3k1/1pr3qp/p2p2p1/3Pp3/3pPP2/1P3RP1/P2Q1RKP/8","stockfishScores":{"wn":0.4955357142857143}},{"fenStr":"2r3k1/1pr3qp/p2p2p1/3PpP2/3pP3/1P3RP1/P2Q1RKP/8","stockfishScores":{"bn":0.4975595238095238}},{"fenStr":"2r3k1/1p4qp/p2p2p1/3PpP2/3pP3/1Pr2RP1/P2Q1RKP/8","stockfishScores":{"wn":0.4969047619047619}},{"fenStr":"2r3k1/1p4qp/p2p1Pp1/3Pp3/3pP3/1Pr2RP1/P2Q1RKP/8","stockfishScores":{"bn":0.5088095238095238}},{"fenStr":"2r3k1/1p3q1p/p2p1Pp1/3Pp3/3pP3/1Pr2RP1/P2Q1RKP/8","stockfishScores":{"wn":0.5029761904761905}},{"fenStr":"2r3k1/1p3q1p/p2p1Pp1/3Pp1Q1/3pP3/1Pr2RP1/P4RKP/8","stockfishScores":{"bn":0.5030357142857143}},{"fenStr":"2r3k1/1p3q1p/p2p1Pp1/3Pp1Q1/3pP3/1P3rP1/P4RKP/8","stockfishScores":{"wn":0.4630952380952381}},{"fenStr":"2r3k1/1p3q1p/p2p1Pp1/3Pp1Q1/3pP3/1P3KP1/P4R1P/8","stockfishScores":{"bn":0.49898809523809523}},{"fenStr":"2r3k1/1p3q1p/p2p1Pp1/3Pp1Q1/4P3/1P1p1KP1/P4R1P/8","stockfishScores":{"wn":0.5026190476190476}},{"fenStr":"2r3k1/1p3q1p/p2p1Pp1/3Pp3/4P1Q1/1P1p1KP1/P4R1P/8","stockfishScores":{"bn":0.49785714285714283}},{"fenStr":"2r3k1/1p5p/p2p1qp1/3Pp3/4P1Q1/1P1p1KP1/P4R1P/8","stockfishScores":{"wn":0.49238095238095236}},{"fenStr":"2r3k1/1p5p/p2p1qp1/3Pp3/4P1Q1/1P1pK1P1/P4R1P/8","stockfishScores":{"bn":0.5}},{"fenStr":"2rq2k1/1p5p/p2p2p1/3Pp3/4P1Q1/1P1pK1P1/P4R1P/8","stockfishScores":{"wn":0.4957142857142857}},{"fenStr":"2rq2k1/1p5p/p2pQ1p1/3Pp3/4P3/1P1pK1P1/P4R1P/8","stockfishScores":{"bn":0.49523809523809526}},{"fenStr":"2rq3k/1p5p/p2pQ1p1/3Pp3/4P3/1P1pK1P1/P4R1P/8","stockfishScores":{"wn":0.4903571428571429}},{"fenStr":"2rq3k/1p3R1p/p2pQ1p1/3Pp3/4P3/1P1pK1P1/P6P/8","stockfishScores":{"bn":0.4982738095238095}},{"fenStr":"2rq3k/1p3R1p/p2pQ1p1/3Pp3/4P3/1P2K1P1/P2p3P/8","stockfishScores":{"wn":0.47845238095238096}},{"fenStr":"2rq3k/1p3R1p/p2pQ1p1/3Pp3/4P3/1P4P1/P2pK2P/8","stockfishScores":{"bn":0.5004761904761905}},{"fenStr":"3q3k/1p3R1p/p2pQ1p1/3Pp3/4P3/1P4P1/P2pK2P/2r5","stockfishScores":{"wn":0.4913095238095238}},{"fenStr":"3q3k/1p3R1p/p2pQ1p1/3Pp3/4P3/1P4P1/P2K3P/2r5","stockfishScores":{"bn":0.49964285714285717}},{"fenStr":"7k/1p3R1p/p2pQ1p1/3Pp1q1/4P3/1P4P1/P2K3P/2r5","stockfishScores":{"wn":0.5210714285714285}},{"fenStr":"7k/1p5p/p2pQ1p1/3Pp1q1/4PR2/1P4P1/P2K3P/2r5","stockfishScores":{"bn":0.49315476190476193}},{"fenStr":"7k/1pr4p/p2pQ1p1/3Pp1q1/4PR2/1P4P1/P2K3P/8","stockfishScores":{"wn":0.49333333333333335}},{"fenStr":"4Q2k/1pr4p/p2p2p1/3Pp1q1/4PR2/1P4P1/P2K3P/8","stockfishScores":{"bn":0.49160714285714285}},{"fenStr":"4Q3/1pr3kp/p2p2p1/3Pp1q1/4PR2/1P4P1/P2K3P/8","stockfishScores":{"wn":0.4878571428571429}},{"fenStr":"5Q2/1pr3kp/p2p2p1/3Pp1q1/4PR2/1P4P1/P2K3P/8","stockfishScores":{"bn":0.4841666666666667}}],"result":{"ww":true}}