{"fens":[{"fenStr":"rnbqkbnr/pppppppp/8/8/4P3/8/PPPP1PPP/RNBQKBNR","stockfishScores":{"bn":0.5049404761904762}},{"fenStr":"rnbqkbnr/pppp1ppp/8/4p3/4P3/8/PPPP1PPP/RNBQKBNR","stockfishScores":{"wn":0.5005952380952381}},{"fenStr":"rnbqkbnr/pppp1ppp/8/4p3/4P3/5N2/PPPP1PPP/RNBQKB1R","stockfishScores":{"bn":0.5044047619047619}},{"fenStr":"r1bqkbnr/pppp1ppp/2n5/4p3/4P3/5N2/PPPP1PPP/RNBQKB1R","stockfishScores":{"wn":0.5004166666666666}},{"fenStr":"r1bqkbnr/pppp1ppp/2n5/4p3/2B1P3/5N2/PPPP1PPP/RNBQK2R","stockfishScores":{"bn":0.5013095238095238}},{"fenStr":"r1bqkb1r/pppp1ppp/2n2n2/4p3/2B1P3/5N2/PPPP1PPP/RNBQK2R","stockfishScores":{"wn":0.4975}},{"fenStr":"r1bqkb1r/pppp1ppp/2n2n2/4p3/2BPP3/5N2/PPP2PPP/RNBQK2R","stockfishScores":{"bn":0.5055952380952381}},{"fenStr":"r1bqkb1r/pppp1ppp/2n2n2/8/2BpP3/5N2/PPP2PPP/RNBQK2R","stockfishScores":{"wn":0.4945833333333333}},{"fenStr":"r1bqkb1r/pppp1ppp/2n2n2/8/2BpP3/5N2/PPP2PPP/RNBQ1RK1","stockfishScores":{"bn":0.5063690476190477}},{"fenStr":"r1bqkb1r/pppp1ppp/2n5/8/2Bpn3/5N2/PPP2PPP/RNBQ1RK1","stockfishScores":{"wn":0.4980357142857143}},{"fenStr":"r1bqkb1r/pppp1ppp/2n5/8/2Bpn3/5N2/PPP2PPP/RNBQR1K1","stockfishScores":{"bn":0.5223214285714286}},{"fenStr":"r1bqkb1r/ppp2ppp/2n5/3p4/2Bpn3/5N2/PPP2PPP/RNBQR1K1","stockfishScores":{"wn":0.4919047619047619}},{"fenStr":"r1bqkb1r/ppp2ppp/2n5/3B4/3pn3/5N2/PPP2PPP/RNBQR1K1","stockfishScores":{"bn":0.5269642857142857}},{"fenStr":"r1b1kb1r/ppp2ppp/2n5/3q4/3pn3/5N2/PPP2PPP/RNBQR1K1","stockfishScores":{"wn":0.47458333333333336}},{"fenStr":"r1b1kb1r/ppp2ppp/2n5/3q4/3pn3/2N2N2/PPP2PPP/R1BQR1K1","stockfishScores":{"bn":0.4822619047619048}},{"fenStr":"r1b1kb1r/ppp2ppp/2n5/7q/3pn3/2N2N2/PPP2PPP/R1BQR1K1","stockfishScores":{"wn":0.47827380952380955}},{"fenStr":"r1b1kb1r/ppp2ppp/2n5/7q/3pN3/5N2/PPP2PPP/R1BQR1K1","stockfishScores":{"bn":0.500297619047619}},{"fenStr":"r3kb1r/ppp2ppp/2n1b3/7q/3pN3/5N2/PPP2PPP/R1BQR1K1","stockfishScores":{"wn":0.5004166666666666}},{"fenStr":"r3kb1r/ppp2ppp/2n1b3/6Nq/3p4/5N2/PPP2PPP/R1BQR1K1","stockfishScores":{"bn":0.5086309523809524}},{"fenStr":"r3k2r/ppp2ppp/2n1b3/6Nq/1b1p4/5N2/PPP2PPP/R1BQR1K1","stockfishScores":{"wn":0.5083928571428571}},{"fenStr":"r3k2r/ppp2ppp/2n1R3/6Nq/1b1p4/5N2/PPP2PPP/R1BQ2K1","stockfishScores":{"bn":0.5282142857142857}},{"fenStr":"r3k2r/ppp3pp/2n1p3/6Nq/1b1p4/5N2/PPP2PPP/R1BQ2K1","stockfishScores":{"wn":0.49654761904761907}},{"fenStr":"r3k2r/ppp3pp/2n1N3/7q/1b1p4/5N2/PPP2PPP/R1BQ2K1","stockfishScores":{"bn":0.5125595238095239}},{"fenStr":"r3k2r/ppp2qpp/2n1N3/8/1b1p4/5N2/PPP2PPP/R1BQ2K1","stockfishScores":{"wn":0.5054761904761905}},{"fenStr":"r3k2r/ppp2qpp/2n1N3/6N1/1b1p4/8/PPP2PPP/R1BQ2K1","stockfishScores":{"bn":0.5140476190476191}},{"fenStr":"r3k2r/ppp1q1pp/2n1N3/6N1/1b1p4/8/PPP2PPP/R1BQ2K1","stockfishScores":{"wn":0.5245833333333333}},{"fenStr":"r3k2r/ppp1q1pp/2n1N3/6N1/1b1p4/8/PPP1QPPP/R1B3K1","stockfishScores":{"bn":0.5285714285714286}},{"fenStr":"r3k2r/ppp1q1pp/2nbN3/6N1/3p4/8/PPP1QPPP/R1B3K1","stockfishScores":{"wn":0.5275}},{"fenStr":"r3k2r/ppp1q1Np/2nb4/6N1/3p4/8/PPP1QPPP/R1B3K1","stockfishScores":{"bn":0.5250595238095238}},{"fenStr":"r6r/pppkq1Np/2nb4/6N1/3p4/8/PPP1QPPP/R1B3K1","stockfishScores":{"wn":0.5053571428571428}},{"fenStr":"r6r/pppkq1Np/2nb4/6N1/3p2Q1/8/PPP2PPP/R1B3K1","stockfishScores":{"bn":0.4990476190476191}},{"fenStr":"r2k3r/ppp1q1Np/2nb4/6N1/3p2Q1/8/PPP2PPP/R1B3K1","stockfishScores":{"wn":0.513154761904762}},{"fenStr":"r2k3r/ppp1qNNp/2nb4/8/3p2Q1/8/PPP2PPP/R1B3K1","stockfishScores":{"bn":0.5242261904761905}},{"fenStr":"r2k3r/ppp2qNp/2nb4/8/3p2Q1/8/PPP2PPP/R1B3K1","stockfishScores":{"wn":0.5039285714285714}},{"fenStr":"r2k3r/ppp2qNp/2nb4/6B1/3p2Q1/8/PPP2PPP/R5K1","stockfishScores":{"bn":0.4914880952380952}},{"fenStr":"r2k3r/ppp1bqNp/2n5/6B1/3p2Q1/8/PPP2PPP/R5K1","stockfishScores":{"wn":0.4980952380952381}},{"fenStr":"r2k3r/ppp1bq1p/2n1N3/6B1/3p2Q1/8/PPP2PPP/R5K1","stockfishScores":{"bn":0.48797619047619045}},{"fenStr":"r1k4r/ppp1bq1p/2n1N3/6B1/3p2Q1/8/PPP2PPP/R5K1","stockfishScores":{"wn":0.4789285714285714}},{"fenStr":"r1k4r/ppp1bq1p/2n5/2N3B1/3p2Q1/8/PPP2PPP/R5K1","stockfishScores":{"bn":0.48160714285714284}},{"fenStr":"rk5r/ppp1bq1p/2n5/2N3B1/3p2Q1/8/PPP2PPP/R5K1","stockfishScores":{"wn":0.4788095238095238}},{"fenStr":"rk5r/pppNbq1p/2n5/6B1/3p2Q1/8/PPP2PPP/R5K1","stockfishScores":{"bn":0.4736309523809524}},{"fenStr":"r1k4r/pppNbq1p/2n5/6B1/3p2Q1/8/PPP2PPP/R5K1","stockfishScores":{"wn":0.47559523809523807}},{"fenStr":"r1k4r/ppp1bq1p/1Nn5/6B1/3p2Q1/8/PPP2PPP/R5K1","stockfishScores":{"bn":0.48178571428571426}},{"fenStr":"rk5r/ppp1bq1p/1Nn5/6B1/3p2Q1/8/PPP2PPP/R5K1","stockfishScores":{"wn":0.4804761904761905}},{"fenStr":"rkQ4r/ppp1bq1p/1Nn5/6B1/3p4/8/PPP2PPP/R5K1","stockfishScores":{"bn":0.4735714285714286}},{"fenStr":"rkr5/ppp1bq1p/1Nn5/6B1/3p4/8/PPP2PPP/R5K1","stockfishScores":{"wn":0.3932738095238095}},{"fenStr":"rkr5/pppNbq1p/2n5/6B1/3p4/8/PPP2PPP/R5K1","stockfishScores":{"bn":0.39416666666666667}}],"result":{"ww":true}}