{"fens":[{"fenStr":"rnbqkbnr/pppppppp/8/8/4P3/8/PPPP1PPP/RNBQKBNR","stockfishScores":{"bn":0.5049404761904762}},{"fenStr":"rnbqkbnr/ppp1pppp/3p4/8/4P3/8/PPPP1PPP/RNBQKBNR","stockfishScores":{"wn":0.5013690476190477}},{"fenStr":"rnbqkbnr/ppp1pppp/3p4/8/3PP3/8/PPP2PPP/RNBQKBNR","stockfishScores":{"bn":0.5064285714285715}},{"fenStr":"rnbqkbnr/ppp1pp1p/3p2p1/8/3PP3/8/PPP2PPP/RNBQKBNR","stockfishScores":{"wn":0.5056547619047619}},{"fenStr":"rnbqkbnr/ppp1pp1p/3p2p1/8/3PP3/2N5/PPP2PPP/R1BQKBNR","stockfishScores":{"bn":0.5078571428571429}},{"fenStr":"rnbqk1nr/ppp1ppbp/3p2p1/8/3PP3/2N5/PPP2PPP/R1BQKBNR","stockfishScores":{"wn":0.5059523809523809}},{"fenStr":"rnbqk1nr/ppp1ppbp/3p2p1/6B1/3PP3/2N5/PPP2PPP/R2QKBNR","stockfishScores":{"bn":0.5091071428571429}},{"fenStr":"r1bqk1nr/pppnppbp/3p2p1/6B1/3PP3/2N5/PPP2PPP/R2QKBNR","stockfishScores":{"wn":0.5054166666666666}},{"fenStr":"r1bqk1nr/pppnppbp/3p2p1/6B1/3PPP2/2N5/PPP3PP/R2QKBNR","stockfishScores":{"bn":0.5027380952380952}},{"fenStr":"r1bqk1nr/pp1nppbp/3p2p1/2p3B1/3PPP2/2N5/PPP3PP/R2QKBNR","stockfishScores":{"wn":0.5014285714285714}},{"fenStr":"r1bqk1nr/pp1nppbp/3p2p1/2pP2B1/4PP2/2N5/PPP3PP/R2QKBNR","stockfishScores":{"bn":0.49988095238095237}},{"fenStr":"r1bqk1nr/1p1nppbp/p2p2p1/2pP2B1/4PP2/2N5/PPP3PP/R2QKBNR","stockfishScores":{"wn":0.5}},{"fenStr":"r1bqk1nr/1p1nppbp/p2p2p1/2pP2B1/P3PP2/2N5/1PP3PP/R2QKBNR","stockfishScores":{"bn":0.4992261904761905}},{"fenStr":"r1b1k1nr/1p1nppbp/p2p2p1/q1pP2B1/P3PP2/2N5/1PP3PP/R2QKBNR","stockfishScores":{"wn":0.49714285714285716}},{"fenStr":"r1b1k1nr/1p1nppbp/p2p2p1/q1pP2B1/P3PP2/2N5/1PPQ2PP/R3KBNR","stockfishScores":{"bn":0.4994642857142857}},{"fenStr":"r1b1k1nr/3nppbp/p2p2p1/qppP2B1/P3PP2/2N5/1PPQ2PP/R3KBNR","stockfishScores":{"wn":0.49702380952380953}},{"fenStr":"r1b1k1nr/3nppbp/p2p2p1/qppP2B1/P3PP2/8/1PPQ2PP/R2NKBNR","stockfishScores":{"bn":0.4942261904761905}},{"fenStr":"r1b1k1nr/3nppbp/p2p2p1/q1pP2B1/Pp2PP2/8/1PPQ2PP/R2NKBNR","stockfishScores":{"wn":0.4980952380952381}},{"fenStr":"r1b1k1nr/3nppbp/p2p2p1/q1pP2B1/Pp2PP2/5N2/1PPQ2PP/R2NKB1R","stockfishScores":{"bn":0.5020833333333333}},{"fenStr":"r3k1nr/1b1nppbp/p2p2p1/q1pP2B1/Pp2PP2/5N2/1PPQ2PP/R2NKB1R","stockfishScores":{"wn":0.5028571428571429}},{"fenStr":"r3k1nr/1b1nppbp/p2p2p1/q1pP2B1/Pp2PP2/4NN2/1PPQ2PP/R3KB1R","stockfishScores":{"bn":0.5038690476190476}},{"fenStr":"r3k1nr/1b2ppbp/pn1p2p1/q1pP2B1/Pp2PP2/4NN2/1PPQ2PP/R3KB1R","stockfishScores":{"wn":0.5060119047619047}},{"fenStr":"r3k1nr/1b2ppbp/pn1p2p1/q1pP2B1/Pp2PP2/4NN2/RPPQ2PP/4KB1R","stockfishScores":{"bn":0.5060714285714286}},{"fenStr":"r3k2r/1b2ppbp/pn1p1np1/q1pP2B1/Pp2PP2/4NN2/RPPQ2PP/4KB1R","stockfishScores":{"wn":0.5022619047619048}},{"fenStr":"r3k2r/1b2ppbp/pn1p1Bp1/q1pP4/Pp2PP2/4NN2/RPPQ2PP/4KB1R","stockfishScores":{"bn":0.5256547619047619}},{"fenStr":"r3k2r/1b2pp1p/pn1p1bp1/q1pP4/Pp2PP2/4NN2/RPPQ2PP/4KB1R","stockfishScores":{"wn":0.501547619047619}},{"fenStr":"r3k2r/1b2pp1p/pn1p1bp1/q1pP4/PpN1PP2/5N2/RPPQ2PP/4KB1R","stockfishScores":{"bn":0.5054166666666666}},{"fenStr":"r3k2r/1b2pp1p/p2p1bp1/q1pP4/Ppn1PP2/5N2/RPPQ2PP/4KB1R","stockfishScores":{"wn":0.47226190476190477}},{"fenStr":"r3k2r/1b2pp1p/p2p1bp1/q1pP4/PpB1PP2/5N2/RPPQ2PP/4K2R","stockfishScores":{"bn":0.5007142857142857}},{"fenStr":"r3k2r/1bq1pp1p/p2p1bp1/2pP4/PpB1PP2/5N2/RPPQ2PP/4K2R","stockfishScores":{"wn":0.500297619047619}},{"fenStr":"r3k2r/1bq1pp1p/p2p1bp1/P1pP4/1pB1PP2/5N2/RPPQ2PP/4K2R","stockfishScores":{"bn":0.500297619047619}},{"fenStr":"r4rk1/1bq1pp1p/p2p1bp1/P1pP4/1pB1PP2/5N2/RPPQ2PP/4K2R","stockfishScores":{"wn":0.49238095238095236}},{"fenStr":"r4rk1/1bq1pp1p/p2p1bp1/P1pP4/1pB1PP2/5N2/RPPQ2PP/5RK1","stockfishScores":{"bn":0.5033333333333333}},{"fenStr":"r4rk1/1bq1ppbp/p2p2p1/P1pP4/1pB1PP2/5N2/RPPQ2PP/5RK1","stockfishScores":{"wn":0.502797619047619}},{"fenStr":"r4rk1/1bq1ppbp/p2p2p1/P1pP1P2/1pB1P3/5N2/RPPQ2PP/5RK1","stockfishScores":{"bn":0.5021428571428571}},{"fenStr":"r1b2rk1/2q1ppbp/p2p2p1/P1pP1P2/1pB1P3/5N2/RPPQ2PP/5RK1","stockfishScores":{"wn":0.5041666666666667}},{"fenStr":"r1b2rk1/2q1ppbp/p2p2p1/P1pP1P2/1pB1P1P1/5N2/RPPQ3P/5RK1","stockfishScores":{"bn":0.5007142857142857}},{"fenStr":"r1b2r1k/2q1ppbp/p2p2p1/P1pP1P2/1pB1P1P1/5N2/RPPQ3P/5RK1","stockfishScores":{"wn":0.5032738095238095}},{"fenStr":"r1b2r1k/2q1ppbp/p2p2p1/P1pP1PQ1/1pB1P1P1/5N2/RPP4P/5RK1","stockfishScores":{"bn":0.4995833333333333}},{"fenStr":"r1b2r1k/2q1ppbp/p2p4/P1pP1pQ1/1pB1P1P1/5N2/RPP4P/5RK1","stockfishScores":{"wn":0.4917261904761905}},{"fenStr":"r1b2r1k/2q1ppbp/p2p4/P1pP1PQ1/1pB3P1/5N2/RPP4P/5RK1","stockfishScores":{"bn":0.5007142857142857}},{"fenStr":"r4r1k/1bq1ppbp/p2p4/P1pP1PQ1/1pB3P1/5N2/RPP4P/5RK1","stockfishScores":{"wn":0.49952380952380954}},{"fenStr":"r4r1k/1bq1ppbp/p2p4/P1pP1P1Q/1pB3P1/5N2/RPP4P/5RK1","stockfishScores":{"bn":0.5010714285714286}},{"fenStr":"r4r1k/1bq1pp1p/p2p4/P1pP1P1Q/1pBb2P1/5N2/RPP4P/5RK1","stockfishScores":{"wn":0.5048214285714285}},{"fenStr":"r4r1k/1bq1pp1p/p2p4/P1pP1P1Q/1pBb2P1/5N2/RPP4P/5R1K","stockfishScores":{"bn":0.5052380952380953}},{"fenStr":"r4r1k/1bq1p2p/p2p1p2/P1pP1P1Q/1pBb2P1/5N2/RPP4P/5R1K","stockfishScores":{"wn":0.5064880952380952}},{"fenStr":"r4r1k/1bq1p2p/p2p1p2/P1pP1P1Q/1pBb2PN/8/RPP4P/5R1K","stockfishScores":{"bn":0.5022619047619048}},{"fenStr":"r4r2/1bq1p1kp/p2p1p2/P1pP1P1Q/1pBb2PN/8/RPP4P/5R1K","stockfishScores":{"wn":0.5021428571428571}},{"fenStr":"r4r2/1bq1p1kp/p2p1pN1/P1pP1P1Q/1pBb2P1/8/RPP4P/5R1K","stockfishScores":{"bn":0.5009523809523809}},{"fenStr":"r5r1/1bq1p1kp/p2p1pN1/P1pP1P1Q/1pBb2P1/8/RPP4P/5R1K","stockfishScores":{"wn":0.500297619047619}},{"fenStr":"r5r1/1bq1p1kp/p2p1p2/P1pP1P1Q/1pBb1NP1/8/RPP4P/5R1K","stockfishScores":{"bn":0.5229761904761905}},{"fenStr":"r1b3r1/2q1p1kp/p2p1p2/P1pP1P1Q/1pBb1NP1/8/RPP4P/5R1K","stockfishScores":{"wn":0.5155357142857143}},{"fenStr":"r1b3r1/2q1p1kp/p2p1p2/P1pP1P1Q/1pBb1NP1/5R2/RPP4P/7K","stockfishScores":{"bn":0.5139880952380952}},{"fenStr":"r1b3r1/2q1p1kp/p2p1p2/P1pPbP1Q/1pB2NP1/5R2/RPP4P/7K","stockfishScores":{"wn":0.5152976190476191}},{"fenStr":"r1b3r1/2q1p1kp/p2pNp2/P1pPbP1Q/1pB3P1/5R2/RPP4P/7K","stockfishScores":{"bn":0.51625}},{"fenStr":"r5r1/2q1p1kp/p2pbp2/P1pPbP1Q/1pB3P1/5R2/RPP4P/7K","stockfishScores":{"wn":0.4774404761904762}},{"fenStr":"r5r1/2q1p1kp/p2pPp2/P1pPb2Q/1pB3P1/5R2/RPP4P/7K","stockfishScores":{"bn":0.5161904761904762}},{"fenStr":"5rr1/2q1p1kp/p2pPp2/P1pPb2Q/1pB3P1/5R2/RPP4P/7K","stockfishScores":{"wn":0.5051785714285715}},{"fenStr":"5rr1/2q1p1kp/p2pPp2/P1pPb2Q/1pB3P1/7R/RPP4P/7K","stockfishScores":{"bn":0.5358928571428572}},{"fenStr":"5r1r/2q1p1kp/p2pPp2/P1pPb2Q/1pB3P1/7R/RPP4P/7K","stockfishScores":{"wn":0.5160714285714286}},{"fenStr":"5r1r/2q1p1kp/p2pPp2/P1pPb2Q/1p4P1/3B3R/RPP4P/7K","stockfishScores":{"bn":0.5224404761904762}},{"fenStr":"5r1r/2q1p1kp/p2pP3/P1pPbp1Q/1p4P1/3B3R/RPP4P/7K","stockfishScores":{"wn":0.5119047619047619}},{"fenStr":"5r1r/2q1p1kp/p2pP3/P1pPbpQ1/1p4P1/3B3R/RPP4P/7K","stockfishScores":{"bn":0.5103571428571428}}],"result":{"ww":true}}