{"fens":[{"fenStr":"rnbqkbnr/pppppppp/8/8/2P5/8/PP1PPPPP/RNBQKBNR","stockfishScores":{"bn":0.5016666666666667}},{"fenStr":"rnbqkb1r/pppppppp/5n2/8/2P5/8/PP1PPPPP/RNBQKBNR","stockfishScores":{"wn":0.4988690476190476}},{"fenStr":"rnbqkb1r/pppppppp/5n2/8/2P5/2N5/PP1PPPPP/R1BQKBNR","stockfishScores":{"bn":0.5022023809523809}},{"fenStr":"rnbqkb1r/ppp1pppp/3p1n2/8/2P5/2N5/PP1PPPPP/R1BQKBNR","stockfishScores":{"wn":0.49779761904761904}},{"fenStr":"rnbqkb1r/ppp1pppp/3p1n2/8/2P5/2N3P1/PP1PPP1P/R1BQKBNR","stockfishScores":{"bn":0.4980952380952381}},{"fenStr":"rnbqkb1r/ppp1pp1p/3p1np1/8/2P5/2N3P1/PP1PPP1P/R1BQKBNR","stockfishScores":{"wn":0.4967261904761905}},{"fenStr":"rnbqkb1r/ppp1pp1p/3p1np1/8/2P5/2N3P1/PP1PPPBP/R1BQK1NR","stockfishScores":{"bn":0.49892857142857144}},{"fenStr":"rnbqk2r/ppp1ppbp/3p1np1/8/2P5/2N3P1/PP1PPPBP/R1BQK1NR","stockfishScores":{"wn":0.49779761904761904}},{"fenStr":"rnbqk2r/ppp1ppbp/3p1np1/8/2P1P3/2N3P1/PP1P1PBP/R1BQK1NR","stockfishScores":{"bn":0.49529761904761904}},{"fenStr":"rnbqk2r/pp2ppbp/2pp1np1/8/2P1P3/2N3P1/PP1P1PBP/R1BQK1NR","stockfishScores":{"wn":0.49476190476190474}},{"fenStr":"rnbqk2r/pp2ppbp/2pp1np1/8/2P1P3/2N3P1/PP1PNPBP/R1BQK2R","stockfishScores":{"bn":0.4998214285714286}},{"fenStr":"rnbq1rk1/pp2ppbp/2pp1np1/8/2P1P3/2N3P1/PP1PNPBP/R1BQK2R","stockfishScores":{"wn":0.49029761904761904}},{"fenStr":"rnbq1rk1/pp2ppbp/2pp1np1/8/2P1P3/2N3P1/PP1PNPBP/R1BQ1RK1","stockfishScores":{"bn":0.49898809523809523}},{"fenStr":"rnb2rk1/ppq1ppbp/2pp1np1/8/2P1P3/2N3P1/PP1PNPBP/R1BQ1RK1","stockfishScores":{"wn":0.5002380952380953}},{"fenStr":"rnb2rk1/ppq1ppbp/2pp1np1/8/2P1P3/2NP2P1/PP2NPBP/R1BQ1RK1","stockfishScores":{"bn":0.5050595238095238}},{"fenStr":"rnb2rk1/ppq2pbp/2pp1np1/4p3/2P1P3/2NP2P1/PP2NPBP/R1BQ1RK1","stockfishScores":{"wn":0.5032738095238095}},{"fenStr":"rnb2rk1/ppq2pbp/2pp1np1/4p3/2P1P3/2NP2PP/PP2NPB1/R1BQ1RK1","stockfishScores":{"bn":0.5022619047619048}},{"fenStr":"rnb2rk1/ppq2pb1/2pp1npp/4p3/2P1P3/2NP2PP/PP2NPB1/R1BQ1RK1","stockfishScores":{"wn":0.5030357142857143}},{"fenStr":"rnb2rk1/ppq2pb1/2pp1npp/4p3/2P1P3/2NPB1PP/PP2NPB1/R2Q1RK1","stockfishScores":{"bn":0.5044642857142857}},{"fenStr":"r1b2rk1/ppqn1pb1/2pp1npp/4p3/2P1P3/2NPB1PP/PP2NPB1/R2Q1RK1","stockfishScores":{"wn":0.5042261904761904}},{"fenStr":"r1b2rk1/ppqn1pb1/2pp1npp/4p3/1PP1P3/2NPB1PP/P3NPB1/R2Q1RK1","stockfishScores":{"bn":0.5044047619047619}},{"fenStr":"r1b1r1k1/ppqn1pb1/2pp1npp/4p3/1PP1P3/2NPB1PP/P3NPB1/R2Q1RK1","stockfishScores":{"wn":0.5050595238095238}},{"fenStr":"r1b1r1k1/ppqn1pb1/2pp1npp/4p3/1PP1P3/2NPB1PP/P3NPB1/1R1Q1RK1","stockfishScores":{"bn":0.5045238095238095}},{"fenStr":"r1b1rnk1/ppq2pb1/2pp1npp/4p3/1PP1P3/2NPB1PP/P3NPB1/1R1Q1RK1","stockfishScores":{"wn":0.5050595238095238}},{"fenStr":"r1b1rnk1/ppq2pb1/2pp1npp/4p3/1PP1P3/2NPB1PP/P2QNPB1/1R3RK1","stockfishScores":{"bn":0.5043452380952381}},{"fenStr":"r1b1rn2/ppq2pbk/2pp1npp/4p3/1PP1P3/2NPB1PP/P2QNPB1/1R3RK1","stockfishScores":{"wn":0.5067857142857143}},{"fenStr":"r1b1rn2/ppq2pbk/2pp1npp/4p3/1PP1PP2/2NPB1PP/P2QN1B1/1R3RK1","stockfishScores":{"bn":0.5067857142857143}},{"fenStr":"r1b1rnn1/ppq2pbk/2pp2pp/4p3/1PP1PP2/2NPB1PP/P2QN1B1/1R3RK1","stockfishScores":{"wn":0.5110119047619047}},{"fenStr":"r1b1rnn1/ppq2pbk/2pp2pp/4p3/1PP1PPP1/2NPB2P/P2QN1B1/1R3RK1","stockfishScores":{"bn":0.5091666666666667}},{"fenStr":"r1b1r1n1/ppq2pbk/2ppn1pp/4p3/1PP1PPP1/2NPB2P/P2QN1B1/1R3RK1","stockfishScores":{"wn":0.5053571428571428}},{"fenStr":"r1b1r1n1/ppq2pbk/2ppn1pp/4pP2/1PP1P1P1/2NPB2P/P2QN1B1/1R3RK1","stockfishScores":{"bn":0.5141666666666667}},{"fenStr":"r1b1r1n1/ppq2pbk/2pp2pp/4pP2/1PPnP1P1/2NPB2P/P2QN1B1/1R3RK1","stockfishScores":{"wn":0.5099404761904762}},{"fenStr":"r1b1r1n1/ppq2pbk/2pp2pp/4pP2/1PPnP1P1/2NPB1NP/P2Q2B1/1R3RK1","stockfishScores":{"bn":0.5109523809523809}},{"fenStr":"r3r1n1/ppqb1pbk/2pp2pp/4pP2/1PPnP1P1/2NPB1NP/P2Q2B1/1R3RK1","stockfishScores":{"wn":0.5086309523809524}},{"fenStr":"r3r1n1/ppqb1pbk/2pp2pp/4pP2/PPPnP1P1/2NPB1NP/3Q2B1/1R3RK1","stockfishScores":{"bn":0.5074404761904762}},{"fenStr":"r3r1n1/1pqb1pbk/p1pp2pp/4pP2/PPPnP1P1/2NPB1NP/3Q2B1/1R3RK1","stockfishScores":{"wn":0.5082142857142857}},{"fenStr":"r3r1n1/1pqb1pbk/p1pp2pp/1P2pP2/P1PnP1P1/2NPB1NP/3Q2B1/1R3RK1","stockfishScores":{"bn":0.5067261904761905}},{"fenStr":"r3r1n1/1pqb1pbk/2pp2pp/1p2pP2/P1PnP1P1/2NPB1NP/3Q2B1/1R3RK1","stockfishScores":{"wn":0.4976190476190476}},{"fenStr":"r3r1n1/1pqb1pbk/2pp2pp/1P2pP2/2PnP1P1/2NPB1NP/3Q2B1/1R3RK1","stockfishScores":{"bn":0.5042857142857143}},{"fenStr":"4r1n1/1pqb1pbk/2pp2pp/1P2pP2/2PnP1P1/r1NPB1NP/3Q2B1/1R3RK1","stockfishScores":{"wn":0.5032738095238095}},{"fenStr":"4r1n1/1pqb1pbk/2pp2Pp/1P2p3/2PnP1P1/r1NPB1NP/3Q2B1/1R3RK1","stockfishScores":{"bn":0.5172619047619048}},{"fenStr":"4r1n1/1pqb2bk/2pp2pp/1P2p3/2PnP1P1/r1NPB1NP/3Q2B1/1R3RK1","stockfishScores":{"wn":0.5025595238095238}},{"fenStr":"4r1n1/1pqb1Rbk/2pp2pp/1P2p3/2PnP1P1/r1NPB1NP/3Q2B1/1R4K1","stockfishScores":{"bn":0.5114880952380952}},{"fenStr":"6n1/1pqbrRbk/2pp2pp/1P2p3/2PnP1P1/r1NPB1NP/3Q2B1/1R4K1","stockfishScores":{"wn":0.5092857142857143}},{"fenStr":"6n1/1pqbrRbk/2pp2pp/1P2p3/2PnP1P1/r1NPB1NP/3Q2B1/5RK1","stockfishScores":{"bn":0.5163095238095238}},{"fenStr":"6n1/1pq1rRbk/2ppb1pp/1P2p3/2PnP1P1/r1NPB1NP/3Q2B1/5RK1","stockfishScores":{"wn":0.5113095238095238}},{"fenStr":"6n1/1pq1r1bk/2ppb1pp/1P2p3/2PnP1P1/r1NPB1NP/3Q1RB1/5RK1","stockfishScores":{"bn":0.5048214285714285}},{"fenStr":"6n1/1p2r1bk/2ppb1pp/qP2p3/2PnP1P1/r1NPB1NP/3Q1RB1/5RK1","stockfishScores":{"wn":0.50375}},{"fenStr":"6n1/1p2r1bk/2ppb1pp/qP2p3/2PBP1P1/r1NP2NP/3Q1RB1/5RK1","stockfishScores":{"bn":0.5244642857142857}},{"fenStr":"6n1/1p2r1bk/2ppb1pp/qP6/2PpP1P1/r1NP2NP/3Q1RB1/5RK1","stockfishScores":{"wn":0.49773809523809526}},{"fenStr":"6n1/1p2r1bk/2ppb1pp/qP6/2PpP1P1/r2P2NP/3Q1RB1/1N3RK1","stockfishScores":{"bn":0.5027380952380952}},{"fenStr":"6n1/1p2r1bk/2ppb1pp/1P6/2PpP1P1/r2P2NP/3q1RB1/1N3RK1","stockfishScores":{"wn":0.4207142857142857}},{"fenStr":"6n1/1p2r1bk/2ppb1pp/1P6/2PpP1P1/r2P2NP/3R2B1/1N3RK1","stockfishScores":{"bn":0.49839285714285714}},{"fenStr":"6n1/1p2r1bk/2ppb1pp/1P6/2PpP1P1/1r1P2NP/3R2B1/1N3RK1","stockfishScores":{"wn":0.49375}},{"fenStr":"6n1/1p2r1bk/2Ppb1pp/8/2PpP1P1/1r1P2NP/3R2B1/1N3RK1","stockfishScores":{"bn":0.5056547619047619}},{"fenStr":"6n1/4r1bk/2ppb1pp/8/2PpP1P1/1r1P2NP/3R2B1/1N3RK1","stockfishScores":{"wn":0.49125}},{"fenStr":"6n1/4r1bk/2ppb1pp/8/2PpP1P1/1r1P2NP/6B1/1N1R1RK1","stockfishScores":{"bn":0.4911309523809524}},{"fenStr":"6n1/4r2k/2ppb1pp/4b3/2PpP1P1/1r1P2NP/6B1/1N1R1RK1","stockfishScores":{"wn":0.4872619047619048}},{"fenStr":"6n1/4r2k/2ppb1pp/4b3/2PpP1P1/1r1P1RNP/6B1/1N1R2K1","stockfishScores":{"bn":0.4855357142857143}},{"fenStr":"6n1/5r1k/2ppb1pp/4b3/2PpP1P1/1r1P1RNP/6B1/1N1R2K1","stockfishScores":{"wn":0.48541666666666666}},{"fenStr":"6n1/5R1k/2ppb1pp/4b3/2PpP1P1/1r1P2NP/6B1/1N1R2K1","stockfishScores":{"bn":0.5211309523809524}},{"fenStr":"6n1/5b1k/2pp2pp/4b3/2PpP1P1/1r1P2NP/6B1/1N1R2K1","stockfishScores":{"wn":0.4845238095238095}},{"fenStr":"6n1/5b1k/2pp2pp/4b3/2PpP1P1/1r1P3P/4N1B1/1N1R2K1","stockfishScores":{"bn":0.48779761904761904}},{"fenStr":"8/4nb1k/2pp2pp/4b3/2PpP1P1/1r1P3P/4N1B1/1N1R2K1","stockfishScores":{"wn":0.4869047619047619}},{"fenStr":"8/4nb1k/2pp2pp/4b3/2PpP1P1/1r1P3P/4NKB1/1N1R4","stockfishScores":{"bn":0.48720238095238094}},{"fenStr":"8/4nb1k/3p2pp/2p1b3/2PpP1P1/1r1P3P/4NKB1/1N1R4","stockfishScores":{"wn":0.4868452380952381}},{"fenStr":"8/4nb1k/3p2pp/2p1b3/2PpP1P1/1r1P1K1P/4N1B1/1N1R4","stockfishScores":{"bn":0.4855952380952381}},{"fenStr":"8/5b1k/2np2pp/2p1b3/2PpP1P1/1r1P1K1P/4N1B1/1N1R4","stockfishScores":{"wn":0.4855952380952381}},{"fenStr":"8/5b1k/2np2pp/2p1b3/2PpP1P1/1r1P1K1P/4N3/1N1R1B2","stockfishScores":{"bn":0.4826190476190476}},{"fenStr":"8/5b1k/2np3p/2p1b1p1/2PpP1P1/1r1P1K1P/4N3/1N1R1B2","stockfishScores":{"wn":0.48297619047619045}},{"fenStr":"8/5b1k/2np3p/2p1b1p1/2PpP1P1/1r1P3P/4NK2/1N1R1B2","stockfishScores":{"bn":0.4819047619047619}},{"fenStr":"8/5b1k/3p3p/2p1b1p1/1nPpP1P1/1r1P3P/4NK2/1N1R1B2","stockfishScores":{"wn":0.4830952380952381}},{"fenStr":"8/5b1k/3p3p/2p1b1p1/1nPpP1P1/1r1P3P/5K2/1N1R1BN1","stockfishScores":{"bn":0.4757142857142857}},{"fenStr":"8/5b1k/3p3p/2p3p1/1nPpPbP1/1r1P3P/5K2/1N1R1BN1","stockfishScores":{"wn":0.4761309523809524}},{"fenStr":"8/5b1k/3p3p/2p3p1/1nPpPbP1/1r1P3P/4BK2/1N1R2N1","stockfishScores":{"bn":0.4818452380952381}},{"fenStr":"8/5b1k/3p3p/2p3p1/1nPpPbP1/3P3P/1r2BK2/1N1R2N1","stockfishScores":{"wn":0.4798809523809524}},{"fenStr":"8/5b1k/3p3p/2p3p1/1nPpPbP1/3P1K1P/1r2B3/1N1R2N1","stockfishScores":{"bn":0.48220238095238094}},{"fenStr":"8/5b1k/3p3p/2p3p1/2PpPbP1/3P1K1P/nr2B3/1N1R2N1","stockfishScores":{"wn":0.4855357142857143}},{"fenStr":"8/5b1k/3p3p/2p3p1/2PpPbP1/3P1K1P/nr2B3/1N3RN1","stockfishScores":{"bn":0.48488095238095236}},{"fenStr":"8/5b1k/3p3p/2p3p1/2PpPbP1/2nP1K1P/1r2B3/1N3RN1","stockfishScores":{"wn":0.47398809523809526}},{"fenStr":"8/5b1k/3p3p/2p3p1/2PpPbP1/N1nP1K1P/1r2B3/5RN1","stockfishScores":{"bn":0.4775}},{"fenStr":"8/5b1k/3p3p/2p3p1/2PpP1P1/N1nPbK1P/1r2B3/5RN1","stockfishScores":{"wn":0.4789285714285714}},{"fenStr":"8/5b1k/3p3p/2p3p1/2PpP1P1/N1nPbK1P/1r6/3B1RN1","stockfishScores":{"bn":0.47541666666666665}},{"fenStr":"8/5b1k/3p3p/2p3p1/2PpP1P1/N1nPbK1P/3r4/3B1RN1","stockfishScores":{"wn":0.4739285714285714}},{"fenStr":"8/5b1k/3p3p/2p3p1/2PpP1P1/N1nPbK1P/2Br4/5RN1","stockfishScores":{"bn":0.4789285714285714}},{"fenStr":"8/5b1k/3p4/2p3pp/2PpP1P1/N1nPbK1P/2Br4/5RN1","stockfishScores":{"wn":0.4783928571428571}},{"fenStr":"8/5b1k/3p4/2p3pp/2PpP1P1/N1nPb1KP/2Br4/5RN1","stockfishScores":{"bn":0.48464285714285715}},{"fenStr":"8/5b1k/3p4/2p3p1/2PpP1Pp/N1nPb1KP/2Br4/5RN1","stockfishScores":{"wn":0.4835714285714286}},{"fenStr":"8/5b1k/3p4/2p3p1/2PpP1Pp/N1nPbK1P/2Br4/5RN1","stockfishScores":{"bn":0.475297619047619}},{"fenStr":"8/7k/3p2b1/2p3p1/2PpP1Pp/N1nPbK1P/2Br4/5RN1","stockfishScores":{"wn":0.4700595238095238}},{"fenStr":"8/7k/3p2b1/1Np3p1/2PpP1Pp/2nPbK1P/2Br4/5RN1","stockfishScores":{"bn":0.47172619047619047}},{"fenStr":"8/7k/3p2b1/1np3p1/2PpP1Pp/3PbK1P/2Br4/5RN1","stockfishScores":{"wn":0.4600595238095238}},{"fenStr":"8/7k/3p2b1/1Pp3p1/3pP1Pp/3PbK1P/2Br4/5RN1","stockfishScores":{"bn":0.4881547619047619}},{"fenStr":"8/7k/3p2b1/1Pp3p1/3pP1Pp/3PbK1P/2r5/5RN1","stockfishScores":{"wn":0.4676190476190476}},{"fenStr":"8/7k/3p2b1/1Pp3p1/3pP1Pp/3PbK1P/2r5/1R4N1","stockfishScores":{"bn":0.46339285714285716}},{"fenStr":"8/7k/3p2b1/1Pp3p1/3pP1Pp/3PbK1P/5r2/1R4N1","stockfishScores":{"wn":0.47220238095238093}}],"result":{"bw":true}}