{"fens":[{"fenStr":"rnbqkbnr/pppppppp/8/8/2P5/8/PP1PPPPP/RNBQKBNR","stockfishScores":{"bn":0.5016666666666667}},{"fenStr":"rnbqkb1r/pppppppp/5n2/8/2P5/8/PP1PPPPP/RNBQKBNR","stockfishScores":{"wn":0.4988690476190476}},{"fenStr":"rnbqkb1r/pppppppp/5n2/8/2P5/6P1/PP1PPP1P/RNBQKBNR","stockfishScores":{"bn":0.4998214285714286}},{"fenStr":"rnbqkb1r/pppppp1p/5np1/8/2P5/6P1/PP1PPP1P/RNBQKBNR","stockfishScores":{"wn":0.49839285714285714}},{"fenStr":"rnbqkb1r/pppppp1p/5np1/8/2P5/6P1/PP1PPPBP/RNBQK1NR","stockfishScores":{"bn":0.5006547619047619}},{"fenStr":"rnbqk2r/ppppppbp/5np1/8/2P5/6P1/PP1PPPBP/RNBQK1NR","stockfishScores":{"wn":0.49952380952380954}},{"fenStr":"rnbqk2r/ppppppbp/5np1/8/2P5/2N3P1/PP1PPPBP/R1BQK1NR","stockfishScores":{"bn":0.5028571428571429}},{"fenStr":"rnbq1rk1/ppppppbp/5np1/8/2P5/2N3P1/PP1PPPBP/R1BQK1NR","stockfishScores":{"wn":0.49410714285714286}},{"fenStr":"rnbq1rk1/ppppppbp/5np1/8/2P1P3/2N3P1/PP1P1PBP/R1BQK1NR","stockfishScores":{"bn":0.4942857142857143}},{"fenStr":"rnbq1rk1/ppp1ppbp/3p1np1/8/2P1P3/2N3P1/PP1P1PBP/R1BQK1NR","stockfishScores":{"wn":0.48660714285714285}},{"fenStr":"rnbq1rk1/ppp1ppbp/3p1np1/8/2P1P3/2N3P1/PP1PNPBP/R1BQK2R","stockfishScores":{"bn":0.49107142857142855}},{"fenStr":"rnbq1rk1/pp2ppbp/3p1np1/2p5/2P1P3/2N3P1/PP1PNPBP/R1BQK2R","stockfishScores":{"wn":0.48946428571428574}},{"fenStr":"rnbq1rk1/pp2ppbp/3p1np1/2p5/2P1P3/2N3P1/PP1PNPBP/R1BQ1RK1","stockfishScores":{"bn":0.4982142857142857}},{"fenStr":"r1bq1rk1/pp2ppbp/2np1np1/2p5/2P1P3/2N3P1/PP1PNPBP/R1BQ1RK1","stockfishScores":{"wn":0.4942857142857143}},{"fenStr":"r1bq1rk1/pp2ppbp/2np1np1/2p5/2P1P3/2NP2P1/PP2NPBP/R1BQ1RK1","stockfishScores":{"bn":0.4988095238095238}},{"fenStr":"r2q1rk1/pp1bppbp/2np1np1/2p5/2P1P3/2NP2P1/PP2NPBP/R1BQ1RK1","stockfishScores":{"wn":0.49773809523809526}},{"fenStr":"r2q1rk1/pp1bppbp/2np1np1/2p5/2P1P3/2NP2PP/PP2NPB1/R1BQ1RK1","stockfishScores":{"bn":0.49654761904761907}},{"fenStr":"r2q1rk1/1p1bppbp/p1np1np1/2p5/2P1P3/2NP2PP/PP2NPB1/R1BQ1RK1","stockfishScores":{"wn":0.4969047619047619}},{"fenStr":"r2q1rk1/1p1bppbp/p1np1np1/2p5/2P1P3/2NPB1PP/PP2NPB1/R2Q1RK1","stockfishScores":{"bn":0.4981547619047619}},{"fenStr":"1r1q1rk1/1p1bppbp/p1np1np1/2p5/2P1P3/2NPB1PP/PP2NPB1/R2Q1RK1","stockfishScores":{"wn":0.4992857142857143}},{"fenStr":"1r1q1rk1/1p1bppbp/p1np1np1/2p5/P1P1P3/2NPB1PP/1P2NPB1/R2Q1RK1","stockfishScores":{"bn":0.49839285714285714}},{"fenStr":"1r1q1rk1/1p1bppbp/p2p1np1/n1p5/P1P1P3/2NPB1PP/1P2NPB1/R2Q1RK1","stockfishScores":{"wn":0.5019642857142858}},{"fenStr":"1r1q1rk1/1p1bppbp/p2p1np1/n1p5/P1P1P3/2NPB1PP/RP2NPB1/3Q1RK1","stockfishScores":{"bn":0.500297619047619}},{"fenStr":"1r1q1rk1/3bppbp/p2p1np1/npp5/P1P1P3/2NPB1PP/RP2NPB1/3Q1RK1","stockfishScores":{"wn":0.49898809523809523}},{"fenStr":"1r1q1rk1/3bppbp/p2p1np1/nPp5/2P1P3/2NPB1PP/RP2NPB1/3Q1RK1","stockfishScores":{"bn":0.5186309523809524}},{"fenStr":"1r1q1rk1/3bppbp/3p1np1/npp5/2P1P3/2NPB1PP/RP2NPB1/3Q1RK1","stockfishScores":{"wn":0.5042857142857143}},{"fenStr":"1r1q1rk1/3bppbp/3p1np1/nNp5/2P1P3/3PB1PP/RP2NPB1/3Q1RK1","stockfishScores":{"bn":0.5080357142857143}},{"fenStr":"1r1q1rk1/3bppbp/2np1np1/1Np5/2P1P3/3PB1PP/RP2NPB1/3Q1RK1","stockfishScores":{"wn":0.5069642857142858}},{"fenStr":"1r1q1rk1/3bppbp/2np1np1/1Np5/2P1P3/2NPB1PP/RP3PB1/3Q1RK1","stockfishScores":{"bn":0.5081547619047619}},{"fenStr":"1r1q1rk1/3bppbp/3p1np1/1Np5/1nP1P3/2NPB1PP/RP3PB1/3Q1RK1","stockfishScores":{"wn":0.5036309523809523}},{"fenStr":"1r1q1rk1/R2bppbp/3p1np1/1Np5/1nP1P3/2NPB1PP/1P3PB1/3Q1RK1","stockfishScores":{"bn":0.506547619047619}},{"fenStr":"1r1q1rk1/R3ppbp/3p1np1/1bp5/1nP1P3/2NPB1PP/1P3PB1/3Q1RK1","stockfishScores":{"wn":0.49410714285714286}},{"fenStr":"1r1q1rk1/R3ppbp/3p1np1/1Np5/1nP1P3/3PB1PP/1P3PB1/3Q1RK1","stockfishScores":{"bn":0.5117261904761905}},{"fenStr":"1r1q1rk1/R2nppbp/3p2p1/1Np5/1nP1P3/3PB1PP/1P3PB1/3Q1RK1","stockfishScores":{"wn":0.5109523809523809}},{"fenStr":"1r1q1rk1/R2nppbp/3p2p1/1Np5/1nP1P3/1P1PB1PP/5PB1/3Q1RK1","stockfishScores":{"bn":0.5104166666666666}},{"fenStr":"1r1q1rk1/R3ppbp/3p2p1/1Np1n3/1nP1P3/1P1PB1PP/5PB1/3Q1RK1","stockfishScores":{"wn":0.5094642857142857}},{"fenStr":"1r1q1rk1/R3ppbp/3p2p1/1Np1n3/1nP1P3/1P1PB1PP/4QPB1/5RK1","stockfishScores":{"bn":0.5088095238095238}},{"fenStr":"1r1q1rk1/R3ppbp/3p2p1/1Np5/1nP1P3/1P1nB1PP/4QPB1/5RK1","stockfishScores":{"wn":0.5010714285714286}},{"fenStr":"1r1q1rk1/R3ppbp/3p2p1/1Np5/1nP1P3/1P1nB1PP/4QPB1/3R2K1","stockfishScores":{"bn":0.50625}},{"fenStr":"1r1q1rk1/R3ppbp/2np2p1/1Np5/2P1P3/1P1nB1PP/4QPB1/3R2K1","stockfishScores":{"wn":0.5022619047619048}},{"fenStr":"1r1q1rk1/R3ppbp/2np2p1/1Np5/2P1P3/1P1QB1PP/5PB1/3R2K1","stockfishScores":{"bn":0.5248214285714285}},{"fenStr":"3q1rk1/R3ppbp/2np2p1/1rp5/2P1P3/1P1QB1PP/5PB1/3R2K1","stockfishScores":{"wn":0.501547619047619}},{"fenStr":"3q1rk1/R3ppbp/2np2p1/1Pp5/4P3/1P1QB1PP/5PB1/3R2K1","stockfishScores":{"bn":0.5395833333333333}},{"fenStr":"3q1rk1/n3ppbp/3p2p1/1Pp5/4P3/1P1QB1PP/5PB1/3R2K1","stockfishScores":{"wn":0.5061904761904762}},{"fenStr":"3q1rk1/n3ppbp/3p2p1/1PB5/4P3/1P1Q2PP/5PB1/3R2K1","stockfishScores":{"bn":0.5111904761904762}},{"fenStr":"1q3rk1/n3ppbp/3p2p1/1PB5/4P3/1P1Q2PP/5PB1/3R2K1","stockfishScores":{"wn":0.5110714285714286}},{"fenStr":"1q3rk1/n3ppbp/3p2p1/1P6/4P3/1P1QB1PP/5PB1/3R2K1","stockfishScores":{"bn":0.5166666666666667}},{"fenStr":"1q3rk1/4ppbp/3p2p1/1n6/4P3/1P1QB1PP/5PB1/3R2K1","stockfishScores":{"wn":0.5032738095238095}},{"fenStr":"1q3rk1/4ppbp/3p2p1/1n6/4P3/1P1QB1PP/5PB1/2R3K1","stockfishScores":{"bn":0.5028571428571429}},{"fenStr":"1q3rk1/4ppbp/3p2p1/8/4P3/nP1QB1PP/5PB1/2R3K1","stockfishScores":{"wn":0.5066071428571428}},{"fenStr":"1q3rk1/4ppbp/2Rp2p1/8/4P3/nP1QB1PP/5PB1/6K1","stockfishScores":{"bn":0.5073214285714286}},{"fenStr":"1qr3k1/4ppbp/2Rp2p1/8/4P3/nP1QB1PP/5PB1/6K1","stockfishScores":{"wn":0.5045238095238095}},{"fenStr":"1qr3k1/4ppbp/Q1Rp2p1/8/4P3/nP2B1PP/5PB1/6K1","stockfishScores":{"bn":0.5092261904761904}},{"fenStr":"1q4k1/4ppbp/Q1rp2p1/8/4P3/nP2B1PP/5PB1/6K1","stockfishScores":{"wn":0.46041666666666664}},{"fenStr":"1q4k1/4ppbp/2Qp2p1/8/4P3/nP2B1PP/5PB1/6K1","stockfishScores":{"bn":0.5019642857142858}},{"fenStr":"1q4k1/4ppb1/2Qp2p1/7p/4P3/nP2B1PP/5PB1/6K1","stockfishScores":{"wn":0.5029166666666667}},{"fenStr":"1q4k1/4ppb1/2Qp2p1/7p/1P2P3/n3B1PP/5PB1/6K1","stockfishScores":{"bn":0.5020833333333333}},{"fenStr":"6k1/4ppb1/2Qp2p1/7p/1q2P3/n3B1PP/5PB1/6K1","stockfishScores":{"wn":0.5001190476190476}},{"fenStr":"4Q1k1/4ppb1/3p2p1/7p/1q2P3/n3B1PP/5PB1/6K1","stockfishScores":{"bn":0.49898809523809523}},{"fenStr":"4Q3/4ppbk/3p2p1/7p/1q2P3/n3B1PP/5PB1/6K1","stockfishScores":{"wn":0.5010119047619047}},{"fenStr":"8/4pQbk/3p2p1/7p/1q2P3/n3B1PP/5PB1/6K1","stockfishScores":{"bn":0.5159523809523809}},{"fenStr":"8/4pQbk/3p2p1/7p/1q2P3/4B1PP/2n2PB1/6K1","stockfishScores":{"wn":0.5148809523809523}},{"fenStr":"8/4pQbk/3p2p1/6Bp/1q2P3/6PP/2n2PB1/6K1","stockfishScores":{"bn":0.5161904761904762}},{"fenStr":"8/4pQbk/3p2p1/6Bp/4P3/6PP/2n2PB1/4q1K1","stockfishScores":{"wn":0.5170833333333333}},{"fenStr":"8/4pQbk/3p2p1/6Bp/4P3/6PP/2n2PBK/4q3","stockfishScores":{"bn":0.5168452380952381}},{"fenStr":"8/4pQbk/3p2p1/6Bp/3nP3/6PP/5PBK/4q3","stockfishScores":{"wn":0.5139285714285714}},{"fenStr":"8/4BQbk/3p2p1/7p/3nP3/6PP/5PBK/4q3","stockfishScores":{"bn":0.5183928571428571}},{"fenStr":"8/4BQbk/3p2p1/7p/4P3/6PP/4nPBK/4q3","stockfishScores":{"wn":0.5164880952380952}},{"fenStr":"8/4BQbk/3p2p1/7p/4P2P/6P1/4nPBK/4q3","stockfishScores":{"bn":0.5164285714285715}},{"fenStr":"8/4BQbk/3p2p1/7p/4P2P/6P1/4nPBK/6q1","stockfishScores":{"wn":0.5235714285714286}},{"fenStr":"8/4BQbk/3p2p1/7p/4P2P/6PK/4nPB1/6q1","stockfishScores":{"bn":0.5186904761904761}},{"fenStr":"8/4BQbk/3p2p1/7p/4P2P/6PK/4nPB1/q7","stockfishScores":{"wn":0.5175}},{"fenStr":"5B2/5Qbk/3p2p1/7p/4P2P/6PK/4nPB1/q7","stockfishScores":{"bn":0.5178571428571429}},{"fenStr":"5B2/5Qbk/3p2p1/4q2p/4P2P/6PK/4nPB1/8","stockfishScores":{"wn":0.5157142857142857}},{"fenStr":"5B2/5Qbk/3p2p1/4q2p/4P2P/6PK/4nP2/5B2","stockfishScores":{"bn":0.5155357142857143}},{"fenStr":"5B2/5Qbk/3p2p1/4q2p/3nP2P/6PK/5P2/5B2","stockfishScores":{"wn":0.5178571428571429}},{"fenStr":"5B2/5Qbk/3p2p1/4q2p/2BnP2P/6PK/5P2/8","stockfishScores":{"bn":0.5406547619047619}},{"fenStr":"5B2/5Qbk/3p1qp1/7p/2BnP2P/6PK/5P2/8","stockfishScores":{"wn":0.5392857142857143}},{"fenStr":"5BQ1/6bk/3p1qp1/7p/2BnP2P/6PK/5P2/8","stockfishScores":{"bn":0.5035714285714286}},{"fenStr":"5BQ1/6b1/3p1qpk/7p/2BnP2P/6PK/5P2/8","stockfishScores":{"wn":0.5188095238095238}},{"fenStr":"5B1Q/6b1/3p1qpk/7p/2BnP2P/6PK/5P2/8","stockfishScores":{"bn":0.5079166666666667}}],"result":{"ww":true}}