{"fens":[{"fenStr":"rnbqkbnr/pppppppp/8/8/4P3/8/PPPP1PPP/RNBQKBNR","stockfishScores":{"bn":0.5049404761904762}},{"fenStr":"rnbqkbnr/pppp1ppp/8/4p3/4P3/8/PPPP1PPP/RNBQKBNR","stockfishScores":{"wn":0.5005952380952381}},{"fenStr":"rnbqkbnr/pppp1ppp/8/4p3/4P3/5N2/PPPP1PPP/RNBQKB1R","stockfishScores":{"bn":0.5044047619047619}},{"fenStr":"r1bqkbnr/pppp1ppp/2n5/4p3/4P3/5N2/PPPP1PPP/RNBQKB1R","stockfishScores":{"wn":0.5004166666666666}},{"fenStr":"r1bqkbnr/pppp1ppp/2n5/1B2p3/4P3/5N2/PPPP1PPP/RNBQK2R","stockfishScores":{"bn":0.5002380952380953}},{"fenStr":"r1bqkbnr/1ppp1ppp/p1n5/1B2p3/4P3/5N2/PPPP1PPP/RNBQK2R","stockfishScores":{"wn":0.49535714285714283}},{"fenStr":"r1bqkbnr/1ppp1ppp/p1n5/4p3/B3P3/5N2/PPPP1PPP/RNBQK2R","stockfishScores":{"bn":0.49654761904761907}},{"fenStr":"r1bqkb1r/1ppp1ppp/p1n2n2/4p3/B3P3/5N2/PPPP1PPP/RNBQK2R","stockfishScores":{"wn":0.49273809523809525}},{"fenStr":"r1bqkb1r/1ppp1ppp/p1n2n2/4p3/B3P3/5N2/PPPP1PPP/RNBQ1RK1","stockfishScores":{"bn":0.5022619047619048}},{"fenStr":"r1bqk2r/1pppbppp/p1n2n2/4p3/B3P3/5N2/PPPP1PPP/RNBQ1RK1","stockfishScores":{"wn":0.5031547619047619}},{"fenStr":"r1bqk2r/1pppbppp/p1n2n2/4p3/B3P3/5N2/PPPP1PPP/RNBQR1K1","stockfishScores":{"bn":0.5042857142857143}},{"fenStr":"r1bqk2r/2ppbppp/p1n2n2/1p2p3/B3P3/5N2/PPPP1PPP/RNBQR1K1","stockfishScores":{"wn":0.49773809523809526}},{"fenStr":"r1bqk2r/2ppbppp/p1n2n2/1p2p3/4P3/1B3N2/PPPP1PPP/RNBQR1K1","stockfishScores":{"bn":0.5060714285714286}},{"fenStr":"r1bqk2r/2p1bppp/p1np1n2/1p2p3/4P3/1B3N2/PPPP1PPP/RNBQR1K1","stockfishScores":{"wn":0.5039285714285714}},{"fenStr":"r1bqk2r/2p1bppp/p1np1n2/1p2p3/4P3/1BP2N2/PP1P1PPP/RNBQR1K1","stockfishScores":{"bn":0.504702380952381}},{"fenStr":"rnbqk2r/2p1bppp/p2p1n2/1p2p3/4P3/1BP2N2/PP1P1PPP/RNBQR1K1","stockfishScores":{"wn":0.5089285714285714}},{"fenStr":"rnbqk2r/2p1bppp/p2p1n2/1p2p3/3PP3/1BP2N2/PP3PPP/RNBQR1K1","stockfishScores":{"bn":0.5167261904761905}},{"fenStr":"r1bqk2r/2pnbppp/p2p1n2/1p2p3/3PP3/1BP2N2/PP3PPP/RNBQR1K1","stockfishScores":{"wn":0.5146428571428572}},{"fenStr":"r1bqk2r/2pnbppp/p2p1n2/1p2p3/3PP3/1BP2N2/PP1N1PPP/R1BQR1K1","stockfishScores":{"bn":0.5161904761904762}},{"fenStr":"r1bq1rk1/2pnbppp/p2p1n2/1p2p3/3PP3/1BP2N2/PP1N1PPP/R1BQR1K1","stockfishScores":{"wn":0.5032142857142857}},{"fenStr":"r1bq1rk1/2pnbppp/p2p1n2/1p2p3/3PP3/1BP2N2/PP3PPP/R1BQRNK1","stockfishScores":{"bn":0.5023214285714286}},{"fenStr":"r1bq1rk1/3nbppp/p2p1n2/1pp1p3/3PP3/1BP2N2/PP3PPP/R1BQRNK1","stockfishScores":{"wn":0.500297619047619}},{"fenStr":"r1bq1rk1/3nbppp/p2p1n2/1pp1p3/3PP3/1BP2NN1/PP3PPP/R1BQR1K1","stockfishScores":{"bn":0.5016666666666667}},{"fenStr":"r1bqr1k1/3nbppp/p2p1n2/1pp1p3/3PP3/1BP2NN1/PP3PPP/R1BQR1K1","stockfishScores":{"wn":0.5038690476190476}},{"fenStr":"r1bqr1k1/3nbppp/p2p1n2/1pp1pN2/3PP3/1BP2N2/PP3PPP/R1BQR1K1","stockfishScores":{"bn":0.5156547619047619}},{"fenStr":"r1bqrbk1/3n1ppp/p2p1n2/1pp1pN2/3PP3/1BP2N2/PP3PPP/R1BQR1K1","stockfishScores":{"wn":0.5123809523809524}},{"fenStr":"r1bqrbk1/3n1ppp/p2p1n2/1pp1pN2/3PP3/2P2N2/PPB2PPP/R1BQR1K1","stockfishScores":{"bn":0.505}},{"fenStr":"r1bqrbk1/3n1pp1/p2p1n1p/1pp1pN2/3PP3/2P2N2/PPB2PPP/R1BQR1K1","stockfishScores":{"wn":0.5044047619047619}},{"fenStr":"r1bqrbk1/3n1pp1/p2p1n1p/1pp1pN2/3PP3/2P2N1P/PPB2PP1/R1BQR1K1","stockfishScores":{"bn":0.5048214285714285}},{"fenStr":"r1bqrb2/3n1ppk/p2p1n1p/1pp1pN2/3PP3/2P2N1P/PPB2PP1/R1BQR1K1","stockfishScores":{"wn":0.5066071428571428}},{"fenStr":"r1bqrb2/3n1ppk/p2p1n1p/1ppPpN2/4P3/2P2N1P/PPB2PP1/R1BQR1K1","stockfishScores":{"bn":0.5063095238095238}},{"fenStr":"r1bqrb2/3n1p1k/p2p1npp/1ppPpN2/4P3/2P2N1P/PPB2PP1/R1BQR1K1","stockfishScores":{"wn":0.5054761904761905}},{"fenStr":"r1bqrb2/3n1p1k/p2p1npp/1ppPp3/4P3/2P1NN1P/PPB2PP1/R1BQR1K1","stockfishScores":{"bn":0.5054166666666666}},{"fenStr":"r1bqr3/3n1pbk/p2p1npp/1ppPp3/4P3/2P1NN1P/PPB2PP1/R1BQR1K1","stockfishScores":{"wn":0.505297619047619}},{"fenStr":"r1bqr3/3n1pbk/p2p1npp/1ppPp3/4P1P1/2P1NN1P/PPB2P2/R1BQR1K1","stockfishScores":{"bn":0.5011904761904762}},{"fenStr":"r1bqr3/5pbk/pn1p1npp/1ppPp3/4P1P1/2P1NN1P/PPB2P2/R1BQR1K1","stockfishScores":{"wn":0.5022619047619048}},{"fenStr":"r1bqr3/5pbk/pn1p1npp/1ppPp3/4P1P1/2P1NN1P/PPB2P1K/R1BQR3","stockfishScores":{"bn":0.5001785714285715}},{"fenStr":"r1bq3r/5pbk/pn1p1npp/1ppPp3/4P1P1/2P1NN1P/PPB2P1K/R1BQR3","stockfishScores":{"wn":0.5016666666666667}},{"fenStr":"r1bq3r/5pbk/pn1p1npp/1ppPp3/4P1P1/2P1NN1P/PPB2P1K/R1BQ2R1","stockfishScores":{"bn":0.5005357142857143}},{"fenStr":"r1bq3r/5pbk/pn1p1np1/1ppPp2p/4P1P1/2P1NN1P/PPB2P1K/R1BQ2R1","stockfishScores":{"wn":0.5030357142857143}},{"fenStr":"r1bq3r/5pbk/pn1p1np1/1ppPp1Pp/4P3/2P1NN1P/PPB2P1K/R1BQ2R1","stockfishScores":{"bn":0.5042857142857143}},{"fenStr":"r1b4r/3q1pbk/pn1p1np1/1ppPp1Pp/4P3/2P1NN1P/PPB2P1K/R1BQ2R1","stockfishScores":{"wn":0.49720238095238095}},{"fenStr":"r1b4r/3q1pbk/pn1p1np1/1ppPp1Pp/4P3/2P1NN1P/PPB2P1K/R1B2QR1","stockfishScores":{"bn":0.5036904761904762}},{"fenStr":"r1b1n2r/3q1pbk/pn1p2p1/1ppPp1Pp/4P3/2P1NN1P/PPB2P1K/R1B2QR1","stockfishScores":{"wn":0.5046428571428572}},{"fenStr":"r1b1n2r/3q1pbk/pn1p2p1/1ppPp1Pp/4P2P/2P1NN2/PPB2P1K/R1B2QR1","stockfishScores":{"bn":0.5033333333333333}},{"fenStr":"r1b1n2r/3q1pbk/1n1p2p1/pppPp1Pp/4P2P/2P1NN2/PPB2P1K/R1B2QR1","stockfishScores":{"wn":0.5041071428571429}},{"fenStr":"r1b1n2r/3q1pbk/1n1p2p1/pppPp1Pp/4P2P/2P1NNR1/PPB2P1K/R1B2Q2","stockfishScores":{"bn":0.5029166666666667}},{"fenStr":"r1b1n2r/3q1pbk/1n1p2p1/pp1Pp1Pp/2p1P2P/2P1NNR1/PPB2P1K/R1B2Q2","stockfishScores":{"wn":0.5016071428571428}},{"fenStr":"r1b1n2r/3q1pbk/1n1p2p1/pp1Pp1Pp/2p1P2P/2P1NNR1/PPBB1P1K/R4Q2","stockfishScores":{"bn":0.5023809523809524}},{"fenStr":"r3n2r/3q1pbk/bn1p2p1/pp1Pp1Pp/2p1P2P/2P1NNR1/PPBB1P1K/R4Q2","stockfishScores":{"wn":0.5056547619047619}},{"fenStr":"r3n2r/3q1pbk/bn1p2p1/pp1Pp1Pp/2p1P2P/P1P1NNR1/1PBB1P1K/R4Q2","stockfishScores":{"bn":0.5044642857142857}},{"fenStr":"r6r/2nq1pbk/bn1p2p1/pp1Pp1Pp/2p1P2P/P1P1NNR1/1PBB1P1K/R4Q2","stockfishScores":{"wn":0.5011309523809524}},{"fenStr":"r6r/2nq1pbk/bn1p2p1/pp1Pp1Pp/2p1P2P/P1P1NNR1/1P1B1P1K/R2B1Q2","stockfishScores":{"bn":0.49738095238095237}},{"fenStr":"r6r/2nq2bk/bn1p2p1/pp1PppPp/2p1P2P/P1P1NNR1/1P1B1P1K/R2B1Q2","stockfishScores":{"wn":0.4942857142857143}},{"fenStr":"r6r/2nq2bk/bn1p1Pp1/pp1Pp2p/2p1P2P/P1P1NNR1/1P1B1P1K/R2B1Q2","stockfishScores":{"bn":0.5251190476190476}},{"fenStr":"r6r/2nq3k/bn1p1bp1/pp1Pp2p/2p1P2P/P1P1NNR1/1P1B1P1K/R2B1Q2","stockfishScores":{"wn":0.502797619047619}},{"fenStr":"r6r/2nq3k/bn1p1bp1/pp1Pp1Np/2p1P2P/P1P1N1R1/1P1B1P1K/R2B1Q2","stockfishScores":{"bn":0.5021428571428571}},{"fenStr":"r6r/2nq3k/bn1p2p1/pp1Pp1bp/2p1P2P/P1P1N1R1/1P1B1P1K/R2B1Q2","stockfishScores":{"wn":0.47458333333333336}},{"fenStr":"r6r/2nq3k/bn1p2p1/pp1Pp1Rp/2p1P2P/P1P1N3/1P1B1P1K/R2B1Q2","stockfishScores":{"bn":0.5043452380952381}},{"fenStr":"r6r/2n2q1k/bn1p2p1/pp1Pp1Rp/2p1P2P/P1P1N3/1P1B1P1K/R2B1Q2","stockfishScores":{"wn":0.4980357142857143}},{"fenStr":"r6r/2n2q1k/bn1p2p1/pp1Pp1Rp/2p1P2P/P1P1N3/1P1B1PQK/R2B4","stockfishScores":{"bn":0.49738095238095237}},{"fenStr":"r6r/2n4k/bn1p2p1/pp1Pp1Rp/2p1Pq1P/P1P1N3/1P1B1PQK/R2B4","stockfishScores":{"wn":0.4992857142857143}},{"fenStr":"r6r/2n4k/bn1p2p1/pp1Pp1Rp/2p1Pq1P/P1P1N3/1P1B1PQ1/R2B2K1","stockfishScores":{"bn":0.5064880952380952}},{"fenStr":"r5r1/2n4k/bn1p2p1/pp1Pp1Rp/2p1Pq1P/P1P1N3/1P1B1PQ1/R2B2K1","stockfishScores":{"wn":0.5064880952380952}},{"fenStr":"r5r1/2n4k/bn1p2p1/pp1Pp1Rp/2N1Pq1P/P1P5/1P1B1PQ1/R2B2K1","stockfishScores":{"bn":0.5172023809523809}},{"fenStr":"r5r1/2n2q1k/bn1p2p1/pp1Pp1Rp/2N1P2P/P1P5/1P1B1PQ1/R2B2K1","stockfishScores":{"wn":0.5150595238095238}},{"fenStr":"r5r1/2n2q1k/bN1p2p1/pp1Pp1Rp/4P2P/P1P5/1P1B1PQ1/R2B2K1","stockfishScores":{"bn":0.541547619047619}},{"fenStr":"1r4r1/2n2q1k/bN1p2p1/pp1Pp1Rp/4P2P/P1P5/1P1B1PQ1/R2B2K1","stockfishScores":{"wn":0.5357142857142857}},{"fenStr":"1r4r1/2n2q1k/bN1p2p1/pp1Pp1Rp/4P2P/P1P1B3/1P3PQ1/R2B2K1","stockfishScores":{"bn":0.5369642857142857}},{"fenStr":"1r6/2n2qrk/bN1p2p1/pp1Pp1Rp/4P2P/P1P1B3/1P3PQ1/R2B2K1","stockfishScores":{"wn":0.53875}},{"fenStr":"1r6/2n2qrk/bN1p2p1/pp1Pp1Rp/1P2P2P/P1P1B3/5PQ1/R2B2K1","stockfishScores":{"bn":0.5382142857142858}},{"fenStr":"1r6/2n2qrk/bN1p2p1/1p1Pp1Rp/pP2P2P/P1P1B3/5PQ1/R2B2K1","stockfishScores":{"wn":0.5372619047619047}},{"fenStr":"1r6/2n2qrk/bN1p2p1/1p1Pp1Rp/pPP1P2P/P3B3/5PQ1/R2B2K1","stockfishScores":{"bn":0.53875}},{"fenStr":"1r6/2n2qrk/bN1p2p1/3Pp1Rp/pPp1P2P/P3B3/5PQ1/R2B2K1","stockfishScores":{"wn":0.5308928571428572}},{"fenStr":"1r6/2n2qrk/b2p2p1/3Pp1Rp/NPp1P2P/P3B3/5PQ1/R2B2K1","stockfishScores":{"bn":0.5369047619047619}},{"fenStr":"1r6/5qrk/b2p2p1/1n1Pp1Rp/NPp1P2P/P3B3/5PQ1/R2B2K1","stockfishScores":{"wn":0.534702380952381}},{"fenStr":"1r6/5qrk/b2p2p1/1n1Pp1Rp/1Pp1P2P/P3B3/1N3PQ1/R2B2K1","stockfishScores":{"bn":0.5328571428571428}},{"fenStr":"1r6/5qrk/b2p2p1/1n1Pp1Rp/1P2P2P/P1p1B3/1N3PQ1/R2B2K1","stockfishScores":{"wn":0.5267261904761905}},{"fenStr":"1r6/5qrk/b2p2p1/1n1Pp1Rp/1P2P2P/P1pNB3/5PQ1/R2B2K1","stockfishScores":{"bn":0.5333333333333333}},{"fenStr":"1r6/5qrk/b2p2p1/3Pp1Rp/1P1nP2P/P1pNB3/5PQ1/R2B2K1","stockfishScores":{"wn":0.5236309523809524}},{"fenStr":"1r6/5qrk/b2p2p1/3Pp1Rp/1P1BP2P/P1pN4/5PQ1/R2B2K1","stockfishScores":{"bn":0.5638095238095238}},{"fenStr":"1r6/5qrk/b2p2p1/3P2Rp/1P1pP2P/P1pN4/5PQ1/R2B2K1","stockfishScores":{"wn":0.5252976190476191}},{"fenStr":"1r6/5qrk/b2p2p1/3P2Rp/1P1pP2P/P1pN4/2B2PQ1/R5K1","stockfishScores":{"bn":0.5269642857142857}},{"fenStr":"1r6/5qrk/3p2p1/3P2Rp/1P1pP2P/P1pb4/2B2PQ1/R5K1","stockfishScores":{"wn":0.49892857142857144}},{"fenStr":"1r6/5qrk/3p2p1/3P2Rp/1P1pP2P/P1pB4/5PQ1/R5K1","stockfishScores":{"bn":0.5276785714285714}},{"fenStr":"1r6/6rk/3p2p1/3P2Rp/1P1pPq1P/P1pB4/5PQ1/R5K1","stockfishScores":{"wn":0.5260714285714285}},{"fenStr":"1r6/6rk/3p2p1/3P2Rp/1P1pPq1P/P1pB4/R4PQ1/6K1","stockfishScores":{"bn":0.5182142857142857}},{"fenStr":"1r6/6rk/3p2p1/3P2Rp/1P1pP2P/P1pB4/R4PQ1/2q3K1","stockfishScores":{"wn":0.5244642857142857}},{"fenStr":"1r6/6rk/3p2p1/3P2Rp/1P1pP2P/P1pB4/R4P2/2q2QK1","stockfishScores":{"bn":0.5260119047619047}},{"fenStr":"1r6/6rk/3p2p1/3P2Rp/1P1pPq1P/P1pB4/R4P2/5QK1","stockfishScores":{"wn":0.5233333333333333}},{"fenStr":"1r6/6rk/3p2p1/3P2Rp/1P1pPq1P/P1pB4/2R2P2/5QK1","stockfishScores":{"bn":0.5226785714285714}},{"fenStr":"r7/6rk/3p2p1/3P2Rp/1P1pPq1P/P1pB4/2R2P2/5QK1","stockfishScores":{"wn":0.5228571428571429}},{"fenStr":"r7/6rk/3p2p1/3P2Rp/1P1pPq1P/P1pB4/2R2P2/2Q3K1","stockfishScores":{"bn":0.5244047619047619}},{"fenStr":"r7/6rk/3p2p1/3P2Rp/1P1pP2q/P1pB4/2R2P2/2Q3K1","stockfishScores":{"wn":0.5176785714285714}},{"fenStr":"r7/6rk/3p2p1/3P3p/1P1pP2q/P1pB2R1/2R2P2/2Q3K1","stockfishScores":{"bn":0.5195833333333333}},{"fenStr":"r7/4q1rk/3p2p1/3P3p/1P1pP3/P1pB2R1/2R2P2/2Q3K1","stockfishScores":{"wn":0.5198809523809523}},{"fenStr":"r7/4q1rk/3p2p1/3P3p/1P1pP3/P1pB2R1/R4P2/2Q3K1","stockfishScores":{"bn":0.5189285714285714}},{"fenStr":"r3q3/6rk/3p2p1/3P3p/1P1pP3/P1pB2R1/R4P2/2Q3K1","stockfishScores":{"wn":0.5202976190476191}},{"fenStr":"r3q3/6rk/3p2p1/1P1P3p/3pP3/P1pB2R1/R4P2/2Q3K1","stockfishScores":{"bn":0.5208928571428572}},{"fenStr":"4q3/6rk/3p2p1/rP1P3p/3pP3/P1pB2R1/R4P2/2Q3K1","stockfishScores":{"wn":0.5230952380952381}},{"fenStr":"4q3/6rk/3p2p1/rP1P3p/3pPQ2/P1pB2R1/R4P2/6K1","stockfishScores":{"bn":0.528452380952381}},{"fenStr":"8/4q1rk/3p2p1/rP1P3p/3pPQ2/P1pB2R1/R4P2/6K1","stockfishScores":{"wn":0.5249404761904762}},{"fenStr":"8/4q1rk/3p2p1/rP1P2Qp/3pP3/P1pB2R1/R4P2/6K1","stockfishScores":{"bn":0.5247619047619048}},{"fenStr":"4q3/6rk/3p2p1/rP1P2Qp/3pP3/P1pB2R1/R4P2/6K1","stockfishScores":{"wn":0.52625}},{"fenStr":"4q3/6rk/3p1Qp1/rP1P3p/3pP3/P1pB2R1/R4P2/6K1","stockfishScores":{"bn":0.52875}},{"fenStr":"8/6rk/3p1Qp1/rP1Pq2p/3pP3/P1pB2R1/R4P2/6K1","stockfishScores":{"wn":0.5288690476190476}},{"fenStr":"8/6rk/3p2p1/rP1PQ2p/3pP3/P1pB2R1/R4P2/6K1","stockfishScores":{"bn":0.6026785714285714}},{"fenStr":"8/6rk/6p1/rP1Pp2p/3pP3/P1pB2R1/R4P2/6K1","stockfishScores":{"wn":0.523452380952381}},{"fenStr":"8/6rk/6p1/rP1Pp2p/3pP3/P1pB1R2/R4P2/6K1","stockfishScores":{"bn":0.5232142857142857}},{"fenStr":"8/6r1/6pk/rP1Pp2p/3pP3/P1pB1R2/R4P2/6K1","stockfishScores":{"wn":0.5235119047619048}},{"fenStr":"8/6r1/5Rpk/rP1Pp2p/3pP3/P1pB4/R4P2/6K1","stockfishScores":{"bn":0.5255952380952381}},{"fenStr":"8/6r1/5Rp1/rP1Pp1kp/3pP3/P1pB4/R4P2/6K1","stockfishScores":{"wn":0.52}},{"fenStr":"8/6r1/2R3p1/rP1Pp1kp/3pP3/P1pB4/R4P2/6K1","stockfishScores":{"bn":0.5232142857142857}},{"fenStr":"8/6r1/2R3p1/rP1Pp1k1/3pP2p/P1pB4/R4P2/6K1","stockfishScores":{"wn":0.5233928571428571}},{"fenStr":"8/6r1/1PR3p1/r2Pp1k1/3pP2p/P1pB4/R4P2/6K1","stockfishScores":{"bn":0.5248214285714285}},{"fenStr":"8/1r6/1PR3p1/r2Pp1k1/3pP2p/P1pB4/R4P2/6K1","stockfishScores":{"wn":0.5254761904761904}},{"fenStr":"8/1r6/1PR3p1/r2Pp1k1/P2pP2p/2pB4/R4P2/6K1","stockfishScores":{"bn":0.5267857142857143}},{"fenStr":"8/1r6/1PR3p1/r2Pp2k/P2pP2p/2pB4/R4P2/6K1","stockfishScores":{"wn":0.5317261904761905}},{"fenStr":"8/1r6/1PR3p1/rB1Pp2k/P2pP2p/2p5/R4P2/6K1","stockfishScores":{"bn":0.5308333333333334}},{"fenStr":"8/1r6/1PR3p1/rB1Pp3/P2pP1kp/2p5/R4P2/6K1","stockfishScores":{"wn":0.5293452380952381}},{"fenStr":"8/1r6/1PRP2p1/rB2p3/P2pP1kp/2p5/R4P2/6K1","stockfishScores":{"bn":0.5244047619047619}},{"fenStr":"r7/1r6/1PRP2p1/1B2p3/P2pP1kp/2p5/R4P2/6K1","stockfishScores":{"wn":0.5238095238095238}},{"fenStr":"r7/1r6/1PRP2p1/PB2p3/3pP1kp/2p5/R4P2/6K1","stockfishScores":{"bn":0.530952380952381}},{"fenStr":"r7/1r6/1PRP2p1/PB2p3/3pPk1p/2p5/R4P2/6K1","stockfishScores":{"wn":0.5272023809523809}},{"fenStr":"r7/1r6/PPRP2p1/1B2p3/3pPk1p/2p5/R4P2/6K1","stockfishScores":{"bn":0.5370238095238096}},{"fenStr":"rr6/8/PPRP2p1/1B2p3/3pPk1p/2p5/R4P2/6K1","stockfishScores":{"wn":0.5402380952380952}},{"fenStr":"rr6/1P6/P1RP2p1/1B2p3/3pPk1p/2p5/R4P2/6K1","stockfishScores":{"bn":0.5448214285714286}},{"fenStr":"1r6/rP6/P1RP2p1/1B2p3/3pPk1p/2p5/R4P2/6K1","stockfishScores":{"wn":0.5442261904761905}},{"fenStr":"1r6/rP1P4/P1R3p1/1B2p3/3pPk1p/2p5/R4P2/6K1","stockfishScores":{"bn":0.5501785714285714}},{"fenStr":"1r6/rP1P4/P1R3p1/1B2p3/3pk2p/2p5/R4P2/6K1","stockfishScores":{"wn":0.5466666666666666}},{"fenStr":"1rR5/rP1P4/P5p1/1B2p3/3pk2p/2p5/R4P2/6K1","stockfishScores":{"bn":0.5633333333333334}},{"fenStr":"2R5/rr1P4/P5p1/1B2p3/3pk2p/2p5/R4P2/6K1","stockfishScores":{"wn":0.5286309523809524}},{"fenStr":"2R5/rP1P4/6p1/1B2p3/3pk2p/2p5/R4P2/6K1","stockfishScores":{"bn":0.5495238095238095}},{"fenStr":"2R5/1P1P4/6p1/1B2p3/3pk2p/2p5/r4P2/6K1","stockfishScores":{"wn":0.5380357142857143}},{"fenStr":"1QR5/3P4/6p1/1B2p3/3pk2p/2p5/r4P2/6K1","stockfishScores":{"bn":0.5821428571428572}},{"fenStr":"1QR5/3P4/6p1/1B2p3/3pk2p/8/r1p2P2/6K1","stockfishScores":{"wn":0.5851190476190476}},{"fenStr":"2R5/1Q1P4/6p1/1B2p3/3pk2p/8/r1p2P2/6K1","stockfishScores":{"bn":0.5855952380952381}},{"fenStr":"2R5/1Q1P4/6p1/1B2p3/3p1k1p/8/r1p2P2/6K1","stockfishScores":{"wn":0.5849404761904762}},{"fenStr":"2RQ4/1Q6/6p1/1B2p3/3p1k1p/8/r1p2P2/6K1","stockfishScores":{"bn":0.6551190476190476}},{"fenStr":"2RQ4/1Q6/6p1/1B2p3/3p1k1p/8/2p2P2/r5K1","stockfishScores":{"wn":0.6551785714285714}},{"fenStr":"2RQ4/1Q6/6p1/1B2p3/3p1k1p/8/2p2P1K/r7","stockfishScores":{"bn":0.6547619047619048}},{"fenStr":"2RQ4/1Q6/6p1/1B2p3/3p1k1p/8/5P1K/r1q5","stockfishScores":{"wn":0.5848214285714286}},{"fenStr":"2R5/1Q6/5Qp1/1B2p3/3p1k1p/8/5P1K/r1q5","stockfishScores":{"bn":0.5852380952380952}},{"fenStr":"2R5/1Q6/5Qp1/1B2p3/3p2kp/8/5P1K/r1q5","stockfishScores":{"wn":0.5848214285714286}},{"fenStr":"2R5/8/5Qp1/1B2p3/3p2kp/5Q2/5P1K/r1q5","stockfishScores":{"bn":0.5851190476190476}}],"result":{"ww":true}}