{"fens":[{"fenStr":"rnbqkbnr/pppppppp/8/8/8/1P6/P1PPPPPP/RNBQKBNR","stockfishScores":{"bn":0.5014880952380952}},{"fenStr":"rnbqkb1r/pppppppp/5n2/8/8/1P6/P1PPPPPP/RNBQKBNR","stockfishScores":{"wn":0.4982142857142857}},{"fenStr":"rnbqkb1r/pppppppp/5n2/8/8/1P6/PBPPPPPP/RN1QKBNR","stockfishScores":{"bn":0.5028571428571429}},{"fenStr":"rnbqkb1r/pppppp1p/5np1/8/8/1P6/PBPPPPPP/RN1QKBNR","stockfishScores":{"wn":0.5014285714285714}},{"fenStr":"rnbqkb1r/pppppp1p/5np1/8/8/1P2P3/PBPP1PPP/RN1QKBNR","stockfishScores":{"bn":0.505297619047619}},{"fenStr":"rnbqk2r/ppppppbp/5np1/8/8/1P2P3/PBPP1PPP/RN1QKBNR","stockfishScores":{"wn":0.5041666666666667}},{"fenStr":"rnbqk2r/ppppppbp/5np1/8/8/1P2PN2/PBPP1PPP/RN1QKB1R","stockfishScores":{"bn":0.5070238095238095}},{"fenStr":"rnbq1rk1/ppppppbp/5np1/8/8/1P2PN2/PBPP1PPP/RN1QKB1R","stockfishScores":{"wn":0.4988095238095238}},{"fenStr":"rnbq1rk1/ppppppbp/5np1/8/8/1P2PN2/PBPPBPPP/RN1QK2R","stockfishScores":{"bn":0.4980357142857143}},{"fenStr":"rnbq1rk1/ppp1ppbp/3p1np1/8/8/1P2PN2/PBPPBPPP/RN1QK2R","stockfishScores":{"wn":0.49315476190476193}},{"fenStr":"rnbq1rk1/ppp1ppbp/3p1np1/8/3P4/1P2PN2/PBP1BPPP/RN1QK2R","stockfishScores":{"bn":0.4907142857142857}},{"fenStr":"rnbq1rk1/pp2ppbp/3p1np1/2p5/3P4/1P2PN2/PBP1BPPP/RN1QK2R","stockfishScores":{"wn":0.4888095238095238}},{"fenStr":"rnbq1rk1/pp2ppbp/3p1np1/2p5/3P4/1PN1PN2/PBP1BPPP/R2QK2R","stockfishScores":{"bn":0.49142857142857144}},{"fenStr":"r1bq1rk1/pp1nppbp/3p1np1/2p5/3P4/1PN1PN2/PBP1BPPP/R2QK2R","stockfishScores":{"wn":0.49047619047619045}},{"fenStr":"r1bq1rk1/pp1nppbp/3p1np1/2p5/3P4/1PNQPN2/PBP1BPPP/R3K2R","stockfishScores":{"bn":0.4907142857142857}},{"fenStr":"r1bq1rk1/1p1nppbp/p2p1np1/2p5/3P4/1PNQPN2/PBP1BPPP/R3K2R","stockfishScores":{"wn":0.4905952380952381}},{"fenStr":"r1bq1rk1/1p1nppbp/p2p1np1/2p5/3P4/1PNQP3/PBPNBPPP/R3K2R","stockfishScores":{"bn":0.49005952380952383}},{"fenStr":"r1bq1rk1/3nppbp/p2p1np1/1pp5/3P4/1PNQP3/PBPNBPPP/R3K2R","stockfishScores":{"wn":0.4868452380952381}},{"fenStr":"r1bq1rk1/3nppbp/p2p1np1/1pp5/3P2P1/1PNQP3/PBPNBP1P/R3K2R","stockfishScores":{"bn":0.4876785714285714}},{"fenStr":"r2q1rk1/1b1nppbp/p2p1np1/1pp5/3P2P1/1PNQP3/PBPNBP1P/R3K2R","stockfishScores":{"wn":0.47886904761904764}},{"fenStr":"r2q1rk1/1b1nppbp/p2p1np1/1pp5/3P2P1/1PNQP3/PBPNBP1P/R3K1R1","stockfishScores":{"bn":0.4855952380952381}},{"fenStr":"r2q1rk1/1b1nppbp/p2p1np1/1p6/3p2P1/1PNQP3/PBPNBP1P/R3K1R1","stockfishScores":{"wn":0.4782142857142857}},{"fenStr":"r2q1rk1/1b1nppbp/p2p1np1/1p6/3P2P1/1PNQ4/PBPNBP1P/R3K1R1","stockfishScores":{"bn":0.48601190476190476}},{"fenStr":"2rq1rk1/1b1nppbp/p2p1np1/1p6/3P2P1/1PNQ4/PBPNBP1P/R3K1R1","stockfishScores":{"wn":0.4856547619047619}},{"fenStr":"2rq1rk1/1b1nppbp/p2p1np1/1p4P1/3P4/1PNQ4/PBPNBP1P/R3K1R1","stockfishScores":{"bn":0.4870238095238095}},{"fenStr":"2rq1rk1/1b1nppbp/p2p2p1/1p1n2P1/3P4/1PNQ4/PBPNBP1P/R3K1R1","stockfishScores":{"wn":0.477797619047619}},{"fenStr":"2rq1rk1/1b1nppbp/p2p2p1/1p1N2P1/3P4/1P1Q4/PBPNBP1P/R3K1R1","stockfishScores":{"bn":0.5111904761904762}},{"fenStr":"2rq1rk1/3nppbp/p2p2p1/1p1b2P1/3P4/1P1Q4/PBPNBP1P/R3K1R1","stockfishScores":{"wn":0.4870238095238095}},{"fenStr":"2rq1rk1/3nppbp/p2p2p1/1p1b2P1/3P3P/1P1Q4/PBPNBP2/R3K1R1","stockfishScores":{"bn":0.48732142857142857}},{"fenStr":"2rq1rk1/3nppbp/p2pb1p1/1p4P1/3P3P/1P1Q4/PBPNBP2/R3K1R1","stockfishScores":{"wn":0.48928571428571427}},{"fenStr":"2rq1rk1/3nppbp/p2pb1p1/1p4P1/3P2BP/1P1Q4/PBPN1P2/R3K1R1","stockfishScores":{"bn":0.4869047619047619}},{"fenStr":"2rq1rk1/3nppbp/p2p2p1/1p4P1/3P2bP/1P1Q4/PBPN1P2/R3K1R1","stockfishScores":{"wn":0.46464285714285714}},{"fenStr":"2rq1rk1/3nppbp/p2p2p1/1p4P1/3P2RP/1P1Q4/PBPN1P2/R3K3","stockfishScores":{"bn":0.49107142857142855}},{"fenStr":"2rq1rk1/3np1bp/p2p2p1/1p3pP1/3P2RP/1P1Q4/PBPN1P2/R3K3","stockfishScores":{"wn":0.4855952380952381}},{"fenStr":"2rq1rk1/3np1bp/p2p2p1/1p3pP1/3P3P/1P1Q4/PBPN1PR1/R3K3","stockfishScores":{"bn":0.48928571428571427}},{"fenStr":"2rq1rk1/3n2bp/p2p2p1/1p2ppP1/3P3P/1P1Q4/PBPN1PR1/R3K3","stockfishScores":{"wn":0.48696428571428574}},{"fenStr":"2rq1rk1/3n2bp/p2p2p1/1p2ppP1/3P3P/1PPQ4/PB1N1PR1/R3K3","stockfishScores":{"bn":0.48755952380952383}},{"fenStr":"2rq1rk1/3n2bp/p2p2p1/1p3pP1/3p3P/1PPQ4/PB1N1PR1/R3K3","stockfishScores":{"wn":0.46267857142857144}},{"fenStr":"2rq1rk1/3n2bp/p2p2p1/1p3pP1/3P3P/1P1Q4/PB1N1PR1/R3K3","stockfishScores":{"bn":0.48916666666666664}},{"fenStr":"2rqr1k1/3n2bp/p2p2p1/1p3pP1/3P3P/1P1Q4/PB1N1PR1/R3K3","stockfishScores":{"wn":0.4680357142857143}},{"fenStr":"2rqr1k1/3n2bp/p2p2p1/1p3pP1/3P3P/1P1Q4/PB1N1PR1/R4K2","stockfishScores":{"bn":0.48833333333333334}},{"fenStr":"2r1r1k1/2qn2bp/p2p2p1/1p3pP1/3P3P/1P1Q4/PB1N1PR1/R4K2","stockfishScores":{"wn":0.48791666666666667}},{"fenStr":"2r1r1k1/2qn2bp/p2p2p1/1p3pP1/3P3P/1P1Q2R1/PB1N1P2/R4K2","stockfishScores":{"bn":0.48875}},{"fenStr":"2r1r1k1/1q1n2bp/p2p2p1/1p3pP1/3P3P/1P1Q2R1/PB1N1P2/R4K2","stockfishScores":{"wn":0.47767857142857145}},{"fenStr":"2r1r1k1/1q1n2bp/p2p2p1/1p3pP1/3P3P/1P1Q3R/PB1N1P2/R4K2","stockfishScores":{"bn":0.48636904761904765}},{"fenStr":"2r1r1k1/1q4bp/p2p2p1/1pn2pP1/3P3P/1P1Q3R/PB1N1P2/R4K2","stockfishScores":{"wn":0.490952380952381}},{"fenStr":"2r1r1k1/1q4bp/p2p2p1/1pn2pP1/3P3P/1P4QR/PB1N1P2/R4K2","stockfishScores":{"bn":0.4938095238095238}},{"fenStr":"2r1r1k1/1q4bp/p2p2p1/1p3pP1/3Pn2P/1P4QR/PB1N1P2/R4K2","stockfishScores":{"wn":0.48}},{"fenStr":"2r1r1k1/1q4bp/p2p2p1/1p3pP1/3Pn2P/1P1Q3R/PB1N1P2/R4K2","stockfishScores":{"bn":0.4870238095238095}},{"fenStr":"2r1r1k1/1q4bp/p2p2p1/1p3pP1/3P3P/1P1Q3R/PB1n1P2/R4K2","stockfishScores":{"wn":0.45964285714285713}},{"fenStr":"2r1r1k1/1q4bp/p2p2p1/1p3pP1/3P3P/1P5R/PB1Q1P2/R4K2","stockfishScores":{"bn":0.48964285714285716}},{"fenStr":"2r1r1k1/6bp/p2p2p1/1p3pP1/3Pq2P/1P5R/PB1Q1P2/R4K2","stockfishScores":{"wn":0.4874404761904762}},{"fenStr":"2r1r1k1/6bp/p2p2p1/1p3pP1/3Pq2P/1P5R/PB1Q1P2/2R2K2","stockfishScores":{"bn":0.48946428571428574}},{"fenStr":"4r1k1/6bp/p2p2p1/1p3pP1/3Pq2P/1P5R/PB1Q1P2/2r2K2","stockfishScores":{"wn":0.4523214285714286}},{"fenStr":"4r1k1/6bp/p2p2p1/1p3pP1/3Pq2P/1P5R/P2Q1P2/2B2K2","stockfishScores":{"bn":0.4925}},{"fenStr":"4r1k1/7p/p2p2p1/1p3pP1/3bq2P/1P5R/P2Q1P2/2B2K2","stockfishScores":{"wn":0.48488095238095236}},{"fenStr":"4r1k1/7p/p2p2p1/1p3pP1/3bq2P/1P1R4/P2Q1P2/2B2K2","stockfishScores":{"bn":0.47583333333333333}},{"fenStr":"4r1k1/7p/p2p2p1/1p3pP1/3b3P/1P1R4/P2Q1P2/2B2K1q","stockfishScores":{"wn":0.48660714285714285}}],"result":{"bw":true}}