{"fens":[{"fenStr":"rnbqkbnr/pppppppp/8/8/2P5/8/PP1PPPPP/RNBQKBNR","stockfishScores":{"bn":0.5016666666666667}},{"fenStr":"rnbqkbnr/pppp1ppp/8/4p3/2P5/8/PP1PPPPP/RNBQKBNR","stockfishScores":{"wn":0.4973214285714286}},{"fenStr":"rnbqkbnr/pppp1ppp/8/4p3/2P5/2N5/PP1PPPPP/R1BQKBNR","stockfishScores":{"bn":0.5006547619047619}},{"fenStr":"rnbqkbnr/ppp2ppp/3p4/4p3/2P5/2N5/PP1PPPPP/R1BQKBNR","stockfishScores":{"wn":0.498452380952381}},{"fenStr":"rnbqkbnr/ppp2ppp/3p4/4p3/2P5/2N3P1/PP1PPP1P/R1BQKBNR","stockfishScores":{"bn":0.49916666666666665}},{"fenStr":"rnbqkbnr/ppp2p1p/3p2p1/4p3/2P5/2N3P1/PP1PPP1P/R1BQKBNR","stockfishScores":{"wn":0.49898809523809523}},{"fenStr":"rnbqkbnr/ppp2p1p/3p2p1/4p3/2P5/2N3P1/PP1PPPBP/R1BQK1NR","stockfishScores":{"bn":0.5010119047619047}},{"fenStr":"rnbqk1nr/ppp2pbp/3p2p1/4p3/2P5/2N3P1/PP1PPPBP/R1BQK1NR","stockfishScores":{"wn":0.5008333333333334}},{"fenStr":"rnbqk1nr/ppp2pbp/3p2p1/4p3/2P1P3/2N3P1/PP1P1PBP/R1BQK1NR","stockfishScores":{"bn":0.49970238095238095}},{"fenStr":"r1bqk1nr/ppp2pbp/2np2p1/4p3/2P1P3/2N3P1/PP1P1PBP/R1BQK1NR","stockfishScores":{"wn":0.4969047619047619}},{"fenStr":"r1bqk1nr/ppp2pbp/2np2p1/4p3/2P1P3/2N3P1/PP1PNPBP/R1BQK2R","stockfishScores":{"bn":0.49964285714285717}},{"fenStr":"r2qk1nr/ppp2pbp/2npb1p1/4p3/2P1P3/2N3P1/PP1PNPBP/R1BQK2R","stockfishScores":{"wn":0.49726190476190474}},{"fenStr":"r2qk1nr/ppp2pbp/2npb1p1/4p3/2P1P3/2NP2P1/PP2NPBP/R1BQK2R","stockfishScores":{"bn":0.5030357142857143}},{"fenStr":"r3k1nr/pppq1pbp/2npb1p1/4p3/2P1P3/2NP2P1/PP2NPBP/R1BQK2R","stockfishScores":{"wn":0.5042261904761904}},{"fenStr":"r3k1nr/pppq1pbp/2npb1p1/4p3/2P1P3/2NP2PP/PP2NPB1/R1BQK2R","stockfishScores":{"bn":0.5044642857142857}},{"fenStr":"r3k2r/pppqnpbp/2npb1p1/4p3/2P1P3/2NP2PP/PP2NPB1/R1BQK2R","stockfishScores":{"wn":0.5011309523809524}},{"fenStr":"r3k2r/pppqnpbp/2npb1p1/4p3/2P1P3/2NPB1PP/PP2NPB1/R2QK2R","stockfishScores":{"bn":0.5018452380952381}},{"fenStr":"r3k2r/pppqnpbp/3pb1p1/4p3/2PnP3/2NPB1PP/PP2NPB1/R2QK2R","stockfishScores":{"wn":0.4993452380952381}},{"fenStr":"r3k2r/pppqnpbp/3pb1p1/4p3/2PBP3/2NP2PP/PP2NPB1/R2QK2R","stockfishScores":{"bn":0.5225595238095239}},{"fenStr":"r3k2r/pppqnpbp/3pb1p1/8/2PpP3/2NP2PP/PP2NPB1/R2QK2R","stockfishScores":{"wn":0.4963095238095238}},{"fenStr":"r3k2r/pppqnpbp/3pb1p1/1N6/2PpP3/3P2PP/PP2NPB1/R2QK2R","stockfishScores":{"bn":0.4982142857142857}},{"fenStr":"r3k2r/pp1qnpbp/3pb1p1/1Np5/2PpP3/3P2PP/PP2NPB1/R2QK2R","stockfishScores":{"wn":0.4990476190476191}},{"fenStr":"r3k2r/pp1qnpbp/3pb1p1/1Np5/2PpPN2/3P2PP/PP3PB1/R2QK2R","stockfishScores":{"bn":0.5029166666666667}},{"fenStr":"r3k2r/1p1qnpbp/p2pb1p1/1Np5/2PpPN2/3P2PP/PP3PB1/R2QK2R","stockfishScores":{"wn":0.5000595238095238}},{"fenStr":"r3k2r/1p1qnpbp/p2pN1p1/1Np5/2PpP3/3P2PP/PP3PB1/R2QK2R","stockfishScores":{"bn":0.5338690476190476}},{"fenStr":"r3k2r/1p1qn1bp/p2pp1p1/1Np5/2PpP3/3P2PP/PP3PB1/R2QK2R","stockfishScores":{"wn":0.4967261904761905}},{"fenStr":"r3k2r/1p1qn1bp/p2pp1p1/2p5/2PpP3/N2P2PP/PP3PB1/R2QK2R","stockfishScores":{"bn":0.4942857142857143}},{"fenStr":"r3k2r/3qn1bp/p2pp1p1/1pp5/2PpP3/N2P2PP/PP3PB1/R2QK2R","stockfishScores":{"wn":0.4930357142857143}},{"fenStr":"r3k2r/3qn1bp/p2pp1p1/1pp5/2PpP3/NP1P2PP/P4PB1/R2QK2R","stockfishScores":{"bn":0.49202380952380953}},{"fenStr":"r4rk1/3qn1bp/p2pp1p1/1pp5/2PpP3/NP1P2PP/P4PB1/R2QK2R","stockfishScores":{"wn":0.48029761904761903}},{"fenStr":"r4rk1/3qn1bp/p2pp1p1/1pp5/2PpP3/NP1P2PP/P4PB1/R2Q1RK1","stockfishScores":{"bn":0.4913095238095238}},{"fenStr":"4rrk1/3qn1bp/p2pp1p1/1pp5/2PpP3/NP1P2PP/P4PB1/R2Q1RK1","stockfishScores":{"wn":0.4918452380952381}},{"fenStr":"4rrk1/3qn1bp/p2pp1p1/1pp5/2PpP2P/NP1P2P1/P4PB1/R2Q1RK1","stockfishScores":{"bn":0.4913690476190476}},{"fenStr":"4rrk1/3qn1bp/p3p1p1/1ppp4/2PpP2P/NP1P2P1/P4PB1/R2Q1RK1","stockfishScores":{"wn":0.4911904761904762}},{"fenStr":"4rrk1/3qn1bp/p3p1p1/1ppp4/2PpP2P/NP1P2P1/P4PB1/2RQ1RK1","stockfishScores":{"bn":0.49}},{"fenStr":"4rrk1/3qn1bp/p3p1p1/1pp5/2ppP2P/NP1P2P1/P4PB1/2RQ1RK1","stockfishScores":{"wn":0.48077380952380955}},{"fenStr":"4rrk1/3qn1bp/p3p1p1/1pp5/2PpP2P/N2P2P1/P4PB1/2RQ1RK1","stockfishScores":{"bn":0.4907142857142857}},{"fenStr":"4rrk1/3qn1bp/p3p1p1/2p5/1pPpP2P/N2P2P1/P4PB1/2RQ1RK1","stockfishScores":{"wn":0.48755952380952383}},{"fenStr":"4rrk1/3qn1bp/p3p1p1/2p5/1pPpP2P/3P2P1/P4PB1/1NRQ1RK1","stockfishScores":{"bn":0.49029761904761904}},{"fenStr":"4rrk1/3qn2p/p3p1pb/2p5/1pPpP2P/3P2P1/P4PB1/1NRQ1RK1","stockfishScores":{"wn":0.4919047619047619}},{"fenStr":"4rrk1/3qn2p/p3p1pb/2p5/1pPpP2P/3P2P1/P1R2PB1/1N1Q1RK1","stockfishScores":{"bn":0.49273809523809525}},{"fenStr":"4rrk1/3qn2p/p5pb/2p1p3/1pPpP2P/3P2P1/P1R2PB1/1N1Q1RK1","stockfishScores":{"wn":0.4926785714285714}},{"fenStr":"4rrk1/3qn2p/p5pb/2p1p3/1pPpP2P/3P1BP1/P1R2P2/1N1Q1RK1","stockfishScores":{"bn":0.48678571428571427}},{"fenStr":"4rrk1/3qn2p/6pb/p1p1p3/1pPpP2P/3P1BP1/P1R2P2/1N1Q1RK1","stockfishScores":{"wn":0.4880357142857143}},{"fenStr":"4rrk1/3qn2p/6pb/p1p1p3/1pPpP1BP/3P2P1/P1R2P2/1N1Q1RK1","stockfishScores":{"bn":0.4961309523809524}},{"fenStr":"4rrk1/4n2p/2q3pb/p1p1p3/1pPpP1BP/3P2P1/P1R2P2/1N1Q1RK1","stockfishScores":{"wn":0.49464285714285716}},{"fenStr":"4rrk1/4n2p/2q3pb/p1p1p2P/1pPpP1B1/3P2P1/P1R2P2/1N1Q1RK1","stockfishScores":{"bn":0.4920833333333333}},{"fenStr":"4rrk1/4n2p/2q3pb/2p1p2P/ppPpP1B1/3P2P1/P1R2P2/1N1Q1RK1","stockfishScores":{"wn":0.49023809523809525}},{"fenStr":"4rrk1/4n2p/2q3pb/2p1p2P/ppPpP1B1/3P2P1/PR3P2/1N1Q1RK1","stockfishScores":{"bn":0.48797619047619045}},{"fenStr":"4rr2/4n1kp/2q3pb/2p1p2P/ppPpP1B1/3P2P1/PR3P2/1N1Q1RK1","stockfishScores":{"wn":0.48779761904761904}},{"fenStr":"4rr2/4n1kp/2q3Pb/2p1p3/ppPpP1B1/3P2P1/PR3P2/1N1Q1RK1","stockfishScores":{"bn":0.49910714285714286}},{"fenStr":"4rr2/4n1k1/2q3pb/2p1p3/ppPpP1B1/3P2P1/PR3P2/1N1Q1RK1","stockfishScores":{"wn":0.49005952380952383}},{"fenStr":"4rr2/4n1k1/2q3pb/2p1p3/ppPpP1B1/3P2P1/PR3PK1/1N1Q1R2","stockfishScores":{"bn":0.48738095238095236}},{"fenStr":"2n1rr2/6k1/2q3pb/2p1p3/ppPpP1B1/3P2P1/PR3PK1/1N1Q1R2","stockfishScores":{"wn":0.4919047619047619}},{"fenStr":"2B1rr2/6k1/2q3pb/2p1p3/ppPpP3/3P2P1/PR3PK1/1N1Q1R2","stockfishScores":{"bn":0.5064880952380952}},{"fenStr":"2r2r2/6k1/2q3pb/2p1p3/ppPpP3/3P2P1/PR3PK1/1N1Q1R2","stockfishScores":{"wn":0.48779761904761904}},{"fenStr":"2r2r2/6k1/2q3pb/2p1p3/ppPpP1Q1/3P2P1/PR3PK1/1N3R2","stockfishScores":{"bn":0.4878571428571429}},{"fenStr":"2r2r2/6k1/2q3pb/2p1p3/1pPpP1Q1/p2P2P1/PR3PK1/1N3R2","stockfishScores":{"wn":0.4836309523809524}},{"fenStr":"2r2r2/6k1/2q3pb/2p1p3/1pPpP1Q1/p2P2P1/P3RPK1/1N3R2","stockfishScores":{"bn":0.48732142857142857}},{"fenStr":"r4r2/6k1/2q3pb/2p1p3/1pPpP1Q1/p2P2P1/P3RPK1/1N3R2","stockfishScores":{"wn":0.4882142857142857}},{"fenStr":"r4r2/6k1/2q3pb/2p1p3/1pPpPPQ1/p2P2P1/P3R1K1/1N3R2","stockfishScores":{"bn":0.4944642857142857}},{"fenStr":"r4r2/6k1/2q3pb/2p1p3/2PpPPQ1/pp1P2P1/P3R1K1/1N3R2","stockfishScores":{"wn":0.4920833333333333}},{"fenStr":"r4r2/6k1/2q3pb/2p1p3/2PpPPQ1/pp1P2P1/P4RK1/1N3R2","stockfishScores":{"bn":0.4913690476190476}},{"fenStr":"r4r2/1q4k1/6pb/2p1p3/2PpPPQ1/pp1P2P1/P4RK1/1N3R2","stockfishScores":{"wn":0.49178571428571427}},{"fenStr":"r4r2/1q4k1/6pb/2p1p3/2PpPPQ1/pp1P2P1/P2N1RK1/5R2","stockfishScores":{"bn":0.4911309523809524}},{"fenStr":"r4r2/1q4k1/6pb/2p1p3/2PpPPQ1/p2P2P1/p2N1RK1/5R2","stockfishScores":{"wn":0.4926785714285714}},{"fenStr":"r4r2/1q4k1/6pb/2p1p3/2PpPPQ1/p2P1NP1/p4RK1/5R2","stockfishScores":{"bn":0.4957142857142857}},{"fenStr":"r4r2/1q4k1/6pb/2p5/2PpPpQ1/p2P1NP1/p4RK1/5R2","stockfishScores":{"wn":0.4857142857142857}},{"fenStr":"r4r2/1q4k1/6pb/2p5/2PpPpQN/p2P2P1/p4RK1/5R2","stockfishScores":{"bn":0.4888690476190476}},{"fenStr":"5r2/1q4k1/r5pb/2p5/2PpPpQN/p2P2P1/p4RK1/5R2","stockfishScores":{"wn":0.48077380952380955}},{"fenStr":"5r2/1q4k1/r5pb/2p5/2PpPpQN/p2P2P1/R5K1/5R2","stockfishScores":{"bn":0.4888095238095238}},{"fenStr":"5r2/1q4k1/r5pb/2p5/2PpP1QN/p2P1pP1/R5K1/5R2","stockfishScores":{"wn":0.47773809523809524}},{"fenStr":"5r2/1q4k1/r5pb/2p5/2PpP1Q1/p2P1NP1/R5K1/5R2","stockfishScores":{"bn":0.49773809523809526}},{"fenStr":"5r2/1q4k1/r5p1/2p5/2PpP1Q1/p2PbNP1/R5K1/5R2","stockfishScores":{"wn":0.4968452380952381}},{"fenStr":"5r2/1q4k1/r5p1/2p5/2PpP1Q1/p2PbNP1/R5K1/7R","stockfishScores":{"bn":0.5006547619047619}},{"fenStr":"7r/1q4k1/r5p1/2p5/2PpP1Q1/p2PbNP1/R5K1/7R","stockfishScores":{"wn":0.4979166666666667}},{"fenStr":"7r/1q4k1/r5p1/2p5/2PpP1QN/p2Pb1P1/R5K1/7R","stockfishScores":{"bn":0.49339285714285713}},{"fenStr":"7r/1q4k1/5rp1/2p5/2PpP1QN/p2Pb1P1/R5K1/7R","stockfishScores":{"wn":0.490952380952381}},{"fenStr":"7r/1q4k1/5rp1/2p5/2PpP1QN/p2Pb1P1/R5K1/R7","stockfishScores":{"bn":0.48892857142857143}},{"fenStr":"r7/1q4k1/5rp1/2p5/2PpP1QN/p2Pb1P1/R5K1/R7","stockfishScores":{"wn":0.48970238095238094}},{"fenStr":"r7/1q4k1/5rp1/2p5/2PpP1QN/p2Pb1PK/R7/R7","stockfishScores":{"bn":0.4919642857142857}},{"fenStr":"r7/1q6/5rpk/2p5/2PpP1QN/p2Pb1PK/R7/R7","stockfishScores":{"wn":0.49476190476190474}},{"fenStr":"r7/1q6/5rpk/2p1P3/2Pp2QN/p2Pb1PK/R7/R7","stockfishScores":{"bn":0.4974404761904762}},{"fenStr":"r7/1q6/1r4pk/2p1P3/2Pp2QN/p2Pb1PK/R7/R7","stockfishScores":{"wn":0.49547619047619046}},{"fenStr":"r7/1q6/1r2P1pk/2p5/2Pp2QN/p2Pb1PK/R7/R7","stockfishScores":{"bn":0.5091666666666667}},{"fenStr":"r7/1q6/1r2P1pk/2p3b1/2Pp2QN/p2P2PK/R7/R7","stockfishScores":{"wn":0.5002380952380953}},{"fenStr":"r7/1q6/1r2P1pk/2p3b1/2Pp2Q1/p2P1NPK/R7/R7","stockfishScores":{"bn":0.5138690476190476}},{"fenStr":"r7/1q6/1r2Pbpk/2p5/2Pp2Q1/p2P1NPK/R7/R7","stockfishScores":{"wn":0.5123809523809524}},{"fenStr":"r7/1q6/1r2Pbpk/2p5/2Pp2Q1/R2P1NPK/8/R7","stockfishScores":{"bn":0.5238095238095238}},{"fenStr":"8/1q6/1r2Pbpk/2p5/2Pp2Q1/r2P1NPK/8/R7","stockfishScores":{"wn":0.4805357142857143}},{"fenStr":"8/1q6/1r2Pbpk/2p5/2Pp2Q1/R2P1NPK/8/8","stockfishScores":{"bn":0.5177380952380952}},{"fenStr":"8/1q6/4Pbpk/2p5/2Pp2Q1/R2P1NPK/8/1r6","stockfishScores":{"wn":0.5108928571428571}},{"fenStr":"8/1q6/4Pbpk/2p5/2Pp1Q2/R2P1NPK/8/1r6","stockfishScores":{"bn":0.5038095238095238}},{"fenStr":"8/1q4k1/4Pbp1/2p5/2Pp1Q2/R2P1NPK/8/1r6","stockfishScores":{"wn":0.5021428571428571}},{"fenStr":"8/1q4k1/4Pbp1/2p5/2Pp1Q2/3P1NPK/R7/1r6","stockfishScores":{"bn":0.5023809523809524}},{"fenStr":"8/1q4k1/4Pbp1/2p5/2Pp1Q2/3P1NPK/R7/3r4","stockfishScores":{"wn":0.5035119047619048}},{"fenStr":"8/1q4k1/4Pbp1/2p5/2Pp1Q2/R2P1NPK/8/3r4","stockfishScores":{"bn":0.5022619047619048}},{"fenStr":"8/1q4k1/4Pbp1/2p5/2Pp1Q2/R2P1NPK/8/5r2","stockfishScores":{"wn":0.4938095238095238}},{"fenStr":"8/1q4k1/4Pbp1/2p5/2Pp1QK1/R2P1NP1/8/5r2","stockfishScores":{"bn":0.49857142857142855}},{"fenStr":"8/1q4k1/4Pbp1/2p5/2Pp1QK1/R2P1NP1/5r2/8","stockfishScores":{"wn":0.49952380952380954}},{"fenStr":"8/1q4k1/4Pbp1/2p5/2Pp1QK1/3P1NP1/5r2/R7","stockfishScores":{"bn":0.49976190476190474}},{"fenStr":"8/1q4k1/4P1p1/2p3b1/2Pp1QK1/3P1NP1/5r2/R7","stockfishScores":{"wn":0.5064880952380952}},{"fenStr":"8/1q4k1/4P1p1/2p1Q1b1/2Pp2K1/3P1NP1/5r2/R7","stockfishScores":{"bn":0.4955952380952381}},{"fenStr":"8/1q4k1/4Pbp1/2p1Q3/2Pp2K1/3P1NP1/5r2/R7","stockfishScores":{"wn":0.5020833333333333}},{"fenStr":"8/1q4k1/4Pbp1/2pQ4/2Pp2K1/3P1NP1/5r2/R7","stockfishScores":{"bn":0.5139285714285714}},{"fenStr":"8/4q1k1/4Pbp1/2pQ4/2Pp2K1/3P1NP1/5r2/R7","stockfishScores":{"wn":0.5085714285714286}},{"fenStr":"8/4q1k1/4Pbp1/2pQ4/2Pp2K1/3P1NP1/5r2/1R6","stockfishScores":{"bn":0.5120238095238095}},{"fenStr":"5q2/6k1/4Pbp1/2pQ4/2Pp2K1/3P1NP1/5r2/1R6","stockfishScores":{"wn":0.5198214285714285}},{"fenStr":"5q2/1R4k1/4Pbp1/2pQ4/2Pp2K1/3P1NP1/5r2/8","stockfishScores":{"bn":0.5245833333333333}},{"fenStr":"5q2/1R2b1k1/4P1p1/2pQ4/2Pp2K1/3P1NP1/5r2/8","stockfishScores":{"wn":0.5155952380952381}},{"fenStr":"5q2/1R2b1k1/4P1p1/2p1Q3/2Pp2K1/3P1NP1/5r2/8","stockfishScores":{"bn":0.5040476190476191}},{"fenStr":"5q2/1R2b2k/4P1p1/2p1Q3/2Pp2K1/3P1NP1/5r2/8","stockfishScores":{"wn":0.5158928571428572}},{"fenStr":"5q2/1R2b2k/4P1p1/2p1Q1N1/2Pp2K1/3P2P1/5r2/8","stockfishScores":{"bn":0.5155952380952381}},{"fenStr":"5q2/1R2b3/4P1pk/2p1Q1N1/2Pp2K1/3P2P1/5r2/8","stockfishScores":{"wn":0.502797619047619}},{"fenStr":"5q2/4R3/4P1pk/2p1Q1N1/2Pp2K1/3P2P1/5r2/8","stockfishScores":{"bn":0.5511904761904762}},{"fenStr":"5q2/4R3/4P1pk/2p1Q1N1/2Pp1rK1/3P2P1/8/8","stockfishScores":{"wn":0.5607738095238095}},{"fenStr":"5q2/4R3/4P1pk/2p3N1/2Pp1QK1/3P2P1/8/8","stockfishScores":{"bn":0.5704166666666667}},{"fenStr":"8/4R3/4P1pk/2p3N1/2Pp1qK1/3P2P1/8/8","stockfishScores":{"wn":0.5047619047619047}},{"fenStr":"8/4R3/4P1pk/2p3N1/2Pp1K2/3P2P1/8/8","stockfishScores":{"bn":0.5693452380952381}},{"fenStr":"8/4R3/4P1p1/2p3Nk/2Pp1K2/3P2P1/8/8","stockfishScores":{"wn":0.5695238095238095}},{"fenStr":"8/7R/4P1p1/2p3Nk/2Pp1K2/3P2P1/8/8","stockfishScores":{"bn":0.5692261904761905}}],"result":{"ww":true}}