{"fens":[{"fenStr":"rnbqkbnr/pppppppp/8/8/4P3/8/PPPP1PPP/RNBQKBNR","stockfishScores":{"bn":0.5049404761904762}},{"fenStr":"rnbqkbnr/pp1ppppp/8/2p5/4P3/8/PPPP1PPP/RNBQKBNR","stockfishScores":{"wn":0.5038095238095238}},{"fenStr":"rnbqkbnr/pp1ppppp/8/2p5/4P3/5N2/PPPP1PPP/RNBQKB1R","stockfishScores":{"bn":0.5058928571428571}},{"fenStr":"rnbqkbnr/pp2pppp/3p4/2p5/4P3/5N2/PPPP1PPP/RNBQKB1R","stockfishScores":{"wn":0.5020833333333333}},{"fenStr":"rnbqkbnr/pp2pppp/3p4/2p5/3PP3/5N2/PPP2PPP/RNBQKB1R","stockfishScores":{"bn":0.5076785714285714}},{"fenStr":"rnbqkbnr/pp2pppp/3p4/8/3pP3/5N2/PPP2PPP/RNBQKB1R","stockfishScores":{"wn":0.4976190476190476}},{"fenStr":"rnbqkbnr/pp2pppp/3p4/8/3NP3/8/PPP2PPP/RNBQKB1R","stockfishScores":{"bn":0.51}},{"fenStr":"rnbqkb1r/pp2pppp/3p1n2/8/3NP3/8/PPP2PPP/RNBQKB1R","stockfishScores":{"wn":0.5031547619047619}},{"fenStr":"rnbqkb1r/pp2pppp/3p1n2/8/3NP3/2N5/PPP2PPP/R1BQKB1R","stockfishScores":{"bn":0.5076190476190476}},{"fenStr":"rnbqkb1r/pp2pp1p/3p1np1/8/3NP3/2N5/PPP2PPP/R1BQKB1R","stockfishScores":{"wn":0.5057738095238096}},{"fenStr":"rnbqkb1r/pp2pp1p/3p1np1/8/3NPP2/2N5/PPP3PP/R1BQKB1R","stockfishScores":{"bn":0.5045833333333334}},{"fenStr":"r1bqkb1r/pp2pp1p/2np1np1/8/3NPP2/2N5/PPP3PP/R1BQKB1R","stockfishScores":{"wn":0.49976190476190474}},{"fenStr":"r1bqkb1r/pp2pp1p/2np1np1/8/3NPP2/2N5/PPP1B1PP/R1BQK2R","stockfishScores":{"bn":0.5002380952380953}},{"fenStr":"r1bqk2r/pp2ppbp/2np1np1/8/3NPP2/2N5/PPP1B1PP/R1BQK2R","stockfishScores":{"wn":0.49910714285714286}},{"fenStr":"r1bqk2r/pp2ppbp/2np1np1/8/4PP2/1NN5/PPP1B1PP/R1BQK2R","stockfishScores":{"bn":0.4969047619047619}},{"fenStr":"r1bq1rk1/pp2ppbp/2np1np1/8/4PP2/1NN5/PPP1B1PP/R1BQK2R","stockfishScores":{"wn":0.4876190476190476}},{"fenStr":"r1bq1rk1/pp2ppbp/2np1np1/8/4PP2/1NN1B3/PPP1B1PP/R2QK2R","stockfishScores":{"bn":0.48839285714285713}},{"fenStr":"r2q1rk1/pp2ppbp/2npbnp1/8/4PP2/1NN1B3/PPP1B1PP/R2QK2R","stockfishScores":{"wn":0.4857142857142857}},{"fenStr":"r2q1rk1/pp2ppbp/2npbnp1/8/4PP2/1NN1B3/PPP1B1PP/R2Q1RK1","stockfishScores":{"bn":0.49738095238095237}},{"fenStr":"r1q2rk1/pp2ppbp/2npbnp1/8/4PP2/1NN1B3/PPP1B1PP/R2Q1RK1","stockfishScores":{"wn":0.4990476190476191}},{"fenStr":"r1q2rk1/pp2ppbp/2npbnp1/8/4PP2/1NN1BB2/PPP3PP/R2Q1RK1","stockfishScores":{"bn":0.49773809523809526}},{"fenStr":"r1q2rk1/pp2ppbp/2npb1p1/8/4PPn1/1NN1BB2/PPP3PP/R2Q1RK1","stockfishScores":{"wn":0.49529761904761904}},{"fenStr":"r1q2rk1/pp2ppbp/2npb1p1/8/4PPB1/1NN1B3/PPP3PP/R2Q1RK1","stockfishScores":{"bn":0.5229166666666667}},{"fenStr":"r1q2rk1/pp2ppbp/2np2p1/8/4PPb1/1NN1B3/PPP3PP/R2Q1RK1","stockfishScores":{"wn":0.495}},{"fenStr":"r1q2rk1/pp2ppbp/2np2p1/8/4PPb1/1NN1B3/PPPQ2PP/R4RK1","stockfishScores":{"bn":0.49589285714285714}},{"fenStr":"r1q2rk1/pp2ppbp/2npb1p1/8/4PP2/1NN1B3/PPPQ2PP/R4RK1","stockfishScores":{"wn":0.4957738095238095}},{"fenStr":"r1q2rk1/pp2ppbp/2npb1p1/5P2/4P3/1NN1B3/PPPQ2PP/R4RK1","stockfishScores":{"bn":0.5014880952380952}},{"fenStr":"r1q2rk1/pp2ppbp/2npb3/5p2/4P3/1NN1B3/PPPQ2PP/R4RK1","stockfishScores":{"wn":0.48839285714285713}},{"fenStr":"r1q2rk1/pp2ppbp/2npb2B/5p2/4P3/1NN5/PPPQ2PP/R4RK1","stockfishScores":{"bn":0.4860714285714286}},{"fenStr":"r1q2rk1/pp2p1bp/2npbp1B/5p2/4P3/1NN5/PPPQ2PP/R4RK1","stockfishScores":{"wn":0.4923214285714286}},{"fenStr":"r1q2rk1/pp2p1Bp/2npbp2/5p2/4P3/1NN5/PPPQ2PP/R4RK1","stockfishScores":{"bn":0.52125}},{"fenStr":"r1q2r2/pp2p1kp/2npbp2/5p2/4P3/1NN5/PPPQ2PP/R4RK1","stockfishScores":{"wn":0.4930357142857143}},{"fenStr":"r1q2r2/pp2p1kp/2npbp2/5P2/8/1NN5/PPPQ2PP/R4RK1","stockfishScores":{"bn":0.5032142857142857}},{"fenStr":"r1q2r2/pp2p1kp/2np1p2/5b2/8/1NN5/PPPQ2PP/R4RK1","stockfishScores":{"wn":0.4948214285714286}},{"fenStr":"r1q2r2/pp2p1kp/2np1p2/5b2/8/1N6/PPPQN1PP/R4RK1","stockfishScores":{"bn":0.49357142857142855}},{"fenStr":"r1q2r2/pp2p1kp/2np1pb1/8/8/1N6/PPPQN1PP/R4RK1","stockfishScores":{"wn":0.4918452380952381}},{"fenStr":"r1q2r2/pp2p1kp/2np1pb1/8/8/1N3R2/PPPQN1PP/R5K1","stockfishScores":{"bn":0.49107142857142855}},{"fenStr":"r1q2r2/pp2p1kp/3p1pb1/4n3/8/1N3R2/PPPQN1PP/R5K1","stockfishScores":{"wn":0.48654761904761906}},{"fenStr":"r1q2r2/pp2p1kp/3p1pb1/4n3/8/1N4R1/PPPQN1PP/R5K1","stockfishScores":{"bn":0.49315476190476193}},{"fenStr":"r1q2r1k/pp2p2p/3p1pb1/4n3/8/1N4R1/PPPQN1PP/R5K1","stockfishScores":{"wn":0.4901190476190476}},{"fenStr":"r1q2r1k/pp2p2p/3p1pb1/4n3/5N2/1N4R1/PPPQ2PP/R5K1","stockfishScores":{"bn":0.4928571428571429}},{"fenStr":"r1q3rk/pp2p2p/3p1pb1/4n3/5N2/1N4R1/PPPQ2PP/R5K1","stockfishScores":{"wn":0.49333333333333335}},{"fenStr":"r1q3rk/pp2p2p/3p1pb1/4n3/3N1N2/6R1/PPPQ2PP/R5K1","stockfishScores":{"bn":0.49648809523809523}},{"fenStr":"r1q3rk/pp2pb1p/3p1p2/4n3/3N1N2/6R1/PPPQ2PP/R5K1","stockfishScores":{"wn":0.49601190476190476}},{"fenStr":"r1q3rk/pp2pb1p/3p1p2/4n3/3N1N2/2R5/PPPQ2PP/R5K1","stockfishScores":{"bn":0.49}},{"fenStr":"r5rk/pp1qpb1p/3p1p2/4n3/3N1N2/2R5/PPPQ2PP/R5K1","stockfishScores":{"wn":0.4903571428571429}},{"fenStr":"r5rk/pp1qpb1p/3p1p2/4n3/3N1N2/1PR5/P1PQ2PP/R5K1","stockfishScores":{"bn":0.4907738095238095}},{"fenStr":"2r3rk/pp1qpb1p/3p1p2/4n3/3N1N2/1PR5/P1PQ2PP/R5K1","stockfishScores":{"wn":0.48910714285714285}},{"fenStr":"2r3rk/pp1qpb1p/3p1p2/4n3/3N1N2/1PR5/P1PQ2PP/5RK1","stockfishScores":{"bn":0.49023809523809525}},{"fenStr":"6rk/pp1qpb1p/3p1p2/4n3/3N1N2/1Pr5/P1PQ2PP/5RK1","stockfishScores":{"wn":0.4520238095238095}},{"fenStr":"6rk/pp1qpb1p/3p1p2/4n3/3N1N2/1PQ5/P1P3PP/5RK1","stockfishScores":{"bn":0.49160714285714285}},{"fenStr":"6rk/pp1qpb1p/2np1p2/8/3N1N2/1PQ5/P1P3PP/5RK1","stockfishScores":{"wn":0.4938690476190476}},{"fenStr":"6rk/pp1qpb1p/2np1p2/8/5N2/1PQ5/P1P1N1PP/5RK1","stockfishScores":{"bn":0.4924404761904762}},{"fenStr":"6rk/pp1q1b1p/2np1p2/4p3/5N2/1PQ5/P1P1N1PP/5RK1","stockfishScores":{"wn":0.4880357142857143}},{"fenStr":"6rk/pp1q1b1p/2np1p2/4p3/5N2/1PQ3N1/P1P3PP/5RK1","stockfishScores":{"bn":0.4894047619047619}},{"fenStr":"6rk/pp1q1b1p/3p1p2/4p3/3n1N2/1PQ3N1/P1P3PP/5RK1","stockfishScores":{"wn":0.48583333333333334}},{"fenStr":"6rk/pp1q1b1p/3p1p2/4p3/3n4/1PQ3N1/P1P1N1PP/5RK1","stockfishScores":{"bn":0.4895833333333333}},{"fenStr":"6rk/pp1q1b1p/3p1p2/4p3/8/1PQ3N1/P1P1n1PP/5RK1","stockfishScores":{"wn":0.464702380952381}},{"fenStr":"6rk/pp1q1b1p/3p1p2/4p3/8/1PQ5/P1P1N1PP/5RK1","stockfishScores":{"bn":0.4906547619047619}},{"fenStr":"6rk/pp1q1b1p/3p4/4pp2/8/1PQ5/P1P1N1PP/5RK1","stockfishScores":{"wn":0.4899404761904762}},{"fenStr":"6rk/pp1q1b1p/3p4/4pp2/8/1PQ3N1/P1P3PP/5RK1","stockfishScores":{"bn":0.490952380952381}},{"fenStr":"2r4k/pp1q1b1p/3p4/4pp2/8/1PQ3N1/P1P3PP/5RK1","stockfishScores":{"wn":0.48636904761904765}},{"fenStr":"2r4k/pp1q1b1p/3p4/4pp2/8/1P4N1/P1PQ2PP/5RK1","stockfishScores":{"bn":0.49273809523809525}},{"fenStr":"2r4k/pp1q1b1p/3p4/4p3/5p2/1P4N1/P1PQ2PP/5RK1","stockfishScores":{"wn":0.48797619047619045}},{"fenStr":"2r4k/pp1q1b1p/3p4/4p3/4Np2/1P6/P1PQ2PP/5RK1","stockfishScores":{"bn":0.4926785714285714}},{"fenStr":"2r4k/pp1q3p/3p2b1/4p3/4Np2/1P6/P1PQ2PP/5RK1","stockfishScores":{"wn":0.4913690476190476}},{"fenStr":"2r4k/pp1q3p/3N2b1/4p3/5p2/1P6/P1PQ2PP/5RK1","stockfishScores":{"bn":0.4993452380952381}},{"fenStr":"7k/pp1q3p/2rN2b1/4p3/5p2/1P6/P1PQ2PP/5RK1","stockfishScores":{"wn":0.49291666666666667}},{"fenStr":"7k/pp1q3p/2rN2b1/4p3/5p2/1P6/P1PQ2PP/3R2K1","stockfishScores":{"bn":0.4939880952380952}},{"fenStr":"7k/pp1q3p/2rN4/4p2b/5p2/1P6/P1PQ2PP/3R2K1","stockfishScores":{"wn":0.49535714285714283}},{"fenStr":"7k/pp1q3p/2rN4/3Qp2b/5p2/1P6/P1P3PP/3R2K1","stockfishScores":{"bn":0.5010119047619047}},{"fenStr":"7k/pp2q2p/2rN4/3Qp2b/5p2/1P6/P1P3PP/3R2K1","stockfishScores":{"wn":0.49476190476190474}},{"fenStr":"7k/pp2q2p/2r5/3QpN1b/5p2/1P6/P1P3PP/3R2K1","stockfishScores":{"bn":0.5039285714285714}},{"fenStr":"4q2k/pp5p/2r5/3QpN1b/5p2/1P6/P1P3PP/3R2K1","stockfishScores":{"wn":0.5055357142857143}},{"fenStr":"4q2k/pp5p/2r5/3QpN1b/5p2/1P6/P1P3PP/4R1K1","stockfishScores":{"bn":0.50125}},{"fenStr":"4q2k/pp3b1p/2r5/3QpN2/5p2/1P6/P1P3PP/4R1K1","stockfishScores":{"wn":0.49833333333333335}},{"fenStr":"4q2k/pp3b1p/2r5/3QRN2/5p2/1P6/P1P3PP/6K1","stockfishScores":{"bn":0.5102380952380953}},{"fenStr":"5q1k/pp3b1p/2r5/3QRN2/5p2/1P6/P1P3PP/6K1","stockfishScores":{"wn":0.503452380952381}},{"fenStr":"5q1k/pp3b1p/2r5/4RN2/3Q1p2/1P6/P1P3PP/6K1","stockfishScores":{"bn":0.5105357142857143}},{"fenStr":"5qk1/pp3b1p/2r5/4RN2/3Q1p2/1P6/P1P3PP/6K1","stockfishScores":{"wn":0.5148214285714285}},{"fenStr":"5qk1/pp2Nb1p/2r5/4R3/3Q1p2/1P6/P1P3PP/6K1","stockfishScores":{"bn":0.516547619047619}},{"fenStr":"5q2/pp2Nbkp/2r5/4R3/3Q1p2/1P6/P1P3PP/6K1","stockfishScores":{"wn":0.5285714285714286}},{"fenStr":"5q2/pp2Nbkp/2r1R3/8/3Q1p2/1P6/P1P3PP/6K1","stockfishScores":{"bn":0.5344642857142857}}],"result":{"ww":true}}