{"fens":[{"fenStr":"rnbqkbnr/pppppppp/8/8/4P3/8/PPPP1PPP/RNBQKBNR","stockfishScores":{"bn":0.5049404761904762}},{"fenStr":"rnbqkbnr/pp1ppppp/8/2p5/4P3/8/PPPP1PPP/RNBQKBNR","stockfishScores":{"wn":0.5038095238095238}},{"fenStr":"rnbqkbnr/pp1ppppp/8/2p5/4P3/5N2/PPPP1PPP/RNBQKB1R","stockfishScores":{"bn":0.5058928571428571}},{"fenStr":"r1bqkbnr/pp1ppppp/2n5/2p5/4P3/5N2/PPPP1PPP/RNBQKB1R","stockfishScores":{"wn":0.5025}},{"fenStr":"r1bqkbnr/pp1ppppp/2n5/1Bp5/4P3/5N2/PPPP1PPP/RNBQK2R","stockfishScores":{"bn":0.5023809523809524}},{"fenStr":"r1bqkbnr/pp1p1ppp/2n1p3/1Bp5/4P3/5N2/PPPP1PPP/RNBQK2R","stockfishScores":{"wn":0.4982738095238095}},{"fenStr":"r1bqkbnr/pp1p1ppp/2n1p3/1Bp5/4P3/5N2/PPPP1PPP/RNBQ1RK1","stockfishScores":{"bn":0.5077380952380952}},{"fenStr":"r1bqkb1r/pp1pnppp/2n1p3/1Bp5/4P3/5N2/PPPP1PPP/RNBQ1RK1","stockfishScores":{"wn":0.506547619047619}},{"fenStr":"r1bqkb1r/pp1pnppp/2n1p3/1Bp5/4P3/2P2N2/PP1P1PPP/RNBQ1RK1","stockfishScores":{"bn":0.5070238095238095}},{"fenStr":"r1bqkb1r/pp2nppp/2n1p3/1Bpp4/4P3/2P2N2/PP1P1PPP/RNBQ1RK1","stockfishScores":{"wn":0.5042857142857143}},{"fenStr":"r1bqkb1r/pp2nppp/2n1p3/1BppP3/8/2P2N2/PP1P1PPP/RNBQ1RK1","stockfishScores":{"bn":0.5055357142857143}},{"fenStr":"r1bqkb1r/pp2nppp/2n1p3/1Bp1P3/3p4/2P2N2/PP1P1PPP/RNBQ1RK1","stockfishScores":{"wn":0.5073214285714286}},{"fenStr":"r1bqkb1r/pp2nppp/2n1p3/1Bp1P3/3p4/2PP1N2/PP3PPP/RNBQ1RK1","stockfishScores":{"bn":0.5106547619047619}},{"fenStr":"r1bqkb1r/1p2nppp/p1n1p3/1Bp1P3/3p4/2PP1N2/PP3PPP/RNBQ1RK1","stockfishScores":{"wn":0.5061904761904762}},{"fenStr":"r1bqkb1r/1p2nppp/p1B1p3/2p1P3/3p4/2PP1N2/PP3PPP/RNBQ1RK1","stockfishScores":{"bn":0.5288690476190476}},{"fenStr":"r1bqkb1r/1p3ppp/p1n1p3/2p1P3/3p4/2PP1N2/PP3PPP/RNBQ1RK1","stockfishScores":{"wn":0.5066071428571428}},{"fenStr":"r1bqkb1r/1p3ppp/p1n1p3/2p1P3/3P4/3P1N2/PP3PPP/RNBQ1RK1","stockfishScores":{"bn":0.513095238095238}},{"fenStr":"r1bqkb1r/1p3ppp/p1n1p3/4P3/3p4/3P1N2/PP3PPP/RNBQ1RK1","stockfishScores":{"wn":0.5067857142857143}},{"fenStr":"r1bqkb1r/1p3ppp/p1n1p3/4P3/3p1B2/3P1N2/PP3PPP/RN1Q1RK1","stockfishScores":{"bn":0.50625}},{"fenStr":"r1bqk2r/1p2bppp/p1n1p3/4P3/3p1B2/3P1N2/PP3PPP/RN1Q1RK1","stockfishScores":{"wn":0.5051785714285715}},{"fenStr":"r1bqk2r/1p2bppp/p1n1p3/4P3/3p1B2/3P1N2/PP1N1PPP/R2Q1RK1","stockfishScores":{"bn":0.5088095238095238}},{"fenStr":"r1bq1rk1/1p2bppp/p1n1p3/4P3/3p1B2/3P1N2/PP1N1PPP/R2Q1RK1","stockfishScores":{"wn":0.4993452380952381}},{"fenStr":"r1bq1rk1/1p2bppp/p1n1p3/4P3/3p1B2/3P1N2/PP1N1PPP/2RQ1RK1","stockfishScores":{"bn":0.5}},{"fenStr":"r1bq1rk1/1p2b1pp/p1n1pp2/4P3/3p1B2/3P1N2/PP1N1PPP/2RQ1RK1","stockfishScores":{"wn":0.501547619047619}},{"fenStr":"r1bq1rk1/1p2b1pp/p1n1pP2/8/3p1B2/3P1N2/PP1N1PPP/2RQ1RK1","stockfishScores":{"bn":0.5194642857142857}},{"fenStr":"r1bq1rk1/1p2b2p/p1n1pp2/8/3p1B2/3P1N2/PP1N1PPP/2RQ1RK1","stockfishScores":{"wn":0.505297619047619}},{"fenStr":"r1bq1rk1/1p2b2p/p1n1pp2/8/3pNB2/3P1N2/PP3PPP/2RQ1RK1","stockfishScores":{"bn":0.5070833333333333}},{"fenStr":"r1bq1r1k/1p2b2p/p1n1pp2/8/3pNB2/3P1N2/PP3PPP/2RQ1RK1","stockfishScores":{"wn":0.5082142857142857}},{"fenStr":"r1bq1r1k/1p2b2p/p1n1pp2/8/3pN3/3P1NB1/PP3PPP/2RQ1RK1","stockfishScores":{"bn":0.5070238095238095}},{"fenStr":"r1bq1r1k/1p2b2p/p1n1p3/5p2/3pN3/3P1NB1/PP3PPP/2RQ1RK1","stockfishScores":{"wn":0.5048809523809524}},{"fenStr":"r1bq1r1k/1p2b2p/p1n1p3/5p2/3NN3/3P2B1/PP3PPP/2RQ1RK1","stockfishScores":{"bn":0.5072023809523809}},{"fenStr":"r1b2r1k/1p2b2p/p1n1p3/5p2/3qN3/3P2B1/PP3PPP/2RQ1RK1","stockfishScores":{"wn":0.4822619047619048}},{"fenStr":"r1b2r1k/1p2b2p/p1n1p3/5p2/2RqN3/3P2B1/PP3PPP/3Q1RK1","stockfishScores":{"bn":0.4811309523809524}},{"fenStr":"r1bq1r1k/1p2b2p/p1n1p3/5p2/2R1N3/3P2B1/PP3PPP/3Q1RK1","stockfishScores":{"wn":0.48160714285714284}},{"fenStr":"r1bq1r1k/1p2b2p/p1R1p3/5p2/4N3/3P2B1/PP3PPP/3Q1RK1","stockfishScores":{"bn":0.50875}},{"fenStr":"r1bq1r1k/4b2p/p1p1p3/5p2/4N3/3P2B1/PP3PPP/3Q1RK1","stockfishScores":{"wn":0.4731547619047619}},{"fenStr":"r1bq1r1k/4b2p/p1p1p3/4Bp2/4N3/3P4/PP3PPP/3Q1RK1","stockfishScores":{"bn":0.4768452380952381}},{"fenStr":"r1bq1rk1/4b2p/p1p1p3/4Bp2/4N3/3P4/PP3PPP/3Q1RK1","stockfishScores":{"wn":0.4780357142857143}},{"fenStr":"r1bq1rk1/4b2p/p1p1p3/4Bp2/4NP2/3P4/PP4PP/3Q1RK1","stockfishScores":{"bn":0.47845238095238096}},{"fenStr":"r1bq1rk1/7p/p1p1pb2/4Bp2/4NP2/3P4/PP4PP/3Q1RK1","stockfishScores":{"wn":0.4768452380952381}},{"fenStr":"r1bq1rk1/7p/p1p1pN2/4Bp2/5P2/3P4/PP4PP/3Q1RK1","stockfishScores":{"bn":0.503452380952381}},{"fenStr":"r1bq2k1/7p/p1p1pr2/4Bp2/5P2/3P4/PP4PP/3Q1RK1","stockfishScores":{"wn":0.4832738095238095}},{"fenStr":"r1bq2k1/7p/p1p1pr2/4Bp2/5P2/3P4/PP4PP/4QRK1","stockfishScores":{"bn":0.48636904761904765}},{"fenStr":"r1bq2k1/7p/p1p1p1r1/4Bp2/5P2/3P4/PP4PP/4QRK1","stockfishScores":{"wn":0.4739285714285714}},{"fenStr":"r1bq2k1/7p/p1p1p1r1/4Bp2/5P2/3PQ3/PP4PP/5RK1","stockfishScores":{"bn":0.47958333333333336}},{"fenStr":"r1bq2k1/7p/p3p1r1/2p1Bp2/5P2/3PQ3/PP4PP/5RK1","stockfishScores":{"wn":0.48119047619047617}},{"fenStr":"r1bq2k1/7p/p3p1r1/2p1Bp2/5P2/3PQR2/PP4PP/6K1","stockfishScores":{"bn":0.47898809523809527}},{"fenStr":"r2q2k1/1b5p/p3p1r1/2p1Bp2/5P2/3PQR2/PP4PP/6K1","stockfishScores":{"wn":0.47351190476190474}},{"fenStr":"r2q2k1/1b5p/p3p1r1/2p1Bp2/5P2/3PQ1R1/PP4PP/6K1","stockfishScores":{"bn":0.47875}},{"fenStr":"r3q1k1/1b5p/p3p1r1/2p1Bp2/5P2/3PQ1R1/PP4PP/6K1","stockfishScores":{"wn":0.4806547619047619}},{"fenStr":"r3q1k1/1b5p/p3p1r1/2p2p2/5P2/2BPQ1R1/PP4PP/6K1","stockfishScores":{"bn":0.47869047619047617}},{"fenStr":"r3q1k1/1b5p/p3p3/2p2p2/5P2/2BPQ1r1/PP4PP/6K1","stockfishScores":{"wn":0.4331547619047619}},{"fenStr":"r3q1k1/1b5p/p3p3/2p2p2/5P2/2BPQ1P1/PP4P1/6K1","stockfishScores":{"bn":0.47482142857142856}},{"fenStr":"r5k1/1b5p/p1q1p3/2p2p2/5P2/2BPQ1P1/PP4P1/6K1","stockfishScores":{"wn":0.46976190476190477}},{"fenStr":"r5k1/1b5p/p1q1p3/2p2p2/5P2/2BPQ1P1/PP4P1/5K2","stockfishScores":{"bn":0.4657142857142857}},{"fenStr":"r5k1/1b5p/p3p3/2p2p2/5P2/2BPQ1P1/PP4q1/5K2","stockfishScores":{"wn":0.46851190476190474}},{"fenStr":"r5k1/1b5p/p3p3/2p2p2/5P2/2BPQ1P1/PP4q1/4K3","stockfishScores":{"bn":0.46767857142857144}},{"fenStr":"r5k1/1b5p/p3p3/2pq1p2/5P2/2BPQ1P1/PP6/4K3","stockfishScores":{"wn":0.46226190476190476}},{"fenStr":"r5k1/1b5p/p3p3/2pq1p2/5PP1/2BPQ3/PP6/4K3","stockfishScores":{"bn":0.4625595238095238}},{"fenStr":"r5k1/1b5p/p3p3/2pq4/5Pp1/2BPQ3/PP6/4K3","stockfishScores":{"wn":0.4566071428571429}},{"fenStr":"r5k1/1b5p/p3p3/2pq1P2/6p1/2BPQ3/PP6/4K3","stockfishScores":{"bn":0.4564285714285714}},{"fenStr":"r5k1/1b5p/p3p3/2p2q2/6p1/2BPQ3/PP6/4K3","stockfishScores":{"wn":0.45166666666666666}},{"fenStr":"r5k1/1b5p/p3p2Q/2p2q2/6p1/2BP4/PP6/4K3","stockfishScores":{"bn":0.45089285714285715}},{"fenStr":"r5k1/1b5p/p6Q/2p1pq2/6p1/2BP4/PP6/4K3","stockfishScores":{"wn":0.4508333333333333}},{"fenStr":"r5k1/1b5p/pQ6/2p1pq2/6p1/2BP4/PP6/4K3","stockfishScores":{"bn":0.4513095238095238}},{"fenStr":"5rk1/1b5p/pQ6/2p1pq2/6p1/2BP4/PP6/4K3","stockfishScores":{"wn":0.45107142857142857}},{"fenStr":"5rk1/1b5p/pQ6/2p1pq2/6p1/2BP4/PP6/3K4","stockfishScores":{"bn":0.45107142857142857}},{"fenStr":"5rk1/1b5p/pQ6/2p1p3/6p1/2Bq4/PP6/3K4","stockfishScores":{"wn":0.44613095238095235}},{"fenStr":"5rk1/1b5p/pQ6/2p1p3/6p1/3q4/PP1B4/3K4","stockfishScores":{"bn":0.4463095238095238}},{"fenStr":"6k1/1b5p/pQ6/2p1p3/6p1/3q4/PP1B4/3K1r2","stockfishScores":{"wn":0.44625}}],"result":{"bw":true}}