{"fens":[{"fenStr":"rnbqkbnr/pppppppp/8/8/3P4/8/PPP1PPPP/RNBQKBNR","stockfishScores":{"bn":0.5048809523809524}},{"fenStr":"rnbqkbnr/ppp1pppp/8/3p4/3P4/8/PPP1PPPP/RNBQKBNR","stockfishScores":{"wn":0.5005952380952381}},{"fenStr":"rnbqkbnr/ppp1pppp/8/3p4/2PP4/8/PP2PPPP/RNBQKBNR","stockfishScores":{"bn":0.5009523809523809}},{"fenStr":"rnbqkbnr/pp2pppp/2p5/3p4/2PP4/8/PP2PPPP/RNBQKBNR","stockfishScores":{"wn":0.4994047619047619}},{"fenStr":"rnbqkbnr/pp2pppp/2p5/3p4/2PP4/5N2/PP2PPPP/RNBQKB1R","stockfishScores":{"bn":0.5027380952380952}},{"fenStr":"rnbqkb1r/pp2pppp/2p2n2/3p4/2PP4/5N2/PP2PPPP/RNBQKB1R","stockfishScores":{"wn":0.49964285714285717}},{"fenStr":"rnbqkb1r/pp2pppp/2p2n2/3p4/2PP4/2N2N2/PP2PPPP/R1BQKB1R","stockfishScores":{"bn":0.5018452380952381}},{"fenStr":"rnbqkb1r/pp3ppp/2p1pn2/3p4/2PP4/2N2N2/PP2PPPP/R1BQKB1R","stockfishScores":{"wn":0.5005952380952381}},{"fenStr":"rnbqkb1r/pp3ppp/2p1pn2/3p4/2PP4/2N1PN2/PP3PPP/R1BQKB1R","stockfishScores":{"bn":0.50375}},{"fenStr":"r1bqkb1r/pp1n1ppp/2p1pn2/3p4/2PP4/2N1PN2/PP3PPP/R1BQKB1R","stockfishScores":{"wn":0.5014285714285714}},{"fenStr":"r1bqkb1r/pp1n1ppp/2p1pn2/3p4/2PP4/2N1PN2/PPQ2PPP/R1B1KB1R","stockfishScores":{"bn":0.5009523809523809}},{"fenStr":"r1bqk2r/pp1n1ppp/2pbpn2/3p4/2PP4/2N1PN2/PPQ2PPP/R1B1KB1R","stockfishScores":{"wn":0.5022023809523809}},{"fenStr":"r1bqk2r/pp1n1ppp/2pbpn2/3p4/2PP2P1/2N1PN2/PPQ2P1P/R1B1KB1R","stockfishScores":{"bn":0.5014285714285714}},{"fenStr":"r1bqk2r/pp1n1ppp/2p1pn2/3p4/1bPP2P1/2N1PN2/PPQ2P1P/R1B1KB1R","stockfishScores":{"wn":0.4990476190476191}},{"fenStr":"r1bqk2r/pp1n1ppp/2p1pn2/3p4/1bPP2P1/2NBPN2/PPQ2P1P/R1B1K2R","stockfishScores":{"bn":0.4981547619047619}},{"fenStr":"r1bqk2r/pp1n1pp1/2p1pn1p/3p4/1bPP2P1/2NBPN2/PPQ2P1P/R1B1K2R","stockfishScores":{"wn":0.49529761904761904}},{"fenStr":"r1bqk2r/pp1n1pp1/2p1pn1p/3p4/1bPP2P1/2NBPN2/PPQB1P1P/R3K2R","stockfishScores":{"bn":0.4981547619047619}},{"fenStr":"r1b1k2r/pp1nqpp1/2p1pn1p/3p4/1bPP2P1/2NBPN2/PPQB1P1P/R3K2R","stockfishScores":{"wn":0.49976190476190474}},{"fenStr":"r1b1k2r/pp1nqpp1/2p1pn1p/3p4/1bPP2P1/2NBPN2/PPQB1P1P/R3K1R1","stockfishScores":{"bn":0.5041071428571429}},{"fenStr":"r1b1k2r/pp1nqpp1/2p2n1p/3pp3/1bPP2P1/2NBPN2/PPQB1P1P/R3K1R1","stockfishScores":{"wn":0.5013690476190477}},{"fenStr":"r1b1k2r/pp1nqpp1/2p2n1p/3Pp3/1b1P2P1/2NBPN2/PPQB1P1P/R3K1R1","stockfishScores":{"bn":0.5096428571428572}},{"fenStr":"r1b1k2r/pp1nqpp1/2p2n1p/3Pp3/3P2P1/2bBPN2/PPQB1P1P/R3K1R1","stockfishScores":{"wn":0.48875}},{"fenStr":"r1b1k2r/pp1nqpp1/2p2n1p/3Pp3/3P2P1/2QBPN2/PP1B1P1P/R3K1R1","stockfishScores":{"bn":0.5108928571428571}},{"fenStr":"r1b1k2r/pp1nqpp1/2p2n1p/3P4/3Pp1P1/2QBPN2/PP1B1P1P/R3K1R1","stockfishScores":{"wn":0.5022619047619048}},{"fenStr":"r1b1k2r/pp1nqpp1/2P2n1p/8/3Pp1P1/2QBPN2/PP1B1P1P/R3K1R1","stockfishScores":{"bn":0.5258928571428572}},{"fenStr":"r1b1k2r/p2nqpp1/2p2n1p/8/3Pp1P1/2QBPN2/PP1B1P1P/R3K1R1","stockfishScores":{"wn":0.5068452380952381}},{"fenStr":"r1b1k2r/p2nqpp1/2Q2n1p/8/3Pp1P1/3BPN2/PP1B1P1P/R3K1R1","stockfishScores":{"bn":0.5148809523809523}},{"fenStr":"1rb1k2r/p2nqpp1/2Q2n1p/8/3Pp1P1/3BPN2/PP1B1P1P/R3K1R1","stockfishScores":{"wn":0.5076190476190476}},{"fenStr":"1rb1k2r/p2nqpp1/2Q2n1p/8/3Pp1PN/3BP3/PP1B1P1P/R3K1R1","stockfishScores":{"bn":0.5105952380952381}},{"fenStr":"1r2k2r/pb1nqpp1/2Q2n1p/8/3Pp1PN/3BP3/PP1B1P1P/R3K1R1","stockfishScores":{"wn":0.5070238095238095}},{"fenStr":"1r2k2r/pb1nqpp1/5n1p/8/Q2Pp1PN/3BP3/PP1B1P1P/R3K1R1","stockfishScores":{"bn":0.5150595238095238}},{"fenStr":"1r2k2r/pb1n1pp1/3q1n1p/8/Q2Pp1PN/3BP3/PP1B1P1P/R3K1R1","stockfishScores":{"wn":0.5121428571428571}},{"fenStr":"1r2k2r/pb1n1pp1/3q1n1p/5N2/Q2Pp1P1/3BP3/PP1B1P1P/R3K1R1","stockfishScores":{"bn":0.5361309523809524}},{"fenStr":"1r2k2r/pb1n1pp1/5n1p/5N2/Q2Pp1P1/3BP3/PP1B1P1q/R3K1R1","stockfishScores":{"wn":0.5222619047619048}},{"fenStr":"1r2k2r/pb1n1pp1/5n1p/5N2/3Pp1P1/Q2BP3/PP1B1P1q/R3K1R1","stockfishScores":{"bn":0.5373214285714286}},{"fenStr":"1r2k2r/pb1n1pp1/5n1p/5N2/3Pp1P1/Q2BP3/PP1B1P2/R3K1q1","stockfishScores":{"wn":0.5102380952380953}},{"fenStr":"1r2k2r/pb1n1pp1/5n1p/5N2/3Pp1P1/Q3P3/PP1B1P2/R3KBq1","stockfishScores":{"bn":0.5004166666666666}},{"fenStr":"1r2k2r/pb1n1pp1/7p/3n1N2/3Pp1P1/Q3P3/PP1B1P2/R3KBq1","stockfishScores":{"wn":0.47285714285714286}},{"fenStr":"1r2k2r/pb1n1pN1/7p/3n4/3Pp1P1/Q3P3/PP1B1P2/R3KBq1","stockfishScores":{"bn":0.46648809523809526}},{"fenStr":"1r1k3r/pb1n1pN1/7p/3n4/3Pp1P1/Q3P3/PP1B1P2/R3KBq1","stockfishScores":{"wn":0.4855952380952381}},{"fenStr":"1r1k3r/pb1n1pN1/7p/B2n4/3Pp1P1/Q3P3/PP3P2/R3KBq1","stockfishScores":{"bn":0.4695238095238095}},{"fenStr":"1r1k3r/pb1n1pN1/1n5p/B7/3Pp1P1/Q3P3/PP3P2/R3KBq1","stockfishScores":{"wn":0.4810714285714286}},{"fenStr":"1r1k3r/pb1n1p2/1n5p/B4N2/3Pp1P1/Q3P3/PP3P2/R3KBq1","stockfishScores":{"bn":0.4982142857142857}},{"fenStr":"1r1kr3/pb1n1p2/1n5p/B4N2/3Pp1P1/Q3P3/PP3P2/R3KBq1","stockfishScores":{"wn":0.4845833333333333}},{"fenStr":"1r1kr3/pb1n1p2/1n5p/5N2/1B1Pp1P1/Q3P3/PP3P2/R3KBq1","stockfishScores":{"bn":0.4810714285714286}},{"fenStr":"1r1kr3/p2n1p2/1n5p/3b1N2/1B1Pp1P1/Q3P3/PP3P2/R3KBq1","stockfishScores":{"wn":0.4811309523809524}},{"fenStr":"1r1kr3/p2n1p2/1n5p/3b1N2/1B1Pp1P1/Q3P3/PP3P2/2R1KBq1","stockfishScores":{"bn":0.49535714285714283}},{"fenStr":"1r1kr3/p2n1p2/1n5p/5N2/1BbPp1P1/Q3P3/PP3P2/2R1KBq1","stockfishScores":{"wn":0.4566071428571429}},{"fenStr":"1r1kr3/p2nBp2/1n5p/5N2/2bPp1P1/Q3P3/PP3P2/2R1KBq1","stockfishScores":{"bn":0.4510119047619048}},{"fenStr":"1r1k4/p2nrp2/1n5p/5N2/2bPp1P1/Q3P3/PP3P2/2R1KBq1","stockfishScores":{"wn":0.45166666666666666}},{"fenStr":"1r1k4/p2nQp2/1n5p/5N2/2bPp1P1/4P3/PP3P2/2R1KBq1","stockfishScores":{"bn":0.4683333333333333}},{"fenStr":"1r6/p1knQp2/1n5p/5N2/2bPp1P1/4P3/PP3P2/2R1KBq1","stockfishScores":{"wn":0.5161309523809524}},{"fenStr":"1r6/p1kn1p2/1n1Q3p/5N2/2bPp1P1/4P3/PP3P2/2R1KBq1","stockfishScores":{"bn":0.49738095238095237}},{"fenStr":"1r1k4/p2n1p2/1n1Q3p/5N2/2bPp1P1/4P3/PP3P2/2R1KBq1","stockfishScores":{"wn":0.4942857142857143}},{"fenStr":"1r1k4/p2nQp2/1n5p/5N2/2bPp1P1/4P3/PP3P2/2R1KBq1","stockfishScores":{"bn":0.4683333333333333}},{"fenStr":"1r6/p1knQp2/1n5p/5N2/2bPp1P1/4P3/PP3P2/2R1KBq1","stockfishScores":{"wn":0.5161309523809524}},{"fenStr":"1r6/p1knQp2/1n5p/8/2bPp1P1/4P1N1/PP3P2/2R1KBq1","stockfishScores":{"bn":0.51125}},{"fenStr":"1r6/pk1nQp2/1n5p/8/2bPp1P1/4P1N1/PP3P2/2R1KBq1","stockfishScores":{"wn":0.4820833333333333}},{"fenStr":"1r6/pk1nQp2/1n5p/8/2RPp1P1/4P1N1/PP3P2/4KBq1","stockfishScores":{"bn":0.5285714285714286}},{"fenStr":"1r6/pk1nQp2/7p/8/2nPp1P1/4P1N1/PP3P2/4KBq1","stockfishScores":{"wn":0.47458333333333336}},{"fenStr":"1r6/pk1Q1p2/7p/8/2nPp1P1/4P1N1/PP3P2/4KBq1","stockfishScores":{"bn":0.5039880952380953}},{"fenStr":"1r6/p2Q1p2/1k5p/8/2nPp1P1/4P1N1/PP3P2/4KBq1","stockfishScores":{"wn":0.5056547619047619}},{"fenStr":"1r6/p2Q1p2/1k5p/8/2nPN1P1/4P3/PP3P2/4KBq1","stockfishScores":{"bn":0.5194047619047619}},{"fenStr":"1r6/p2Q1p2/1k5p/8/3PN1P1/4n3/PP3P2/4KBq1","stockfishScores":{"wn":0.5008333333333334}},{"fenStr":"1r6/p4p2/1k1Q3p/8/3PN1P1/4n3/PP3P2/4KBq1","stockfishScores":{"bn":0.4930952380952381}},{"fenStr":"1r6/p4p2/3Q3p/k7/3PN1P1/4n3/PP3P2/4KBq1","stockfishScores":{"wn":0.4925}},{"fenStr":"1r6/p4p2/7p/k1Q5/3PN1P1/4n3/PP3P2/4KBq1","stockfishScores":{"bn":0.49029761904761904}},{"fenStr":"1r6/p4p2/7p/2Q5/k2PN1P1/4n3/PP3P2/4KBq1","stockfishScores":{"wn":0.5147619047619048}},{"fenStr":"1r6/p4p2/7p/2Q5/k2P2P1/2N1n3/PP3P2/4KBq1","stockfishScores":{"bn":0.5033333333333333}}],"result":{"ww":true}}