{"fens":[{"fenStr":"rnbqkbnr/pppppppp/8/8/8/5N2/PPPPPPPP/RNBQKB1R","stockfishScores":{"bn":0.5038690476190476}},{"fenStr":"rnbqkbnr/ppp1pppp/8/3p4/8/5N2/PPPPPPPP/RNBQKB1R","stockfishScores":{"wn":0.49952380952380954}},{"fenStr":"rnbqkbnr/ppp1pppp/8/3p4/3P4/5N2/PPP1PPPP/RNBQKB1R","stockfishScores":{"bn":0.5038690476190476}},{"fenStr":"rnbqkbnr/ppp1pp1p/6p1/3p4/3P4/5N2/PPP1PPPP/RNBQKB1R","stockfishScores":{"wn":0.5035714285714286}},{"fenStr":"rnbqkbnr/ppp1pp1p/6p1/3p4/2PP4/5N2/PP2PPPP/RNBQKB1R","stockfishScores":{"bn":0.5039285714285714}},{"fenStr":"rnbqkbnr/pp2pp1p/2p3p1/3p4/2PP4/5N2/PP2PPPP/RNBQKB1R","stockfishScores":{"wn":0.5023809523809524}},{"fenStr":"rnbqkbnr/pp2pp1p/2p3p1/3p4/2PP4/4PN2/PP3PPP/RNBQKB1R","stockfishScores":{"bn":0.504702380952381}},{"fenStr":"rnbqk1nr/pp2ppbp/2p3p1/3p4/2PP4/4PN2/PP3PPP/RNBQKB1R","stockfishScores":{"wn":0.5035714285714286}},{"fenStr":"rnbqk1nr/pp2ppbp/2p3p1/3p4/2PP4/2N1PN2/PP3PPP/R1BQKB1R","stockfishScores":{"bn":0.5060119047619047}},{"fenStr":"rnbqk2r/pp2ppbp/2p2np1/3p4/2PP4/2N1PN2/PP3PPP/R1BQKB1R","stockfishScores":{"wn":0.5024404761904762}},{"fenStr":"rnbqk2r/pp2ppbp/2p2np1/3p4/2PP4/2N1PN2/PP2BPPP/R1BQK2R","stockfishScores":{"bn":0.5018452380952381}},{"fenStr":"rnbq1rk1/pp2ppbp/2p2np1/3p4/2PP4/2N1PN2/PP2BPPP/R1BQK2R","stockfishScores":{"wn":0.49202380952380953}},{"fenStr":"rnbq1rk1/pp2ppbp/2p2np1/3p4/2PP4/2N1PN2/PP2BPPP/R1BQ1RK1","stockfishScores":{"bn":0.5019047619047619}},{"fenStr":"r1bq1rk1/pp1nppbp/2p2np1/3p4/2PP4/2N1PN2/PP2BPPP/R1BQ1RK1","stockfishScores":{"wn":0.5022023809523809}},{"fenStr":"r1bq1rk1/pp1nppbp/2p2np1/3p4/2PP4/1PN1PN2/P3BPPP/R1BQ1RK1","stockfishScores":{"bn":0.5029166666666667}},{"fenStr":"r1bq1rk1/pp1nppbp/2p2np1/8/2pP4/1PN1PN2/P3BPPP/R1BQ1RK1","stockfishScores":{"wn":0.49833333333333335}},{"fenStr":"r1bq1rk1/pp1nppbp/2p2np1/8/2BP4/1PN1PN2/P4PPP/R1BQ1RK1","stockfishScores":{"bn":0.5016071428571428}},{"fenStr":"r1bq1rk1/pp1nppbp/5np1/2p5/2BP4/1PN1PN2/P4PPP/R1BQ1RK1","stockfishScores":{"wn":0.5066071428571428}},{"fenStr":"r1bq1rk1/pp1nppbp/5np1/2p5/2BP4/1PN1PN2/PB3PPP/R2Q1RK1","stockfishScores":{"bn":0.5077380952380952}},{"fenStr":"r1bq1rk1/pp1nppbp/5np1/8/2Bp4/1PN1PN2/PB3PPP/R2Q1RK1","stockfishScores":{"wn":0.49833333333333335}},{"fenStr":"r1bq1rk1/pp1nppbp/5np1/8/2BQ4/1PN1PN2/PB3PPP/R4RK1","stockfishScores":{"bn":0.5028571428571429}},{"fenStr":"r1bq1rk1/pp2ppbp/1n3np1/8/2BQ4/1PN1PN2/PB3PPP/R4RK1","stockfishScores":{"wn":0.5016071428571428}},{"fenStr":"r1bq1rk1/pp2ppbp/1n3np1/8/3Q4/1PN1PN2/PB2BPPP/R4RK1","stockfishScores":{"bn":0.5029166666666667}},{"fenStr":"r2q1rk1/pp2ppbp/1n3np1/8/3Q2b1/1PN1PN2/PB2BPPP/R4RK1","stockfishScores":{"wn":0.5010714285714286}},{"fenStr":"r2q1rk1/pp2ppbp/1n3np1/1N6/3Q2b1/1P2PN2/PB2BPPP/R4RK1","stockfishScores":{"bn":0.5004761904761905}},{"fenStr":"r2q1rk1/1p2ppbp/pn3np1/1N6/3Q2b1/1P2PN2/PB2BPPP/R4RK1","stockfishScores":{"wn":0.49779761904761904}},{"fenStr":"r2Q1rk1/1p2ppbp/pn3np1/1N6/6b1/1P2PN2/PB2BPPP/R4RK1","stockfishScores":{"bn":0.5773214285714285}},{"fenStr":"r2r2k1/1p2ppbp/pn3np1/1N6/6b1/1P2PN2/PB2BPPP/R4RK1","stockfishScores":{"wn":0.49738095238095237}},{"fenStr":"r2r2k1/1p2ppbp/pn3np1/8/3N2b1/1P2PN2/PB2BPPP/R4RK1","stockfishScores":{"bn":0.4994047619047619}},{"fenStr":"r2r2k1/1p3pbp/pn3np1/4p3/3N2b1/1P2PN2/PB2BPPP/R4RK1","stockfishScores":{"wn":0.5011309523809524}},{"fenStr":"r2r2k1/1p3pbp/pn3np1/4N3/3N2b1/1P2P3/PB2BPPP/R4RK1","stockfishScores":{"bn":0.513154761904762}},{"fenStr":"r2r2k1/1p3pbp/pn3np1/4N3/3N4/1P2P3/PB2bPPP/R4RK1","stockfishScores":{"wn":0.48345238095238097}},{"fenStr":"r2r2k1/1p3pbp/pn3np1/4N3/8/1P2P3/PB2NPPP/R4RK1","stockfishScores":{"bn":0.5069047619047619}},{"fenStr":"r2r2k1/1p3pbp/pn4p1/4N3/6n1/1P2P3/PB2NPPP/R4RK1","stockfishScores":{"wn":0.5078571428571429}},{"fenStr":"r2r2k1/1p3pbp/pn4p1/4N3/3B2n1/1P2P3/P3NPPP/R4RK1","stockfishScores":{"bn":0.51}},{"fenStr":"r2r2k1/1p3p1p/pn4p1/4b3/3B2n1/1P2P3/P3NPPP/R4RK1","stockfishScores":{"wn":0.4869047619047619}},{"fenStr":"r2r2k1/1p3p1p/pB4p1/4b3/6n1/1P2P3/P3NPPP/R4RK1","stockfishScores":{"bn":0.5036904761904762}},{"fenStr":"r5k1/1p3p1p/pB4p1/4b3/6n1/1P2P3/P2rNPPP/R4RK1","stockfishScores":{"wn":0.49773809523809526}},{"fenStr":"r5k1/1p3p1p/pB4p1/4b3/6n1/1P2P3/P2rNPPP/4RRK1","stockfishScores":{"bn":0.5004761904761905}},{"fenStr":"r5k1/1p3p1p/pB4p1/8/6n1/1P2P3/P2rNPPb/4RRK1","stockfishScores":{"wn":0.5005357142857143}},{"fenStr":"r5k1/1p3p1p/pB4p1/8/6n1/1P2P3/P2rNPPb/4RR1K","stockfishScores":{"bn":0.4981547619047619}},{"fenStr":"r5k1/1p3p1p/pB4p1/4b3/6n1/1P2P3/P2rNPP1/4RR1K","stockfishScores":{"wn":0.49529761904761904}},{"fenStr":"r5k1/1p3p1p/pB4p1/4b3/6n1/1P2PP2/P2rN1P1/4RR1K","stockfishScores":{"bn":0.49720238095238095}},{"fenStr":"r5k1/1p3p1p/pB4pn/4b3/8/1P2PP2/P2rN1P1/4RR1K","stockfishScores":{"wn":0.49773809523809526}},{"fenStr":"r5k1/1p3p1p/pB4pn/4b3/P7/1P2PP2/3rN1P1/4RR1K","stockfishScores":{"bn":0.49910714285714286}},{"fenStr":"2r3k1/1p3p1p/pB4pn/4b3/P7/1P2PP2/3rN1P1/4RR1K","stockfishScores":{"wn":0.4979166666666667}},{"fenStr":"2r3k1/1p3p1p/pB4pn/4b3/P7/1P2PP2/3rN1P1/2R2R1K","stockfishScores":{"bn":0.4993452380952381}},{"fenStr":"6k1/1p3p1p/pB4pn/4b3/P7/1P2PP2/2rrN1P1/2R2R1K","stockfishScores":{"wn":0.4986904761904762}},{"fenStr":"6k1/1p3p1p/pB4pn/4b3/P7/1P2PP2/2RrN1P1/5R1K","stockfishScores":{"bn":0.5391666666666667}},{"fenStr":"6k1/1p3p1p/pB4pn/4b3/P7/1P2PP2/2r1N1P1/5R1K","stockfishScores":{"wn":0.4982738095238095}},{"fenStr":"6k1/1p3p1p/p5pn/4b3/P2B4/1P2PP2/2r1N1P1/5R1K","stockfishScores":{"bn":0.49952380952380954}},{"fenStr":"6k1/1p5p/p4ppn/4b3/P2B4/1P2PP2/2r1N1P1/5R1K","stockfishScores":{"wn":0.5001190476190476}},{"fenStr":"6k1/1p5p/p4ppn/4B3/P7/1P2PP2/2r1N1P1/5R1K","stockfishScores":{"bn":0.5263690476190476}},{"fenStr":"6k1/1p5p/p5pn/4p3/P7/1P2PP2/2r1N1P1/5R1K","stockfishScores":{"wn":0.49833333333333335}},{"fenStr":"6k1/1p5p/p5pn/4p3/P7/1P2PPN1/2r3P1/5R1K","stockfishScores":{"bn":0.4976190476190476}},{"fenStr":"6k1/1p5p/p5pn/4p3/P7/1P2PPN1/1r4P1/5R1K","stockfishScores":{"wn":0.49779761904761904}},{"fenStr":"6k1/1p5p/p5pn/4p3/P7/1P2PPN1/1r4P1/2R4K","stockfishScores":{"bn":0.498452380952381}},{"fenStr":"6k1/1p5p/p5pn/4p3/P7/1r2PPN1/6P1/2R4K","stockfishScores":{"wn":0.4930952380952381}},{"fenStr":"2R3k1/1p5p/p5pn/4p3/P7/1r2PPN1/6P1/7K","stockfishScores":{"bn":0.4920833333333333}},{"fenStr":"2R5/1p4kp/p5pn/4p3/P7/1r2PPN1/6P1/7K","stockfishScores":{"wn":0.4905952380952381}},{"fenStr":"8/1pR3kp/p5pn/4p3/P7/1r2PPN1/6P1/7K","stockfishScores":{"bn":0.49279761904761904}},{"fenStr":"8/1pR2nkp/p5p1/4p3/P7/1r2PPN1/6P1/7K","stockfishScores":{"wn":0.495952380952381}},{"fenStr":"8/1pR2nkp/p5p1/4p3/P3N3/1r2PP2/6P1/7K","stockfishScores":{"bn":0.49892857142857144}},{"fenStr":"5k2/1pR2n1p/p5p1/4p3/P3N3/1r2PP2/6P1/7K","stockfishScores":{"wn":0.4999404761904762}},{"fenStr":"5k2/1pR2n1p/p4Np1/4p3/P7/1r2PP2/6P1/7K","stockfishScores":{"bn":0.5}},{"fenStr":"5k2/1pR2n2/p4Npp/4p3/P7/1r2PP2/6P1/7K","stockfishScores":{"wn":0.49875}},{"fenStr":"5k2/1pR2n2/p4Npp/4p3/P3P3/1r3P2/6P1/7K","stockfishScores":{"bn":0.5}},{"fenStr":"5k2/2R2n2/p4Npp/1p2p3/P3P3/1r3P2/6P1/7K","stockfishScores":{"wn":0.49547619047619046}},{"fenStr":"5k2/2R2n2/p4Npp/1P2p3/4P3/1r3P2/6P1/7K","stockfishScores":{"bn":0.5059523809523809}},{"fenStr":"5k2/2R2n2/5Npp/1p2p3/4P3/1r3P2/6P1/7K","stockfishScores":{"wn":0.4982142857142857}},{"fenStr":"5k2/2R2n2/6pp/1p1Np3/4P3/1r3P2/6P1/7K","stockfishScores":{"bn":0.4990476190476191}},{"fenStr":"5k2/2R2n2/6pp/3Np3/1p2P3/1r3P2/6P1/7K","stockfishScores":{"wn":0.4999404761904762}},{"fenStr":"5k2/1R3n2/6pp/3Np3/1p2P3/1r3P2/6P1/7K","stockfishScores":{"bn":0.49910714285714286}},{"fenStr":"5k2/1R3n2/6pp/3Np3/1p2P3/5P2/6P1/1r5K","stockfishScores":{"wn":0.49779761904761904}},{"fenStr":"5k2/1R3n2/6pp/3Np3/1p2P3/5P2/6PK/1r6","stockfishScores":{"bn":0.49892857142857144}},{"fenStr":"5k2/1R3n2/6pp/3Np3/4P3/1p3P2/6PK/1r6","stockfishScores":{"wn":0.49523809523809526}},{"fenStr":"5k2/1R3n2/6pp/4p3/4P3/1pN2P2/6PK/1r6","stockfishScores":{"bn":0.4949404761904762}},{"fenStr":"5k2/1R3n2/6pp/4p3/4P3/1pN2P2/1r4PK/8","stockfishScores":{"wn":0.49166666666666664}},{"fenStr":"5k2/1R3n2/6pp/4p3/N3P3/1p3P2/1r4PK/8","stockfishScores":{"bn":0.4936904761904762}},{"fenStr":"5k2/1R3n2/6pp/4p3/N3P3/1p3P2/r5PK/8","stockfishScores":{"wn":0.4855357142857143}},{"fenStr":"5k2/1R3n2/6pp/4p3/4P3/1pN2P2/r5PK/8","stockfishScores":{"bn":0.49214285714285716}},{"fenStr":"5k2/1R3n2/6pp/4p3/4P3/rpN2P2/6PK/8","stockfishScores":{"wn":0.4914880952380952}},{"fenStr":"5k2/1R3n2/6pp/4p3/4P3/rp3P2/6PK/1N6","stockfishScores":{"bn":0.49154761904761907}},{"fenStr":"5k2/1R3n2/6pp/4p3/4P3/1p3P2/r5PK/1N6","stockfishScores":{"wn":0.4861309523809524}},{"fenStr":"5k2/5n2/6pp/4p3/4P3/1R3P2/r5PK/1N6","stockfishScores":{"bn":0.4974404761904762}},{"fenStr":"5k2/8/6pp/4p1n1/4P3/1R3P2/r5PK/1N6","stockfishScores":{"wn":0.49964285714285717}},{"fenStr":"5k2/8/6pp/4p1n1/4P3/1RN2P2/r5PK/8","stockfishScores":{"bn":0.5014880952380952}},{"fenStr":"5k2/8/6pp/4p1n1/4P3/1RN2P2/3r2PK/8","stockfishScores":{"wn":0.5006547619047619}},{"fenStr":"5k2/8/6pp/4p1n1/N3P3/1R3P2/3r2PK/8","stockfishScores":{"bn":0.4994642857142857}},{"fenStr":"5k2/8/6p1/4p1np/N3P3/1R3P2/3r2PK/8","stockfishScores":{"wn":0.5005952380952381}},{"fenStr":"5k2/8/6p1/4p1np/N3P3/1R3P2/3r2P1/6K1","stockfishScores":{"bn":0.4992261904761905}},{"fenStr":"5k2/8/6p1/4p1n1/N3P2p/1R3P2/3r2P1/6K1","stockfishScores":{"wn":0.49910714285714286}},{"fenStr":"1R3k2/8/6p1/4p1n1/N3P2p/5P2/3r2P1/6K1","stockfishScores":{"bn":0.4992857142857143}},{"fenStr":"1R6/6k1/6p1/4p1n1/N3P2p/5P2/3r2P1/6K1","stockfishScores":{"wn":0.49851190476190477}},{"fenStr":"8/1R4k1/6p1/4p1n1/N3P2p/5P2/3r2P1/6K1","stockfishScores":{"bn":0.4982738095238095}},{"fenStr":"8/1R6/6pk/4p1n1/N3P2p/5P2/3r2P1/6K1","stockfishScores":{"wn":0.49797619047619046}},{"fenStr":"8/8/6pk/4p1n1/N3P2p/1R3P2/3r2P1/6K1","stockfishScores":{"bn":0.4963690476190476}},{"fenStr":"8/8/6pk/4p1n1/N3P3/1R3P1p/3r2P1/6K1","stockfishScores":{"wn":0.4955952380952381}},{"fenStr":"8/8/6pk/4p1n1/N3P3/1R3P1P/3r4/6K1","stockfishScores":{"bn":0.49875}},{"fenStr":"8/8/6pk/4p3/N3P3/1R3P1n/3r4/6K1","stockfishScores":{"wn":0.49898809523809523}},{"fenStr":"8/8/6pk/4p3/N3P3/1R3P1n/3r4/5K2","stockfishScores":{"bn":0.49910714285714286}},{"fenStr":"8/8/6p1/4p1k1/N3P3/1R3P1n/3r4/5K2","stockfishScores":{"wn":0.49916666666666665}},{"fenStr":"8/8/6p1/4p1k1/N3P3/1R3P1n/3r4/4K3","stockfishScores":{"bn":0.4994642857142857}},{"fenStr":"8/8/6p1/4p1k1/N3P3/1R3P1n/r7/4K3","stockfishScores":{"wn":0.4973214285714286}},{"fenStr":"8/8/6p1/4p1k1/4P3/1RN2P1n/r7/4K3","stockfishScores":{"bn":0.5001190476190476}},{"fenStr":"8/8/6p1/4p1k1/4P3/1RN2P2/r7/4K1n1","stockfishScores":{"wn":0.5003571428571428}},{"fenStr":"8/8/6p1/3Np1k1/4P3/1R3P2/r7/4K1n1","stockfishScores":{"bn":0.4994047619047619}},{"fenStr":"8/8/6p1/3Np1k1/4P3/1R3P1n/r7/4K3","stockfishScores":{"wn":0.5005357142857143}},{"fenStr":"8/8/6p1/4p1k1/4P3/1R2NP1n/r7/4K3","stockfishScores":{"bn":0.4994047619047619}},{"fenStr":"8/8/6p1/4p1k1/4P3/1R2NP2/r7/4K1n1","stockfishScores":{"wn":0.4999404761904762}},{"fenStr":"8/8/6p1/3Np1k1/4P3/1R3P2/r7/4K1n1","stockfishScores":{"bn":0.4994047619047619}},{"fenStr":"8/8/6p1/3Np3/4P2k/1R3P2/r7/4K1n1","stockfishScores":{"wn":0.5007142857142857}},{"fenStr":"8/8/6p1/3Np3/4P2k/1R3P2/r7/5Kn1","stockfishScores":{"bn":0.5016666666666667}},{"fenStr":"8/8/6p1/3Np3/4P3/1R3Pk1/r7/5Kn1","stockfishScores":{"wn":0.5005952380952381}},{"fenStr":"8/8/6p1/3Np3/4PP2/1R4k1/r7/5Kn1","stockfishScores":{"bn":0.5022619047619048}},{"fenStr":"8/8/6p1/3Np3/4PP2/1R3nk1/r7/5K2","stockfishScores":{"wn":0.5023214285714286}},{"fenStr":"8/8/6p1/3NP3/4P3/1R3nk1/r7/5K2","stockfishScores":{"bn":0.508095238095238}},{"fenStr":"8/8/6p1/3NP3/4P3/1R3nk1/5r2/5K2","stockfishScores":{"wn":0.5088095238095238}}],"result":{"bw":true}}