{"fens":[{"fenStr":"rnbqkbnr/pppppppp/8/8/4P3/8/PPPP1PPP/RNBQKBNR","stockfishScores":{"bn":0.5049404761904762}},{"fenStr":"rnbqkbnr/pp1ppppp/8/2p5/4P3/8/PPPP1PPP/RNBQKBNR","stockfishScores":{"wn":0.5038095238095238}},{"fenStr":"rnbqkbnr/pp1ppppp/8/2p5/4P3/5N2/PPPP1PPP/RNBQKB1R","stockfishScores":{"bn":0.5058928571428571}},{"fenStr":"rnbqkbnr/pp2pppp/3p4/2p5/4P3/5N2/PPPP1PPP/RNBQKB1R","stockfishScores":{"wn":0.5020833333333333}},{"fenStr":"rnbqkbnr/pp2pppp/3p4/2p5/3PP3/5N2/PPP2PPP/RNBQKB1R","stockfishScores":{"bn":0.5076785714285714}},{"fenStr":"rnbqkbnr/pp2pppp/3p4/8/3pP3/5N2/PPP2PPP/RNBQKB1R","stockfishScores":{"wn":0.4976190476190476}},{"fenStr":"rnbqkbnr/pp2pppp/3p4/8/3NP3/8/PPP2PPP/RNBQKB1R","stockfishScores":{"bn":0.51}},{"fenStr":"rnbqkb1r/pp2pppp/3p1n2/8/3NP3/8/PPP2PPP/RNBQKB1R","stockfishScores":{"wn":0.5031547619047619}},{"fenStr":"rnbqkb1r/pp2pppp/3p1n2/8/3NP3/2N5/PPP2PPP/R1BQKB1R","stockfishScores":{"bn":0.5076190476190476}},{"fenStr":"r1bqkb1r/pp2pppp/2np1n2/8/3NP3/2N5/PPP2PPP/R1BQKB1R","stockfishScores":{"wn":0.5020238095238095}},{"fenStr":"r1bqkb1r/pp2pppp/2np1n2/6B1/3NP3/2N5/PPP2PPP/R2QKB1R","stockfishScores":{"bn":0.5025}},{"fenStr":"r1bqkb1r/pp3ppp/2nppn2/6B1/3NP3/2N5/PPP2PPP/R2QKB1R","stockfishScores":{"wn":0.5054166666666666}},{"fenStr":"r1bqkb1r/pp3ppp/2nppn2/6B1/3NP3/2N5/PPPQ1PPP/R3KB1R","stockfishScores":{"bn":0.5039285714285714}},{"fenStr":"r1bqk2r/pp2bppp/2nppn2/6B1/3NP3/2N5/PPPQ1PPP/R3KB1R","stockfishScores":{"wn":0.5025}},{"fenStr":"r1bqk2r/pp2bppp/2nppn2/6B1/3NP3/2N5/PPPQ1PPP/2KR1B1R","stockfishScores":{"bn":0.510297619047619}},{"fenStr":"r1bq1rk1/pp2bppp/2nppn2/6B1/3NP3/2N5/PPPQ1PPP/2KR1B1R","stockfishScores":{"wn":0.49970238095238095}},{"fenStr":"r1bq1rk1/pp2bppp/2nppn2/6B1/3NPP2/2N5/PPPQ2PP/2KR1B1R","stockfishScores":{"bn":0.5017261904761905}},{"fenStr":"r1bq1rk1/pp2bppp/2n1pn2/3p2B1/3NPP2/2N5/PPPQ2PP/2KR1B1R","stockfishScores":{"wn":0.5005952380952381}},{"fenStr":"r1bq1rk1/pp2bppp/2n1pn2/3pP1B1/3N1P2/2N5/PPPQ2PP/2KR1B1R","stockfishScores":{"bn":0.5042857142857143}},{"fenStr":"r1bq1rk1/pp1nbppp/2n1p3/3pP1B1/3N1P2/2N5/PPPQ2PP/2KR1B1R","stockfishScores":{"wn":0.5013095238095238}},{"fenStr":"r1bq1rk1/pp1nbppp/2n1p3/3pP1B1/3N1P1P/2N5/PPPQ2P1/2KR1B1R","stockfishScores":{"bn":0.500297619047619}},{"fenStr":"r1bq1rk1/1p1nbppp/p1n1p3/3pP1B1/3N1P1P/2N5/PPPQ2P1/2KR1B1R","stockfishScores":{"wn":0.49988095238095237}},{"fenStr":"r1bq1rk1/1p1nbppp/p1n1p3/3pP1B1/5P1P/2N2N2/PPPQ2P1/2KR1B1R","stockfishScores":{"bn":0.4975}},{"fenStr":"r1bq1rk1/1p1nb1pp/p1n1pp2/3pP1B1/5P1P/2N2N2/PPPQ2P1/2KR1B1R","stockfishScores":{"wn":0.49291666666666667}},{"fenStr":"r1bq1rk1/1p1nb1pp/p1n1pP2/3p2B1/5P1P/2N2N2/PPPQ2P1/2KR1B1R","stockfishScores":{"bn":0.518095238095238}},{"fenStr":"r1bq1rk1/1p2b1pp/p1n1pn2/3p2B1/5P1P/2N2N2/PPPQ2P1/2KR1B1R","stockfishScores":{"wn":0.4963690476190476}},{"fenStr":"r1bq1rk1/1p2b1pp/p1n1pn2/3p2B1/5P1P/2NB1N2/PPPQ2P1/2KR3R","stockfishScores":{"bn":0.4981547619047619}},{"fenStr":"r1bq1rk1/4b1pp/p1n1pn2/1p1p2B1/5P1P/2NB1N2/PPPQ2P1/2KR3R","stockfishScores":{"wn":0.4976190476190476}},{"fenStr":"r1bq1rk1/4b1pp/p1n1pn2/1p1p2B1/5P1P/2NB1N2/PPP3P1/2KRQ2R","stockfishScores":{"bn":0.49738095238095237}},{"fenStr":"r1b2rk1/2q1b1pp/p1n1pn2/1p1p2B1/5P1P/2NB1N2/PPP3P1/2KRQ2R","stockfishScores":{"wn":0.4976190476190476}},{"fenStr":"r1b2rk1/2q1b1pp/p1n1pn2/1p1p2BP/5P2/2NB1N2/PPP3P1/2KRQ2R","stockfishScores":{"bn":0.49964285714285717}},{"fenStr":"r1b2rk1/2q1b1pp/p3pn2/1p1p2BP/1n3P2/2NB1N2/PPP3P1/2KRQ2R","stockfishScores":{"wn":0.5008928571428571}},{"fenStr":"r1b2rk1/2q1b1pp/p3pn1P/1p1p2B1/1n3P2/2NB1N2/PPP3P1/2KRQ2R","stockfishScores":{"bn":0.5057738095238096}},{"fenStr":"r1b2rk1/2q1b1pp/p3pn1P/1p1p2B1/5P2/2Nn1N2/PPP3P1/2KRQ2R","stockfishScores":{"wn":0.47672619047619047}},{"fenStr":"r1b2rk1/2q1b1pp/p3pn1P/1p1p2B1/5P2/2NR1N2/PPP3P1/2K1Q2R","stockfishScores":{"bn":0.4999404761904762}},{"fenStr":"r1b2rk1/2q1b2p/p3pnpP/1p1p2B1/5P2/2NR1N2/PPP3P1/2K1Q2R","stockfishScores":{"wn":0.5042261904761904}},{"fenStr":"r1b2rk1/2q1b2p/p3pnpP/1p1p2B1/3N1P2/2NR4/PPP3P1/2K1Q2R","stockfishScores":{"bn":0.5058928571428571}},{"fenStr":"r1b2rk1/2q1b2p/p3pnpP/3p2B1/1p1N1P2/2NR4/PPP3P1/2K1Q2R","stockfishScores":{"wn":0.5022619047619048}},{"fenStr":"r1b2rk1/2q1b2p/p3NnpP/3p2B1/1p3P2/2NR4/PPP3P1/2K1Q2R","stockfishScores":{"bn":0.52125}},{"fenStr":"r1b2rk1/4b2p/p2qNnpP/3p2B1/1p3P2/2NR4/PPP3P1/2K1Q2R","stockfishScores":{"wn":0.5192261904761905}},{"fenStr":"r1b2Nk1/4b2p/p2q1npP/3p2B1/1p3P2/2NR4/PPP3P1/2K1Q2R","stockfishScores":{"bn":0.5420833333333334}},{"fenStr":"r1b2Nk1/4b2p/p2q1npP/3p2B1/5P2/2pR4/PPP3P1/2K1Q2R","stockfishScores":{"wn":0.5179166666666667}},{"fenStr":"r1b3k1/4b2p/p2q1nNP/3p2B1/5P2/2pR4/PPP3P1/2K1Q2R","stockfishScores":{"bn":0.5557142857142857}},{"fenStr":"r1b3k1/4b3/p2q1npP/3p2B1/5P2/2pR4/PPP3P1/2K1Q2R","stockfishScores":{"wn":0.5117857142857143}},{"fenStr":"r1b3k1/4b2P/p2q1np1/3p2B1/5P2/2pR4/PPP3P1/2K1Q2R","stockfishScores":{"bn":0.5168452380952381}},{"fenStr":"r1b4k/4b2P/p2q1np1/3p2B1/5P2/2pR4/PPP3P1/2K1Q2R","stockfishScores":{"wn":0.5032142857142857}},{"fenStr":"r1b4k/4b2P/p2q1np1/3p2B1/5P2/2QR4/PPP3P1/2K4R","stockfishScores":{"bn":0.5192261904761905}},{"fenStr":"r6k/1b2b2P/p2q1np1/3p2B1/5P2/2QR4/PPP3P1/2K4R","stockfishScores":{"wn":0.5149404761904762}},{"fenStr":"r6k/1b2b2P/p2q1np1/3pQ1B1/5P2/3R4/PPP3P1/2K4R","stockfishScores":{"bn":0.5194642857142857}},{"fenStr":"5r1k/1b2b2P/p2q1np1/3pQ1B1/5P2/3R4/PPP3P1/2K4R","stockfishScores":{"wn":0.5195833333333333}},{"fenStr":"5r1k/1b2b2P/p2q1np1/3pQ1B1/5P2/4R3/PPP3P1/2K4R","stockfishScores":{"bn":0.5210119047619047}},{"fenStr":"5r1k/1b2b2P/p4np1/3pq1B1/5P2/4R3/PPP3P1/2K4R","stockfishScores":{"wn":0.4251190476190476}},{"fenStr":"5r1k/1b2b2P/p4np1/3pP1B1/8/4R3/PPP3P1/2K4R","stockfishScores":{"bn":0.5155952380952381}},{"fenStr":"5r1k/1b5P/p4np1/2bpP1B1/8/4R3/PPP3P1/2K4R","stockfishScores":{"wn":0.513154761904762}},{"fenStr":"5r1k/1b5P/p4Pp1/2bp2B1/8/4R3/PPP3P1/2K4R","stockfishScores":{"bn":0.5374404761904762}},{"fenStr":"5r1k/1b5P/p4Pp1/3p2B1/8/4b3/PPP3P1/2K4R","stockfishScores":{"wn":0.4968452380952381}},{"fenStr":"5r1k/1b5P/p4Pp1/3p4/8/4B3/PPP3P1/2K4R","stockfishScores":{"bn":0.5240476190476191}},{"fenStr":"5r1k/1b5P/p4Pp1/8/3p4/4B3/PPP3P1/2K4R","stockfishScores":{"wn":0.523452380952381}},{"fenStr":"5r1k/1b5P/p4PpB/8/3p4/8/PPP3P1/2K4R","stockfishScores":{"bn":0.522797619047619}},{"fenStr":"5r1k/7P/p4PpB/8/3p4/8/PPP3b1/2K4R","stockfishScores":{"wn":0.5138095238095238}},{"fenStr":"5r1k/6BP/p4Pp1/8/3p4/8/PPP3b1/2K4R","stockfishScores":{"bn":0.5139285714285714}}],"result":{"ww":true}}