{"fens":[{"fenStr":"rnbqkbnr/pppppppp/8/8/3P4/8/PPP1PPPP/RNBQKBNR","stockfishScores":{"bn":0.5048809523809524}},{"fenStr":"rnbqkbnr/ppp1pppp/8/3p4/3P4/8/PPP1PPPP/RNBQKBNR","stockfishScores":{"wn":0.5005952380952381}},{"fenStr":"rnbqkbnr/ppp1pppp/8/3p4/3P4/4P3/PPP2PPP/RNBQKBNR","stockfishScores":{"bn":0.5031547619047619}},{"fenStr":"rnbqkb1r/ppp1pppp/5n2/3p4/3P4/4P3/PPP2PPP/RNBQKBNR","stockfishScores":{"wn":0.4982738095238095}},{"fenStr":"rnbqkb1r/ppp1pppp/5n2/3p4/2PP4/4P3/PP3PPP/RNBQKBNR","stockfishScores":{"bn":0.4995833333333333}},{"fenStr":"rnbqkb1r/pp2pppp/2p2n2/3p4/2PP4/4P3/PP3PPP/RNBQKBNR","stockfishScores":{"wn":0.498452380952381}},{"fenStr":"rnbqkb1r/pp2pppp/2p2n2/3p4/2PP4/2N1P3/PP3PPP/R1BQKBNR","stockfishScores":{"bn":0.5008928571428571}},{"fenStr":"rnbqkb1r/pp3ppp/2p1pn2/3p4/2PP4/2N1P3/PP3PPP/R1BQKBNR","stockfishScores":{"wn":0.50125}},{"fenStr":"rnbqkb1r/pp3ppp/2p1pn2/3p4/2PP4/2N1PN2/PP3PPP/R1BQKB1R","stockfishScores":{"bn":0.50375}},{"fenStr":"r1bqkb1r/pp1n1ppp/2p1pn2/3p4/2PP4/2N1PN2/PP3PPP/R1BQKB1R","stockfishScores":{"wn":0.5014285714285714}},{"fenStr":"r1bqkb1r/pp1n1ppp/2p1pn2/3p4/2PP4/2NBPN2/PP3PPP/R1BQK2R","stockfishScores":{"bn":0.5017261904761905}},{"fenStr":"r1bqkb1r/pp1n1ppp/2p1pn2/8/2pP4/2NBPN2/PP3PPP/R1BQK2R","stockfishScores":{"wn":0.4990476190476191}},{"fenStr":"r1bqkb1r/pp1n1ppp/2p1pn2/8/2BP4/2N1PN2/PP3PPP/R1BQK2R","stockfishScores":{"bn":0.5004166666666666}},{"fenStr":"r1bqkb1r/p2n1ppp/2p1pn2/1p6/2BP4/2N1PN2/PP3PPP/R1BQK2R","stockfishScores":{"wn":0.49488095238095237}},{"fenStr":"r1bqkb1r/p2n1ppp/2p1pn2/1p6/3P4/2NBPN2/PP3PPP/R1BQK2R","stockfishScores":{"bn":0.5008333333333334}},{"fenStr":"r2qkb1r/pb1n1ppp/2p1pn2/1p6/3P4/2NBPN2/PP3PPP/R1BQK2R","stockfishScores":{"wn":0.5014285714285714}},{"fenStr":"r2qkb1r/pb1n1ppp/2p1pn2/1p6/3P4/P1NBPN2/1P3PPP/R1BQK2R","stockfishScores":{"bn":0.5026785714285714}},{"fenStr":"r2qkb1r/pb1n1ppp/2p1pn2/8/1p1P4/P1NBPN2/1P3PPP/R1BQK2R","stockfishScores":{"wn":0.5010119047619047}},{"fenStr":"r2qkb1r/pb1n1ppp/2p1pn2/8/1P1P4/2NBPN2/1P3PPP/R1BQK2R","stockfishScores":{"bn":0.5094642857142857}},{"fenStr":"r2qk2r/pb1n1ppp/2p1pn2/8/1b1P4/2NBPN2/1P3PPP/R1BQK2R","stockfishScores":{"wn":0.5008928571428571}},{"fenStr":"r2qk2r/pb1n1ppp/2p1pn2/8/1b1P4/2NBPN2/1P3PPP/R1BQ1RK1","stockfishScores":{"bn":0.5144642857142857}},{"fenStr":"r2qk2r/pb1n1ppp/4pn2/2p5/1b1P4/2NBPN2/1P3PPP/R1BQ1RK1","stockfishScores":{"wn":0.5120238095238095}},{"fenStr":"r2qk2r/pb1n1ppp/4pn2/2P5/1b6/2NBPN2/1P3PPP/R1BQ1RK1","stockfishScores":{"bn":0.5140476190476191}},{"fenStr":"r2q1rk1/pb1n1ppp/4pn2/2P5/1b6/2NBPN2/1P3PPP/R1BQ1RK1","stockfishScores":{"wn":0.5039880952380953}},{"fenStr":"r2q1rk1/pb1n1ppp/2P1pn2/8/1b6/2NBPN2/1P3PPP/R1BQ1RK1","stockfishScores":{"bn":0.5104166666666666}},{"fenStr":"r2q1rk1/p2n1ppp/2b1pn2/8/1b6/2NBPN2/1P3PPP/R1BQ1RK1","stockfishScores":{"wn":0.4957142857142857}},{"fenStr":"r2q1rk1/p2n1ppp/2b1pn2/8/1b1N4/2NBP3/1P3PPP/R1BQ1RK1","stockfishScores":{"bn":0.5017857142857143}},{"fenStr":"r2q1rk1/pb1n1ppp/4pn2/8/1b1N4/2NBP3/1P3PPP/R1BQ1RK1","stockfishScores":{"wn":0.4986309523809524}},{"fenStr":"r2q1rk1/pb1n1ppp/4pn2/8/1b1N4/1QNBP3/1P3PPP/R1B2RK1","stockfishScores":{"bn":0.49702380952380953}},{"fenStr":"r2q1rk1/1b1n1ppp/4pn2/p7/1b1N4/1QNBP3/1P3PPP/R1B2RK1","stockfishScores":{"wn":0.49404761904761907}},{"fenStr":"r2q1rk1/1b1n1ppp/4pn2/p7/Nb1N4/1Q1BP3/1P3PPP/R1B2RK1","stockfishScores":{"bn":0.49255952380952384}},{"fenStr":"r2q1rk1/1b1n1ppp/4p3/p7/Nb1N2n1/1Q1BP3/1P3PPP/R1B2RK1","stockfishScores":{"wn":0.49083333333333334}},{"fenStr":"r2q1rk1/1b1n1ppp/4p3/p7/Nb1N2n1/1Q1BP2P/1P3PP1/R1B2RK1","stockfishScores":{"bn":0.49720238095238095}},{"fenStr":"r2q1rk1/1b1n1ppp/4p3/p3n3/Nb1N4/1Q1BP2P/1P3PP1/R1B2RK1","stockfishScores":{"wn":0.4919642857142857}},{"fenStr":"r2q1rk1/1b1n1ppp/4p3/p3n3/Nb1N4/1Q2P2P/1P2BPP1/R1B2RK1","stockfishScores":{"bn":0.4930952380952381}},{"fenStr":"r4rk1/1b1nqppp/4p3/p3n3/Nb1N4/1Q2P2P/1P2BPP1/R1B2RK1","stockfishScores":{"wn":0.49416666666666664}},{"fenStr":"r4rk1/1b1nqppp/4p3/p3n3/Nb1N1P2/1Q2P2P/1P2B1P1/R1B2RK1","stockfishScores":{"bn":0.4963095238095238}},{"fenStr":"r4rk1/1b1nqppp/2n1p3/p7/Nb1N1P2/1Q2P2P/1P2B1P1/R1B2RK1","stockfishScores":{"wn":0.49952380952380954}},{"fenStr":"r4rk1/1b1nqppp/2n1p3/p7/Nb3P2/1Q2PN1P/1P2B1P1/R1B2RK1","stockfishScores":{"bn":0.4969642857142857}},{"fenStr":"1r3rk1/1b1nqppp/2n1p3/p7/Nb3P2/1Q2PN1P/1P2B1P1/R1B2RK1","stockfishScores":{"wn":0.49773809523809526}},{"fenStr":"1r3rk1/1b1nqppp/2n1p3/p7/Nb3P2/1Q2PN1P/1P1BB1P1/R4RK1","stockfishScores":{"bn":0.5014285714285714}},{"fenStr":"1r3rk1/1b2qppp/2n1pn2/p7/Nb3P2/1Q2PN1P/1P1BB1P1/R4RK1","stockfishScores":{"wn":0.5023214285714286}},{"fenStr":"1r3rk1/1b2qppp/2n1pn2/p7/1b3P2/1QN1PN1P/1P1BB1P1/R4RK1","stockfishScores":{"bn":0.498452380952381}},{"fenStr":"1r1r2k1/1b2qppp/2n1pn2/p7/1b3P2/1QN1PN1P/1P1BB1P1/R4RK1","stockfishScores":{"wn":0.49541666666666667}},{"fenStr":"1r1r2k1/1b2qppp/2n1pn2/p7/1b3P2/1QN1PN1P/1P1BB1P1/R2R2K1","stockfishScores":{"bn":0.49726190476190474}},{"fenStr":"1r1r2k1/1b2qppp/2n1pn2/p1b5/5P2/1QN1PN1P/1P1BB1P1/R2R2K1","stockfishScores":{"wn":0.4967261904761905}},{"fenStr":"1r1r2k1/1b2qppp/2n1pn2/p1b5/5P2/2N1PN1P/1PQBB1P1/R2R2K1","stockfishScores":{"bn":0.4992857142857143}},{"fenStr":"1r1r2k1/1b2qppp/4pn2/p1b5/1n3P2/2N1PN1P/1PQBB1P1/R2R2K1","stockfishScores":{"wn":0.4926785714285714}},{"fenStr":"1r1r2k1/1b2qppp/4pn2/p1b5/1n3P2/2N1PN1P/1P1BB1P1/R1QR2K1","stockfishScores":{"bn":0.4938690476190476}},{"fenStr":"1r1r2k1/1b2qppp/1b2pn2/p7/1n3P2/2N1PN1P/1P1BB1P1/R1QR2K1","stockfishScores":{"wn":0.4930357142857143}},{"fenStr":"1r1r2k1/1b2qppp/1b2pn2/p7/Nn3P2/4PN1P/1P1BB1P1/R1QR2K1","stockfishScores":{"bn":0.4955357142857143}},{"fenStr":"2rr2k1/1b2qppp/1b2pn2/p7/Nn3P2/4PN1P/1P1BB1P1/R1QR2K1","stockfishScores":{"wn":0.48964285714285716}},{"fenStr":"2rr2k1/1b2qppp/1b2pn2/p7/Nn3P2/2B1PN1P/1P2B1P1/R1QR2K1","stockfishScores":{"bn":0.49702380952380953}},{"fenStr":"2r3k1/1b2qppp/1b2pn2/p7/Nn3P2/2B1PN1P/1P2B1P1/R1Qr2K1","stockfishScores":{"wn":0.4638095238095238}},{"fenStr":"2r3k1/1b2qppp/1b2pn2/p7/Nn3P2/2B1PN1P/1P4P1/R1QB2K1","stockfishScores":{"bn":0.49601190476190476}},{"fenStr":"2r3k1/bb2qppp/4pn2/p7/Nn3P2/2B1PN1P/1P4P1/R1QB2K1","stockfishScores":{"wn":0.495}},{"fenStr":"2r3k1/bb2qppp/4pn2/p7/Nn3P2/2B1PN1P/1P1Q2P1/R2B2K1","stockfishScores":{"bn":0.49529761904761904}},{"fenStr":"2r3k1/bb2qppp/4p3/p7/Nn2nP2/2B1PN1P/1P1Q2P1/R2B2K1","stockfishScores":{"wn":0.48839285714285713}},{"fenStr":"2r3k1/bb2qppp/4p3/p7/NB2nP2/4PN1P/1P1Q2P1/R2B2K1","stockfishScores":{"bn":0.5213095238095238}},{"fenStr":"2r3k1/bb3ppp/4p3/p7/Nq2nP2/4PN1P/1P1Q2P1/R2B2K1","stockfishScores":{"wn":0.4876785714285714}},{"fenStr":"2r3k1/bb3ppp/4p3/p7/Nq2nP2/4PN1P/1P2Q1P1/R2B2K1","stockfishScores":{"bn":0.4901190476190476}},{"fenStr":"2r3k1/bb3ppp/4p3/p7/Nq3P2/4PNnP/1P2Q1P1/R2B2K1","stockfishScores":{"wn":0.4851190476190476}},{"fenStr":"2r3k1/bb3ppp/4p3/p7/Nq3P2/4PNnP/1P3QP1/R2B2K1","stockfishScores":{"bn":0.48583333333333334}},{"fenStr":"2r3k1/bb3ppp/4p3/p4n2/Nq3P2/4PN1P/1P3QP1/R2B2K1","stockfishScores":{"wn":0.4861309523809524}},{"fenStr":"2r3k1/bb3ppp/4p3/p4n2/Nq3P2/4PN1P/1P3QPK/R2B4","stockfishScores":{"bn":0.4886904761904762}},{"fenStr":"2r3k1/1b3ppp/4p3/p4n2/Nq3P2/4bN1P/1P3QPK/R2B4","stockfishScores":{"wn":0.45148809523809524}},{"fenStr":"2r3k1/1b3ppp/4p3/p4n2/Nq3P2/4bN1P/1P2Q1PK/R2B4","stockfishScores":{"bn":0.44803571428571426}},{"fenStr":"2r3k1/1b3ppp/4p3/p4n2/N4q2/4bN1P/1P2Q1PK/R2B4","stockfishScores":{"wn":0.4419642857142857}},{"fenStr":"2r3k1/1b3ppp/4p3/p4n2/N4q2/4bN1P/1P2Q1P1/R2B3K","stockfishScores":{"bn":0.4448809523809524}},{"fenStr":"2r3k1/1b3ppp/4p3/p7/N4q2/4bNnP/1P2Q1P1/R2B3K","stockfishScores":{"wn":0.4556547619047619}},{"fenStr":"2r3k1/1b3ppp/4p3/p7/N4q2/4bNnP/1P2Q1PK/R2B4","stockfishScores":{"bn":0.441547619047619}},{"fenStr":"2r3k1/1b3ppp/4p3/p7/N4q2/4bN1P/1P2n1PK/R2B4","stockfishScores":{"wn":0.40363095238095237}},{"fenStr":"2r3k1/1b3ppp/4p3/p7/N4q2/4bN1P/1P2n1P1/R2B3K","stockfishScores":{"bn":0.40273809523809523}},{"fenStr":"2r3k1/1b3ppp/4p3/p7/N7/4bq1P/1P2n1P1/R2B3K","stockfishScores":{"wn":0.37797619047619047}},{"fenStr":"2r3k1/1b3ppp/4p3/p7/N7/4bP1P/1P2n3/R2B3K","stockfishScores":{"bn":0.4533333333333333}},{"fenStr":"2r3k1/5ppp/4p3/p7/N7/4bb1P/1P2n3/R2B3K","stockfishScores":{"wn":0.4476785714285714}},{"fenStr":"2r3k1/5ppp/4p3/p7/N7/4bb1P/1P2n2K/R2B4","stockfishScores":{"bn":0.44857142857142857}},{"fenStr":"2r3k1/5ppp/4p3/p7/N7/5b1P/1P2n2K/R2B2b1","stockfishScores":{"wn":0.4494047619047619}}],"result":{"bw":true}}