{"fens":[{"fenStr":"rnbqkbnr/pppppppp/8/8/3P4/8/PPP1PPPP/RNBQKBNR","stockfishScores":{"bn":0.5048809523809524}},{"fenStr":"rnbqkb1r/pppppppp/5n2/8/3P4/8/PPP1PPPP/RNBQKBNR","stockfishScores":{"wn":0.5016071428571428}},{"fenStr":"rnbqkb1r/pppppppp/5n2/8/2PP4/8/PP2PPPP/RNBQKBNR","stockfishScores":{"bn":0.5041071428571429}},{"fenStr":"rnbqkb1r/pp1ppppp/5n2/2p5/2PP4/8/PP2PPPP/RNBQKBNR","stockfishScores":{"wn":0.5042261904761904}},{"fenStr":"rnbqkb1r/pp1ppppp/5n2/2pP4/2P5/8/PP2PPPP/RNBQKBNR","stockfishScores":{"bn":0.5044047619047619}},{"fenStr":"rnbqkb1r/p2ppppp/5n2/1ppP4/2P5/8/PP2PPPP/RNBQKBNR","stockfishScores":{"wn":0.503095238095238}},{"fenStr":"rnbqkb1r/p2ppppp/5n2/1PpP4/8/8/PP2PPPP/RNBQKBNR","stockfishScores":{"bn":0.5075595238095238}},{"fenStr":"rnbqkb1r/3ppppp/p4n2/1PpP4/8/8/PP2PPPP/RNBQKBNR","stockfishScores":{"wn":0.5083333333333333}},{"fenStr":"rnbqkb1r/3ppppp/pP3n2/2pP4/8/8/PP2PPPP/RNBQKBNR","stockfishScores":{"bn":0.5120238095238095}},{"fenStr":"rnbqkb1r/4pppp/pP1p1n2/2pP4/8/8/PP2PPPP/RNBQKBNR","stockfishScores":{"wn":0.5116071428571428}},{"fenStr":"rnbqkb1r/4pppp/pP1p1n2/2pP4/8/2N5/PP2PPPP/R1BQKBNR","stockfishScores":{"bn":0.5146428571428572}},{"fenStr":"rnb1kb1r/4pppp/pq1p1n2/2pP4/8/2N5/PP2PPPP/R1BQKBNR","stockfishScores":{"wn":0.5035119047619048}},{"fenStr":"rnb1kb1r/4pppp/pq1p1n2/2pP4/8/2N2N2/PP2PPPP/R1BQKB1R","stockfishScores":{"bn":0.5069642857142858}},{"fenStr":"rnb1kb1r/4pp1p/pq1p1np1/2pP4/8/2N2N2/PP2PPPP/R1BQKB1R","stockfishScores":{"wn":0.5058928571428571}},{"fenStr":"rnb1kb1r/4pp1p/pq1p1np1/2pP4/P7/2N2N2/1P2PPPP/R1BQKB1R","stockfishScores":{"bn":0.5006547619047619}},{"fenStr":"rnb1kb1r/4pp1p/1q1p1np1/p1pP4/P7/2N2N2/1P2PPPP/R1BQKB1R","stockfishScores":{"wn":0.5004166666666666}},{"fenStr":"rnb1kb1r/4pp1p/1q1p1np1/p1pP4/P3P3/2N2N2/1P3PPP/R1BQKB1R","stockfishScores":{"bn":0.5080357142857143}},{"fenStr":"rnb1k2r/4ppbp/1q1p1np1/p1pP4/P3P3/2N2N2/1P3PPP/R1BQKB1R","stockfishScores":{"wn":0.5067261904761905}},{"fenStr":"rnb1k2r/4ppbp/1q1p1np1/pBpP4/P3P3/2N2N2/1P3PPP/R1BQK2R","stockfishScores":{"bn":0.5066666666666667}},{"fenStr":"rn2k2r/3bppbp/1q1p1np1/pBpP4/P3P3/2N2N2/1P3PPP/R1BQK2R","stockfishScores":{"wn":0.5074404761904762}},{"fenStr":"rn2k2r/3bppbp/1q1p1np1/pBpP4/P3P3/2N5/1P1N1PPP/R1BQK2R","stockfishScores":{"bn":0.5049404761904762}},{"fenStr":"r3k2r/3bppbp/nq1p1np1/pBpP4/P3P3/2N5/1P1N1PPP/R1BQK2R","stockfishScores":{"wn":0.505}},{"fenStr":"r3k2r/3bppbp/nq1p1np1/pBpP4/P1N1P3/2N5/1P3PPP/R1BQK2R","stockfishScores":{"bn":0.514702380952381}},{"fenStr":"r2qk2r/3bppbp/n2p1np1/pBpP4/P1N1P3/2N5/1P3PPP/R1BQK2R","stockfishScores":{"wn":0.5122619047619048}},{"fenStr":"r2qk2r/3bppbp/n2p1np1/pBpP4/P1N1P3/2N5/1P3PPP/R1BQ1RK1","stockfishScores":{"bn":0.5233928571428571}},{"fenStr":"r2qk2r/3bppbp/3p1np1/pBpP4/PnN1P3/2N5/1P3PPP/R1BQ1RK1","stockfishScores":{"wn":0.5189880952380952}},{"fenStr":"r2qk2r/3bppbp/3p1np1/pBpP2B1/PnN1P3/2N5/1P3PPP/R2Q1RK1","stockfishScores":{"bn":0.525952380952381}},{"fenStr":"r2qk2r/4ppbp/3p1np1/pbpP2B1/PnN1P3/2N5/1P3PPP/R2Q1RK1","stockfishScores":{"wn":0.49476190476190474}},{"fenStr":"r2qk2r/4ppbp/3p1np1/pPpP2B1/1nN1P3/2N5/1P3PPP/R2Q1RK1","stockfishScores":{"bn":0.52}},{"fenStr":"r2q1rk1/4ppbp/3p1np1/pPpP2B1/1nN1P3/2N5/1P3PPP/R2Q1RK1","stockfishScores":{"wn":0.5088690476190476}},{"fenStr":"r2q1rk1/4ppbp/3p1Bp1/pPpP4/1nN1P3/2N5/1P3PPP/R2Q1RK1","stockfishScores":{"bn":0.5298214285714286}},{"fenStr":"r2q1rk1/4pp1p/3p1bp1/pPpP4/1nN1P3/2N5/1P3PPP/R2Q1RK1","stockfishScores":{"wn":0.5051190476190476}},{"fenStr":"r2q1rk1/4pp1p/3p1bp1/pPpP4/1nN1P3/2N5/1P1Q1PPP/R4RK1","stockfishScores":{"bn":0.5045238095238095}},{"fenStr":"r2q1rk1/4pp1p/3p2p1/pPpP4/1nNbP3/2N5/1P1Q1PPP/R4RK1","stockfishScores":{"wn":0.5058333333333334}},{"fenStr":"r2q1rk1/4pp1p/1P1p2p1/p1pP4/1nNbP3/2N5/1P1Q1PPP/R4RK1","stockfishScores":{"bn":0.5122619047619048}},{"fenStr":"r2q1rk1/4p2p/1P1p2p1/p1pP1p2/1nNbP3/2N5/1P1Q1PPP/R4RK1","stockfishScores":{"wn":0.513154761904762}},{"fenStr":"r2q1rk1/1P2p2p/3p2p1/p1pP1p2/1nNbP3/2N5/1P1Q1PPP/R4RK1","stockfishScores":{"bn":0.51625}},{"fenStr":"3q1rk1/rP2p2p/3p2p1/p1pP1p2/1nNbP3/2N5/1P1Q1PPP/R4RK1","stockfishScores":{"wn":0.5118452380952381}},{"fenStr":"3q1rk1/rP2p2p/3p2p1/p1pP1P2/1nNb4/2N5/1P1Q1PPP/R4RK1","stockfishScores":{"bn":0.5151785714285714}},{"fenStr":"3q1rk1/1r2p2p/3p2p1/p1pP1P2/1nNb4/2N5/1P1Q1PPP/R4RK1","stockfishScores":{"wn":0.5003571428571428}},{"fenStr":"3q1rk1/1r2p2p/3p2P1/p1pP4/1nNb4/2N5/1P1Q1PPP/R4RK1","stockfishScores":{"bn":0.51}},{"fenStr":"3q1rk1/1r2p3/3p2p1/p1pP4/1nNb4/2N5/1P1Q1PPP/R4RK1","stockfishScores":{"wn":0.4990476190476191}},{"fenStr":"3q1rk1/1r2p3/3p2p1/p1pP4/1nNb4/8/1P1QNPPP/R4RK1","stockfishScores":{"bn":0.5007142857142857}},{"fenStr":"3q1rk1/1r2p1b1/3p2p1/p1pP4/1nN5/8/1P1QNPPP/R4RK1","stockfishScores":{"wn":0.5011309523809524}},{"fenStr":"3q1rk1/1r2p1b1/3p2p1/N1pP4/1n6/8/1P1QNPPP/R4RK1","stockfishScores":{"bn":0.5067261904761905}},{"fenStr":"3q1rk1/4p1b1/3p2p1/NrpP4/1n6/8/1P1QNPPP/R4RK1","stockfishScores":{"wn":0.4994642857142857}},{"fenStr":"3q1rk1/4p1b1/3p2p1/1rpP4/1nN5/8/1P1QNPPP/R4RK1","stockfishScores":{"bn":0.5048214285714285}},{"fenStr":"3q2k1/4p1b1/3p2p1/1rpP1r2/1nN5/8/1P1QNPPP/R4RK1","stockfishScores":{"wn":0.5058333333333334}},{"fenStr":"3q2k1/4p1b1/3p2p1/1rpP1r2/1nN5/4Q3/1P2NPPP/R4RK1","stockfishScores":{"bn":0.5070238095238095}},{"fenStr":"3q2k1/4p1b1/3p2p1/1rpn1r2/2N5/4Q3/1P2NPPP/R4RK1","stockfishScores":{"wn":0.4990476190476191}},{"fenStr":"3q2k1/4p1b1/3pQ1p1/1rpn1r2/2N5/8/1P2NPPP/R4RK1","stockfishScores":{"bn":0.4967261904761905}},{"fenStr":"3q4/4p1bk/3pQ1p1/1rpn1r2/2N5/8/1P2NPPP/R4RK1","stockfishScores":{"wn":0.4957738095238095}},{"fenStr":"3q4/4p1bk/3pQ1p1/1rpn1r2/2N5/R7/1P2NPPP/5RK1","stockfishScores":{"bn":0.5029166666666667}},{"fenStr":"3q4/4p1bk/3pQnp1/1rp2r2/2N5/R7/1P2NPPP/5RK1","stockfishScores":{"wn":0.5039880952380953}},{"fenStr":"3q4/R3p1bk/3pQnp1/1rp2r2/2N5/8/1P2NPPP/5RK1","stockfishScores":{"bn":0.4973214285714286}},{"fenStr":"3q4/R3p1bk/3pQnp1/2p2r2/1rN5/8/1P2NPPP/5RK1","stockfishScores":{"wn":0.49565476190476193}},{"fenStr":"3q4/4R1bk/3pQnp1/2p2r2/1rN5/8/1P2NPPP/5RK1","stockfishScores":{"bn":0.51}},{"fenStr":"3q4/4R1bk/3pQnp1/2p2r2/2r5/8/1P2NPPP/5RK1","stockfishScores":{"wn":0.4895238095238095}},{"fenStr":"3q4/6Rk/3pQnp1/2p2r2/2r5/8/1P2NPPP/5RK1","stockfishScores":{"bn":0.5070833333333333}},{"fenStr":"3q4/6k1/3pQnp1/2p2r2/2r5/8/1P2NPPP/5RK1","stockfishScores":{"wn":0.46660714285714283}},{"fenStr":"3q4/6k1/3p1np1/2p2r2/2Q5/8/1P2NPPP/5RK1","stockfishScores":{"bn":0.5041666666666667}},{"fenStr":"8/4q1k1/3p1np1/2p2r2/2Q5/8/1P2NPPP/5RK1","stockfishScores":{"wn":0.5038690476190476}},{"fenStr":"8/4q1k1/3p1np1/2p2r2/2Q5/8/1P3PPP/2N2RK1","stockfishScores":{"bn":0.5005952380952381}},{"fenStr":"8/4q1k1/5np1/2pp1r2/2Q5/8/1P3PPP/2N2RK1","stockfishScores":{"wn":0.49702380952380953}},{"fenStr":"8/4q1k1/5np1/2pp1r2/8/2Q5/1P3PPP/2N2RK1","stockfishScores":{"bn":0.5020833333333333}},{"fenStr":"8/4q1k1/5np1/2p2r2/3p4/2Q5/1P3PPP/2N2RK1","stockfishScores":{"wn":0.49357142857142855}},{"fenStr":"8/4q1k1/5np1/2p2r2/3p4/Q7/1P3PPP/2N2RK1","stockfishScores":{"bn":0.4963690476190476}},{"fenStr":"8/6k1/3q1np1/2p2r2/3p4/Q7/1P3PPP/2N2RK1","stockfishScores":{"wn":0.49583333333333335}},{"fenStr":"8/6k1/3q1np1/2p2r2/3p4/Q2N4/1P3PPP/5RK1","stockfishScores":{"bn":0.49857142857142855}},{"fenStr":"8/6k1/3q2p1/2p2r2/3p2n1/Q2N4/1P3PPP/5RK1","stockfishScores":{"wn":0.4913095238095238}},{"fenStr":"8/6k1/3q2p1/2p2r2/3p2n1/Q2N2P1/1P3P1P/5RK1","stockfishScores":{"bn":0.49702380952380953}},{"fenStr":"8/6k1/3q2p1/2p1nr2/3p4/Q2N2P1/1P3P1P/5RK1","stockfishScores":{"wn":0.49476190476190474}},{"fenStr":"8/6k1/3q2p1/2p1nr2/3p1P2/Q2N2P1/1P5P/5RK1","stockfishScores":{"bn":0.5046428571428572}},{"fenStr":"8/6k1/3q2p1/2p2r2/2np1P2/Q2N2P1/1P5P/5RK1","stockfishScores":{"wn":0.5028571428571429}},{"fenStr":"8/Q5k1/3q2p1/2p2r2/2np1P2/3N2P1/1P5P/5RK1","stockfishScores":{"bn":0.5083333333333333}},{"fenStr":"8/Q7/3q2pk/2p2r2/2np1P2/3N2P1/1P5P/5RK1","stockfishScores":{"wn":0.5090476190476191}},{"fenStr":"8/Q7/3q2pk/2p2r2/2np1PP1/3N4/1P5P/5RK1","stockfishScores":{"bn":0.5110119047619047}},{"fenStr":"5r2/Q7/3q2pk/2p5/2np1PP1/3N4/1P5P/5RK1","stockfishScores":{"wn":0.5088690476190476}},{"fenStr":"5r2/Q7/3q2pk/2p3P1/2np1P2/3N4/1P5P/5RK1","stockfishScores":{"bn":0.5107142857142857}},{"fenStr":"5r2/Q7/3q2p1/2p3Pk/2np1P2/3N4/1P5P/5RK1","stockfishScores":{"wn":0.5214880952380953}},{"fenStr":"5r2/7Q/3q2p1/2p3Pk/2np1P2/3N4/1P5P/5RK1","stockfishScores":{"bn":0.5247619047619048}},{"fenStr":"5r2/7Q/3q2p1/2p3P1/2np1Pk1/3N4/1P5P/5RK1","stockfishScores":{"wn":0.5389285714285714}},{"fenStr":"5r2/7Q/3q2p1/2p3P1/2np1Pk1/8/1P3N1P/5RK1","stockfishScores":{"bn":0.5193452380952381}},{"fenStr":"5r2/7Q/3q2p1/2p3P1/2np1k2/8/1P3N1P/5RK1","stockfishScores":{"wn":0.5169047619047619}},{"fenStr":"5r2/8/3q2p1/2p3P1/2np1k1Q/8/1P3N1P/5RK1","stockfishScores":{"bn":0.5255357142857143}},{"fenStr":"5r2/8/3q2p1/2p3P1/2np3Q/5k2/1P3N1P/5RK1","stockfishScores":{"wn":0.5191666666666667}},{"fenStr":"5r2/8/3q2p1/2p3P1/2npQ3/5k2/1P3N1P/5RK1","stockfishScores":{"bn":0.5185119047619048}}],"result":{"ww":true}}