{"fens":[{"fenStr":"rnbqkbnr/pppppppp/8/8/4P3/8/PPPP1PPP/RNBQKBNR","stockfishScores":{"bn":0.5049404761904762}},{"fenStr":"rnbqkbnr/pppp1ppp/4p3/8/4P3/8/PPPP1PPP/RNBQKBNR","stockfishScores":{"wn":0.5002380952380953}},{"fenStr":"rnbqkbnr/pppp1ppp/4p3/8/3PP3/8/PPP2PPP/RNBQKBNR","stockfishScores":{"bn":0.5058928571428571}},{"fenStr":"rnbqkbnr/1ppp1ppp/p3p3/8/3PP3/8/PPP2PPP/RNBQKBNR","stockfishScores":{"wn":0.5068452380952381}},{"fenStr":"rnbqkbnr/1ppp1ppp/p3p3/8/3PP3/3B4/PPP2PPP/RNBQK1NR","stockfishScores":{"bn":0.5064880952380952}},{"fenStr":"rnbqkbnr/2pp1ppp/p3p3/1p6/3PP3/3B4/PPP2PPP/RNBQK1NR","stockfishScores":{"wn":0.5070238095238095}},{"fenStr":"rnbqkbnr/2pp1ppp/p3p3/1p6/3PP3/3B1N2/PPP2PPP/RNBQK2R","stockfishScores":{"bn":0.5113690476190477}},{"fenStr":"rn1qkbnr/1bpp1ppp/p3p3/1p6/3PP3/3B1N2/PPP2PPP/RNBQK2R","stockfishScores":{"wn":0.5091071428571429}},{"fenStr":"rn1qkbnr/1bpp1ppp/p3p3/1p6/3PP3/3B1N2/PPPN1PPP/R1BQK2R","stockfishScores":{"bn":0.5085119047619048}},{"fenStr":"rn1qkbnr/1b1p1ppp/p3p3/1pp5/3PP3/3B1N2/PPPN1PPP/R1BQK2R","stockfishScores":{"wn":0.505}},{"fenStr":"rn1qkbnr/1b1p1ppp/p3p3/1pP5/4P3/3B1N2/PPPN1PPP/R1BQK2R","stockfishScores":{"bn":0.5107142857142857}},{"fenStr":"rn1qk1nr/1b1p1ppp/p3p3/1pb5/4P3/3B1N2/PPPN1PPP/R1BQK2R","stockfishScores":{"wn":0.5026190476190476}},{"fenStr":"rn1qk1nr/1b1p1ppp/p3p3/1pb5/4P3/1N1B1N2/PPP2PPP/R1BQK2R","stockfishScores":{"bn":0.5079166666666667}},{"fenStr":"rn1qk1nr/1b1pbppp/p3p3/1p6/4P3/1N1B1N2/PPP2PPP/R1BQK2R","stockfishScores":{"wn":0.5064285714285715}},{"fenStr":"rn1qk1nr/1b1pbppp/p3p3/1p6/4P3/1N1B1N2/PPP2PPP/R1BQ1RK1","stockfishScores":{"bn":0.5166666666666667}},{"fenStr":"r2qk1nr/1b1pbppp/p1n1p3/1p6/4P3/1N1B1N2/PPP2PPP/R1BQ1RK1","stockfishScores":{"wn":0.5123214285714286}},{"fenStr":"r2qk1nr/1b1pbppp/p1n1p3/1p6/P3P3/1N1B1N2/1PP2PPP/R1BQ1RK1","stockfishScores":{"bn":0.5111309523809524}},{"fenStr":"r2qk1nr/1b1pbppp/p1n1p3/8/Pp2P3/1N1B1N2/1PP2PPP/R1BQ1RK1","stockfishScores":{"wn":0.514702380952381}},{"fenStr":"r2qk1nr/1b1pbppp/p1n1p3/P7/1p2P3/1N1B1N2/1PP2PPP/R1BQ1RK1","stockfishScores":{"bn":0.51375}},{"fenStr":"r2qk1nr/1b1pbpp1/p1n1p3/P6p/1p2P3/1N1B1N2/1PP2PPP/R1BQ1RK1","stockfishScores":{"wn":0.5096428571428572}},{"fenStr":"r2qk1nr/1b1pbpp1/p1n1p3/P6p/1p2P3/1N1BBN2/1PP2PPP/R2Q1RK1","stockfishScores":{"bn":0.513154761904762}},{"fenStr":"r2qk1nr/1b1pbpp1/p1n1p3/P7/1p2P2p/1N1BBN2/1PP2PPP/R2Q1RK1","stockfishScores":{"wn":0.5125}},{"fenStr":"r2qk1nr/1b1pbpp1/p1n1p3/P1N5/1p2P2p/3BBN2/1PP2PPP/R2Q1RK1","stockfishScores":{"bn":0.5122619047619048}},{"fenStr":"r2qk1nr/1b1p1pp1/p1n1p3/P1b5/1p2P2p/3BBN2/1PP2PPP/R2Q1RK1","stockfishScores":{"wn":0.48654761904761906}},{"fenStr":"r2qk1nr/1b1p1pp1/p1n1p3/P1B5/1p2P2p/3B1N2/1PP2PPP/R2Q1RK1","stockfishScores":{"bn":0.5157738095238096}},{"fenStr":"r2qk1n1/1b1p1pp1/p1n1p3/P1B4r/1p2P2p/3B1N2/1PP2PPP/R2Q1RK1","stockfishScores":{"wn":0.5122619047619048}},{"fenStr":"r2qk1n1/1b1p1pp1/pBn1p3/P6r/1p2P2p/3B1N2/1PP2PPP/R2Q1RK1","stockfishScores":{"bn":0.5135714285714286}},{"fenStr":"r3k1n1/1b1pqpp1/pBn1p3/P6r/1p2P2p/3B1N2/1PP2PPP/R2Q1RK1","stockfishScores":{"wn":0.5123809523809524}},{"fenStr":"r3k1n1/1b1pqpp1/pBn1p3/P6r/1p2P2p/3B4/1PPN1PPP/R2Q1RK1","stockfishScores":{"bn":0.51375}},{"fenStr":"r3k1n1/1b1pqpp1/pBn1p2r/P7/1p2P2p/3B4/1PPN1PPP/R2Q1RK1","stockfishScores":{"wn":0.513154761904762}},{"fenStr":"r3k1n1/1b1pqpp1/pBn1p2r/P7/1pN1P2p/3B4/1PP2PPP/R2Q1RK1","stockfishScores":{"bn":0.5167261904761905}},{"fenStr":"r3k1n1/1b1pqpp1/pBn4r/P3p3/1pN1P2p/3B4/1PP2PPP/R2Q1RK1","stockfishScores":{"wn":0.5147619047619048}},{"fenStr":"r3k1n1/1b1pqpp1/pBn4r/P3p3/1p2P2p/3BN3/1PP2PPP/R2Q1RK1","stockfishScores":{"bn":0.5145238095238095}},{"fenStr":"r3k1n1/1b1pqpp1/pBn3r1/P3p3/1p2P2p/3BN3/1PP2PPP/R2Q1RK1","stockfishScores":{"wn":0.5152380952380953}},{"fenStr":"r3k1n1/1b1pqpp1/pBn3r1/P3p3/1p2PP1p/3BN3/1PP3PP/R2Q1RK1","stockfishScores":{"bn":0.5170833333333333}},{"fenStr":"r3k1n1/1b1pqpp1/pBn3r1/P7/1p2Pp1p/3BN3/1PP3PP/R2Q1RK1","stockfishScores":{"wn":0.5088690476190476}},{"fenStr":"r3k1n1/1b1pqpp1/pBn3r1/P2N4/1p2Pp1p/3B4/1PP3PP/R2Q1RK1","stockfishScores":{"bn":0.5192261904761905}},{"fenStr":"r3k1n1/1b1p1pp1/pBn3r1/P2N2q1/1p2Pp1p/3B4/1PP3PP/R2Q1RK1","stockfishScores":{"wn":0.4831547619047619}},{"fenStr":"r3k1n1/1b1p1pp1/pBn3r1/P5q1/1p2PN1p/3B4/1PP3PP/R2Q1RK1","stockfishScores":{"bn":0.5146428571428572}},{"fenStr":"r3k1n1/1b1p1pp1/pBn2r2/P5q1/1p2PN1p/3B4/1PP3PP/R2Q1RK1","stockfishScores":{"wn":0.5104166666666666}},{"fenStr":"r3k1n1/1b1p1pp1/pBn2r2/P5q1/1p2P2p/3B3N/1PP3PP/R2Q1RK1","stockfishScores":{"bn":0.5108928571428571}},{"fenStr":"r3k1n1/1b1p1pp1/pBn2r2/P3q3/1p2P2p/3B3N/1PP3PP/R2Q1RK1","stockfishScores":{"wn":0.5066071428571428}},{"fenStr":"r3k1n1/1b1p1pp1/pBn2r2/P3q3/1p2P1Qp/3B3N/1PP3PP/R4RK1","stockfishScores":{"bn":0.50875}},{"fenStr":"r3k1n1/1b1p1pp1/pBn3r1/P3q3/1p2P1Qp/3B3N/1PP3PP/R4RK1","stockfishScores":{"wn":0.5092261904761904}},{"fenStr":"r3k1n1/1b1p1pp1/pBn3r1/P3q3/1p2P2Q/3B3N/1PP3PP/R4RK1","stockfishScores":{"bn":0.5152976190476191}},{"fenStr":"r3k3/1b1p1pp1/pBn2nr1/P3q3/1p2P2Q/3B3N/1PP3PP/R4RK1","stockfishScores":{"wn":0.5157738095238096}},{"fenStr":"r3k3/1b1p1pp1/pBn2nr1/P3q3/1p2PQ2/3B3N/1PP3PP/R4RK1","stockfishScores":{"bn":0.5085714285714286}},{"fenStr":"r3k3/1b1p1pp1/pBn2nr1/P6q/1p2PQ2/3B3N/1PP3PP/R4RK1","stockfishScores":{"wn":0.517797619047619}},{"fenStr":"r3k3/1b1p1pp1/pBn2nr1/P4Q1q/1p2P3/3B3N/1PP3PP/R4RK1","stockfishScores":{"bn":0.5160714285714286}},{"fenStr":"r3k3/1b1pnpp1/pB3nr1/P4Q1q/1p2P3/3B3N/1PP3PP/R4RK1","stockfishScores":{"wn":0.5140476190476191}},{"fenStr":"r3k3/1b1pnpp1/pB3nr1/P6Q/1p2P3/3B3N/1PP3PP/R4RK1","stockfishScores":{"bn":0.5871428571428572}},{"fenStr":"r3k3/1b1pnpp1/pB4r1/P6n/1p2P3/3B3N/1PP3PP/R4RK1","stockfishScores":{"wn":0.5154166666666666}},{"fenStr":"r3k3/1b1pnpp1/pB4r1/P6n/1p2P3/3B3N/1PP2RPP/R5K1","stockfishScores":{"bn":0.5140476190476191}},{"fenStr":"r3k3/1b1pnpp1/pB6/P6n/1p2P1r1/3B3N/1PP2RPP/R5K1","stockfishScores":{"wn":0.5135119047619048}},{"fenStr":"r3k3/1b1pnpp1/pB6/P6n/1p2P1r1/3B3N/1PP2RPP/5RK1","stockfishScores":{"bn":0.5143452380952381}},{"fenStr":"r3k3/1b1pnpp1/pB3n2/P7/1p2P1r1/3B3N/1PP2RPP/5RK1","stockfishScores":{"wn":0.5139285714285714}},{"fenStr":"r3k3/1b1pnpp1/pB3n2/P7/1p2PRr1/3B3N/1PP3PP/5RK1","stockfishScores":{"bn":0.5136904761904761}},{"fenStr":"r3k3/1b1pnpp1/pB3nr1/P7/1p2PR2/3B3N/1PP3PP/5RK1","stockfishScores":{"wn":0.5157142857142857}},{"fenStr":"r3k3/1b1pnpp1/pB3nr1/P7/1p2PR2/3B2PN/1PP4P/5RK1","stockfishScores":{"bn":0.5148214285714285}},{"fenStr":"r3k3/1b2npp1/pB1p1nr1/P7/1p2PR2/3B2PN/1PP4P/5RK1","stockfishScores":{"wn":0.5138690476190476}},{"fenStr":"r3k3/1b2npp1/pB1p1nr1/P7/1p2P2R/3B2PN/1PP4P/5RK1","stockfishScores":{"bn":0.5124404761904762}},{"fenStr":"r3k3/1b2npp1/pB1p1n2/P7/1p2P1rR/3B2PN/1PP4P/5RK1","stockfishScores":{"wn":0.5130357142857143}},{"fenStr":"r3k2R/1b2npp1/pB1p1n2/P7/1p2P1r1/3B2PN/1PP4P/5RK1","stockfishScores":{"bn":0.5120238095238095}},{"fenStr":"r6R/1b1knpp1/pB1p1n2/P7/1p2P1r1/3B2PN/1PP4P/5RK1","stockfishScores":{"wn":0.5094047619047619}},{"fenStr":"R7/1b1knpp1/pB1p1n2/P7/1p2P1r1/3B2PN/1PP4P/5RK1","stockfishScores":{"bn":0.547797619047619}},{"fenStr":"b7/3knpp1/pB1p1n2/P7/1p2P1r1/3B2PN/1PP4P/5RK1","stockfishScores":{"wn":0.5145238095238095}},{"fenStr":"b7/3knpp1/BB1p1n2/P7/1p2P1r1/6PN/1PP4P/5RK1","stockfishScores":{"bn":0.518452380952381}},{"fenStr":"b7/3knpp1/BB1p1n2/P7/1p2r3/6PN/1PP4P/5RK1","stockfishScores":{"wn":0.5123809523809524}},{"fenStr":"b7/3knpp1/BB1p1n2/P5N1/1p2r3/6P1/1PP4P/5RK1","stockfishScores":{"bn":0.5195833333333333}},{"fenStr":"b7/3knpp1/BB1p1n2/P5N1/1p4r1/6P1/1PP4P/5RK1","stockfishScores":{"wn":0.5156547619047619}},{"fenStr":"b7/3knNp1/BB1p1n2/P7/1p4r1/6P1/1PP4P/5RK1","stockfishScores":{"bn":0.52375}},{"fenStr":"b7/3k1Np1/BB1p1n2/P2n4/1p4r1/6P1/1PP4P/5RK1","stockfishScores":{"wn":0.5246428571428572}},{"fenStr":"b7/3k1Np1/1B1p1n2/P2n4/1p4r1/6P1/1PP1B2P/5RK1","stockfishScores":{"bn":0.528154761904762}},{"fenStr":"b7/3k1Np1/1B1p1nr1/P2n4/1p6/6P1/1PP1B2P/5RK1","stockfishScores":{"wn":0.526547619047619}},{"fenStr":"b7/3k1Np1/1B1p1nr1/P2n4/1p6/3B2P1/1PP4P/5RK1","stockfishScores":{"bn":0.5300595238095238}},{"fenStr":"b7/3k1Np1/1n1p1nr1/P7/1p6/3B2P1/1PP4P/5RK1","stockfishScores":{"wn":0.5048809523809524}},{"fenStr":"b7/3k1Np1/1n1p1nB1/P7/1p6/6P1/1PP4P/5RK1","stockfishScores":{"bn":0.5379166666666667}},{"fenStr":"b7/3k1Np1/3p1nB1/P7/1pn5/6P1/1PP4P/5RK1","stockfishScores":{"wn":0.5302380952380953}},{"fenStr":"b7/3k1Np1/P2p1nB1/8/1pn5/6P1/1PP4P/5RK1","stockfishScores":{"bn":0.535}},{"fenStr":"b7/3k1Np1/P2p1nB1/8/1p6/6P1/1PPn3P/5RK1","stockfishScores":{"wn":0.5345833333333333}},{"fenStr":"b7/3k1Np1/P2p1nB1/8/1p3R2/6P1/1PPn3P/6K1","stockfishScores":{"bn":0.5392857142857143}},{"fenStr":"b7/3k1Np1/P2p2B1/3n4/1p3R2/6P1/1PPn3P/6K1","stockfishScores":{"wn":0.5388690476190476}},{"fenStr":"b7/3k1Np1/P2p2B1/3n4/1p6/6P1/1PPn1R1P/6K1","stockfishScores":{"bn":0.5419047619047619}},{"fenStr":"b7/3k1Np1/P2p2B1/3n4/1pn5/6P1/1PP2R1P/6K1","stockfishScores":{"wn":0.5369047619047619}},{"fenStr":"b7/3k2p1/P2p2B1/3n2N1/1pn5/6P1/1PP2R1P/6K1","stockfishScores":{"bn":0.5416666666666666}},{"fenStr":"b7/3k2p1/P2p1nB1/6N1/1pn5/6P1/1PP2R1P/6K1","stockfishScores":{"wn":0.5383333333333333}},{"fenStr":"b7/3k2p1/P2p1nB1/6N1/1pn2R2/6P1/1PP4P/6K1","stockfishScores":{"bn":0.54125}},{"fenStr":"b7/3k2p1/P4nB1/3p2N1/1pn2R2/6P1/1PP4P/6K1","stockfishScores":{"wn":0.5400595238095238}},{"fenStr":"b7/3k2p1/P4nB1/3p2N1/1pn2R2/1P4P1/2P4P/6K1","stockfishScores":{"bn":0.5417261904761905}},{"fenStr":"b7/3k2p1/P4nB1/3pn1N1/1p3R2/1P4P1/2P4P/6K1","stockfishScores":{"wn":0.5388690476190476}},{"fenStr":"b7/3k2p1/P4n2/3pnBN1/1p3R2/1P4P1/2P4P/6K1","stockfishScores":{"bn":0.5399404761904762}},{"fenStr":"b7/6p1/P2k1n2/3pnBN1/1p3R2/1P4P1/2P4P/6K1","stockfishScores":{"wn":0.5392261904761905}},{"fenStr":"b7/6p1/P2k1n2/3pnBN1/1R6/1P4P1/2P4P/6K1","stockfishScores":{"bn":0.5463095238095238}},{"fenStr":"b7/6p1/P1nk1n2/3p1BN1/1R6/1P4P1/2P4P/6K1","stockfishScores":{"wn":0.5424404761904762}},{"fenStr":"b7/6p1/P1nk1n2/3p1BN1/7R/1P4P1/2P4P/6K1","stockfishScores":{"bn":0.5454761904761904}},{"fenStr":"b7/6p1/P1n2n2/3pkBN1/7R/1P4P1/2P4P/6K1","stockfishScores":{"wn":0.5488095238095239}},{"fenStr":"b1B5/6p1/P1n2n2/3pk1N1/7R/1P4P1/2P4P/6K1","stockfishScores":{"bn":0.5501190476190476}},{"fenStr":"b1B5/6p1/P4n2/3pk1N1/3n3R/1P4P1/2P4P/6K1","stockfishScores":{"wn":0.5530952380952381}},{"fenStr":"b1B5/5Np1/P4n2/3pk3/3n3R/1P4P1/2P4P/6K1","stockfishScores":{"bn":0.5499404761904761}}],"result":{"ww":true}}