{"fens":[{"fenStr":"rnbqkbnr/pppppppp/8/8/4P3/8/PPPP1PPP/RNBQKBNR","stockfishScores":{"bn":0.5049404761904762}},{"fenStr":"rnbqkbnr/pppp1ppp/4p3/8/4P3/8/PPPP1PPP/RNBQKBNR","stockfishScores":{"wn":0.5002380952380953}},{"fenStr":"rnbqkbnr/pppp1ppp/4p3/8/3PP3/8/PPP2PPP/RNBQKBNR","stockfishScores":{"bn":0.5058928571428571}},{"fenStr":"rnbqkbnr/ppp2ppp/4p3/3p4/3PP3/8/PPP2PPP/RNBQKBNR","stockfishScores":{"wn":0.5010119047619047}},{"fenStr":"rnbqkbnr/ppp2ppp/4p3/3P4/3P4/8/PPP2PPP/RNBQKBNR","stockfishScores":{"bn":0.5079761904761905}},{"fenStr":"rnbqkbnr/ppp2ppp/8/3p4/3P4/8/PPP2PPP/RNBQKBNR","stockfishScores":{"wn":0.5005952380952381}},{"fenStr":"rnbqkbnr/ppp2ppp/8/3p4/3P4/3B4/PPP2PPP/RNBQK1NR","stockfishScores":{"bn":0.5004166666666666}},{"fenStr":"rnbqkb1r/ppp2ppp/5n2/3p4/3P4/3B4/PPP2PPP/RNBQK1NR","stockfishScores":{"wn":0.49601190476190476}},{"fenStr":"rnbqkb1r/ppp2ppp/5n2/3p2B1/3P4/3B4/PPP2PPP/RN1QK1NR","stockfishScores":{"bn":0.5089880952380952}},{"fenStr":"rnbqk2r/ppp1bppp/5n2/3p2B1/3P4/3B4/PPP2PPP/RN1QK1NR","stockfishScores":{"wn":0.49898809523809523}},{"fenStr":"rnbqk2r/ppp1bppp/5n2/3p2B1/3P4/2NB4/PPP2PPP/R2QK1NR","stockfishScores":{"bn":0.5014880952380952}},{"fenStr":"rn1qk2r/ppp1bppp/5n2/3p2B1/3P2b1/2NB4/PPP2PPP/R2QK1NR","stockfishScores":{"wn":0.5020238095238095}},{"fenStr":"rn1qk2r/ppp1bppp/5n2/3p2B1/3P2b1/2NB1P2/PPP3PP/R2QK1NR","stockfishScores":{"bn":0.5060119047619047}},{"fenStr":"rn1qk2r/ppp1bppp/5n2/3p2Bb/3P4/2NB1P2/PPP3PP/R2QK1NR","stockfishScores":{"wn":0.5052380952380953}},{"fenStr":"rn1qk2r/ppp1bppp/5n2/3p2Bb/3P4/2NB1P2/PPP1N1PP/R2QK2R","stockfishScores":{"bn":0.5103571428571428}},{"fenStr":"rn1qk2r/pp2bppp/2p2n2/3p2Bb/3P4/2NB1P2/PPP1N1PP/R2QK2R","stockfishScores":{"wn":0.5057738095238096}},{"fenStr":"rn1qk2r/pp2bppp/2p2n2/3p2Bb/3P4/2NB1P2/PPPQN1PP/R3K2R","stockfishScores":{"bn":0.505297619047619}},{"fenStr":"rn1qk2r/1p2bppp/2p2n2/p2p2Bb/3P4/2NB1P2/PPPQN1PP/R3K2R","stockfishScores":{"wn":0.5063690476190477}},{"fenStr":"rn1qk2r/1p2bppp/2p2n2/p2p2Bb/3P4/2NB1PN1/PPPQ2PP/R3K2R","stockfishScores":{"bn":0.5067261904761905}},{"fenStr":"r2qk2r/1p1nbppp/2p2n2/p2p2Bb/3P4/2NB1PN1/PPPQ2PP/R3K2R","stockfishScores":{"wn":0.5045238095238095}},{"fenStr":"r2qk2r/1p1nbppp/2p2n2/p2p2Bb/3P4/2NB1PN1/PPPQ2PP/R4RK1","stockfishScores":{"bn":0.5161904761904762}},{"fenStr":"r2q1rk1/1p1nbppp/2p2n2/p2p2Bb/3P4/2NB1PN1/PPPQ2PP/R4RK1","stockfishScores":{"wn":0.5068452380952381}},{"fenStr":"r2q1rk1/1p1nbppp/2p2n2/p2p2Bb/3P4/2NB1PN1/PPPQ2PP/4RRK1","stockfishScores":{"bn":0.5107738095238096}},{"fenStr":"r2qr1k1/1p1nbppp/2p2n2/p2p2Bb/3P4/2NB1PN1/PPPQ2PP/4RRK1","stockfishScores":{"wn":0.5089285714285714}},{"fenStr":"r2qr1k1/1p1nbppp/2p2n2/p2p2Bb/3P4/2NB1PN1/PPPQR1PP/5RK1","stockfishScores":{"bn":0.5060119047619047}},{"fenStr":"r2qr1k1/1p1nbppp/2p2nb1/p2p2B1/3P4/2NB1PN1/PPPQR1PP/5RK1","stockfishScores":{"wn":0.50125}},{"fenStr":"r2qr1k1/1p1nbppp/2p2nb1/p2p2B1/3P4/2NB1PN1/PPPQR1PP/4R1K1","stockfishScores":{"bn":0.50625}},{"fenStr":"r2qrk2/1p1nbppp/2p2nb1/p2p2B1/3P4/2NB1PN1/PPPQR1PP/4R1K1","stockfishScores":{"wn":0.5133928571428571}},{"fenStr":"r2qrk2/1p1nbppp/2p2nb1/p2p2B1/3P4/3B1PN1/PPPQR1PP/3NR1K1","stockfishScores":{"bn":0.508095238095238}},{"fenStr":"r3rk2/1p1nbppp/1qp2nb1/p2p2B1/3P4/3B1PN1/PPPQR1PP/3NR1K1","stockfishScores":{"wn":0.5071428571428571}},{"fenStr":"r3rk2/1p1nbppp/1qp2nb1/p2p1NB1/3P4/3B1P2/PPPQR1PP/3NR1K1","stockfishScores":{"bn":0.5201190476190476}},{"fenStr":"r3rk2/1p1n1ppp/1qp2nb1/p2p1NB1/1b1P4/3B1P2/PPPQR1PP/3NR1K1","stockfishScores":{"wn":0.5214880952380953}},{"fenStr":"r3rk2/1p1n1ppp/1qp2nb1/p2p1NB1/1b1P4/2PB1P2/PP1QR1PP/3NR1K1","stockfishScores":{"bn":0.5332738095238095}},{"fenStr":"r4k2/1p1n1ppp/1qp2nb1/p2p1NB1/1b1P4/2PB1P2/PP1Qr1PP/3NR1K1","stockfishScores":{"wn":0.4756547619047619}},{"fenStr":"r4k2/1p1n1ppp/1qp2nb1/p2p1NB1/1b1P4/2PB1P2/PP1QR1PP/3N2K1","stockfishScores":{"bn":0.5198809523809523}},{"fenStr":"r4k2/1p1n1ppp/1qp2n2/p2p1bB1/1b1P4/2PB1P2/PP1QR1PP/3N2K1","stockfishScores":{"wn":0.48839285714285713}},{"fenStr":"r4k2/1p1n1ppp/1qp2n2/p2p1BB1/1b1P4/2P2P2/PP1QR1PP/3N2K1","stockfishScores":{"bn":0.5158333333333334}},{"fenStr":"r4k2/1p1n1ppp/1qpb1n2/p2p1BB1/3P4/2P2P2/PP1QR1PP/3N2K1","stockfishScores":{"wn":0.5088095238095238}},{"fenStr":"r4k2/1p1n1ppp/1qpb1n2/p2p1BB1/3P4/2P2P2/PP2R1PP/3NQ1K1","stockfishScores":{"bn":0.5071428571428571}},{"fenStr":"r4k2/1pqn1ppp/2pb1n2/p2p1BB1/3P4/2P2P2/PP2R1PP/3NQ1K1","stockfishScores":{"wn":0.5083333333333333}},{"fenStr":"r4k2/1pqn1ppp/2pb1n2/p2p1BB1/3P3Q/2P2P2/PP2R1PP/3N2K1","stockfishScores":{"bn":0.5099404761904762}},{"fenStr":"r4k2/1pqn1pp1/2pb1n1p/p2p1BB1/3P3Q/2P2P2/PP2R1PP/3N2K1","stockfishScores":{"wn":0.5066071428571428}},{"fenStr":"r4k2/1pqn1pp1/2pb1n1p/p2p1B2/3P3Q/2P2P2/PP1BR1PP/3N2K1","stockfishScores":{"bn":0.5049404761904762}},{"fenStr":"4rk2/1pqn1pp1/2pb1n1p/p2p1B2/3P3Q/2P2P2/PP1BR1PP/3N2K1","stockfishScores":{"wn":0.5016071428571428}},{"fenStr":"4Rk2/1pqn1pp1/2pb1n1p/p2p1B2/3P3Q/2P2P2/PP1B2PP/3N2K1","stockfishScores":{"bn":0.534702380952381}},{"fenStr":"4k3/1pqn1pp1/2pb1n1p/p2p1B2/3P3Q/2P2P2/PP1B2PP/3N2K1","stockfishScores":{"wn":0.5069642857142858}},{"fenStr":"4k3/1pqn1pp1/2pb1n1p/p2p1B2/3P4/2P2P2/PP1B2PP/3NQ1K1","stockfishScores":{"bn":0.5068452380952381}},{"fenStr":"5k2/1pqn1pp1/2pb1n1p/p2p1B2/3P4/2P2P2/PP1B2PP/3NQ1K1","stockfishScores":{"wn":0.5007142857142857}},{"fenStr":"5k2/1pqn1pp1/2pb1n1p/p2p1B2/3P4/2P2PP1/PP1B3P/3NQ1K1","stockfishScores":{"bn":0.500297619047619}},{"fenStr":"5k2/2qn1pp1/2pb1n1p/pp1p1B2/3P4/2P2PP1/PP1B3P/3NQ1K1","stockfishScores":{"wn":0.5011904761904762}},{"fenStr":"5k2/2qn1pp1/2pb1n1p/pp1p1B2/3P4/2P2PP1/PP1B2KP/3NQ3","stockfishScores":{"bn":0.5010714285714286}},{"fenStr":"5k2/2q2pp1/1npb1n1p/pp1p1B2/3P4/2P2PP1/PP1B2KP/3NQ3","stockfishScores":{"wn":0.5013690476190477}},{"fenStr":"5k2/2q2pp1/1npb1n1p/pp1p1B2/3P4/1PP2PP1/P2B2KP/3NQ3","stockfishScores":{"bn":0.500297619047619}},{"fenStr":"5k2/4qpp1/1npb1n1p/pp1p1B2/3P4/1PP2PP1/P2B2KP/3NQ3","stockfishScores":{"wn":0.5001190476190476}},{"fenStr":"5k2/4qpp1/1npb1n1p/pp1p1B2/3P4/1PP1NPP1/P2B2KP/4Q3","stockfishScores":{"bn":0.5021428571428571}},{"fenStr":"5k2/4qp2/1npb1npp/pp1p1B2/3P4/1PP1NPP1/P2B2KP/4Q3","stockfishScores":{"wn":0.4999404761904762}},{"fenStr":"5k2/4qp2/1npb1npp/pp1p4/3P4/1PPBNPP1/P2B2KP/4Q3","stockfishScores":{"bn":0.5027380952380952}},{"fenStr":"8/4qpk1/1npb1npp/pp1p4/3P4/1PPBNPP1/P2B2KP/4Q3","stockfishScores":{"wn":0.5017261904761905}},{"fenStr":"8/4qpk1/1npb1npp/pp1p4/3P4/1PPBNPP1/P2B2KP/2Q5","stockfishScores":{"bn":0.5}},{"fenStr":"8/4qpk1/1np2npp/pp1p4/3P4/bPPBNPP1/P2B2KP/2Q5","stockfishScores":{"wn":0.49964285714285717}},{"fenStr":"8/4qpk1/1np2npp/pp1p1N2/3P4/bPPB1PP1/P2B2KP/2Q5","stockfishScores":{"bn":0.5057142857142857}},{"fenStr":"8/4qpk1/1np2n1p/pp1p1p2/3P4/bPPB1PP1/P2B2KP/2Q5","stockfishScores":{"wn":0.4772619047619048}},{"fenStr":"8/4qpk1/1np2n1B/pp1p1p2/3P4/bPPB1PP1/P5KP/2Q5","stockfishScores":{"bn":0.48696428571428574}},{"fenStr":"8/4qp1k/1np2n1B/pp1p1p2/3P4/bPPB1PP1/P5KP/2Q5","stockfishScores":{"wn":0.4898214285714286}},{"fenStr":"8/4qp1k/1np2n1B/pp1p1pQ1/3P4/bPPB1PP1/P5KP/8","stockfishScores":{"bn":0.508095238095238}},{"fenStr":"8/4qp1k/1np4B/pp1p1pQn/3P4/bPPB1PP1/P5KP/8","stockfishScores":{"wn":0.5082738095238095}},{"fenStr":"8/4qp1k/1np4B/pp1p1Q1n/3P4/bPPB1PP1/P5KP/8","stockfishScores":{"bn":0.4999404761904762}},{"fenStr":"8/4qp2/1np4k/pp1p1Q1n/3P4/bPPB1PP1/P5KP/8","stockfishScores":{"wn":0.4869047619047619}},{"fenStr":"8/4qp1Q/1np4k/pp1p3n/3P4/bPPB1PP1/P5KP/8","stockfishScores":{"bn":0.4736309523809524}},{"fenStr":"8/4qp1Q/1np5/pp1p2kn/3P4/bPPB1PP1/P5KP/8","stockfishScores":{"wn":0.4914880952380952}},{"fenStr":"8/4qp1Q/1np5/pp1p2kn/3P3P/bPPB1PP1/P5K1/8","stockfishScores":{"bn":0.4922619047619048}},{"fenStr":"8/4qp1Q/1np2k2/pp1p3n/3P3P/bPPB1PP1/P5K1/8","stockfishScores":{"wn":0.48214285714285715}},{"fenStr":"8/4qp2/1np2k1Q/pp1p3n/3P3P/bPPB1PP1/P5K1/8","stockfishScores":{"bn":0.4804761904761905}}],"result":{"ww":true}}