{"fens":[{"fenStr":"rnbqkbnr/pppppppp/8/8/4P3/8/PPPP1PPP/RNBQKBNR","stockfishScores":{"bn":0.5049404761904762}},{"fenStr":"rnbqkbnr/pp1ppppp/2p5/8/4P3/8/PPPP1PPP/RNBQKBNR","stockfishScores":{"wn":0.5039880952380953}},{"fenStr":"rnbqkbnr/pp1ppppp/2p5/8/3PP3/8/PPP2PPP/RNBQKBNR","stockfishScores":{"bn":0.5090476190476191}},{"fenStr":"rnbqkbnr/pp2pppp/2p5/3p4/3PP3/8/PPP2PPP/RNBQKBNR","stockfishScores":{"wn":0.5023214285714286}},{"fenStr":"rnbqkbnr/pp2pppp/2p5/3pP3/3P4/8/PPP2PPP/RNBQKBNR","stockfishScores":{"bn":0.5051785714285715}},{"fenStr":"rnbqkbnr/pp2pppp/8/2ppP3/3P4/8/PPP2PPP/RNBQKBNR","stockfishScores":{"wn":0.5098214285714285}},{"fenStr":"rnbqkbnr/pp2pppp/8/2PpP3/8/8/PPP2PPP/RNBQKBNR","stockfishScores":{"bn":0.513095238095238}},{"fenStr":"r1bqkbnr/pp2pppp/2n5/2PpP3/8/8/PPP2PPP/RNBQKBNR","stockfishScores":{"wn":0.5054166666666666}},{"fenStr":"r1bqkbnr/pp2pppp/2n5/2PpP3/8/4B3/PPP2PPP/RN1QKBNR","stockfishScores":{"bn":0.5043452380952381}},{"fenStr":"r1bqkbnr/pp2pppp/8/2Ppn3/8/4B3/PPP2PPP/RN1QKBNR","stockfishScores":{"wn":0.4968452380952381}},{"fenStr":"r1bqkbnr/pp2pppp/8/2Ppn3/8/2N1B3/PPP2PPP/R2QKBNR","stockfishScores":{"bn":0.5029166666666667}},{"fenStr":"r1bqkbnr/pp3ppp/4p3/2Ppn3/8/2N1B3/PPP2PPP/R2QKBNR","stockfishScores":{"wn":0.5016071428571428}},{"fenStr":"r1bqkbnr/pp3ppp/4p3/2Ppn3/3Q4/2N1B3/PPP2PPP/R3KBNR","stockfishScores":{"bn":0.5147619047619048}},{"fenStr":"r1bqkbnr/pp3ppp/2n1p3/2Pp4/3Q4/2N1B3/PPP2PPP/R3KBNR","stockfishScores":{"wn":0.4955357142857143}},{"fenStr":"r1bqkbnr/pp3ppp/2n1p3/1BPp4/3Q4/2N1B3/PPP2PPP/R3K1NR","stockfishScores":{"bn":0.5033333333333333}},{"fenStr":"r2qkbnr/pp1b1ppp/2n1p3/1BPp4/3Q4/2N1B3/PPP2PPP/R3K1NR","stockfishScores":{"wn":0.4949404761904762}},{"fenStr":"r2qkbnr/pp1b1ppp/2B1p3/2Pp4/3Q4/2N1B3/PPP2PPP/R3K1NR","stockfishScores":{"bn":0.5257142857142857}},{"fenStr":"r2qkbnr/p2b1ppp/2p1p3/2Pp4/3Q4/2N1B3/PPP2PPP/R3K1NR","stockfishScores":{"wn":0.4994642857142857}},{"fenStr":"r2qkbnr/p2b1ppp/2p1p3/2Pp4/3Q4/2N1B3/PPP1NPPP/R3K2R","stockfishScores":{"bn":0.5028571428571429}},{"fenStr":"r2qkb1r/p2b1ppp/2p1pn2/2Pp4/3Q4/2N1B3/PPP1NPPP/R3K2R","stockfishScores":{"wn":0.5001190476190476}},{"fenStr":"r2qkb1r/p2b1ppp/2p1pn2/2Pp4/3Q4/2N1B3/PPP1NPPP/R4RK1","stockfishScores":{"bn":0.5103571428571428}},{"fenStr":"r2qk2r/p2bbppp/2p1pn2/2Pp4/3Q4/2N1B3/PPP1NPPP/R4RK1","stockfishScores":{"wn":0.5095833333333334}},{"fenStr":"r2qk2r/p2bbppp/2p1pn2/2Pp4/1P1Q4/2N1B3/P1P1NPPP/R4RK1","stockfishScores":{"bn":0.5100595238095238}},{"fenStr":"r2q1rk1/p2bbppp/2p1pn2/2Pp4/1P1Q4/2N1B3/P1P1NPPP/R4RK1","stockfishScores":{"wn":0.49797619047619046}},{"fenStr":"r2q1rk1/p2bbppp/2p1pn2/2Pp4/1P1Q4/2N1B3/P1P1NPPP/1R3RK1","stockfishScores":{"bn":0.4980357142857143}},{"fenStr":"1r1q1rk1/p2bbppp/2p1pn2/2Pp4/1P1Q4/2N1B3/P1P1NPPP/1R3RK1","stockfishScores":{"wn":0.4980357142857143}},{"fenStr":"1r1q1rk1/p2bbppp/2p1pn2/2Pp4/PP1Q4/2N1B3/2P1NPPP/1R3RK1","stockfishScores":{"bn":0.4986309523809524}},{"fenStr":"1r1qr1k1/p2bbppp/2p1pn2/2Pp4/PP1Q4/2N1B3/2P1NPPP/1R3RK1","stockfishScores":{"wn":0.4998214285714286}},{"fenStr":"1r1qr1k1/p2bbppp/2p1pn2/2Pp4/PP1Q1B2/2N5/2P1NPPP/1R3RK1","stockfishScores":{"bn":0.5011309523809524}},{"fenStr":"3qr1k1/pr1bbppp/2p1pn2/2Pp4/PP1Q1B2/2N5/2P1NPPP/1R3RK1","stockfishScores":{"wn":0.4999404761904762}},{"fenStr":"3qr1k1/pr1bbppp/2p1pn2/1PPp4/P2Q1B2/2N5/2P1NPPP/1R3RK1","stockfishScores":{"bn":0.49976190476190474}},{"fenStr":"3qr1k1/pr1bbppp/2p1p3/1PPp3n/P2Q1B2/2N5/2P1NPPP/1R3RK1","stockfishScores":{"wn":0.49916666666666665}},{"fenStr":"3qr1k1/pr1bbppp/2p1p3/1PPp3n/P2Q4/2N5/2PBNPPP/1R3RK1","stockfishScores":{"bn":0.5016071428571428}},{"fenStr":"1q2r1k1/pr1bbppp/2p1p3/1PPp3n/P2Q4/2N5/2PBNPPP/1R3RK1","stockfishScores":{"wn":0.5014880952380952}},{"fenStr":"1q2r1k1/pr1bbppp/2P1p3/2Pp3n/P2Q4/2N5/2PBNPPP/1R3RK1","stockfishScores":{"bn":0.5085119047619048}},{"fenStr":"1q2r1k1/pr2bppp/2b1p3/2Pp3n/P2Q4/2N5/2PBNPPP/1R3RK1","stockfishScores":{"wn":0.4970833333333333}},{"fenStr":"1q2r1k1/pR2bppp/2b1p3/2Pp3n/P2Q4/2N5/2PBNPPP/5RK1","stockfishScores":{"bn":0.5328571428571428}},{"fenStr":"4r1k1/pq2bppp/2b1p3/2Pp3n/P2Q4/2N5/2PBNPPP/5RK1","stockfishScores":{"wn":0.49851190476190477}},{"fenStr":"4r1k1/pq2bppp/2b1p3/2Pp3n/P2Q4/2N5/2PBNPPP/1R4K1","stockfishScores":{"bn":0.5036904761904762}},{"fenStr":"q3r1k1/p3bppp/2b1p3/2Pp3n/P2Q4/2N5/2PBNPPP/1R4K1","stockfishScores":{"wn":0.5010119047619047}},{"fenStr":"q3r1k1/p3bppp/2b1p3/1NPp3n/P2Q4/8/2PBNPPP/1R4K1","stockfishScores":{"bn":0.4982738095238095}},{"fenStr":"4r1k1/pq2bppp/2b1p3/1NPp3n/P2Q4/8/2PBNPPP/1R4K1","stockfishScores":{"wn":0.500297619047619}},{"fenStr":"4r1k1/pq2bppp/2b1p3/1NPp3n/P2Q4/2N5/2PB1PPP/1R4K1","stockfishScores":{"bn":0.4990476190476191}},{"fenStr":"4r1k1/p2qbppp/2b1p3/1NPp3n/P2Q4/2N5/2PB1PPP/1R4K1","stockfishScores":{"wn":0.49702380952380953}},{"fenStr":"4r1k1/p2qbppp/2b1p3/1NPpQ2n/P7/2N5/2PB1PPP/1R4K1","stockfishScores":{"bn":0.49488095238095237}},{"fenStr":"4r1k1/p2qbppp/2b1pn2/1NPpQ3/P7/2N5/2PB1PPP/1R4K1","stockfishScores":{"wn":0.49273809523809525}},{"fenStr":"4r1k1/p2qbppp/2bNpn2/2PpQ3/P7/2N5/2PB1PPP/1R4K1","stockfishScores":{"bn":0.5016071428571428}},{"fenStr":"5rk1/p2qbppp/2bNpn2/2PpQ3/P7/2N5/2PB1PPP/1R4K1","stockfishScores":{"wn":0.49970238095238095}},{"fenStr":"5rk1/p2qbppp/2bNpn2/P1PpQ3/8/2N5/2PB1PPP/1R4K1","stockfishScores":{"bn":0.49898809523809523}},{"fenStr":"4nrk1/p2qbppp/2bNp3/P1PpQ3/8/2N5/2PB1PPP/1R4K1","stockfishScores":{"wn":0.5041666666666667}},{"fenStr":"4Nrk1/p2qbppp/2b1p3/P1PpQ3/8/2N5/2PB1PPP/1R4K1","stockfishScores":{"bn":0.5245238095238095}},{"fenStr":"4r1k1/p2qbppp/2b1p3/P1PpQ3/8/2N5/2PB1PPP/1R4K1","stockfishScores":{"wn":0.4957142857142857}},{"fenStr":"4r1k1/p2qbppp/2b1p3/P1Pp4/3Q4/2N5/2PB1PPP/1R4K1","stockfishScores":{"bn":0.4970833333333333}},{"fenStr":"4r1k1/p2q1ppp/2b1pb2/P1Pp4/3Q4/2N5/2PB1PPP/1R4K1","stockfishScores":{"wn":0.4919047619047619}},{"fenStr":"4r1k1/p2q1ppp/2b1pb2/P1Pp4/1Q6/2N5/2PB1PPP/1R4K1","stockfishScores":{"bn":0.4955357142857143}},{"fenStr":"4r1k1/p2q1ppp/2b1pb2/P1P5/1Q1p4/2N5/2PB1PPP/1R4K1","stockfishScores":{"wn":0.49339285714285713}},{"fenStr":"4r1k1/p2q1ppp/2b1pb2/P1P5/1Q1p4/8/2PBNPPP/1R4K1","stockfishScores":{"bn":0.4969047619047619}},{"fenStr":"4r1k1/p2q1ppp/2b2b2/P1P1p3/1Q1p4/8/2PBNPPP/1R4K1","stockfishScores":{"wn":0.4945833333333333}},{"fenStr":"4r1k1/p2q1ppp/2b2b2/P1P1p3/1Q1p4/5P2/2PBN1PP/1R4K1","stockfishScores":{"bn":0.4951785714285714}},{"fenStr":"3br1k1/p2q1ppp/2b5/P1P1p3/1Q1p4/5P2/2PBN1PP/1R4K1","stockfishScores":{"wn":0.49714285714285716}},{"fenStr":"3br1k1/p2q1ppp/2b5/P1P1p3/1Q1p4/5P2/2PBN1PP/4R1K1","stockfishScores":{"bn":0.49339285714285713}},{"fenStr":"3br2k/p2q1ppp/2b5/P1P1p3/1Q1p4/5P2/2PBN1PP/4R1K1","stockfishScores":{"wn":0.49583333333333335}},{"fenStr":"3br2k/p2q1ppp/2b5/P1P1p3/1Q1p4/5P2/2PB2PP/2N1R1K1","stockfishScores":{"bn":0.493452380952381}},{"fenStr":"3br2k/p2q2pp/2b5/P1P1pp2/1Q1p4/5P2/2PB2PP/2N1R1K1","stockfishScores":{"wn":0.49357142857142855}},{"fenStr":"3br2k/p2q2pp/2b5/P1P1pp2/1Q1p4/1N3P2/2PB2PP/4R1K1","stockfishScores":{"bn":0.49375}},{"fenStr":"4r2k/p2q2pp/2b5/P1P1pp2/1Q1p3b/1N3P2/2PB2PP/4R1K1","stockfishScores":{"wn":0.4903571428571429}},{"fenStr":"4r2k/p2q2pp/2b5/P1P1pp2/1Q1p3b/1N3P2/2PB2PP/3R2K1","stockfishScores":{"bn":0.4911309523809524}},{"fenStr":"4r2k/p2q2pp/2b2b2/P1P1pp2/1Q1p4/1N3P2/2PB2PP/3R2K1","stockfishScores":{"wn":0.49220238095238095}},{"fenStr":"4r2k/p2q2pp/2b2b2/P1P1pp2/1Q1p4/1N3P2/2P3PP/3RB1K1","stockfishScores":{"bn":0.4923214285714286}},{"fenStr":"4r2k/p2q3p/2b2b2/P1P1ppp1/1Q1p4/1N3P2/2P3PP/3RB1K1","stockfishScores":{"wn":0.4944047619047619}},{"fenStr":"4r2k/p2q3p/P1b2b2/2P1ppp1/1Q1p4/1N3P2/2P3PP/3RB1K1","stockfishScores":{"bn":0.49470238095238095}},{"fenStr":"4r2k/p2q3p/P1b2b2/2P1pp2/1Q1p2p1/1N3P2/2P3PP/3RB1K1","stockfishScores":{"wn":0.49416666666666664}},{"fenStr":"4r2k/p2q3p/P1b2b2/2P1pp2/1Q1p2P1/1N6/2P3PP/3RB1K1","stockfishScores":{"bn":0.4951190476190476}},{"fenStr":"4r2k/p6p/P1b2b2/2Pqpp2/1Q1p2P1/1N6/2P3PP/3RB1K1","stockfishScores":{"wn":0.49125}},{"fenStr":"4r2k/p6p/P1b2b2/2Pqpp2/1Q1p2P1/1N6/2PR2PP/4B1K1","stockfishScores":{"bn":0.49607142857142855}},{"fenStr":"6rk/p6p/P1b2b2/2Pqpp2/1Q1p2P1/1N6/2PR2PP/4B1K1","stockfishScores":{"wn":0.49648809523809523}},{"fenStr":"6rk/p6p/P1b2b2/N1Pqpp2/1Q1p2P1/8/2PR2PP/4B1K1","stockfishScores":{"bn":0.49785714285714283}},{"fenStr":"6rk/p6p/P1b2b2/N1P1pp2/1Q1pq1P1/8/2PR2PP/4B1K1","stockfishScores":{"wn":0.48964285714285716}},{"fenStr":"6rk/p6p/P1b2b2/N1P1pp2/1Q1pq1P1/6B1/2PR2PP/6K1","stockfishScores":{"bn":0.48988095238095236}},{"fenStr":"6rk/p6p/P1b2b2/N1P1p3/1Q1pqpP1/6B1/2PR2PP/6K1","stockfishScores":{"wn":0.48642857142857143}},{"fenStr":"6rk/p6p/P1N2b2/2P1p3/1Q1pqpP1/6B1/2PR2PP/6K1","stockfishScores":{"bn":0.5213095238095238}},{"fenStr":"6rk/p6p/P1N2b2/2P1p3/1Q1pq1P1/6p1/2PR2PP/6K1","stockfishScores":{"wn":0.5001190476190476}},{"fenStr":"6rk/p6p/P1N2b2/2P1p3/1Q1pq1P1/6p1/2P3PP/3R2K1","stockfishScores":{"bn":0.49654761904761907}},{"fenStr":"6rk/p6p/P1N2b2/2P1p3/1Q1pq1P1/8/2P3Pp/3R2K1","stockfishScores":{"wn":0.4892261904761905}},{"fenStr":"6rk/p6p/P1N2b2/2P1p3/1Q1pq1P1/8/2P3PK/3R4","stockfishScores":{"bn":0.4982738095238095}},{"fenStr":"7k/p6p/P1N2b2/2P1p3/1Q1pq1r1/8/2P3PK/3R4","stockfishScores":{"wn":0.4776190476190476}},{"fenStr":"7k/p6p/P1N2b2/2P1p3/1Q1pq1r1/8/2PR2PK/8","stockfishScores":{"bn":0.4775595238095238}},{"fenStr":"7k/p6p/P1N2b2/2P1p3/1Q1pq2r/8/2PR2PK/8","stockfishScores":{"wn":0.4945833333333333}},{"fenStr":"7k/p6p/P1N2b2/2P1p3/1Q1pq2r/8/2PR2P1/6K1","stockfishScores":{"bn":0.4875}},{"fenStr":"7k/p6p/P1N2b2/2P1p3/1Q1p3r/8/2PR2P1/4q1K1","stockfishScores":{"wn":0.47833333333333333}}],"result":{"bw":true}}