{"fens":[{"fenStr":"rnbqkbnr/pppppppp/8/8/4P3/8/PPPP1PPP/RNBQKBNR","stockfishScores":{"bn":0.5049404761904762}},{"fenStr":"rnbqkbnr/pp1ppppp/8/2p5/4P3/8/PPPP1PPP/RNBQKBNR","stockfishScores":{"wn":0.5038095238095238}},{"fenStr":"rnbqkbnr/pp1ppppp/8/2p5/4P3/5N2/PPPP1PPP/RNBQKB1R","stockfishScores":{"bn":0.5058928571428571}},{"fenStr":"rnbqkbnr/pp2pppp/3p4/2p5/4P3/5N2/PPPP1PPP/RNBQKB1R","stockfishScores":{"wn":0.5020833333333333}},{"fenStr":"rnbqkbnr/pp2pppp/3p4/2p5/3PP3/5N2/PPP2PPP/RNBQKB1R","stockfishScores":{"bn":0.5076785714285714}},{"fenStr":"rnbqkbnr/pp2pppp/3p4/8/3pP3/5N2/PPP2PPP/RNBQKB1R","stockfishScores":{"wn":0.4976190476190476}},{"fenStr":"rnbqkbnr/pp2pppp/3p4/8/3NP3/8/PPP2PPP/RNBQKB1R","stockfishScores":{"bn":0.51}},{"fenStr":"rnbqkb1r/pp2pppp/3p1n2/8/3NP3/8/PPP2PPP/RNBQKB1R","stockfishScores":{"wn":0.5031547619047619}},{"fenStr":"rnbqkb1r/pp2pppp/3p1n2/8/3NP3/2N5/PPP2PPP/R1BQKB1R","stockfishScores":{"bn":0.5076190476190476}},{"fenStr":"rnbqkb1r/pp2pp1p/3p1np1/8/3NP3/2N5/PPP2PPP/R1BQKB1R","stockfishScores":{"wn":0.5057738095238096}},{"fenStr":"rnbqkb1r/pp2pp1p/3p1np1/8/3NP3/2N1B3/PPP2PPP/R2QKB1R","stockfishScores":{"bn":0.5059523809523809}},{"fenStr":"rnbqk2r/pp2ppbp/3p1np1/8/3NP3/2N1B3/PPP2PPP/R2QKB1R","stockfishScores":{"wn":0.5046428571428572}},{"fenStr":"rnbqk2r/pp2ppbp/3p1np1/8/3NP3/2N1BP2/PPP3PP/R2QKB1R","stockfishScores":{"bn":0.5063095238095238}},{"fenStr":"rnbq1rk1/pp2ppbp/3p1np1/8/3NP3/2N1BP2/PPP3PP/R2QKB1R","stockfishScores":{"wn":0.4949404761904762}},{"fenStr":"rnbq1rk1/pp2ppbp/3p1np1/8/3NP3/2N1BP2/PPPQ2PP/R3KB1R","stockfishScores":{"bn":0.4944047619047619}},{"fenStr":"r1bq1rk1/pp2ppbp/2np1np1/8/3NP3/2N1BP2/PPPQ2PP/R3KB1R","stockfishScores":{"wn":0.49154761904761907}},{"fenStr":"r1bq1rk1/pp2ppbp/2np1np1/8/2BNP3/2N1BP2/PPPQ2PP/R3K2R","stockfishScores":{"bn":0.4932738095238095}},{"fenStr":"r2q1rk1/pp1bppbp/2np1np1/8/2BNP3/2N1BP2/PPPQ2PP/R3K2R","stockfishScores":{"wn":0.49178571428571427}},{"fenStr":"r2q1rk1/pp1bppbp/2np1np1/8/2BNP2P/2N1BP2/PPPQ2P1/R3K2R","stockfishScores":{"bn":0.4942261904761905}},{"fenStr":"2rq1rk1/pp1bppbp/2np1np1/8/2BNP2P/2N1BP2/PPPQ2P1/R3K2R","stockfishScores":{"wn":0.49416666666666664}},{"fenStr":"2rq1rk1/pp1bppbp/2np1np1/8/3NP2P/1BN1BP2/PPPQ2P1/R3K2R","stockfishScores":{"bn":0.4925}},{"fenStr":"2rq1rk1/pp1bppbp/3p1np1/4n3/3NP2P/1BN1BP2/PPPQ2P1/R3K2R","stockfishScores":{"wn":0.49255952380952384}},{"fenStr":"2rq1rk1/pp1bppbp/3p1np1/4n3/3NP2P/1BN1BP2/PPPQ2P1/2KR3R","stockfishScores":{"bn":0.49988095238095237}},{"fenStr":"2rq1rk1/pp1bppbp/3p1np1/8/2nNP2P/1BN1BP2/PPPQ2P1/2KR3R","stockfishScores":{"wn":0.49416666666666664}},{"fenStr":"2rq1rk1/pp1bppbp/3p1np1/8/2BNP2P/2N1BP2/PPPQ2P1/2KR3R","stockfishScores":{"bn":0.5214880952380953}},{"fenStr":"3q1rk1/pp1bppbp/3p1np1/8/2rNP2P/2N1BP2/PPPQ2P1/2KR3R","stockfishScores":{"wn":0.49720238095238095}},{"fenStr":"3q1rk1/pp1bppbp/3p1np1/8/2rNP1PP/2N1BP2/PPPQ4/2KR3R","stockfishScores":{"bn":0.49857142857142855}},{"fenStr":"5rk1/ppqbppbp/3p1np1/8/2rNP1PP/2N1BP2/PPPQ4/2KR3R","stockfishScores":{"wn":0.5006547619047619}},{"fenStr":"5rk1/ppqbppbp/3p1np1/7P/2rNP1P1/2N1BP2/PPPQ4/2KR3R","stockfishScores":{"bn":0.5033333333333333}},{"fenStr":"2r3k1/ppqbppbp/3p1np1/7P/2rNP1P1/2N1BP2/PPPQ4/2KR3R","stockfishScores":{"wn":0.5023214285714286}},{"fenStr":"2r3k1/ppqbppbp/3p1np1/7P/2rNP1P1/2N1BP2/PPPQ4/1K1R3R","stockfishScores":{"bn":0.5051190476190476}},{"fenStr":"2r3k1/p1qbppbp/3p1np1/1p5P/2rNP1P1/2N1BP2/PPPQ4/1K1R3R","stockfishScores":{"wn":0.5054166666666666}},{"fenStr":"2r3k1/p1qbppbp/3p1nP1/1p6/2rNP1P1/2N1BP2/PPPQ4/1K1R3R","stockfishScores":{"bn":0.5178571428571429}},{"fenStr":"2r3k1/p1qbppb1/3p1np1/1p6/2rNP1P1/2N1BP2/PPPQ4/1K1R3R","stockfishScores":{"wn":0.507797619047619}},{"fenStr":"2r3k1/p1qbppb1/3p1npB/1p6/2rNP1P1/2N2P2/PPPQ4/1K1R3R","stockfishScores":{"bn":0.5044047619047619}},{"fenStr":"2r3k1/p1qbppb1/3p2pB/1p6/2rNn1P1/2N2P2/PPPQ4/1K1R3R","stockfishScores":{"wn":0.4876785714285714}},{"fenStr":"2r3k1/p1qbppb1/3p2pB/1p6/2rNn1P1/2N2P2/PPP4Q/1K1R3R","stockfishScores":{"bn":0.4882738095238095}},{"fenStr":"2r3k1/p1qbpp2/3p2pB/1p2b3/2rNn1P1/2N2P2/PPP4Q/1K1R3R","stockfishScores":{"wn":0.49291666666666667}},{"fenStr":"2r3k1/p1qbpp2/3p2p1/1p2b3/2rNnBP1/2N2P2/PPP4Q/1K1R3R","stockfishScores":{"bn":0.5163690476190477}},{"fenStr":"2r3k1/p1qbpp2/3p2p1/1p2b3/2rN1BP1/2n2P2/PPP4Q/1K1R3R","stockfishScores":{"wn":0.4838095238095238}},{"fenStr":"2r3k1/p1qbpp2/3p2p1/1p2b3/2rN1BP1/2P2P2/P1P4Q/1K1R3R","stockfishScores":{"bn":0.5086904761904761}},{"fenStr":"2r3k1/p1qbppb1/3p2p1/1p6/2rN1BP1/2P2P2/P1P4Q/1K1R3R","stockfishScores":{"wn":0.5041071428571429}},{"fenStr":"2r3k1/p1qbppbQ/3p2p1/1p6/2rN1BP1/2P2P2/P1P5/1K1R3R","stockfishScores":{"bn":0.4906547619047619}},{"fenStr":"2r2k2/p1qbppbQ/3p2p1/1p6/2rN1BP1/2P2P2/P1P5/1K1R3R","stockfishScores":{"wn":0.48791666666666667}},{"fenStr":"2r2k2/p1qbppbQ/3p2pB/1p6/2rN2P1/2P2P2/P1P5/1K1R3R","stockfishScores":{"bn":0.518452380952381}},{"fenStr":"2r2k2/p1qbpp1Q/3p2pb/1p6/2rN2P1/2P2P2/P1P5/1K1R3R","stockfishScores":{"wn":0.46922619047619046}},{"fenStr":"2r2k1Q/p1qbpp2/3p2pb/1p6/2rN2P1/2P2P2/P1P5/1K1R3R","stockfishScores":{"bn":0.462202380952381}}],"result":{"ww":true}}