{"fens":[{"fenStr":"rnbqkbnr/pppppppp/8/8/4P3/8/PPPP1PPP/RNBQKBNR","stockfishScores":{"bn":0.5049404761904762}},{"fenStr":"rnbqkbnr/pp1ppppp/8/2p5/4P3/8/PPPP1PPP/RNBQKBNR","stockfishScores":{"wn":0.5038095238095238}},{"fenStr":"rnbqkbnr/pp1ppppp/8/2p5/4P3/5N2/PPPP1PPP/RNBQKB1R","stockfishScores":{"bn":0.5058928571428571}},{"fenStr":"rnbqkb1r/pp1ppppp/5n2/2p5/4P3/5N2/PPPP1PPP/RNBQKB1R","stockfishScores":{"wn":0.5026785714285714}},{"fenStr":"rnbqkb1r/pp1ppppp/5n2/2p5/4P3/2N2N2/PPPP1PPP/R1BQKB1R","stockfishScores":{"bn":0.5069047619047619}},{"fenStr":"rnbqkb1r/pp2pppp/5n2/2pp4/4P3/2N2N2/PPPP1PPP/R1BQKB1R","stockfishScores":{"wn":0.49970238095238095}},{"fenStr":"rnbqkb1r/pp2pppp/5n2/1Bpp4/4P3/2N2N2/PPPP1PPP/R1BQK2R","stockfishScores":{"bn":0.49857142857142855}},{"fenStr":"rn1qkb1r/pp1bpppp/5n2/1Bpp4/4P3/2N2N2/PPPP1PPP/R1BQK2R","stockfishScores":{"wn":0.498452380952381}},{"fenStr":"rn1qkb1r/pp1Bpppp/5n2/2pp4/4P3/2N2N2/PPPP1PPP/R1BQK2R","stockfishScores":{"bn":0.5213690476190476}},{"fenStr":"rn2kb1r/pp1qpppp/5n2/2pp4/4P3/2N2N2/PPPP1PPP/R1BQK2R","stockfishScores":{"wn":0.5001190476190476}},{"fenStr":"rn2kb1r/pp1qpppp/5n2/2pP4/8/2N2N2/PPPP1PPP/R1BQK2R","stockfishScores":{"bn":0.51}},{"fenStr":"rn2kb1r/pp1qpppp/8/2pn4/8/2N2N2/PPPP1PPP/R1BQK2R","stockfishScores":{"wn":0.5002380952380953}},{"fenStr":"rn2kb1r/pp1qpppp/8/2pN4/8/5N2/PPPP1PPP/R1BQK2R","stockfishScores":{"bn":0.525}},{"fenStr":"rn2kb1r/pp2pppp/8/2pq4/8/5N2/PPPP1PPP/R1BQK2R","stockfishScores":{"wn":0.49470238095238095}},{"fenStr":"rn2kb1r/pp2pppp/8/2pq4/8/5N2/PPPP1PPP/R1BQ1RK1","stockfishScores":{"bn":0.5072023809523809}},{"fenStr":"r3kb1r/pp2pppp/2n5/2pq4/8/5N2/PPPP1PPP/R1BQ1RK1","stockfishScores":{"wn":0.5035119047619048}},{"fenStr":"r3kb1r/pp2pppp/2n5/2pq4/8/3P1N2/PPP2PPP/R1BQ1RK1","stockfishScores":{"bn":0.5089880952380952}},{"fenStr":"r3kb1r/pp3ppp/2n1p3/2pq4/8/3P1N2/PPP2PPP/R1BQ1RK1","stockfishScores":{"wn":0.5070833333333333}},{"fenStr":"r3kb1r/pp3ppp/2n1p3/2pq4/8/1P1P1N2/P1P2PPP/R1BQ1RK1","stockfishScores":{"bn":0.5071428571428571}},{"fenStr":"r3k2r/pp2bppp/2n1p3/2pq4/8/1P1P1N2/P1P2PPP/R1BQ1RK1","stockfishScores":{"wn":0.5061904761904762}},{"fenStr":"r3k2r/pp2bppp/2n1p3/2pq4/8/1P1P1N2/PBP2PPP/R2Q1RK1","stockfishScores":{"bn":0.5103571428571428}},{"fenStr":"r3k2r/pp2bppp/4p3/2pq4/3n4/1P1P1N2/PBP2PPP/R2Q1RK1","stockfishScores":{"wn":0.5088095238095238}},{"fenStr":"r3k2r/pp2bppp/4p3/2pq4/3n4/1P1P4/PBPN1PPP/R2Q1RK1","stockfishScores":{"bn":0.5085714285714286}},{"fenStr":"r4rk1/pp2bppp/4p3/2pq4/3n4/1P1P4/PBPN1PPP/R2Q1RK1","stockfishScores":{"wn":0.5}},{"fenStr":"r4rk1/pp2bppp/4p3/2pq4/3nN3/1P1P4/PBP2PPP/R2Q1RK1","stockfishScores":{"bn":0.5014880952380952}},{"fenStr":"3r1rk1/pp2bppp/4p3/2pq4/3nN3/1P1P4/PBP2PPP/R2Q1RK1","stockfishScores":{"wn":0.5005357142857143}},{"fenStr":"3r1rk1/pp2bppp/4p3/2pq4/3nN3/1P1P4/PBP2PPP/R2QR1K1","stockfishScores":{"bn":0.5009523809523809}},{"fenStr":"3r1rk1/pp2b1pp/4p3/2pq1p2/3nN3/1P1P4/PBP2PPP/R2QR1K1","stockfishScores":{"wn":0.4988690476190476}},{"fenStr":"3r1rk1/pp2b1pp/4p3/2pq1p2/3n4/1PNP4/PBP2PPP/R2QR1K1","stockfishScores":{"bn":0.49547619047619046}},{"fenStr":"3r1rk1/pp2b1pp/2q1p3/2p2p2/3n4/1PNP4/PBP2PPP/R2QR1K1","stockfishScores":{"wn":0.4936309523809524}},{"fenStr":"3r1rk1/pp2b1pp/2q1p3/2p2p2/3n4/1P1P4/PBP1NPPP/R2QR1K1","stockfishScores":{"bn":0.49357142857142855}},{"fenStr":"3r1rk1/pp4pp/2q1pb2/2p2p2/3n4/1P1P4/PBP1NPPP/R2QR1K1","stockfishScores":{"wn":0.4942857142857143}},{"fenStr":"3r1rk1/pp4pp/2q1pb2/2p2p2/3n4/1P1P4/PBP1NPPP/1R1QR1K1","stockfishScores":{"bn":0.49333333333333335}},{"fenStr":"3r1rk1/pp4pp/2q2b2/2p1pp2/3n4/1P1P4/PBP1NPPP/1R1QR1K1","stockfishScores":{"wn":0.4932738095238095}},{"fenStr":"3r1rk1/pp4pp/2q2b2/2p1pp2/3N4/1P1P4/PBP2PPP/1R1QR1K1","stockfishScores":{"bn":0.521547619047619}},{"fenStr":"3r1rk1/pp4pp/2q2b2/4pp2/3p4/1P1P4/PBP2PPP/1R1QR1K1","stockfishScores":{"wn":0.4957738095238095}},{"fenStr":"3r1rk1/pp4pp/2q2b2/4pp2/3p4/1P1P4/PBP1QPPP/1R2R1K1","stockfishScores":{"bn":0.49583333333333335}},{"fenStr":"3rr1k1/pp4pp/2q2b2/4pp2/3p4/1P1P4/PBP1QPPP/1R2R1K1","stockfishScores":{"wn":0.49375}},{"fenStr":"3rr1k1/pp4pp/2q2b2/4pp2/3p4/1P1P4/PBPQ1PPP/1R2R1K1","stockfishScores":{"bn":0.49470238095238095}},{"fenStr":"3rr1k1/pp4p1/2q2b1p/4pp2/3p4/1P1P4/PBPQ1PPP/1R2R1K1","stockfishScores":{"wn":0.49392857142857144}},{"fenStr":"3rr1k1/pp4p1/2q2b1p/4pp2/3p4/1P1P4/PBPQRPPP/1R4K1","stockfishScores":{"bn":0.49142857142857144}},{"fenStr":"4r1k1/pp4p1/2q2b1p/3rpp2/3p4/1P1P4/PBPQRPPP/1R4K1","stockfishScores":{"wn":0.49529761904761904}},{"fenStr":"4r1k1/pp4p1/2q2b1p/3rpp2/3p4/1P1P4/PBPQRPPP/4R1K1","stockfishScores":{"bn":0.4955357142857143}},{"fenStr":"2r3k1/pp4p1/2q2b1p/3rpp2/3p4/1P1P4/PBPQRPPP/4R1K1","stockfishScores":{"wn":0.49470238095238095}},{"fenStr":"2r3k1/pp4p1/2q2b1p/3rpp2/3p1P2/1P1P4/PBPQR1PP/4R1K1","stockfishScores":{"bn":0.49541666666666667}},{"fenStr":"2r3k1/pp4p1/2q2b1p/3r1p2/3p1p2/1P1P4/PBPQR1PP/4R1K1","stockfishScores":{"wn":0.5001190476190476}},{"fenStr":"2r3k1/pp4p1/2q2b1p/3r1p2/3p1Q2/1P1P4/PBP1R1PP/4R1K1","stockfishScores":{"bn":0.5003571428571428}},{"fenStr":"2r3k1/pp4p1/2q4p/3r1pb1/3p1Q2/1P1P4/PBP1R1PP/4R1K1","stockfishScores":{"wn":0.5016666666666667}},{"fenStr":"2r3k1/pp4p1/2q4p/3r1pb1/3p4/1P1P1Q2/PBP1R1PP/4R1K1","stockfishScores":{"bn":0.5035119047619048}},{"fenStr":"2r3k1/pp4p1/2q4p/3r1p2/3p4/1P1PbQ2/PBP1R1PP/4R1K1","stockfishScores":{"wn":0.49952380952380954}},{"fenStr":"2r3k1/pp4p1/2q4p/3r1p2/3p4/1P1PbQ2/PBP1R1PP/4R2K","stockfishScores":{"bn":0.49797619047619046}},{"fenStr":"2r3k1/pp4p1/2q4p/3r4/3p1p2/1P1PbQ2/PBP1R1PP/4R2K","stockfishScores":{"wn":0.4992261904761905}},{"fenStr":"2r3k1/pp4p1/2q4p/3r4/3p1p2/1P1PbQ2/P1P1R1PP/2B1R2K","stockfishScores":{"bn":0.4982142857142857}},{"fenStr":"2r3k1/pp4p1/2q4p/2r5/3p1p2/1P1PbQ2/P1P1R1PP/2B1R2K","stockfishScores":{"wn":0.498452380952381}},{"fenStr":"2r3k1/pp4p1/2Q4p/2r5/3p1p2/1P1Pb3/P1P1R1PP/2B1R2K","stockfishScores":{"bn":0.575654761904762}},{"fenStr":"6k1/pp4p1/2r4p/2r5/3p1p2/1P1Pb3/P1P1R1PP/2B1R2K","stockfishScores":{"wn":0.49583333333333335}},{"fenStr":"6k1/pp4p1/2r4p/2r5/3p1p2/1P1PB3/P1P1R1PP/4R2K","stockfishScores":{"bn":0.5274404761904762}},{"fenStr":"6k1/pp4p1/2r4p/2r5/5p2/1P1Pp3/P1P1R1PP/4R2K","stockfishScores":{"wn":0.48583333333333334}},{"fenStr":"6k1/pp4p1/2r4p/2r5/2P2p2/1P1Pp3/P3R1PP/4R2K","stockfishScores":{"bn":0.4892261904761905}},{"fenStr":"6k1/pp4p1/3r3p/2r5/2P2p2/1P1Pp3/P3R1PP/4R2K","stockfishScores":{"wn":0.48839285714285713}},{"fenStr":"6k1/pp4p1/3r3p/2r5/2P2p2/1P1Pp3/P3R1PP/3R3K","stockfishScores":{"bn":0.48791666666666667}},{"fenStr":"6k1/pp4p1/7p/2r5/2Pr1p2/1P1Pp3/P3R1PP/3R3K","stockfishScores":{"wn":0.48970238095238094}},{"fenStr":"6k1/pp4p1/7p/2r5/2Pr1p2/1P1Pp1P1/P3R2P/3R3K","stockfishScores":{"bn":0.4857738095238095}},{"fenStr":"6k1/pp6/7p/2r3p1/2Pr1p2/1P1Pp1P1/P3R2P/3R3K","stockfishScores":{"wn":0.48654761904761906}},{"fenStr":"6k1/pp6/7p/2r3p1/2Pr1p2/1P1Pp1P1/P3R1KP/3R4","stockfishScores":{"bn":0.49279761904761904}},{"fenStr":"8/pp3k2/7p/2r3p1/2Pr1p2/1P1Pp1P1/P3R1KP/3R4","stockfishScores":{"wn":0.4911309523809524}},{"fenStr":"8/pp3k2/7p/2r3p1/2Pr1p2/1P1PpKP1/P3R2P/3R4","stockfishScores":{"bn":0.49351190476190476}},{"fenStr":"8/pp6/5k1p/2r3p1/2Pr1p2/1P1PpKP1/P3R2P/3R4","stockfishScores":{"wn":0.4924404761904762}},{"fenStr":"8/pp6/5k1p/2r3p1/2Pr1p2/1P1PpKP1/P5RP/3R4","stockfishScores":{"bn":0.4907738095238095}},{"fenStr":"8/pp6/5k1p/4r1p1/2Pr1p2/1P1PpKP1/P5RP/3R4","stockfishScores":{"wn":0.48773809523809525}},{"fenStr":"8/pp6/5k1p/4r1p1/2Pr1p2/1P1Pp1P1/P3K1RP/3R4","stockfishScores":{"bn":0.4867261904761905}},{"fenStr":"8/pp6/4rk1p/6p1/2Pr1p2/1P1Pp1P1/P3K1RP/3R4","stockfishScores":{"wn":0.4878571428571429}},{"fenStr":"8/pp6/4rk1p/6p1/2Pr1p2/1P1Pp1P1/P3K1RP/6R1","stockfishScores":{"bn":0.48529761904761903}},{"fenStr":"8/pp6/r4k1p/6p1/2Pr1p2/1P1Pp1P1/P3K1RP/6R1","stockfishScores":{"wn":0.4841666666666667}},{"fenStr":"8/pp6/r4k1p/6p1/P1Pr1p2/1P1Pp1P1/4K1RP/6R1","stockfishScores":{"bn":0.4874404761904762}},{"fenStr":"8/pp6/r6p/5kp1/P1Pr1p2/1P1Pp1P1/4K1RP/6R1","stockfishScores":{"wn":0.48583333333333334}},{"fenStr":"8/pp6/r6p/5kp1/P1Pr1P2/1P1Pp3/4K1RP/6R1","stockfishScores":{"bn":0.5025595238095238}},{"fenStr":"8/pp6/r6p/5k2/P1Pr1p2/1P1Pp3/4K1RP/6R1","stockfishScores":{"wn":0.4936309523809524}},{"fenStr":"6R1/pp6/r6p/5k2/P1Pr1p2/1P1Pp3/4K2P/6R1","stockfishScores":{"bn":0.4969047619047619}},{"fenStr":"6R1/pp1r4/r6p/5k2/P1P2p2/1P1Pp3/4K2P/6R1","stockfishScores":{"wn":0.4992261904761905}},{"fenStr":"5R2/pp1r4/r6p/5k2/P1P2p2/1P1Pp3/4K2P/6R1","stockfishScores":{"bn":0.49654761904761907}},{"fenStr":"5R2/pp1r4/5r1p/5k2/P1P2p2/1P1Pp3/4K2P/6R1","stockfishScores":{"wn":0.49785714285714283}},{"fenStr":"4R3/pp1r4/5r1p/5k2/P1P2p2/1P1Pp3/4K2P/6R1","stockfishScores":{"bn":0.49565476190476193}},{"fenStr":"4R3/pp3r2/5r1p/5k2/P1P2p2/1P1Pp3/4K2P/6R1","stockfishScores":{"wn":0.4982142857142857}},{"fenStr":"4R3/pp3r2/5r1p/5k2/P1PP1p2/1P2p3/4K2P/6R1","stockfishScores":{"bn":0.5032142857142857}},{"fenStr":"4R3/pp3r2/1r5p/5k2/P1PP1p2/1P2p3/4K2P/6R1","stockfishScores":{"wn":0.5045238095238095}},{"fenStr":"8/pp3r2/1r5p/4Rk2/P1PP1p2/1P2p3/4K2P/6R1","stockfishScores":{"bn":0.4975}},{"fenStr":"8/pp3r2/1r3k1p/4R3/P1PP1p2/1P2p3/4K2P/6R1","stockfishScores":{"wn":0.5050595238095238}},{"fenStr":"8/pp3r2/1r3k1p/4R3/P1PP1pR1/1P2p3/4K2P/8","stockfishScores":{"bn":0.5057738095238096}},{"fenStr":"8/pp3r2/5k1p/4R3/P1PP1pR1/1r2p3/4K2P/8","stockfishScores":{"wn":0.49666666666666665}},{"fenStr":"8/pp3r2/5k1p/4R3/P1PP1R2/1r2p3/4K2P/8","stockfishScores":{"bn":0.5086904761904761}},{"fenStr":"8/pp3rk1/7p/4R3/P1PP1R2/1r2p3/4K2P/8","stockfishScores":{"wn":0.5061904761904762}},{"fenStr":"8/pp3Rk1/7p/4R3/P1PP4/1r2p3/4K2P/8","stockfishScores":{"bn":0.55375}},{"fenStr":"8/pp3k2/7p/4R3/P1PP4/1r2p3/4K2P/8","stockfishScores":{"wn":0.5090476190476191}},{"fenStr":"8/pp3k2/7p/1R6/P1PP4/1r2p3/4K2P/8","stockfishScores":{"bn":0.509702380952381}},{"fenStr":"8/pp3k2/7p/1R6/P1PP4/2r1p3/4K2P/8","stockfishScores":{"wn":0.50625}},{"fenStr":"8/pR3k2/7p/8/P1PP4/2r1p3/4K2P/8","stockfishScores":{"bn":0.5156547619047619}},{"fenStr":"8/pR6/5k1p/8/P1PP4/2r1p3/4K2P/8","stockfishScores":{"wn":0.5149404761904762}},{"fenStr":"8/R7/5k1p/8/P1PP4/2r1p3/4K2P/8","stockfishScores":{"bn":0.5201190476190476}},{"fenStr":"8/R7/7p/5k2/P1PP4/2r1p3/4K2P/8","stockfishScores":{"wn":0.5205952380952381}},{"fenStr":"8/4R3/7p/5k2/P1PP4/2r1p3/4K2P/8","stockfishScores":{"bn":0.520952380952381}},{"fenStr":"8/4R3/7p/8/P1PP1k2/2r1p3/4K2P/8","stockfishScores":{"wn":0.5202380952380953}},{"fenStr":"8/4R3/7p/2P5/P2P1k2/2r1p3/4K2P/8","stockfishScores":{"bn":0.5218452380952381}},{"fenStr":"8/4R3/7p/2P5/P2P1k2/4p3/2r1K2P/8","stockfishScores":{"wn":0.5207738095238095}},{"fenStr":"8/4R3/7p/2P5/P2P1k2/4p3/2r4P/3K4","stockfishScores":{"bn":0.5126785714285714}},{"fenStr":"8/4R3/7p/2P5/P2P1k2/4p3/3r3P/3K4","stockfishScores":{"wn":0.509702380952381}},{"fenStr":"8/4R3/7p/2P5/P2P1k2/4p3/3r3P/4K3","stockfishScores":{"bn":0.5102380952380953}},{"fenStr":"8/4R3/7p/2P5/P2P4/4pk2/3r3P/4K3","stockfishScores":{"wn":0.5110714285714286}},{"fenStr":"8/4R3/2P4p/8/P2P4/4pk2/3r3P/4K3","stockfishScores":{"bn":0.5175}},{"fenStr":"8/4R3/2P4p/8/P2P4/4pk2/2r4P/4K3","stockfishScores":{"wn":0.5136309523809524}},{"fenStr":"8/5R2/2P4p/8/P2P4/4pk2/2r4P/4K3","stockfishScores":{"bn":0.513095238095238}},{"fenStr":"8/5R2/2P4p/8/P2Pk3/4p3/2r4P/4K3","stockfishScores":{"wn":0.5054166666666666}},{"fenStr":"8/2P2R2/7p/8/P2Pk3/4p3/2r4P/4K3","stockfishScores":{"bn":0.511547619047619}},{"fenStr":"8/2P2R2/7p/8/P2P4/3kp3/2r4P/4K3","stockfishScores":{"wn":0.5164880952380952}},{"fenStr":"8/2P5/7p/8/P2P4/3kpR2/2r4P/4K3","stockfishScores":{"bn":0.5141666666666667}},{"fenStr":"8/2P5/7p/8/P2P4/3kpR2/7P/2r1K3","stockfishScores":{"wn":0.5172023809523809}}],"result":{"bw":true}}