{"fens":[{"fenStr":"rnbqkbnr/pppppppp/8/8/4P3/8/PPPP1PPP/RNBQKBNR","stockfishScores":{"bn":0.5049404761904762}},{"fenStr":"rnbqkbnr/pp1ppppp/8/2p5/4P3/8/PPPP1PPP/RNBQKBNR","stockfishScores":{"wn":0.5038095238095238}},{"fenStr":"rnbqkbnr/pp1ppppp/8/2p5/4P3/5N2/PPPP1PPP/RNBQKB1R","stockfishScores":{"bn":0.5058928571428571}},{"fenStr":"r1bqkbnr/pp1ppppp/2n5/2p5/4P3/5N2/PPPP1PPP/RNBQKB1R","stockfishScores":{"wn":0.5025}},{"fenStr":"r1bqkbnr/pp1ppppp/2n5/2p5/3PP3/5N2/PPP2PPP/RNBQKB1R","stockfishScores":{"bn":0.5116666666666667}},{"fenStr":"r1bqkbnr/pp1ppppp/2n5/8/3pP3/5N2/PPP2PPP/RNBQKB1R","stockfishScores":{"wn":0.4961309523809524}},{"fenStr":"r1bqkbnr/pp1ppppp/2n5/8/3NP3/8/PPP2PPP/RNBQKB1R","stockfishScores":{"bn":0.5067261904761905}},{"fenStr":"r1b1kbnr/ppqppppp/2n5/8/3NP3/8/PPP2PPP/RNBQKB1R","stockfishScores":{"wn":0.5066666666666667}},{"fenStr":"r1b1kbnr/ppqppppp/2n5/8/3NP3/2N5/PPP2PPP/R1BQKB1R","stockfishScores":{"bn":0.5095833333333334}},{"fenStr":"r1b1kbnr/ppqp1ppp/2n1p3/8/3NP3/2N5/PPP2PPP/R1BQKB1R","stockfishScores":{"wn":0.5054166666666666}},{"fenStr":"r1b1kbnr/ppqp1ppp/2n1p3/8/3NP3/2N1B3/PPP2PPP/R2QKB1R","stockfishScores":{"bn":0.5060119047619047}},{"fenStr":"r1b1kbnr/1pqp1ppp/p1n1p3/8/3NP3/2N1B3/PPP2PPP/R2QKB1R","stockfishScores":{"wn":0.505297619047619}},{"fenStr":"r1b1kbnr/1pqp1ppp/p1n1p3/8/3NP3/2N1B3/PPP1BPPP/R2QK2R","stockfishScores":{"bn":0.5044642857142857}},{"fenStr":"r1b1kb1r/1pqp1ppp/p1n1pn2/8/3NP3/2N1B3/PPP1BPPP/R2QK2R","stockfishScores":{"wn":0.501547619047619}},{"fenStr":"r1b1kb1r/1pqp1ppp/p1n1pn2/8/3NP3/2N1B3/PPP1BPPP/R2Q1RK1","stockfishScores":{"bn":0.5119642857142858}},{"fenStr":"r1b1k2r/1pqp1ppp/p1n1pn2/8/1b1NP3/2N1B3/PPP1BPPP/R2Q1RK1","stockfishScores":{"wn":0.5123214285714286}},{"fenStr":"r1b1k2r/1pqp1ppp/p1n1pn2/8/Nb1NP3/4B3/PPP1BPPP/R2Q1RK1","stockfishScores":{"bn":0.5093452380952381}},{"fenStr":"r1b2rk1/1pqp1ppp/p1n1pn2/8/Nb1NP3/4B3/PPP1BPPP/R2Q1RK1","stockfishScores":{"wn":0.5004761904761905}},{"fenStr":"r1b2rk1/1pqp1ppp/p1N1pn2/8/Nb2P3/4B3/PPP1BPPP/R2Q1RK1","stockfishScores":{"bn":0.5316666666666666}},{"fenStr":"r1b2rk1/2qp1ppp/p1p1pn2/8/Nb2P3/4B3/PPP1BPPP/R2Q1RK1","stockfishScores":{"wn":0.505}},{"fenStr":"r1b2rk1/2qp1ppp/p1p1pn2/8/NbP1P3/4B3/PP2BPPP/R2Q1RK1","stockfishScores":{"bn":0.5047619047619047}},{"fenStr":"r1b2rk1/2qpbppp/p1p1pn2/8/N1P1P3/4B3/PP2BPPP/R2Q1RK1","stockfishScores":{"wn":0.5041666666666667}},{"fenStr":"r1b2rk1/2qpbppp/p1p1pn2/8/N1P1P3/4BB2/PP3PPP/R2Q1RK1","stockfishScores":{"bn":0.5038095238095238}},{"fenStr":"1rb2rk1/2qpbppp/p1p1pn2/8/N1P1P3/4BB2/PP3PPP/R2Q1RK1","stockfishScores":{"wn":0.5038095238095238}},{"fenStr":"1rb2rk1/2qpbppp/p1p1pn2/2P5/N3P3/4BB2/PP3PPP/R2Q1RK1","stockfishScores":{"bn":0.5023809523809524}},{"fenStr":"1rbr2k1/2qpbppp/p1p1pn2/2P5/N3P3/4BB2/PP3PPP/R2Q1RK1","stockfishScores":{"wn":0.5018452380952381}},{"fenStr":"1rbr2k1/2qpbppp/p1p1pn2/2P5/N3P3/4BB2/PPQ2PPP/R4RK1","stockfishScores":{"bn":0.5033928571428572}},{"fenStr":"1rbr2k1/2qpbppp/2p1pn2/p1P5/N3P3/4BB2/PPQ2PPP/R4RK1","stockfishScores":{"wn":0.5039880952380953}},{"fenStr":"1rbr2k1/2qpbppp/2p1pn2/p1P5/N3P3/4BB2/PPQ2PPP/R2R2K1","stockfishScores":{"bn":0.5044642857142857}},{"fenStr":"1r1r2k1/2qpbppp/b1p1pn2/p1P5/N3P3/4BB2/PPQ2PPP/R2R2K1","stockfishScores":{"wn":0.5024404761904762}},{"fenStr":"1r1r2k1/2qpbppp/b1p1pn2/p1P5/N3P3/4BB2/PPQR1PPP/R5K1","stockfishScores":{"bn":0.5}},{"fenStr":"3r2k1/2qpbppp/b1p1pn2/p1P5/Nr2P3/4BB2/PPQR1PPP/R5K1","stockfishScores":{"wn":0.49773809523809526}},{"fenStr":"3r2k1/2qpbppp/bNp1pn2/p1P5/1r2P3/4BB2/PPQR1PPP/R5K1","stockfishScores":{"bn":0.5048809523809524}},{"fenStr":"3r2k1/2q1bppp/bNp1pn2/p1Pp4/1r2P3/4BB2/PPQR1PPP/R5K1","stockfishScores":{"wn":0.4980952380952381}},{"fenStr":"3r2k1/2q1bppp/bNp1pn2/p1Pp4/1r2P3/P3BB2/1PQR1PPP/R5K1","stockfishScores":{"bn":0.5001785714285715}},{"fenStr":"3r2k1/2q1bppp/bNp1pn2/p1Pp4/4r3/P3BB2/1PQR1PPP/R5K1","stockfishScores":{"wn":0.49202380952380953}},{"fenStr":"3r2k1/2q1bppp/bNp1pn2/p1Pp4/4B3/P3B3/1PQR1PPP/R5K1","stockfishScores":{"bn":0.5195833333333333}},{"fenStr":"3r2k1/2q1bppp/bNp1p3/p1Pp4/4n3/P3B3/1PQR1PPP/R5K1","stockfishScores":{"wn":0.4926785714285714}},{"fenStr":"3r2k1/2q1bppp/bNp1p3/p1Pp4/4n3/P3B3/1PQ2PPP/R2R2K1","stockfishScores":{"bn":0.4963690476190476}},{"fenStr":"3r2k1/2q1bppp/bNp1pn2/p1Pp4/8/P3B3/1PQ2PPP/R2R2K1","stockfishScores":{"wn":0.5014880952380952}},{"fenStr":"3r2k1/2q1bppp/bNp1pn2/p1Pp4/8/P3BP2/1PQ3PP/R2R2K1","stockfishScores":{"bn":0.5016666666666667}},{"fenStr":"3r2k1/2q1bppp/bNp2n2/p1Ppp3/8/P3BP2/1PQ3PP/R2R2K1","stockfishScores":{"wn":0.5020833333333333}},{"fenStr":"3r2k1/2q1bppp/bNp2n2/p1Ppp3/1P6/P3BP2/2Q3PP/R2R2K1","stockfishScores":{"bn":0.5050595238095238}},{"fenStr":"3r2k1/2q1bppp/bNp2n2/p1P1p3/1P1p4/P3BP2/2Q3PP/R2R2K1","stockfishScores":{"wn":0.49738095238095237}},{"fenStr":"3r2k1/2q1bppp/bNp2n2/p1P1p1B1/1P1p4/P4P2/2Q3PP/R2R2K1","stockfishScores":{"bn":0.5017857142857143}},{"fenStr":"3r2k1/2q1bpp1/bNp2n1p/p1P1p1B1/1P1p4/P4P2/2Q3PP/R2R2K1","stockfishScores":{"wn":0.4973214285714286}},{"fenStr":"3r2k1/2q1bpp1/bNp2n1p/p1P1p3/1P1p3B/P4P2/2Q3PP/R2R2K1","stockfishScores":{"bn":0.5004761904761905}},{"fenStr":"3r2k1/2q1bpp1/bNp4p/p1P1p2n/1P1p3B/P4P2/2Q3PP/R2R2K1","stockfishScores":{"wn":0.500297619047619}},{"fenStr":"3r2k1/2q1Bpp1/bNp4p/p1P1p2n/1P1p4/P4P2/2Q3PP/R2R2K1","stockfishScores":{"bn":0.5326785714285714}},{"fenStr":"3r2k1/4qpp1/bNp4p/p1P1p2n/1P1p4/P4P2/2Q3PP/R2R2K1","stockfishScores":{"wn":0.5057738095238096}},{"fenStr":"3r2k1/4qpp1/b1p4p/p1P1p2n/1PNp4/P4P2/2Q3PP/R2R2K1","stockfishScores":{"bn":0.5069642857142858}},{"fenStr":"3r2k1/5pp1/b1p4p/p1P1p1qn/1PNp4/P4P2/2Q3PP/R2R2K1","stockfishScores":{"wn":0.5072619047619048}},{"fenStr":"3r2k1/5pp1/b1pN3p/p1P1p1qn/1P1p4/P4P2/2Q3PP/R2R2K1","stockfishScores":{"bn":0.5006547619047619}},{"fenStr":"3r2k1/5pp1/b1pN3p/p1P1p1q1/1P1p1n2/P4P2/2Q3PP/R2R2K1","stockfishScores":{"wn":0.49416666666666664}},{"fenStr":"3r2k1/5pp1/b1p4p/p1P1p1q1/1P1pNn2/P4P2/2Q3PP/R2R2K1","stockfishScores":{"bn":0.4895833333333333}},{"fenStr":"3r2k1/5pp1/b1p3qp/p1P1p3/1P1pNn2/P4P2/2Q3PP/R2R2K1","stockfishScores":{"wn":0.48857142857142855}},{"fenStr":"3r2k1/5pp1/b1p3qp/p1P1p3/1P1pNn2/P4P2/3Q2PP/R2R2K1","stockfishScores":{"bn":0.4860714285714286}},{"fenStr":"3r2k1/5pp1/2p3qp/p1P1p3/1P1pNn2/P4P2/3Qb1PP/R2R2K1","stockfishScores":{"wn":0.47964285714285715}},{"fenStr":"3r2k1/5pp1/2p3qp/p1P1p3/1P1pNn2/P4P2/3Qb1PP/R3R1K1","stockfishScores":{"bn":0.48541666666666666}},{"fenStr":"3r2k1/5pp1/2p4p/p1P1p3/1P1pNn2/P4P2/3Qb1qP/R3R1K1","stockfishScores":{"wn":0.4577380952380952}}],"result":{"bw":true}}