{"fens":[{"fenStr":"rnbqkbnr/pppppppp/8/8/4P3/8/PPPP1PPP/RNBQKBNR","stockfishScores":{"bn":0.5049404761904762}},{"fenStr":"rnbqkbnr/pp1ppppp/8/2p5/4P3/8/PPPP1PPP/RNBQKBNR","stockfishScores":{"wn":0.5038095238095238}},{"fenStr":"rnbqkbnr/pp1ppppp/8/2p5/4P3/5N2/PPPP1PPP/RNBQKB1R","stockfishScores":{"bn":0.5058928571428571}},{"fenStr":"r1bqkbnr/pp1ppppp/2n5/2p5/4P3/5N2/PPPP1PPP/RNBQKB1R","stockfishScores":{"wn":0.5025}},{"fenStr":"r1bqkbnr/pp1ppppp/2n5/1Bp5/4P3/5N2/PPPP1PPP/RNBQK2R","stockfishScores":{"bn":0.5023809523809524}},{"fenStr":"r1bqkbnr/pp1ppp1p/2n3p1/1Bp5/4P3/5N2/PPPP1PPP/RNBQK2R","stockfishScores":{"wn":0.5014285714285714}},{"fenStr":"r1bqkbnr/pp1ppp1p/2B3p1/2p5/4P3/5N2/PPPP1PPP/RNBQK2R","stockfishScores":{"bn":0.5225}},{"fenStr":"r1bqkbnr/pp2pp1p/2p3p1/2p5/4P3/5N2/PPPP1PPP/RNBQK2R","stockfishScores":{"wn":0.49714285714285716}},{"fenStr":"r1bqkbnr/pp2pp1p/2p3p1/2p5/4P3/3P1N2/PPP2PPP/RNBQK2R","stockfishScores":{"bn":0.4986309523809524}},{"fenStr":"r1bqk1nr/pp2ppbp/2p3p1/2p5/4P3/3P1N2/PPP2PPP/RNBQK2R","stockfishScores":{"wn":0.49601190476190476}},{"fenStr":"r1bqk1nr/pp2ppbp/2p3p1/2p5/4P3/3P1N1P/PPP2PP1/RNBQK2R","stockfishScores":{"bn":0.49785714285714283}},{"fenStr":"r1bqk2r/pp2ppbp/2p2np1/2p5/4P3/3P1N1P/PPP2PP1/RNBQK2R","stockfishScores":{"wn":0.4974404761904762}},{"fenStr":"r1bqk2r/pp2ppbp/2p2np1/2p5/4P3/2NP1N1P/PPP2PP1/R1BQK2R","stockfishScores":{"bn":0.5035119047619048}},{"fenStr":"r1bqk2r/pp1nppbp/2p3p1/2p5/4P3/2NP1N1P/PPP2PP1/R1BQK2R","stockfishScores":{"wn":0.5005952380952381}},{"fenStr":"r1bqk2r/pp1nppbp/2p3p1/2p5/4P3/2NPBN1P/PPP2PP1/R2QK2R","stockfishScores":{"bn":0.5011904761904762}},{"fenStr":"r1bqk2r/pp1n1pbp/2p3p1/2p1p3/4P3/2NPBN1P/PPP2PP1/R2QK2R","stockfishScores":{"wn":0.5067857142857143}},{"fenStr":"r1bqk2r/pp1n1pbp/2p3p1/2p1p3/4P3/2NPBN1P/PPPQ1PP1/R3K2R","stockfishScores":{"bn":0.5054166666666666}},{"fenStr":"r1bqk2r/pp1n1pb1/2p3pp/2p1p3/4P3/2NPBN1P/PPPQ1PP1/R3K2R","stockfishScores":{"wn":0.5035119047619048}},{"fenStr":"r1bqk2r/pp1n1pb1/2p3pp/2p1p3/4P3/2NPB2P/PPPQ1PPN/R3K2R","stockfishScores":{"bn":0.49970238095238095}},{"fenStr":"r1b1k2r/pp1nqpb1/2p3pp/2p1p3/4P3/2NPB2P/PPPQ1PPN/R3K2R","stockfishScores":{"wn":0.5001785714285715}},{"fenStr":"r1b1k2r/pp1nqpb1/2p3pp/2p1p3/4P3/2NPB2P/PPPQ1PPN/R4RK1","stockfishScores":{"bn":0.5108928571428571}},{"fenStr":"r1b1kn1r/pp2qpb1/2p3pp/2p1p3/4P3/2NPB2P/PPPQ1PPN/R4RK1","stockfishScores":{"wn":0.5129166666666667}},{"fenStr":"r1b1kn1r/pp2qpb1/2p3pp/2p1p3/4PP2/2NPB2P/PPPQ2PN/R4RK1","stockfishScores":{"bn":0.5136309523809524}},{"fenStr":"r1b1kn1r/pp2qpb1/2p3pp/2p5/4Pp2/2NPB2P/PPPQ2PN/R4RK1","stockfishScores":{"wn":0.502797619047619}},{"fenStr":"r1b1kn1r/pp2qpb1/2p3pp/2p5/4PR2/2NPB2P/PPPQ2PN/R5K1","stockfishScores":{"bn":0.509702380952381}},{"fenStr":"r1b1k2r/pp2qpb1/2p1n1pp/2p5/4PR2/2NPB2P/PPPQ2PN/R5K1","stockfishScores":{"wn":0.5026190476190476}},{"fenStr":"r1b1k2r/pp2qpb1/2p1n1pp/2p5/4P3/2NPB2P/PPPQ1RPN/R5K1","stockfishScores":{"bn":0.5061309523809524}},{"fenStr":"r1b1k2r/pp2qpb1/2p3pp/2p5/3nP3/2NPB2P/PPPQ1RPN/R5K1","stockfishScores":{"wn":0.5101190476190476}},{"fenStr":"r1b1k2r/pp2qpb1/2p3pp/2p5/3nP3/2NPB2P/PPPQ1RPN/5RK1","stockfishScores":{"bn":0.5141071428571429}},{"fenStr":"r3k2r/pp2qpb1/2p1b1pp/2p5/3nP3/2NPB2P/PPPQ1RPN/5RK1","stockfishScores":{"wn":0.5143452380952381}},{"fenStr":"r3k2r/pp2qpb1/2p1b1pp/2p5/3nP1N1/2NPB2P/PPPQ1RP1/5RK1","stockfishScores":{"bn":0.5176785714285714}},{"fenStr":"2kr3r/pp2qpb1/2p1b1pp/2p5/3nP1N1/2NPB2P/PPPQ1RP1/5RK1","stockfishScores":{"wn":0.5054166666666666}},{"fenStr":"2kr3r/pp2qpb1/2p1b1pN/2p5/3nP3/2NPB2P/PPPQ1RP1/5RK1","stockfishScores":{"bn":0.501547619047619}},{"fenStr":"2k2r1r/pp2qpb1/2p1b1pN/2p5/3nP3/2NPB2P/PPPQ1RP1/5RK1","stockfishScores":{"wn":0.5041666666666667}},{"fenStr":"2k2r1r/pp2qpb1/2p1b1pN/2p5/3nP3/3PB2P/PPPQ1RP1/3N1RK1","stockfishScores":{"bn":0.4992857142857143}},{"fenStr":"2k2r1r/p3qpb1/1pp1b1pN/2p5/3nP3/3PB2P/PPPQ1RP1/3N1RK1","stockfishScores":{"wn":0.5004166666666666}},{"fenStr":"2k2r1r/p3qpb1/1pp1b1pN/2p5/3nP3/2PPB2P/PP1Q1RP1/3N1RK1","stockfishScores":{"bn":0.5035714285714286}},{"fenStr":"2k2r1r/p3qpb1/1pp1b1pN/1np5/4P3/2PPB2P/PP1Q1RP1/3N1RK1","stockfishScores":{"wn":0.5020833333333333}},{"fenStr":"2k2r1r/p3qpb1/1pp1b1p1/1np2N2/4P3/2PPB2P/PP1Q1RP1/3N1RK1","stockfishScores":{"bn":0.5124404761904762}},{"fenStr":"2k2r1r/p3qpb1/1pp1b3/1np2p2/4P3/2PPB2P/PP1Q1RP1/3N1RK1","stockfishScores":{"wn":0.4810714285714286}},{"fenStr":"2k2r1r/p3qpb1/1pp1b3/1np2P2/8/2PPB2P/PP1Q1RP1/3N1RK1","stockfishScores":{"bn":0.4875}},{"fenStr":"2k2r1r/p3qpb1/1pp5/1np2P2/8/2PPB2P/bP1Q1RP1/3N1RK1","stockfishScores":{"wn":0.4813095238095238}},{"fenStr":"2k2r1r/p3qpb1/1pp2P2/1np5/8/2PPB2P/bP1Q1RP1/3N1RK1","stockfishScores":{"bn":0.49404761904761907}},{"fenStr":"2k2r1r/p3qp2/1pp2b2/1np5/8/2PPB2P/bP1Q1RP1/3N1RK1","stockfishScores":{"wn":0.48041666666666666}},{"fenStr":"2k2r1r/p3qp2/1pp2R2/1np5/8/2PPB2P/bP1Q2P1/3N1RK1","stockfishScores":{"bn":0.5177380952380952}},{"fenStr":"2k2r1r/p3qp2/1pp1bR2/1np5/8/2PPB2P/1P1Q2P1/3N1RK1","stockfishScores":{"wn":0.5070833333333333}},{"fenStr":"2k2r1r/p3qp2/1pp1bR2/1np3B1/8/2PP3P/1P1Q2P1/3N1RK1","stockfishScores":{"bn":0.5088690476190476}},{"fenStr":"2k2r1r/p2q1p2/1pp1bR2/1np3B1/8/2PP3P/1P1Q2P1/3N1RK1","stockfishScores":{"wn":0.5079166666666667}},{"fenStr":"2k2r1r/p2q1p2/1pp1bR2/1np3B1/8/2PP3P/1P1Q1NP1/5RK1","stockfishScores":{"bn":0.5066666666666667}},{"fenStr":"5r1r/pk1q1p2/1pp1bR2/1np3B1/8/2PP3P/1P1Q1NP1/5RK1","stockfishScores":{"wn":0.5049404761904762}},{"fenStr":"5r1r/pk1q1p2/1pp1bR2/1np3B1/8/2PP3P/1P1Q1NP1/4R1K1","stockfishScores":{"bn":0.5054761904761905}},{"fenStr":"5r1r/pknq1p2/1pp1bR2/2p3B1/8/2PP3P/1P1Q1NP1/4R1K1","stockfishScores":{"wn":0.5040476190476191}},{"fenStr":"5r1r/pknq1p2/1pp1bR2/2p3B1/2P5/3P3P/1P1Q1NP1/4R1K1","stockfishScores":{"bn":0.5045238095238095}},{"fenStr":"4nr1r/pk1q1p2/1pp1bR2/2p3B1/2P5/3P3P/1P1Q1NP1/4R1K1","stockfishScores":{"wn":0.5055952380952381}},{"fenStr":"4nr1r/pk1q1p2/1pp1b3/2p3B1/2P5/3P1R1P/1P1Q1NP1/4R1K1","stockfishScores":{"bn":0.5063095238095238}},{"fenStr":"5r1r/pk1q1p2/1ppnb3/2p3B1/2P5/3P1R1P/1P1Q1NP1/4R1K1","stockfishScores":{"wn":0.5038690476190476}},{"fenStr":"5r1r/pk1q1p2/1ppnb3/2p3B1/2P2Q2/3P1R1P/1P3NP1/4R1K1","stockfishScores":{"bn":0.5039880952380953}},{"fenStr":"5r1r/pk1q1p2/1pp1b3/2p2nB1/2P2Q2/3P1R1P/1P3NP1/4R1K1","stockfishScores":{"wn":0.5061309523809524}},{"fenStr":"5r1r/pk1q1p2/1pp1bB2/2p2n2/2P2Q2/3P1R1P/1P3NP1/4R1K1","stockfishScores":{"bn":0.5083333333333333}},{"fenStr":"5rr1/pk1q1p2/1pp1bB2/2p2n2/2P2Q2/3P1R1P/1P3NP1/4R1K1","stockfishScores":{"wn":0.5059523809523809}},{"fenStr":"5rr1/pk1q1p2/1pp1bB2/2p2n2/2P2Q2/3P1R1P/1P3NPK/4R3","stockfishScores":{"bn":0.5032142857142857}},{"fenStr":"5r2/pk1q1p2/1pp1bBr1/2p2n2/2P2Q2/3P1R1P/1P3NPK/4R3","stockfishScores":{"wn":0.5010119047619047}},{"fenStr":"5r2/pk1q1p2/1pp1bBr1/2p2n2/2P1NQ2/3P1R1P/1P4PK/4R3","stockfishScores":{"bn":0.5053571428571428}},{"fenStr":"5r2/1k1q1p2/1pp1bBr1/p1p2n2/2P1NQ2/3P1R1P/1P4PK/4R3","stockfishScores":{"wn":0.5067261904761905}},{"fenStr":"5r2/1k1q1p2/1pp1bBr1/p1p2n2/2P1NQP1/3P1R1P/1P5K/4R3","stockfishScores":{"bn":0.5107142857142857}},{"fenStr":"5r2/1k1q1p2/1pp1bBr1/p1p5/2PnNQP1/3P1R1P/1P5K/4R3","stockfishScores":{"wn":0.5098809523809524}},{"fenStr":"5r2/1k1q1p2/1pp1b1r1/p1p5/2PBNQP1/3P1R1P/1P5K/4R3","stockfishScores":{"bn":0.5348214285714286}},{"fenStr":"5r2/1k1q1p2/1pp1b1r1/p7/2PpNQP1/3P1R1P/1P5K/4R3","stockfishScores":{"wn":0.5138095238095238}},{"fenStr":"5r2/1k1q1p2/1pp1bNr1/p7/2Pp1QP1/3P1R1P/1P5K/4R3","stockfishScores":{"bn":0.5082142857142857}},{"fenStr":"5r2/1kq2p2/1pp1bNr1/p7/2Pp1QP1/3P1R1P/1P5K/4R3","stockfishScores":{"wn":0.5016666666666667}},{"fenStr":"5r2/1kq2p2/1pp1bNr1/p3R3/2Pp1QP1/3P1R1P/1P5K/8","stockfishScores":{"bn":0.5060714285714286}},{"fenStr":"5r2/1kq2p2/1pp2Nr1/p3R3/2bp1QP1/3P1R1P/1P5K/8","stockfishScores":{"wn":0.5053571428571428}},{"fenStr":"5r2/1kq2p2/1pp2Nr1/p3R3/2Pp1QP1/5R1P/1P5K/8","stockfishScores":{"bn":0.5267261904761905}},{"fenStr":"5r2/1kq2p2/1pp2r2/p3R3/2Pp1QP1/5R1P/1P5K/8","stockfishScores":{"wn":0.4967857142857143}},{"fenStr":"5r2/1kq2p2/1pp2Q2/p3R3/2Pp2P1/5R1P/1P5K/8","stockfishScores":{"bn":0.5305357142857143}},{"fenStr":"4r3/1kq2p2/1pp2Q2/p3R3/2Pp2P1/5R1P/1P5K/8","stockfishScores":{"wn":0.5297619047619048}},{"fenStr":"4r3/1kq2p2/1pp2Q2/p3RR2/2Pp2P1/7P/1P5K/8","stockfishScores":{"bn":0.5261904761904762}},{"fenStr":"4r3/1kq2p2/1pp2Q2/p3RR2/2P3P1/3p3P/1P5K/8","stockfishScores":{"wn":0.520952380952381}},{"fenStr":"4r3/1kq2p2/1pp2Q2/p3RR2/2P3P1/3p3P/1P4K1/8","stockfishScores":{"bn":0.53}},{"fenStr":"8/1kq2p2/1pp2Q2/p3rR2/2P3P1/3p3P/1P4K1/8","stockfishScores":{"wn":0.49005952380952383}},{"fenStr":"8/1kq2p2/1pp2Q2/p3R3/2P3P1/3p3P/1P4K1/8","stockfishScores":{"bn":0.531547619047619}},{"fenStr":"8/1kq2p2/1pp2Q2/p3R3/2P3P1/7P/1P1p2K1/8","stockfishScores":{"wn":0.5239880952380952}},{"fenStr":"8/1kq1Rp2/1pp2Q2/p7/2P3P1/7P/1P1p2K1/8","stockfishScores":{"bn":0.5276785714285714}},{"fenStr":"8/1kq1Rp2/1pp2Q2/p7/2P3P1/7P/1P4K1/3q4","stockfishScores":{"wn":0.46476190476190476}},{"fenStr":"8/1kR2p2/1pp2Q2/p7/2P3P1/7P/1P4K1/3q4","stockfishScores":{"bn":0.5439880952380952}},{"fenStr":"8/2k2p2/1pp2Q2/p7/2P3P1/7P/1P4K1/3q4","stockfishScores":{"wn":0.5011309523809524}},{"fenStr":"8/2k2Q2/1pp5/p7/2P3P1/7P/1P4K1/3q4","stockfishScores":{"bn":0.507797619047619}},{"fenStr":"8/5Q2/1ppk4/p7/2P3P1/7P/1P4K1/3q4","stockfishScores":{"wn":0.5117857142857143}},{"fenStr":"8/8/1ppk1Q2/p7/2P3P1/7P/1P4K1/3q4","stockfishScores":{"bn":0.5099404761904762}},{"fenStr":"8/3k4/1pp2Q2/p7/2P3P1/7P/1P4K1/3q4","stockfishScores":{"wn":0.5132738095238095}},{"fenStr":"8/3k4/1pp5/p4Q2/2P3P1/7P/1P4K1/3q4","stockfishScores":{"bn":0.50875}},{"fenStr":"8/8/1ppk4/p4Q2/2P3P1/7P/1P4K1/3q4","stockfishScores":{"wn":0.5119047619047619}},{"fenStr":"8/8/1ppk4/p7/2P3P1/7P/1P3QK1/3q4","stockfishScores":{"bn":0.5104166666666666}},{"fenStr":"8/8/2pk4/pp6/2P3P1/7P/1P3QK1/3q4","stockfishScores":{"wn":0.511547619047619}},{"fenStr":"8/8/2pk4/pp6/2P2QP1/7P/1P4K1/3q4","stockfishScores":{"bn":0.5083928571428571}},{"fenStr":"8/3k4/2p5/pp6/2P2QP1/7P/1P4K1/3q4","stockfishScores":{"wn":0.5107142857142857}},{"fenStr":"8/3k4/2p5/pp3Q2/2P3P1/7P/1P4K1/3q4","stockfishScores":{"bn":0.5079761904761905}},{"fenStr":"3k4/8/2p5/pp3Q2/2P3P1/7P/1P4K1/3q4","stockfishScores":{"wn":0.5113690476190477}},{"fenStr":"3k4/8/2p5/pP3Q2/6P1/7P/1P4K1/3q4","stockfishScores":{"bn":0.5244642857142857}},{"fenStr":"3k4/8/2p5/pP3Q2/6P1/7P/1P2q1K1/8","stockfishScores":{"wn":0.5270833333333333}},{"fenStr":"3k4/8/2p5/pP6/6P1/7P/1P2qQK1/8","stockfishScores":{"bn":0.5111309523809524}},{"fenStr":"3k4/8/2p5/pq6/6P1/7P/1P3QK1/8","stockfishScores":{"wn":0.5075595238095238}},{"fenStr":"3k1Q2/8/2p5/pq6/6P1/7P/1P4K1/8","stockfishScores":{"bn":0.5092857142857143}},{"fenStr":"5Q2/2k5/2p5/pq6/6P1/7P/1P4K1/8","stockfishScores":{"wn":0.5095833333333334}},{"fenStr":"8/2k5/2p5/pq6/5QP1/7P/1P4K1/8","stockfishScores":{"bn":0.5100595238095238}},{"fenStr":"3k4/8/2p5/pq6/5QP1/7P/1P4K1/8","stockfishScores":{"wn":0.511547619047619}},{"fenStr":"3k4/8/2p5/pq6/6P1/7P/1P1Q2K1/8","stockfishScores":{"bn":0.5117261904761905}},{"fenStr":"8/4k3/2p5/pq6/6P1/7P/1P1Q2K1/8","stockfishScores":{"wn":0.5119047619047619}},{"fenStr":"8/4k3/2p5/pq6/6PP/8/1P1Q2K1/8","stockfishScores":{"bn":0.5119642857142858}},{"fenStr":"8/4k3/2p5/p7/2q3PP/8/1P1Q2K1/8","stockfishScores":{"wn":0.5124404761904762}},{"fenStr":"8/4k3/2p5/p7/2q3PP/5K2/1P1Q4/8","stockfishScores":{"bn":0.5138095238095238}},{"fenStr":"8/4k3/2p5/p7/6PP/5K2/1P1Q4/5q2","stockfishScores":{"wn":0.5180357142857143}},{"fenStr":"8/4k3/2p5/p7/6PP/5K2/1P3Q2/5q2","stockfishScores":{"bn":0.5061904761904762}},{"fenStr":"8/4k3/2p5/p7/6PP/5K2/1P3Q2/7q","stockfishScores":{"wn":0.5129166666666667}},{"fenStr":"8/4k3/2p5/p7/5KPP/8/1P3Q2/7q","stockfishScores":{"bn":0.511547619047619}},{"fenStr":"8/4k3/2p5/p2q4/5KPP/8/1P3Q2/8","stockfishScores":{"wn":0.5064880952380952}},{"fenStr":"8/4k3/2p5/p2q4/5KPP/8/1P2Q3/8","stockfishScores":{"bn":0.5101785714285715}},{"fenStr":"8/5k2/2p5/p2q4/5KPP/8/1P2Q3/8","stockfishScores":{"wn":0.5102380952380953}},{"fenStr":"8/5k2/2p5/p2q2P1/5K1P/8/1P2Q3/8","stockfishScores":{"bn":0.5139285714285714}},{"fenStr":"8/5k2/8/p1pq2P1/5K1P/8/1P2Q3/8","stockfishScores":{"wn":0.5155952380952381}},{"fenStr":"8/5k2/8/p1pq2PQ/5K1P/8/1P6/8","stockfishScores":{"bn":0.5088095238095238}},{"fenStr":"8/4k3/8/p1pq2PQ/5K1P/8/1P6/8","stockfishScores":{"wn":0.5110714285714286}},{"fenStr":"8/4k2Q/8/p1pq2P1/5K1P/8/1P6/8","stockfishScores":{"bn":0.5133333333333333}},{"fenStr":"8/7Q/3k4/p1pq2P1/5K1P/8/1P6/8","stockfishScores":{"wn":0.5167261904761905}},{"fenStr":"8/8/3k2Q1/p1pq2P1/5K1P/8/1P6/8","stockfishScores":{"bn":0.5111904761904762}},{"fenStr":"8/2k5/6Q1/p1pq2P1/5K1P/8/1P6/8","stockfishScores":{"wn":0.5149404761904762}},{"fenStr":"8/2k3Q1/8/p1pq2P1/5K1P/8/1P6/8","stockfishScores":{"bn":0.5140476190476191}},{"fenStr":"8/6Q1/1k6/p1pq2P1/5K1P/8/1P6/8","stockfishScores":{"wn":0.5169642857142858}},{"fenStr":"8/8/1k3Q2/p1pq2P1/5K1P/8/1P6/8","stockfishScores":{"bn":0.5148214285714285}},{"fenStr":"8/8/5Q2/pkpq2P1/5K1P/8/1P6/8","stockfishScores":{"wn":0.51625}},{"fenStr":"8/8/5QP1/pkpq4/5K1P/8/1P6/8","stockfishScores":{"bn":0.5179761904761905}},{"fenStr":"8/8/5QP1/1kpq4/p4K1P/8/1P6/8","stockfishScores":{"wn":0.5190476190476191}},{"fenStr":"8/6P1/5Q2/1kpq4/p4K1P/8/1P6/8","stockfishScores":{"bn":0.5186904761904761}},{"fenStr":"8/6P1/5Q2/1kpq4/5K1P/p7/1P6/8","stockfishScores":{"wn":0.5048809523809524}},{"fenStr":"8/6P1/5Q2/1kpq4/5K1P/P7/8/8","stockfishScores":{"bn":0.5245238095238095}},{"fenStr":"8/6P1/5Q2/2pq4/k4K1P/P7/8/8","stockfishScores":{"wn":0.5239880952380952}},{"fenStr":"8/6P1/5Q2/2pq4/k5KP/P7/8/8","stockfishScores":{"bn":0.5252380952380953}},{"fenStr":"8/6P1/5Q2/3q4/k1p3KP/P7/8/8","stockfishScores":{"wn":0.5263095238095238}},{"fenStr":"8/6P1/5Q2/3q3P/k1p3K1/P7/8/8","stockfishScores":{"bn":0.5307142857142857}},{"fenStr":"6q1/6P1/5Q2/7P/k1p3K1/P7/8/8","stockfishScores":{"wn":0.5375595238095238}},{"fenStr":"5Qq1/6P1/8/7P/k1p3K1/P7/8/8","stockfishScores":{"bn":0.535}},{"fenStr":"5Q2/6P1/4q3/7P/k1p3K1/P7/8/8","stockfishScores":{"wn":0.5290476190476191}},{"fenStr":"5Q2/6P1/4q3/6KP/k1p5/P7/8/8","stockfishScores":{"bn":0.5288690476190476}},{"fenStr":"5Q2/6P1/4q3/6KP/k7/P1p5/8/8","stockfishScores":{"wn":0.5226190476190476}},{"fenStr":"8/6P1/4q3/6KP/kQ6/P1p5/8/8","stockfishScores":{"bn":0.5207738095238095}}],"result":{"ww":true}}