{"fens":[{"fenStr":"rnbqkbnr/pppppppp/8/8/3P4/8/PPP1PPPP/RNBQKBNR","stockfishScores":{"bn":0.5048809523809524}},{"fenStr":"rnbqkb1r/pppppppp/5n2/8/3P4/8/PPP1PPPP/RNBQKBNR","stockfishScores":{"wn":0.5016071428571428}},{"fenStr":"rnbqkb1r/pppppppp/5n2/8/3P4/5N2/PPP1PPPP/RNBQKB1R","stockfishScores":{"bn":0.5051785714285715}},{"fenStr":"rnbqkb1r/pppp1ppp/4pn2/8/3P4/5N2/PPP1PPPP/RNBQKB1R","stockfishScores":{"wn":0.5017857142857143}},{"fenStr":"rnbqkb1r/pppp1ppp/4pn2/6B1/3P4/5N2/PPP1PPPP/RN1QKB1R","stockfishScores":{"bn":0.5035119047619048}},{"fenStr":"rnbqkb1r/pp1p1ppp/4pn2/2p3B1/3P4/5N2/PPP1PPPP/RN1QKB1R","stockfishScores":{"wn":0.5025595238095238}},{"fenStr":"rnbqkb1r/pp1p1ppp/4pn2/2p3B1/3P4/4PN2/PPP2PPP/RN1QKB1R","stockfishScores":{"bn":0.505297619047619}},{"fenStr":"r1bqkb1r/pp1p1ppp/2n1pn2/2p3B1/3P4/4PN2/PPP2PPP/RN1QKB1R","stockfishScores":{"wn":0.5023809523809524}},{"fenStr":"r1bqkb1r/pp1p1ppp/2n1pn2/2p3B1/3P4/4PN2/PPPN1PPP/R2QKB1R","stockfishScores":{"bn":0.5051785714285715}},{"fenStr":"r1bqkb1r/p2p1ppp/1pn1pn2/2p3B1/3P4/4PN2/PPPN1PPP/R2QKB1R","stockfishScores":{"wn":0.5044642857142857}},{"fenStr":"r1bqkb1r/p2p1ppp/1pn1pn2/2p3B1/3P4/2P1PN2/PP1N1PPP/R2QKB1R","stockfishScores":{"bn":0.5061309523809524}},{"fenStr":"r2qkb1r/pb1p1ppp/1pn1pn2/2p3B1/3P4/2P1PN2/PP1N1PPP/R2QKB1R","stockfishScores":{"wn":0.5041071428571429}},{"fenStr":"r2qkb1r/pb1p1ppp/1pn1pn2/2p3B1/3P4/2PBPN2/PP1N1PPP/R2QK2R","stockfishScores":{"bn":0.5039285714285714}},{"fenStr":"r2qk2r/pb1pbppp/1pn1pn2/2p3B1/3P4/2PBPN2/PP1N1PPP/R2QK2R","stockfishScores":{"wn":0.5032142857142857}},{"fenStr":"r2qk2r/pb1pbppp/1pn1pn2/2p3B1/3P4/P1PBPN2/1P1N1PPP/R2QK2R","stockfishScores":{"bn":0.5023809523809524}},{"fenStr":"r2q1rk1/pb1pbppp/1pn1pn2/2p3B1/3P4/P1PBPN2/1P1N1PPP/R2QK2R","stockfishScores":{"wn":0.49404761904761907}},{"fenStr":"r2q1rk1/pb1pbppp/1pn1pn2/2p3B1/3P4/P1PBPN2/1P1NQPPP/R3K2R","stockfishScores":{"bn":0.49220238095238095}},{"fenStr":"1r1q1rk1/pb1pbppp/1pn1pn2/2p3B1/3P4/P1PBPN2/1P1NQPPP/R3K2R","stockfishScores":{"wn":0.493452380952381}},{"fenStr":"1r1q1rk1/pb1pbppp/1pn1pn2/2p5/3P1B2/P1PBPN2/1P1NQPPP/R3K2R","stockfishScores":{"bn":0.49470238095238095}},{"fenStr":"1r1q1rk1/pb2bppp/1pnppn2/2p5/3P1B2/P1PBPN2/1P1NQPPP/R3K2R","stockfishScores":{"wn":0.49089285714285713}},{"fenStr":"1r1q1rk1/pb2bppp/1pnppn2/2p5/3P1B2/P1PBPN1P/1P1NQPP1/R3K2R","stockfishScores":{"bn":0.4928571428571429}},{"fenStr":"1r1qr1k1/pb2bppp/1pnppn2/2p5/3P1B2/P1PBPN1P/1P1NQPP1/R3K2R","stockfishScores":{"wn":0.49410714285714286}},{"fenStr":"1r1qr1k1/pb2bppp/1pnppn2/2p5/3P1BP1/P1PBPN1P/1P1NQP2/R3K2R","stockfishScores":{"bn":0.4955357142857143}},{"fenStr":"1r1qrbk1/pb3ppp/1pnppn2/2p5/3P1BP1/P1PBPN1P/1P1NQP2/R3K2R","stockfishScores":{"wn":0.4976785714285714}},{"fenStr":"1r1qrbk1/pb3ppp/1pnppn2/2p3B1/3P2P1/P1PBPN1P/1P1NQP2/R3K2R","stockfishScores":{"bn":0.49666666666666665}},{"fenStr":"1r1qr1k1/pb2bppp/1pnppn2/2p3B1/3P2P1/P1PBPN1P/1P1NQP2/R3K2R","stockfishScores":{"wn":0.49547619047619046}},{"fenStr":"1r1qr1k1/pb2bppp/1pnppn2/2p3B1/3P2P1/P1PBPN1P/1P1NQP2/R3K1R1","stockfishScores":{"bn":0.4967857142857143}},{"fenStr":"1r1qr1k1/pb2bppp/1pnppn2/6B1/3p2P1/P1PBPN1P/1P1NQP2/R3K1R1","stockfishScores":{"wn":0.49125}},{"fenStr":"1r1qr1k1/pb2bppp/1pnppn2/6B1/3P2P1/P1PB1N1P/1P1NQP2/R3K1R1","stockfishScores":{"bn":0.49970238095238095}},{"fenStr":"1r1qr1k1/pb2bppp/1pnpp3/3n2B1/3P2P1/P1PB1N1P/1P1NQP2/R3K1R1","stockfishScores":{"wn":0.4981547619047619}},{"fenStr":"1r1qr1k1/pb2bppp/1pnpp3/3n4/3P2P1/P1PBBN1P/1P1NQP2/R3K1R1","stockfishScores":{"bn":0.49357142857142855}},{"fenStr":"1r1qr1k1/pb2bppp/1pnpp3/8/3P2P1/P1PBnN1P/1P1NQP2/R3K1R1","stockfishScores":{"wn":0.4711309523809524}},{"fenStr":"1r1qr1k1/pb2bppp/1pnpp3/8/3P2P1/P1PBPN1P/1P1NQ3/R3K1R1","stockfishScores":{"bn":0.49452380952380953}},{"fenStr":"1r1qr1k1/pb2bppp/1pn1p3/3p4/3P2P1/P1PBPN1P/1P1NQ3/R3K1R1","stockfishScores":{"wn":0.4930952380952381}},{"fenStr":"1r1qr1k1/pb2bppp/1pn1p3/3p4/3PP1P1/P1PB1N1P/1P1NQ3/R3K1R1","stockfishScores":{"bn":0.49101190476190476}},{"fenStr":"1r1qr1k1/pb2bppp/1pn5/3pp3/3PP1P1/P1PB1N1P/1P1NQ3/R3K1R1","stockfishScores":{"wn":0.49214285714285716}},{"fenStr":"1r1qr1k1/pb2bppp/1pn5/3Pp3/3P2P1/P1PB1N1P/1P1NQ3/R3K1R1","stockfishScores":{"bn":0.5005952380952381}},{"fenStr":"1r1qr1k1/pb3ppp/1pn5/3Pp3/3P2Pb/P1PB1N1P/1P1NQ3/R3K1R1","stockfishScores":{"wn":0.5004761904761905}},{"fenStr":"1r1qr1k1/pb3ppp/1pn5/3Pp3/3P2Pb/P1PB1N1P/1P1NQ3/R4KR1","stockfishScores":{"bn":0.50125}},{"fenStr":"1r1qr1k1/pb3ppp/1pn5/3P4/3p2Pb/P1PB1N1P/1P1NQ3/R4KR1","stockfishScores":{"wn":0.48178571428571426}},{"fenStr":"1r1qr1k1/pb3ppp/1pn5/3P4/3pN1Pb/P1PB1N1P/1P2Q3/R4KR1","stockfishScores":{"bn":0.4930952380952381}},{"fenStr":"1r1qr1k1/pb3ppp/1p6/3Pn3/3pN1Pb/P1PB1N1P/1P2Q3/R4KR1","stockfishScores":{"wn":0.4875}},{"fenStr":"1r1qr1k1/pb3ppp/1p6/3PN3/3pN1Pb/P1PB3P/1P2Q3/R4KR1","stockfishScores":{"bn":0.5176190476190476}},{"fenStr":"1r1q2k1/pb3ppp/1p6/3Pr3/3pN1Pb/P1PB3P/1P2Q3/R4KR1","stockfishScores":{"wn":0.49291666666666667}},{"fenStr":"1r1q2k1/pb3ppp/1p6/3Pr1P1/3pN2b/P1PB3P/1P2Q3/R4KR1","stockfishScores":{"bn":0.48220238095238094}},{"fenStr":"1r1q2k1/pb3ppp/1p6/3Pr1b1/3pN3/P1PB3P/1P2Q3/R4KR1","stockfishScores":{"wn":0.4832738095238095}},{"fenStr":"1r1q2k1/pb3ppp/1p6/3Pr1R1/3pN3/P1PB3P/1P2Q3/R4K2","stockfishScores":{"bn":0.5179761904761905}},{"fenStr":"1r1q2k1/pb3ppp/1p6/3P2r1/3pN3/P1PB3P/1P2Q3/R4K2","stockfishScores":{"wn":0.4744642857142857}},{"fenStr":"1r1q2k1/pb3ppp/1p6/3P2N1/3p4/P1PB3P/1P2Q3/R4K2","stockfishScores":{"bn":0.5208333333333334}},{"fenStr":"1r4k1/pb3ppp/1p6/3P2q1/3p4/P1PB3P/1P2Q3/R4K2","stockfishScores":{"wn":0.4874404761904762}},{"fenStr":"1r4k1/pb3ppp/1p6/3P2q1/3p4/P1PB3P/1P2Q3/4RK2","stockfishScores":{"bn":0.49404761904761907}},{"fenStr":"1r4k1/pb3p1p/1p4p1/3P2q1/3p4/P1PB3P/1P2Q3/4RK2","stockfishScores":{"wn":0.49279761904761904}},{"fenStr":"1r4k1/pb3p1p/1p4p1/3P2q1/3p4/P1PB3P/1P3Q2/4RK2","stockfishScores":{"bn":0.5000595238095238}},{"fenStr":"1r4k1/pb3p1p/1p4p1/3q4/3p4/P1PB3P/1P3Q2/4RK2","stockfishScores":{"wn":0.4814880952380952}},{"fenStr":"1r4k1/pb3p1p/1p4p1/3q4/3p4/P1PBQ2P/1P6/4RK2","stockfishScores":{"bn":0.47267857142857145}},{"fenStr":"1r4k1/pb3p1p/1p4p1/8/3p4/P1PBQ2P/1P4q1/4RK2","stockfishScores":{"wn":0.4807142857142857}}],"result":{"bw":true}}