{"fens":[{"fenStr":"rnbqkbnr/pppppppp/8/8/4P3/8/PPPP1PPP/RNBQKBNR","stockfishScores":{"bn":0.5049404761904762}},{"fenStr":"rnbqkbnr/pp1ppppp/8/2p5/4P3/8/PPPP1PPP/RNBQKBNR","stockfishScores":{"wn":0.5038095238095238}},{"fenStr":"rnbqkbnr/pp1ppppp/8/2p5/4P3/2N5/PPPP1PPP/R1BQKBNR","stockfishScores":{"bn":0.5063095238095238}},{"fenStr":"r1bqkbnr/pp1ppppp/2n5/2p5/4P3/2N5/PPPP1PPP/R1BQKBNR","stockfishScores":{"wn":0.5029761904761905}},{"fenStr":"r1bqkbnr/pp1ppppp/2n5/2p5/4PP2/2N5/PPPP2PP/R1BQKBNR","stockfishScores":{"bn":0.5027380952380952}},{"fenStr":"r1bqkbnr/pp1ppp1p/2n3p1/2p5/4PP2/2N5/PPPP2PP/R1BQKBNR","stockfishScores":{"wn":0.5013690476190477}},{"fenStr":"r1bqkbnr/pp1ppp1p/2n3p1/2p5/4PP2/2N2N2/PPPP2PP/R1BQKB1R","stockfishScores":{"bn":0.5049404761904762}},{"fenStr":"r1bqk1nr/pp1pppbp/2n3p1/2p5/4PP2/2N2N2/PPPP2PP/R1BQKB1R","stockfishScores":{"wn":0.5011309523809524}},{"fenStr":"r1bqk1nr/pp1pppbp/2n3p1/1Bp5/4PP2/2N2N2/PPPP2PP/R1BQK2R","stockfishScores":{"bn":0.5014880952380952}},{"fenStr":"r1bqk1nr/pp1p1pbp/2n1p1p1/1Bp5/4PP2/2N2N2/PPPP2PP/R1BQK2R","stockfishScores":{"wn":0.5000595238095238}},{"fenStr":"r1bqk1nr/pp1p1pbp/2B1p1p1/2p5/4PP2/2N2N2/PPPP2PP/R1BQK2R","stockfishScores":{"bn":0.5208333333333334}},{"fenStr":"r1bqk1nr/p2p1pbp/2p1p1p1/2p5/4PP2/2N2N2/PPPP2PP/R1BQK2R","stockfishScores":{"wn":0.49773809523809526}},{"fenStr":"r1bqk1nr/p2p1pbp/2p1p1p1/2p5/4PP2/2NP1N2/PPP3PP/R1BQK2R","stockfishScores":{"bn":0.5014285714285714}},{"fenStr":"r1bqk2r/p2pnpbp/2p1p1p1/2p5/4PP2/2NP1N2/PPP3PP/R1BQK2R","stockfishScores":{"wn":0.4980357142857143}},{"fenStr":"r1bqk2r/p2pnpbp/2p1p1p1/2p5/4PP2/2NP1N2/PPP3PP/R1BQ1RK1","stockfishScores":{"bn":0.5092857142857143}},{"fenStr":"r1bqk2r/p3npbp/2ppp1p1/2p5/4PP2/2NP1N2/PPP3PP/R1BQ1RK1","stockfishScores":{"wn":0.5088690476190476}},{"fenStr":"r1bqk2r/p3npbp/2ppp1p1/2p5/4PP2/2NP1N2/PPP3PP/R1B1QRK1","stockfishScores":{"bn":0.5086904761904761}},{"fenStr":"r1bqk2r/4npbp/2ppp1p1/p1p5/4PP2/2NP1N2/PPP3PP/R1B1QRK1","stockfishScores":{"wn":0.5095238095238095}},{"fenStr":"r1bqk2r/4npbp/2ppp1p1/p1p5/4PP2/2NP1N2/PPPB2PP/R3QRK1","stockfishScores":{"bn":0.51}},{"fenStr":"r1bqk2r/4npbp/2ppp1p1/2p5/p3PP2/2NP1N2/PPPB2PP/R3QRK1","stockfishScores":{"wn":0.5105952380952381}},{"fenStr":"r1bqk2r/4npbp/2ppp1p1/2p5/p3PP2/2NP1N2/PPPB2PP/R3QR1K","stockfishScores":{"bn":0.5085119047619048}},{"fenStr":"r1bqk2r/4npbp/2ppp1p1/2p5/4PP2/p1NP1N2/PPPB2PP/R3QR1K","stockfishScores":{"wn":0.5081547619047619}},{"fenStr":"r1bqk2r/4npbp/2ppp1p1/2p5/4PP2/pPNP1N2/P1PB2PP/R3QR1K","stockfishScores":{"bn":0.5092261904761904}},{"fenStr":"r1bq1rk1/4npbp/2ppp1p1/2p5/4PP2/pPNP1N2/P1PB2PP/R3QR1K","stockfishScores":{"wn":0.501547619047619}},{"fenStr":"r1bq1rk1/4npbp/2ppp1p1/2p5/4PP2/pPNP1N2/P1PB1QPP/R4R1K","stockfishScores":{"bn":0.4998214285714286}},{"fenStr":"r1bqr1k1/4npbp/2ppp1p1/2p5/4PP2/pPNP1N2/P1PB1QPP/R4R1K","stockfishScores":{"wn":0.5006547619047619}},{"fenStr":"r1bqr1k1/4npbp/2ppp1p1/2p5/4PP2/pPNP1N2/P1PB1QPP/4RR1K","stockfishScores":{"bn":0.5007142857142857}},{"fenStr":"r2qr1k1/4npbp/b1ppp1p1/2p5/4PP2/pPNP1N2/P1PB1QPP/4RR1K","stockfishScores":{"wn":0.5016071428571428}},{"fenStr":"r2qr1k1/4npbp/b1ppp1p1/2p1P3/5P2/pPNP1N2/P1PB1QPP/4RR1K","stockfishScores":{"bn":0.5052380952380953}},{"fenStr":"r2qr1k1/5pbp/b1ppp1p1/2pnP3/5P2/pPNP1N2/P1PB1QPP/4RR1K","stockfishScores":{"wn":0.5047619047619047}},{"fenStr":"r2qr1k1/5pbp/b1ppp1p1/2pnP3/4NP2/pP1P1N2/P1PB1QPP/4RR1K","stockfishScores":{"bn":0.5074404761904762}},{"fenStr":"r2qr1k1/5pbp/b1p1p1p1/2pnp3/4NP2/pP1P1N2/P1PB1QPP/4RR1K","stockfishScores":{"wn":0.5020833333333333}},{"fenStr":"r2qr1k1/5pbp/b1p1p1p1/2pnP3/4N3/pP1P1N2/P1PB1QPP/4RR1K","stockfishScores":{"bn":0.5113690476190477}},{"fenStr":"r3r1k1/2q2pbp/b1p1p1p1/2pnP3/4N3/pP1P1N2/P1PB1QPP/4RR1K","stockfishScores":{"wn":0.5104761904761905}},{"fenStr":"r3r1k1/2q2pbp/b1p1p1p1/2QnP3/4N3/pP1P1N2/P1PB2PP/4RR1K","stockfishScores":{"bn":0.518095238095238}},{"fenStr":"r2r2k1/2q2pbp/b1p1p1p1/2QnP3/4N3/pP1P1N2/P1PB2PP/4RR1K","stockfishScores":{"wn":0.5169047619047619}},{"fenStr":"r2r2k1/2q2pbp/b1p1p1p1/2QnP1B1/4N3/pP1P1N2/P1P3PP/4RR1K","stockfishScores":{"bn":0.5159523809523809}},{"fenStr":"r5k1/2qr1pbp/b1p1p1p1/2QnP1B1/4N3/pP1P1N2/P1P3PP/4RR1K","stockfishScores":{"wn":0.5161904761904762}},{"fenStr":"r5k1/2qr1pbp/b1p1p1p1/3nP1B1/4N3/QP1P1N2/P1P3PP/4RR1K","stockfishScores":{"bn":0.5170833333333333}},{"fenStr":"r5k1/2qr1pb1/b1p1p1pp/3nP1B1/4N3/QP1P1N2/P1P3PP/4RR1K","stockfishScores":{"wn":0.514702380952381}},{"fenStr":"r5k1/2qr1pb1/b1p1p1pp/3nP3/4N3/QP1P1N2/P1PB2PP/4RR1K","stockfishScores":{"bn":0.5186309523809524}},{"fenStr":"r4bk1/2qr1p2/b1p1p1pp/3nP3/4N3/QP1P1N2/P1PB2PP/4RR1K","stockfishScores":{"wn":0.5138095238095238}},{"fenStr":"r4bk1/2qr1p2/b1p1p1pp/3nP3/4N3/1P1P1N2/P1PB2PP/2Q1RR1K","stockfishScores":{"bn":0.5160119047619047}},{"fenStr":"r4bk1/1bqr1p2/2p1p1pp/3nP3/4N3/1P1P1N2/P1PB2PP/2Q1RR1K","stockfishScores":{"wn":0.5124404761904762}},{"fenStr":"r4bk1/1bqr1p2/2p1p1pp/3nP3/2P1N3/1P1P1N2/P2B2PP/2Q1RR1K","stockfishScores":{"bn":0.5163095238095238}},{"fenStr":"r4bk1/1bqr1p2/2p1p1pp/4P3/1nP1N3/1P1P1N2/P2B2PP/2Q1RR1K","stockfishScores":{"wn":0.5273809523809524}},{"fenStr":"r4bk1/1bqr1p2/2p1p1pp/4P3/1BP1N3/1P1P1N2/P5PP/2Q1RR1K","stockfishScores":{"bn":0.5524404761904762}},{"fenStr":"r5k1/1bqr1p2/2p1p1pp/4P3/1bP1N3/1P1P1N2/P5PP/2Q1RR1K","stockfishScores":{"wn":0.5205952380952381}},{"fenStr":"r5k1/1bqr1p2/2p1p1pQ/4P3/1bP1N3/1P1P1N2/P5PP/4RR1K","stockfishScores":{"bn":0.5395238095238095}},{"fenStr":"r5k1/1bqr4/2p1p1pQ/4Pp2/1bP1N3/1P1P1N2/P5PP/4RR1K","stockfishScores":{"wn":0.5551785714285714}},{"fenStr":"r5k1/1bqr4/2p1pNpQ/4Pp2/1bP5/1P1P1N2/P5PP/4RR1K","stockfishScores":{"bn":0.5426190476190477}},{"fenStr":"r7/1bqr1k2/2p1pNpQ/4Pp2/1bP5/1P1P1N2/P5PP/4RR1K","stockfishScores":{"wn":0.5663690476190476}},{"fenStr":"r7/1bqr1k2/2p1pNpQ/4PpN1/1bP5/1P1P4/P5PP/4RR1K","stockfishScores":{"bn":0.5600595238095238}},{"fenStr":"r7/1bqrk3/2p1pNpQ/4PpN1/1bP5/1P1P4/P5PP/4RR1K","stockfishScores":{"wn":0.5668452380952381}},{"fenStr":"r7/1bqrk1Q1/2p1pNp1/4PpN1/1bP5/1P1P4/P5PP/4RR1K","stockfishScores":{"bn":0.5708928571428571}},{"fenStr":"r2k4/1bqr2Q1/2p1pNp1/4PpN1/1bP5/1P1P4/P5PP/4RR1K","stockfishScores":{"wn":0.574047619047619}},{"fenStr":"r2k2Q1/1bqr4/2p1pNp1/4PpN1/1bP5/1P1P4/P5PP/4RR1K","stockfishScores":{"bn":0.5727380952380953}},{"fenStr":"r5Q1/1bqrk3/2p1pNp1/4PpN1/1bP5/1P1P4/P5PP/4RR1K","stockfishScores":{"wn":0.5639880952380952}},{"fenStr":"r7/1bqrkQ2/2p1pNp1/4PpN1/1bP5/1P1P4/P5PP/4RR1K","stockfishScores":{"bn":0.5717261904761904}},{"fenStr":"r2k4/1bqr1Q2/2p1pNp1/4PpN1/1bP5/1P1P4/P5PP/4RR1K","stockfishScores":{"wn":0.5780952380952381}},{"fenStr":"r2kQ3/1bqr4/2p1pNp1/4PpN1/1bP5/1P1P4/P5PP/4RR1K","stockfishScores":{"bn":0.5511309523809523}}],"result":{"ww":true}}