{"fens":[{"fenStr":"rnbqkbnr/pppppppp/8/8/3P4/8/PPP1PPPP/RNBQKBNR","stockfishScores":{"bn":0.5048809523809524}},{"fenStr":"rnbqkbnr/ppp1pppp/8/3p4/3P4/8/PPP1PPPP/RNBQKBNR","stockfishScores":{"wn":0.5005952380952381}},{"fenStr":"rnbqkbnr/ppp1pppp/8/3p4/3P4/5N2/PPP1PPPP/RNBQKB1R","stockfishScores":{"bn":0.5038690476190476}},{"fenStr":"rn1qkbnr/ppp1pppp/8/3p1b2/3P4/5N2/PPP1PPPP/RNBQKB1R","stockfishScores":{"wn":0.5036309523809523}},{"fenStr":"rn1qkbnr/ppp1pppp/8/3p1b2/2PP4/5N2/PP2PPPP/RNBQKB1R","stockfishScores":{"bn":0.5028571428571429}},{"fenStr":"rn1qkbnr/pp2pppp/2p5/3p1b2/2PP4/5N2/PP2PPPP/RNBQKB1R","stockfishScores":{"wn":0.49654761904761907}},{"fenStr":"rn1qkbnr/pp2pppp/2p5/3p1b2/2PP4/2N2N2/PP2PPPP/R1BQKB1R","stockfishScores":{"bn":0.5043452380952381}},{"fenStr":"rn1qkbnr/pp3ppp/2p1p3/3p1b2/2PP4/2N2N2/PP2PPPP/R1BQKB1R","stockfishScores":{"wn":0.5029761904761905}},{"fenStr":"rn1qkbnr/pp3ppp/2p1p3/3p1b2/2PP4/1QN2N2/PP2PPPP/R1B1KB1R","stockfishScores":{"bn":0.5057142857142857}},{"fenStr":"rn2kbnr/pp3ppp/1qp1p3/3p1b2/2PP4/1QN2N2/PP2PPPP/R1B1KB1R","stockfishScores":{"wn":0.5054761904761905}},{"fenStr":"rn2kbnr/pp3ppp/1qp1p3/2Pp1b2/3P4/1QN2N2/PP2PPPP/R1B1KB1R","stockfishScores":{"bn":0.5100595238095238}},{"fenStr":"rn2kbnr/ppq2ppp/2p1p3/2Pp1b2/3P4/1QN2N2/PP2PPPP/R1B1KB1R","stockfishScores":{"wn":0.5058928571428571}},{"fenStr":"rn2kbnr/ppq2ppp/2p1p3/2Pp1b2/3P1B2/1QN2N2/PP2PPPP/R3KB1R","stockfishScores":{"bn":0.5126785714285714}},{"fenStr":"rnq1kbnr/pp3ppp/2p1p3/2Pp1b2/3P1B2/1QN2N2/PP2PPPP/R3KB1R","stockfishScores":{"wn":0.5104166666666666}},{"fenStr":"rnq1kbnr/pp3ppp/2p1p3/2Pp1b2/3P1B1N/1QN5/PP2PPPP/R3KB1R","stockfishScores":{"bn":0.5093452380952381}},{"fenStr":"rnq1kb1r/pp2nppp/2p1p3/2Pp1b2/3P1B1N/1QN5/PP2PPPP/R3KB1R","stockfishScores":{"wn":0.5060714285714286}},{"fenStr":"rnq1kb1r/pp2nppp/2p1p3/2Pp1N2/3P1B2/1QN5/PP2PPPP/R3KB1R","stockfishScores":{"bn":0.544404761904762}},{"fenStr":"rnq1kb1r/pp3ppp/2p1p3/2Pp1n2/3P1B2/1QN5/PP2PPPP/R3KB1R","stockfishScores":{"wn":0.5059523809523809}},{"fenStr":"rnq1kb1r/pp3ppp/2p1p3/2Pp1n2/3PPB2/1QN5/PP3PPP/R3KB1R","stockfishScores":{"bn":0.51375}},{"fenStr":"rnq1kb1r/pp2nppp/2p1p3/2Pp4/3PPB2/1QN5/PP3PPP/R3KB1R","stockfishScores":{"wn":0.5133928571428571}},{"fenStr":"rnq1kb1r/pp2nppp/2p1p3/2Pp4/3PPB2/1QN5/PP3PPP/3RKB1R","stockfishScores":{"bn":0.513452380952381}},{"fenStr":"r1q1kb1r/pp1nnppp/2p1p3/2Pp4/3PPB2/1QN5/PP3PPP/3RKB1R","stockfishScores":{"wn":0.5101190476190476}},{"fenStr":"r1q1kb1r/pp1nnppp/2pBp3/2Pp4/3PP3/1QN5/PP3PPP/3RKB1R","stockfishScores":{"bn":0.5107142857142857}},{"fenStr":"r1q1kb1r/pp1n1ppp/2pBp1n1/2Pp4/3PP3/1QN5/PP3PPP/3RKB1R","stockfishScores":{"wn":0.5080357142857143}},{"fenStr":"r1q1kB1r/pp1n1ppp/2p1p1n1/2Pp4/3PP3/1QN5/PP3PPP/3RKB1R","stockfishScores":{"bn":0.5232142857142857}},{"fenStr":"r1q1kn1r/pp1n1ppp/2p1p3/2Pp4/3PP3/1QN5/PP3PPP/3RKB1R","stockfishScores":{"wn":0.5064285714285715}},{"fenStr":"r1q1kn1r/pp1n1ppp/2p1p3/2Pp4/3PPP2/1QN5/PP4PP/3RKB1R","stockfishScores":{"bn":0.5044047619047619}},{"fenStr":"r3kn1r/ppqn1ppp/2p1p3/2Pp4/3PPP2/1QN5/PP4PP/3RKB1R","stockfishScores":{"wn":0.5026190476190476}},{"fenStr":"r3kn1r/ppqn1ppp/2p1p3/2Pp4/3PPP2/1QN3P1/PP5P/3RKB1R","stockfishScores":{"bn":0.5052380952380953}},{"fenStr":"r3kn1r/ppq2ppp/2p1pn2/2Pp4/3PPP2/1QN3P1/PP5P/3RKB1R","stockfishScores":{"wn":0.5058333333333334}},{"fenStr":"r3kn1r/ppq2ppp/2p1pn2/2PpP3/3P1P2/1QN3P1/PP5P/3RKB1R","stockfishScores":{"bn":0.5078571428571429}},{"fenStr":"r3knnr/ppq2ppp/2p1p3/2PpP3/3P1P2/1QN3P1/PP5P/3RKB1R","stockfishScores":{"wn":0.5105357142857143}},{"fenStr":"r3knnr/ppq2ppp/2p1p3/2PpP3/Q2P1P2/2N3P1/PP5P/3RKB1R","stockfishScores":{"bn":0.5070833333333333}},{"fenStr":"r3k1nr/ppqn1ppp/2p1p3/2PpP3/Q2P1P2/2N3P1/PP5P/3RKB1R","stockfishScores":{"wn":0.5058928571428571}},{"fenStr":"r3k1nr/ppqn1ppp/2p1p3/2PpP3/Q2P1P2/2NB2P1/PP5P/3RK2R","stockfishScores":{"bn":0.5063095238095238}},{"fenStr":"r3k2r/ppqnnppp/2p1p3/2PpP3/Q2P1P2/2NB2P1/PP5P/3RK2R","stockfishScores":{"wn":0.5022619047619048}},{"fenStr":"r3k2r/ppqnnppp/2p1p3/2PpP3/Q2P1P2/2NB2P1/PP5P/3R1RK1","stockfishScores":{"bn":0.5133928571428571}},{"fenStr":"r3k2r/ppqnn1pp/2p1p3/2PpPp2/Q2P1P2/2NB2P1/PP5P/3R1RK1","stockfishScores":{"wn":0.5156547619047619}},{"fenStr":"r3k2r/ppqnn1pp/2p1pP2/2Pp4/Q2P1P2/2NB2P1/PP5P/3R1RK1","stockfishScores":{"bn":0.5303571428571429}},{"fenStr":"r3k2r/ppqnn2p/2p1pp2/2Pp4/Q2P1P2/2NB2P1/PP5P/3R1RK1","stockfishScores":{"wn":0.5130357142857143}},{"fenStr":"r3k2r/ppqnn2p/2p1pp2/2Pp4/Q2P1P2/2NB2P1/PP5P/4RRK1","stockfishScores":{"bn":0.5167857142857143}},{"fenStr":"r3k2r/ppqnn2p/2p2p2/2Ppp3/Q2P1P2/2NB2P1/PP5P/4RRK1","stockfishScores":{"wn":0.5122023809523809}},{"fenStr":"r3k2r/ppqnn2p/2p2p2/2PpP3/Q2P4/2NB2P1/PP5P/4RRK1","stockfishScores":{"bn":0.5308333333333334}},{"fenStr":"r3k2r/ppqnn2p/2p5/2Ppp3/Q2P4/2NB2P1/PP5P/4RRK1","stockfishScores":{"wn":0.5202976190476191}},{"fenStr":"r3k2r/ppqnn2p/2p5/2Ppp3/3P4/2NB2P1/PP5P/3QRRK1","stockfishScores":{"bn":0.5325595238095238}},{"fenStr":"2kr3r/ppqnn2p/2p5/2Ppp3/3P4/2NB2P1/PP5P/3QRRK1","stockfishScores":{"wn":0.506547619047619}},{"fenStr":"2kr3r/ppqnnR1p/2p5/2Ppp3/3P4/2NB2P1/PP5P/3QR1K1","stockfishScores":{"bn":0.5103571428571428}},{"fenStr":"2kr3r/ppqn1R1p/2p3n1/2Ppp3/3P4/2NB2P1/PP5P/3QR1K1","stockfishScores":{"wn":0.5126785714285714}},{"fenStr":"2kr3r/ppqn1R1p/2p3B1/2Ppp3/3P4/2N3P1/PP5P/3QR1K1","stockfishScores":{"bn":0.5316071428571428}},{"fenStr":"2kr3r/ppqn1R2/2p3p1/2Ppp3/3P4/2N3P1/PP5P/3QR1K1","stockfishScores":{"wn":0.5044642857142857}},{"fenStr":"2kr3r/ppqn1R2/2p3p1/2PpP3/8/2N3P1/PP5P/3QR1K1","stockfishScores":{"bn":0.5097619047619047}},{"fenStr":"2kr3r/pp1n1R2/2p3p1/q1PpP3/8/2N3P1/PP5P/3QR1K1","stockfishScores":{"wn":0.5033333333333333}},{"fenStr":"2kr3r/pp1n1R2/2p1P1p1/q1Pp4/8/2N3P1/PP5P/3QR1K1","stockfishScores":{"bn":0.5157142857142857}},{"fenStr":"2kr3r/pp1n1R2/2p1P1p1/2qp4/8/2N3P1/PP5P/3QR1K1","stockfishScores":{"wn":0.5117261904761905}},{"fenStr":"2kr3r/pp1n1R2/2p1P1p1/2qp4/8/2N3P1/PP4KP/3QR3","stockfishScores":{"bn":0.5091071428571429}},{"fenStr":"2kr3r/pp3R2/1np1P1p1/2qp4/8/2N3P1/PP4KP/3QR3","stockfishScores":{"wn":0.5060714285714286}},{"fenStr":"2kr3r/pp3R2/1np1P1p1/2qp4/6Q1/2N3P1/PP4KP/4R3","stockfishScores":{"bn":0.51375}},{"fenStr":"2k1r2r/pp3R2/1np1P1p1/2qp4/6Q1/2N3P1/PP4KP/4R3","stockfishScores":{"wn":0.5133333333333333}},{"fenStr":"2k1r2r/pp3R2/1np1P1p1/2qp2Q1/8/2N3P1/PP4KP/4R3","stockfishScores":{"bn":0.5070238095238095}},{"fenStr":"2k1r2r/pp3R2/2p1P1p1/2qp2Q1/2n5/2N3P1/PP4KP/4R3","stockfishScores":{"wn":0.5048214285714285}},{"fenStr":"2k1r2r/pp3R2/2p1P1p1/2qp2Q1/2n4P/2N3P1/PP4K1/4R3","stockfishScores":{"bn":0.509702380952381}},{"fenStr":"2k1r2r/pp3R2/2pnP1p1/2qp2Q1/7P/2N3P1/PP4K1/4R3","stockfishScores":{"wn":0.5055952380952381}},{"fenStr":"2k1r2r/pp3R2/2pnPQp1/2qp4/7P/2N3P1/PP4K1/4R3","stockfishScores":{"bn":0.5061309523809524}},{"fenStr":"2k1r2r/pp3R2/2pnPQp1/2q5/3p3P/2N3P1/PP4K1/4R3","stockfishScores":{"wn":0.506547619047619}},{"fenStr":"2k1r2r/pp3R2/2pnPQp1/2q1R3/3p3P/2N3P1/PP4K1/8","stockfishScores":{"bn":0.5078571428571429}},{"fenStr":"2k1r2r/pp3R2/2pnPQp1/4R3/2qp3P/2N3P1/PP4K1/8","stockfishScores":{"wn":0.5033333333333333}},{"fenStr":"2k1r2r/pp3R2/2pnPQp1/4R3/2qpN2P/6P1/PP4K1/8","stockfishScores":{"bn":0.5260119047619047}},{"fenStr":"2k1r2r/pp3R2/2p1PQp1/4R3/2qpn2P/6P1/PP4K1/8","stockfishScores":{"wn":0.4704761904761905}},{"fenStr":"2k1r2r/pp3R2/2p1PQp1/8/2qpR2P/6P1/PP4K1/8","stockfishScores":{"bn":0.50875}},{"fenStr":"2k1r2r/pp3R2/2p1PQp1/8/3pR2P/6P1/PPq3K1/8","stockfishScores":{"wn":0.5074404761904762}},{"fenStr":"2k1r2r/pp3R2/2p1PQp1/8/3pR2P/5KP1/PPq5/8","stockfishScores":{"bn":0.4988095238095238}},{"fenStr":"2k1r2r/pp3R2/2p1PQp1/8/3pR2P/5KP1/PP6/3q4","stockfishScores":{"wn":0.50875}},{"fenStr":"2k1r2r/pp3R2/2p1PQp1/8/3pR2P/6P1/PP3K2/3q4","stockfishScores":{"bn":0.5027380952380952}},{"fenStr":"2k1r2r/pp3R2/2p1PQp1/8/4R2P/3p2P1/PP3K2/3q4","stockfishScores":{"wn":0.4976785714285714}},{"fenStr":"2k1r2r/pp3R2/2p1P1p1/4Q3/4R2P/3p2P1/PP3K2/3q4","stockfishScores":{"bn":0.5286904761904762}},{"fenStr":"2k1r2r/pp3R2/2p1P1p1/4Q3/4R2P/3p2P1/PP1q1K2/8","stockfishScores":{"wn":0.5466071428571428}},{"fenStr":"2k1r2r/pp3R2/2p1P1p1/4Q3/4R2P/3p2P1/PP1q4/6K1","stockfishScores":{"bn":0.5382738095238095}},{"fenStr":"2k1r2r/pp3R2/2p1P1p1/4Q3/4R2P/3p2P1/PP6/2q3K1","stockfishScores":{"wn":0.5352976190476191}},{"fenStr":"2k1r2r/pp3R2/2p1P1p1/4Q3/7P/3p2P1/PP6/2q1R1K1","stockfishScores":{"bn":0.54125}},{"fenStr":"2k1r2r/pp3R2/2p1P1p1/4Q3/7P/6P1/PP1p4/2q1R1K1","stockfishScores":{"wn":0.5342261904761905}},{"fenStr":"2k1r2r/ppQ2R2/2p1P1p1/8/7P/6P1/PP1p4/2q1R1K1","stockfishScores":{"bn":0.5123809523809524}}],"result":{"ww":true}}