{"fens":[{"fenStr":"rnbqkbnr/pppppppp/8/8/4P3/8/PPPP1PPP/RNBQKBNR","stockfishScores":{"bn":0.5049404761904762}},{"fenStr":"rnbqkbnr/pp1ppppp/8/2p5/4P3/8/PPPP1PPP/RNBQKBNR","stockfishScores":{"wn":0.5038095238095238}},{"fenStr":"rnbqkbnr/pp1ppppp/8/2p5/4P3/5N2/PPPP1PPP/RNBQKB1R","stockfishScores":{"bn":0.5058928571428571}},{"fenStr":"r1bqkbnr/pp1ppppp/2n5/2p5/4P3/5N2/PPPP1PPP/RNBQKB1R","stockfishScores":{"wn":0.5025}},{"fenStr":"r1bqkbnr/pp1ppppp/2n5/2p5/3PP3/5N2/PPP2PPP/RNBQKB1R","stockfishScores":{"bn":0.5116666666666667}},{"fenStr":"r1bqkbnr/pp1ppppp/2n5/8/3pP3/5N2/PPP2PPP/RNBQKB1R","stockfishScores":{"wn":0.4961309523809524}},{"fenStr":"r1bqkbnr/pp1ppppp/2n5/8/3NP3/8/PPP2PPP/RNBQKB1R","stockfishScores":{"bn":0.5067261904761905}},{"fenStr":"r1bqkbnr/pp2pppp/2np4/8/3NP3/8/PPP2PPP/RNBQKB1R","stockfishScores":{"wn":0.5044642857142857}},{"fenStr":"r1bqkbnr/pp2pppp/2np4/8/3NP3/2N5/PPP2PPP/R1BQKB1R","stockfishScores":{"bn":0.5068452380952381}},{"fenStr":"r1bqkbnr/pp2pp1p/2np2p1/8/3NP3/2N5/PPP2PPP/R1BQKB1R","stockfishScores":{"wn":0.5056547619047619}},{"fenStr":"r1bqkbnr/pp2pp1p/2np2p1/8/2BNP3/2N5/PPP2PPP/R1BQK2R","stockfishScores":{"bn":0.5095238095238095}},{"fenStr":"r1bqk1nr/pp2ppbp/2np2p1/8/2BNP3/2N5/PPP2PPP/R1BQK2R","stockfishScores":{"wn":0.5053571428571428}},{"fenStr":"r1bqk1nr/pp2ppbp/2np2p1/8/2BNP3/2N1B3/PPP2PPP/R2QK2R","stockfishScores":{"bn":0.5057142857142857}},{"fenStr":"r1bqk2r/pp2ppbp/2np1np1/8/2BNP3/2N1B3/PPP2PPP/R2QK2R","stockfishScores":{"wn":0.5031547619047619}},{"fenStr":"r1bqk2r/pp2ppbp/2np1np1/8/2BNP3/2N1BP2/PPP3PP/R2QK2R","stockfishScores":{"bn":0.505297619047619}},{"fenStr":"r1b1k2r/pp2ppbp/2np1np1/q7/2BNP3/2N1BP2/PPP3PP/R2QK2R","stockfishScores":{"wn":0.5022619047619048}},{"fenStr":"r1b1k2r/pp2ppbp/2np1np1/q7/2BNP3/2N1BP2/PPP3PP/R2Q1RK1","stockfishScores":{"bn":0.5173214285714286}},{"fenStr":"r1b2rk1/pp2ppbp/2np1np1/q7/2BNP3/2N1BP2/PPP3PP/R2Q1RK1","stockfishScores":{"wn":0.5061904761904762}},{"fenStr":"r1b2rk1/pp2ppbp/2np1np1/q7/3NP3/1BN1BP2/PPP3PP/R2Q1RK1","stockfishScores":{"bn":0.5059523809523809}},{"fenStr":"r4rk1/pp1bppbp/2np1np1/q7/3NP3/1BN1BP2/PPP3PP/R2Q1RK1","stockfishScores":{"wn":0.5046428571428572}},{"fenStr":"r4rk1/pp1bppbp/2np1np1/q7/3NP3/1BN1BP2/PPPQ2PP/R4RK1","stockfishScores":{"bn":0.5041666666666667}},{"fenStr":"r1r3k1/pp1bppbp/2np1np1/q7/3NP3/1BN1BP2/PPPQ2PP/R4RK1","stockfishScores":{"wn":0.5055357142857143}},{"fenStr":"r1r3k1/pp1bppbp/2np1np1/q7/3NP3/1BN1BP2/PPPQ2PP/3R1RK1","stockfishScores":{"bn":0.5047619047619047}},{"fenStr":"r1r3k1/pp1bppbp/3p1np1/q3n3/3NP3/1BN1BP2/PPPQ2PP/3R1RK1","stockfishScores":{"wn":0.5033928571428572}},{"fenStr":"r1r3k1/pp1bppbp/3p1npB/q3n3/3NP3/1BN2P2/PPPQ2PP/3R1RK1","stockfishScores":{"bn":0.5036904761904762}},{"fenStr":"r1r3kb/pp1bpp1p/3p1npB/q3n3/3NP3/1BN2P2/PPPQ2PP/3R1RK1","stockfishScores":{"wn":0.5098809523809524}},{"fenStr":"r1r3kb/pp1bpp1p/3p1npB/q2Nn3/3NP3/1B3P2/PPPQ2PP/3R1RK1","stockfishScores":{"bn":0.5226190476190476}},{"fenStr":"r1rq2kb/pp1bpp1p/3p1npB/3Nn3/3NP3/1B3P2/PPPQ2PP/3R1RK1","stockfishScores":{"wn":0.5102380952380953}},{"fenStr":"r1rq2kb/pp1bpp1p/3p1np1/3Nn1B1/3NP3/1B3P2/PPPQ2PP/3R1RK1","stockfishScores":{"bn":0.5073809523809524}},{"fenStr":"r1rq2kb/pp1bpp1p/3p2p1/3nn1B1/3NP3/1B3P2/PPPQ2PP/3R1RK1","stockfishScores":{"wn":0.48625}},{"fenStr":"r1rq2kb/pp1bpp1p/3p2p1/3Pn1B1/3N4/1B3P2/PPPQ2PP/3R1RK1","stockfishScores":{"bn":0.5044047619047619}},{"fenStr":"r1rq2kb/1p1bpp1p/3p2p1/p2Pn1B1/3N4/1B3P2/PPPQ2PP/3R1RK1","stockfishScores":{"wn":0.5041071428571429}},{"fenStr":"r1rq2kb/1p1bpp1p/3p2p1/p2Pn1B1/3N1P2/1B6/PPPQ2PP/3R1RK1","stockfishScores":{"bn":0.5061309523809524}},{"fenStr":"r1rq2kb/1p1bpp1p/3p2p1/p2P2B1/3N1Pn1/1B6/PPPQ2PP/3R1RK1","stockfishScores":{"wn":0.500297619047619}},{"fenStr":"r1rq2kb/1p1bpp1p/3p2p1/p2P2B1/P2N1Pn1/1B6/1PPQ2PP/3R1RK1","stockfishScores":{"bn":0.5016071428571428}},{"fenStr":"r1r3kb/1p1bpp1p/1q1p2p1/p2P2B1/P2N1Pn1/1B6/1PPQ2PP/3R1RK1","stockfishScores":{"wn":0.4968452380952381}},{"fenStr":"r1r3kb/1p1bpp1p/1q1p2p1/p2P2B1/P2N1Pn1/1B6/1PPQ2PP/3RR1K1","stockfishScores":{"bn":0.4974404761904762}},{"fenStr":"r1r3kb/1p2pp1p/1q1p2p1/p2P2B1/b2N1Pn1/1B6/1PPQ2PP/3RR1K1","stockfishScores":{"wn":0.49851190476190477}},{"fenStr":"r1r3kb/1p2pp1p/1q1p2p1/p2P2B1/B2N1Pn1/8/1PPQ2PP/3RR1K1","stockfishScores":{"bn":0.5206547619047619}},{"fenStr":"r5kb/1p2pp1p/1q1p2p1/p2P2B1/B1rN1Pn1/8/1PPQ2PP/3RR1K1","stockfishScores":{"wn":0.5154761904761904}},{"fenStr":"r5kb/1p2pp1p/1q1p2p1/p2P2B1/B1rN1Pn1/2P5/1P1Q2PP/3RR1K1","stockfishScores":{"bn":0.5236309523809524}},{"fenStr":"r5kb/1p2pp1p/1q1p2p1/p2P2B1/r2N1Pn1/2P5/1P1Q2PP/3RR1K1","stockfishScores":{"wn":0.4994047619047619}},{"fenStr":"r5kb/1p2Rp1p/1q1p2p1/p2P2B1/r2N1Pn1/2P5/1P1Q2PP/3R2K1","stockfishScores":{"bn":0.5090476190476191}},{"fenStr":"r5kb/1p2Rp1p/1q1p2p1/p2P2B1/3N1Pn1/2P5/rP1Q2PP/3R2K1","stockfishScores":{"wn":0.5052380952380953}},{"fenStr":"r5kb/1p2Rp1p/1q1p2p1/p2P2B1/3N1Pn1/2P5/rP1Q2PP/4R1K1","stockfishScores":{"bn":0.5069047619047619}},{"fenStr":"r5k1/1p2Rp1p/1q1p2p1/p2P2B1/3b1Pn1/2P5/rP1Q2PP/4R1K1","stockfishScores":{"wn":0.48}},{"fenStr":"r5k1/1p2Rp1p/1q1p2p1/p2P2B1/3P1Pn1/8/rP1Q2PP/4R1K1","stockfishScores":{"bn":0.5040476190476191}},{"fenStr":"r5k1/1p2Rp1p/3p2p1/p2P2B1/3P1Pn1/8/rq1Q2PP/4R1K1","stockfishScores":{"wn":0.4901190476190476}},{"fenStr":"r5k1/1p2Rp1p/3p2p1/p2P2B1/3P1Pn1/8/rQ4PP/4R1K1","stockfishScores":{"bn":0.5706547619047619}},{"fenStr":"r5k1/1p2Rp1p/3p2p1/p2P2B1/3P1Pn1/8/1r4PP/4R1K1","stockfishScores":{"wn":0.4914880952380952}},{"fenStr":"r5k1/1p2Rp1p/3p2p1/p2P2B1/3P1Pn1/7P/1r4P1/4R1K1","stockfishScores":{"bn":0.4957738095238095}},{"fenStr":"r5k1/1p2R2p/3p1pp1/p2P2B1/3P1Pn1/7P/1r4P1/4R1K1","stockfishScores":{"wn":0.4955952380952381}},{"fenStr":"r5k1/1p2R2p/3p1pp1/p2P4/3P1PnB/7P/1r4P1/4R1K1","stockfishScores":{"bn":0.4988095238095238}},{"fenStr":"r5k1/1p2R2p/3p1ppn/p2P4/3P1P1B/7P/1r4P1/4R1K1","stockfishScores":{"wn":0.49851190476190477}},{"fenStr":"r5k1/1p2R2p/3p1Bpn/p2P4/3P1P2/7P/1r4P1/4R1K1","stockfishScores":{"bn":0.5058928571428571}},{"fenStr":"r5k1/1p2R2p/3p1Bp1/p2P1n2/3P1P2/7P/1r4P1/4R1K1","stockfishScores":{"wn":0.4980952380952381}},{"fenStr":"r5k1/1p1R3p/3p1Bp1/p2P1n2/3P1P2/7P/1r4P1/4R1K1","stockfishScores":{"bn":0.5006547619047619}},{"fenStr":"2r3k1/1p1R3p/3p1Bp1/p2P1n2/3P1P2/7P/1r4P1/4R1K1","stockfishScores":{"wn":0.5008928571428571}},{"fenStr":"2r3k1/1p1R3p/3p1Bp1/p2P1n2/3P1PP1/7P/1r6/4R1K1","stockfishScores":{"bn":0.5019047619047619}},{"fenStr":"6k1/1p1R3p/3p1Bp1/p2P1n2/3P1PP1/7P/1rr5/4R1K1","stockfishScores":{"wn":0.49702380952380953}},{"fenStr":"4R1k1/1p1R3p/3p1Bp1/p2P1n2/3P1PP1/7P/1rr5/6K1","stockfishScores":{"bn":0.49589285714285714}}],"result":{"ww":true}}