{"fens":[{"fenStr":"rnbqkbnr/pppppppp/8/8/3P4/8/PPP1PPPP/RNBQKBNR","stockfishScores":{"bn":0.5048809523809524}},{"fenStr":"rnbqkb1r/pppppppp/5n2/8/3P4/8/PPP1PPPP/RNBQKBNR","stockfishScores":{"wn":0.5016071428571428}},{"fenStr":"rnbqkb1r/pppppppp/5n2/8/2PP4/8/PP2PPPP/RNBQKBNR","stockfishScores":{"bn":0.5041071428571429}},{"fenStr":"rnbqkb1r/pppppp1p/5np1/8/2PP4/8/PP2PPPP/RNBQKBNR","stockfishScores":{"wn":0.5035119047619048}},{"fenStr":"rnbqkb1r/pppppp1p/5np1/8/2PP4/2N5/PP2PPPP/R1BQKBNR","stockfishScores":{"bn":0.5066666666666667}},{"fenStr":"rnbqkb1r/ppp1pp1p/5np1/3p4/2PP4/2N5/PP2PPPP/R1BQKBNR","stockfishScores":{"wn":0.49952380952380954}},{"fenStr":"rnbqkb1r/ppp1pp1p/5np1/3p4/2PP4/2N2N2/PP2PPPP/R1BQKB1R","stockfishScores":{"bn":0.502797619047619}},{"fenStr":"rnbqk2r/ppp1ppbp/5np1/3p4/2PP4/2N2N2/PP2PPPP/R1BQKB1R","stockfishScores":{"wn":0.5016666666666667}},{"fenStr":"rnbqk2r/ppp1ppbp/5np1/3p2B1/2PP4/2N2N2/PP2PPPP/R2QKB1R","stockfishScores":{"bn":0.5072023809523809}},{"fenStr":"rnbqk2r/ppp1ppbp/6p1/3p2B1/2PPn3/2N2N2/PP2PPPP/R2QKB1R","stockfishScores":{"wn":0.5033928571428572}},{"fenStr":"rnbqk2r/ppp1ppbp/6p1/3P2B1/3Pn3/2N2N2/PP2PPPP/R2QKB1R","stockfishScores":{"bn":0.5132738095238095}},{"fenStr":"rnbqk2r/ppp1ppbp/6p1/3P2n1/3P4/2N2N2/PP2PPPP/R2QKB1R","stockfishScores":{"wn":0.4893452380952381}},{"fenStr":"rnbqk2r/ppp1ppbp/6p1/3P2N1/3P4/2N5/PP2PPPP/R2QKB1R","stockfishScores":{"bn":0.5143452380952381}},{"fenStr":"rnbqk2r/ppp2pbp/4p1p1/3P2N1/3P4/2N5/PP2PPPP/R2QKB1R","stockfishScores":{"wn":0.5129761904761905}},{"fenStr":"rnbqk2r/ppp2pbp/4p1p1/3P2N1/3P4/2N5/PP1QPPPP/R3KB1R","stockfishScores":{"bn":0.5066071428571428}},{"fenStr":"rnbqk2r/ppp2pb1/4p1pp/3P2N1/3P4/2N5/PP1QPPPP/R3KB1R","stockfishScores":{"wn":0.5003571428571428}},{"fenStr":"rnbqk2r/ppp2pb1/4p1pp/3P4/3P4/2N2N2/PP1QPPPP/R3KB1R","stockfishScores":{"bn":0.5043452380952381}},{"fenStr":"rnbqk2r/ppp2pb1/6pp/3p4/3P4/2N2N2/PP1QPPPP/R3KB1R","stockfishScores":{"wn":0.4976785714285714}},{"fenStr":"rnbqk2r/ppp2pb1/6pp/3p4/3P4/2N1PN2/PP1Q1PPP/R3KB1R","stockfishScores":{"bn":0.5005357142857143}},{"fenStr":"rnbq1rk1/ppp2pb1/6pp/3p4/3P4/2N1PN2/PP1Q1PPP/R3KB1R","stockfishScores":{"wn":0.49178571428571427}},{"fenStr":"rnbq1rk1/ppp2pb1/6pp/3p4/3P4/2N1PN2/PP1QBPPP/R3K2R","stockfishScores":{"bn":0.4917261904761905}},{"fenStr":"rnbq1rk1/pp3pb1/2p3pp/3p4/3P4/2N1PN2/PP1QBPPP/R3K2R","stockfishScores":{"wn":0.48964285714285716}},{"fenStr":"rnbq1rk1/pp3pb1/2p3pp/3p4/3P4/2N1PN2/PP1QBPPP/R4RK1","stockfishScores":{"bn":0.5007142857142857}},{"fenStr":"rnb2rk1/pp2qpb1/2p3pp/3p4/3P4/2N1PN2/PP1QBPPP/R4RK1","stockfishScores":{"wn":0.50125}},{"fenStr":"rnb2rk1/pp2qpb1/2p3pp/3p4/3P4/P1N1PN2/1P1QBPPP/R4RK1","stockfishScores":{"bn":0.5013690476190477}},{"fenStr":"r1b2rk1/pp1nqpb1/2p3pp/3p4/3P4/P1N1PN2/1P1QBPPP/R4RK1","stockfishScores":{"wn":0.50125}},{"fenStr":"r1b2rk1/pp1nqpb1/2p3pp/3p4/1P1P4/P1N1PN2/3QBPPP/R4RK1","stockfishScores":{"bn":0.49964285714285717}},{"fenStr":"r1b2rk1/pp1nq1b1/2p3pp/3p1p2/1P1P4/P1N1PN2/3QBPPP/R4RK1","stockfishScores":{"wn":0.5013690476190477}},{"fenStr":"r1b2rk1/pp1nq1b1/2p3pp/3p1p2/1P1P4/P1N1PN2/2Q1BPPP/R4RK1","stockfishScores":{"bn":0.5010119047619047}},{"fenStr":"r1b2rk1/1p1nq1b1/p1p3pp/3p1p2/1P1P4/P1N1PN2/2Q1BPPP/R4RK1","stockfishScores":{"wn":0.5018452380952381}},{"fenStr":"r1b2rk1/1p1nq1b1/p1p3pp/3p1p2/1P1P4/P1N1PN2/2Q1BPPP/RR4K1","stockfishScores":{"bn":0.5014285714285714}},{"fenStr":"r1b2rk1/1p2q1b1/p1p2npp/3p1p2/1P1P4/P1N1PN2/2Q1BPPP/RR4K1","stockfishScores":{"wn":0.49910714285714286}},{"fenStr":"r1b2rk1/1p2q1b1/p1p2npp/3pNp2/1P1P4/P1N1P3/2Q1BPPP/RR4K1","stockfishScores":{"bn":0.5035714285714286}},{"fenStr":"r1b2r2/1p2q1bk/p1p2npp/3pNp2/1P1P4/P1N1P3/2Q1BPPP/RR4K1","stockfishScores":{"wn":0.5031547619047619}},{"fenStr":"r1b2r2/1p2q1bk/p1p2npp/3pNp2/NP1P4/P3P3/2Q1BPPP/RR4K1","stockfishScores":{"bn":0.49970238095238095}},{"fenStr":"r1b2r2/1p2q1bk/p1p3pp/3pNp2/NP1Pn3/P3P3/2Q1BPPP/RR4K1","stockfishScores":{"wn":0.49773809523809526}},{"fenStr":"r1b2r2/1p2q1bk/p1p3pp/3pNp2/NP1Pn3/P3PP2/2Q1B1PP/RR4K1","stockfishScores":{"bn":0.49797619047619046}},{"fenStr":"r1b2r2/1p2q1bk/p1pn2pp/3pNp2/NP1P4/P3PP2/2Q1B1PP/RR4K1","stockfishScores":{"wn":0.4938690476190476}},{"fenStr":"r1b2r2/1p2q1bk/p1pn2pp/3pNp2/NP1P1P2/P3P3/2Q1B1PP/RR4K1","stockfishScores":{"bn":0.49529761904761904}},{"fenStr":"r1b2r2/1p2q2k/p1pn2pp/3pbp2/NP1P1P2/P3P3/2Q1B1PP/RR4K1","stockfishScores":{"wn":0.47339285714285717}},{"fenStr":"r1b2r2/1p2q2k/p1pn2pp/3pPp2/NP3P2/P3P3/2Q1B1PP/RR4K1","stockfishScores":{"bn":0.5054761904761905}},{"fenStr":"r1b2r2/1p2q2k/p1p3pp/3pPp2/NP2nP2/P3P3/2Q1B1PP/RR4K1","stockfishScores":{"wn":0.5009523809523809}},{"fenStr":"r1b2r2/1p2q2k/p1p3pp/2NpPp2/1P2nP2/P3P3/2Q1B1PP/RR4K1","stockfishScores":{"bn":0.5039285714285714}},{"fenStr":"r1b2r2/1p2q2k/p1p4p/2NpPpp1/1P2nP2/P3P3/2Q1B1PP/RR4K1","stockfishScores":{"wn":0.506547619047619}},{"fenStr":"r1b2r2/1p2q2k/p1p4p/2NpPpp1/1P2nP2/P3P1P1/2Q1B2P/RR4K1","stockfishScores":{"bn":0.5049404761904762}},{"fenStr":"r1b3r1/1p2q2k/p1p4p/2NpPpp1/1P2nP2/P3P1P1/2Q1B2P/RR4K1","stockfishScores":{"wn":0.5061904761904762}},{"fenStr":"r1b3r1/1p2q2k/p1p4p/3pPpp1/1P2NP2/P3P1P1/2Q1B2P/RR4K1","stockfishScores":{"bn":0.5417857142857143}},{"fenStr":"r1b3r1/1p2q2k/p1p4p/3pP1p1/1P2pP2/P3P1P1/2Q1B2P/RR4K1","stockfishScores":{"wn":0.5072619047619048}},{"fenStr":"r1b3r1/1p2q2k/p1p4p/2QpP1p1/1P2pP2/P3P1P1/4B2P/RR4K1","stockfishScores":{"bn":0.5126785714285714}},{"fenStr":"r1b3r1/1p4qk/p1p4p/2QpP1p1/1P2pP2/P3P1P1/4B2P/RR4K1","stockfishScores":{"wn":0.507797619047619}},{"fenStr":"r1b3r1/1p4qk/p1p4p/2QpP1p1/1P2pP2/P3P1P1/4BK1P/RR6","stockfishScores":{"bn":0.5066666666666667}},{"fenStr":"r5r1/1p4qk/p1p4p/2QpP1p1/1P2pP2/P3P1Pb/4BK1P/RR6","stockfishScores":{"wn":0.5032738095238095}},{"fenStr":"r5r1/1p4qk/p1p4p/2QpP1p1/1P2pP2/P3P1Pb/5K1P/RR3B2","stockfishScores":{"bn":0.5023809523809524}},{"fenStr":"r5r1/1p4qk/p1p4p/2QpP1p1/1P2pP2/P3P1P1/5K1P/RR3b2","stockfishScores":{"wn":0.4791666666666667}},{"fenStr":"r5r1/1p4qk/p1p4p/2QpP1p1/1P2pP2/P3P1P1/5K1P/R4R2","stockfishScores":{"bn":0.5040476190476191}},{"fenStr":"5rr1/1p4qk/p1p4p/2QpP1p1/1P2pP2/P3P1P1/5K1P/R4R2","stockfishScores":{"wn":0.5025}},{"fenStr":"5rr1/1p4qk/p1p4p/2QpP1p1/1P2pP2/P3P1P1/6KP/R4R2","stockfishScores":{"bn":0.5045238095238095}},{"fenStr":"5rr1/1p4qk/p1p4p/2QpP3/1P2pp2/P3P1P1/6KP/R4R2","stockfishScores":{"wn":0.48660714285714285}},{"fenStr":"5rr1/1p4qk/p1p4p/2QpP3/1P2pP2/P5P1/6KP/R4R2","stockfishScores":{"bn":0.5020238095238095}},{"fenStr":"5rr1/1p4qk/p1p5/2QpP2p/1P2pP2/P5P1/6KP/R4R2","stockfishScores":{"wn":0.5033928571428572}},{"fenStr":"5rr1/1p4qk/p1p5/3pP2p/1P2pP2/P3Q1P1/6KP/R4R2","stockfishScores":{"bn":0.5024404761904762}},{"fenStr":"5rr1/1p4qk/p1p5/3pP3/1P2pP1p/P3Q1P1/6KP/R4R2","stockfishScores":{"wn":0.5051190476190476}},{"fenStr":"5rr1/1p4qk/p1p5/3pP3/1P2pP1p/P3Q1P1/5RKP/R7","stockfishScores":{"bn":0.5031547619047619}},{"fenStr":"5rrk/1p4q1/p1p5/3pP3/1P2pP1p/P3Q1P1/5RKP/R7","stockfishScores":{"wn":0.5057738095238096}},{"fenStr":"5rrk/1p4q1/p1p5/3pP3/1P2pP1p/P3Q1P1/5RKP/7R","stockfishScores":{"bn":0.5041666666666667}},{"fenStr":"6rk/1p4q1/p1p5/3pPr2/1P2pP1p/P3Q1P1/5RKP/7R","stockfishScores":{"wn":0.5058928571428571}},{"fenStr":"6rk/1p4q1/p1p5/3pPr2/1P2pP1p/P3Q1P1/6KP/5R1R","stockfishScores":{"bn":0.5055357142857143}},{"fenStr":"6rk/1p4q1/p1p5/3pP2r/1P2pP1p/P3Q1P1/6KP/5R1R","stockfishScores":{"wn":0.508452380952381}},{"fenStr":"6rk/1p4q1/p1p5/3pP2r/1P2pP1p/P3Q1P1/5K1P/5R1R","stockfishScores":{"bn":0.5057142857142857}},{"fenStr":"6rk/1p4q1/p1p5/4P2r/1P1ppP1p/P3Q1P1/5K1P/5R1R","stockfishScores":{"wn":0.5052380952380953}},{"fenStr":"6rk/1p4q1/p1p5/4P2r/1P1pQP1p/P5P1/5K1P/5R1R","stockfishScores":{"bn":0.5174404761904762}},{"fenStr":"6rk/1p4q1/p1p5/4P2r/1P1pQP2/P5p1/5K1P/5R1R","stockfishScores":{"wn":0.4974404761904762}},{"fenStr":"6rk/1p4q1/p1p5/4P2r/1P1pQP2/P5P1/5K2/5R1R","stockfishScores":{"bn":0.5205357142857143}},{"fenStr":"6rk/1p6/p1p5/4P2r/1P1pQP2/P5q1/5K2/5R1R","stockfishScores":{"wn":0.5118452380952381}},{"fenStr":"6rk/1p6/p1p5/4P2r/1P1pQP2/P5q1/4K3/5R1R","stockfishScores":{"bn":0.5007142857142857}},{"fenStr":"6rk/1p6/p1p5/4P2r/1P2QP2/P2p2q1/4K3/5R1R","stockfishScores":{"wn":0.4980952380952381}},{"fenStr":"6rk/1p6/p1p5/4P2r/1P2QP2/P2p2q1/3K4/5R1R","stockfishScores":{"bn":0.5123214285714286}},{"fenStr":"6rk/1p6/p1p5/4P3/1P2QP2/P2p2q1/3K3r/5R1R","stockfishScores":{"wn":0.5045833333333334}},{"fenStr":"6rk/1p6/p1p5/4P3/1P2QP2/P2p2q1/3K3R/5R2","stockfishScores":{"bn":0.56625}},{"fenStr":"6rk/1p6/p1p5/4P3/1P2QP2/P2p4/3K3q/5R2","stockfishScores":{"wn":0.5120833333333333}},{"fenStr":"6rk/1p6/p1p5/4P3/1P2QP2/P2K4/7q/5R2","stockfishScores":{"bn":0.5081547619047619}},{"fenStr":"6rk/1p6/p1p5/4P3/1P2QP2/P2K3q/8/5R2","stockfishScores":{"wn":0.5116666666666667}},{"fenStr":"6rk/1p6/p1p5/4P3/1P2QP2/P2K1R1q/8/8","stockfishScores":{"bn":0.5196428571428572}},{"fenStr":"6rk/1p6/p1p5/4P3/1P2QP2/P2K1R2/8/7q","stockfishScores":{"wn":0.5182738095238095}},{"fenStr":"6rk/1p6/p1p5/4P3/1P3P2/P2KQR2/8/7q","stockfishScores":{"bn":0.5161309523809524}},{"fenStr":"6rk/1p6/p1p5/4P3/1P3P2/P2KQR2/8/3q4","stockfishScores":{"wn":0.5075}},{"fenStr":"6rk/1p6/p1p5/4P3/1P3P2/P1K1QR2/8/3q4","stockfishScores":{"bn":0.5129166666666667}},{"fenStr":"6rk/1p6/p1p5/4P3/1P3P2/P1K1QR2/8/q7","stockfishScores":{"wn":0.5170238095238096}},{"fenStr":"6rk/1p6/p1p5/4P3/1PK2P2/P3QR2/8/q7","stockfishScores":{"bn":0.5153571428571428}},{"fenStr":"6rk/1p6/p1p5/4P3/1PK2P2/P3QR2/q7/8","stockfishScores":{"wn":0.5161904761904762}},{"fenStr":"6rk/1p6/p1p5/4P3/1PK2P2/PQ3R2/q7/8","stockfishScores":{"bn":0.50875}},{"fenStr":"6rk/1p6/p1p5/4P3/1PK2P2/PQ3R2/4q3/8","stockfishScores":{"wn":0.5120833333333333}},{"fenStr":"6rk/1p6/p1p5/4P3/1PK2P2/P2Q1R2/4q3/8","stockfishScores":{"bn":0.5052380952380953}},{"fenStr":"6rk/1p6/p1p5/4P3/1PK2P2/P2Q1R2/q7/8","stockfishScores":{"wn":0.5225595238095239}},{"fenStr":"6rk/1p6/p1p5/2K1P3/1P3P2/P2Q1R2/q7/8","stockfishScores":{"bn":0.52125}},{"fenStr":"7k/1p4r1/p1p5/2K1P3/1P3P2/P2Q1R2/q7/8","stockfishScores":{"wn":0.5279166666666667}},{"fenStr":"7k/1p4r1/p1p5/2K1P3/1P3P2/P2Q3R/q7/8","stockfishScores":{"bn":0.5319047619047619}},{"fenStr":"6k1/1p4r1/p1p5/2K1P3/1P3P2/P2Q3R/q7/8","stockfishScores":{"wn":0.5247619047619048}},{"fenStr":"3Q2k1/1p4r1/p1p5/2K1P3/1P3P2/P6R/q7/8","stockfishScores":{"bn":0.5204166666666666}},{"fenStr":"3Q4/1p3kr1/p1p5/2K1P3/1P3P2/P6R/q7/8","stockfishScores":{"wn":0.5179166666666667}},{"fenStr":"8/1p1Q1kr1/p1p5/2K1P3/1P3P2/P6R/q7/8","stockfishScores":{"bn":0.5186904761904761}},{"fenStr":"5k2/1p1Q2r1/p1p5/2K1P3/1P3P2/P6R/q7/8","stockfishScores":{"wn":0.5254761904761904}},{"fenStr":"5k1R/1p1Q2r1/p1p5/2K1P3/1P3P2/P7/q7/8","stockfishScores":{"bn":0.5167261904761905}},{"fenStr":"5krR/1p1Q4/p1p5/2K1P3/1P3P2/P7/q7/8","stockfishScores":{"wn":0.5273809523809524}},{"fenStr":"3Q1krR/1p6/p1p5/2K1P3/1P3P2/P7/q7/8","stockfishScores":{"bn":0.5147619047619048}},{"fenStr":"3Q2rR/1p4k1/p1p5/2K1P3/1P3P2/P7/q7/8","stockfishScores":{"wn":0.5133928571428571}},{"fenStr":"6rR/1p4k1/p1p2Q2/2K1P3/1P3P2/P7/q7/8","stockfishScores":{"bn":0.5186904761904761}}],"result":{"ww":true}}