{"fens":[{"fenStr":"rnbqkbnr/pppppppp/8/8/4P3/8/PPPP1PPP/RNBQKBNR","stockfishScores":{"bn":0.5049404761904762}},{"fenStr":"rnbqkbnr/pppp1ppp/8/4p3/4P3/8/PPPP1PPP/RNBQKBNR","stockfishScores":{"wn":0.5005952380952381}},{"fenStr":"rnbqkbnr/pppp1ppp/8/4p3/4P3/5N2/PPPP1PPP/RNBQKB1R","stockfishScores":{"bn":0.5044047619047619}},{"fenStr":"r1bqkbnr/pppp1ppp/2n5/4p3/4P3/5N2/PPPP1PPP/RNBQKB1R","stockfishScores":{"wn":0.5004166666666666}},{"fenStr":"r1bqkbnr/pppp1ppp/2n5/4p3/4P3/2N2N2/PPPP1PPP/R1BQKB1R","stockfishScores":{"bn":0.5026190476190476}},{"fenStr":"r1bqkb1r/pppp1ppp/2n2n2/4p3/4P3/2N2N2/PPPP1PPP/R1BQKB1R","stockfishScores":{"wn":0.5005952380952381}},{"fenStr":"r1bqkb1r/pppp1ppp/2n2n2/1B2p3/4P3/2N2N2/PPPP1PPP/R1BQK2R","stockfishScores":{"bn":0.5004166666666666}},{"fenStr":"r1bqk2r/pppp1ppp/2n2n2/1B2p3/1b2P3/2N2N2/PPPP1PPP/R1BQK2R","stockfishScores":{"wn":0.5005952380952381}},{"fenStr":"r1bqk2r/pppp1ppp/2n2n2/1B2p3/1b2P3/2N2N2/PPPP1PPP/R1BQ1RK1","stockfishScores":{"bn":0.5104761904761905}},{"fenStr":"r1bqk2r/pppp1ppp/2n2n2/1B2p3/4P3/2b2N2/PPPP1PPP/R1BQ1RK1","stockfishScores":{"wn":0.4882142857142857}},{"fenStr":"r1bqk2r/pppp1ppp/2n2n2/1B2p3/4P3/2P2N2/P1PP1PPP/R1BQ1RK1","stockfishScores":{"bn":0.5123809523809524}},{"fenStr":"r1bqk2r/ppp2ppp/2np1n2/1B2p3/4P3/2P2N2/P1PP1PPP/R1BQ1RK1","stockfishScores":{"wn":0.5104761904761905}},{"fenStr":"r1bqk2r/ppp2ppp/2np1n2/1B2p3/4P3/2P2N2/P1PP1PPP/R1BQR1K1","stockfishScores":{"bn":0.5116071428571428}},{"fenStr":"r1bq1rk1/ppp2ppp/2np1n2/1B2p3/4P3/2P2N2/P1PP1PPP/R1BQR1K1","stockfishScores":{"wn":0.4992857142857143}},{"fenStr":"r1bq1rk1/ppp2ppp/2np1n2/1B2p3/3PP3/2P2N2/P1P2PPP/R1BQR1K1","stockfishScores":{"bn":0.5033928571428572}},{"fenStr":"r2q1rk1/pppb1ppp/2np1n2/1B2p3/3PP3/2P2N2/P1P2PPP/R1BQR1K1","stockfishScores":{"wn":0.5022619047619048}},{"fenStr":"r2q1rk1/pppb1ppp/2np1n2/1B2p3/3PP3/2P2N1P/P1P2PP1/R1BQR1K1","stockfishScores":{"bn":0.5028571428571429}},{"fenStr":"2rq1rk1/pppb1ppp/2np1n2/1B2p3/3PP3/2P2N1P/P1P2PP1/R1BQR1K1","stockfishScores":{"wn":0.5039880952380953}},{"fenStr":"2rq1rk1/pppb1ppp/2np1n2/4p3/3PP3/2PB1N1P/P1P2PP1/R1BQR1K1","stockfishScores":{"bn":0.5029166666666667}},{"fenStr":"2rq1rk1/pppb1ppp/3p1n2/n3p3/3PP3/2PB1N1P/P1P2PP1/R1BQR1K1","stockfishScores":{"wn":0.5027380952380952}},{"fenStr":"2rq1rk1/pppb1ppp/3p1n2/n3p3/2PPP3/3B1N1P/P1P2PP1/R1BQR1K1","stockfishScores":{"bn":0.5029761904761905}},{"fenStr":"2rq1rk1/pp1b1ppp/3p1n2/n1p1p3/2PPP3/3B1N1P/P1P2PP1/R1BQR1K1","stockfishScores":{"wn":0.5014880952380952}},{"fenStr":"2rq1rk1/pp1b1ppp/3p1n2/n1pPp3/2P1P3/3B1N1P/P1P2PP1/R1BQR1K1","stockfishScores":{"bn":0.5026190476190476}},{"fenStr":"1r1q1rk1/pp1b1ppp/3p1n2/n1pPp3/2P1P3/3B1N1P/P1P2PP1/R1BQR1K1","stockfishScores":{"wn":0.5038095238095238}},{"fenStr":"1r1q1rk1/pp1b1ppp/3p1n2/n1pPp1B1/2P1P3/3B1N1P/P1P2PP1/R2QR1K1","stockfishScores":{"bn":0.5060119047619047}},{"fenStr":"1r1q1rk1/pp1b1pp1/3p1n1p/n1pPp1B1/2P1P3/3B1N1P/P1P2PP1/R2QR1K1","stockfishScores":{"wn":0.5017261904761905}},{"fenStr":"1r1q1rk1/pp1b1pp1/3p1n1p/n1pPp3/2P1P2B/3B1N1P/P1P2PP1/R2QR1K1","stockfishScores":{"bn":0.5020833333333333}},{"fenStr":"1r1q1rk1/p2b1pp1/1p1p1n1p/n1pPp3/2P1P2B/3B1N1P/P1P2PP1/R2QR1K1","stockfishScores":{"wn":0.5005357142857143}},{"fenStr":"1r1q1rk1/p2b1pp1/1p1p1n1p/n1pPp3/2P1P2B/3B3P/P1PN1PP1/R2QR1K1","stockfishScores":{"bn":0.4999404761904762}},{"fenStr":"1r1q1rk1/p2b1p2/1p1p1n1p/n1pPp1p1/2P1P2B/3B3P/P1PN1PP1/R2QR1K1","stockfishScores":{"wn":0.49601190476190476}},{"fenStr":"1r1q1rk1/p2b1p2/1p1p1n1p/n1pPp1p1/2P1P3/3B2BP/P1PN1PP1/R2QR1K1","stockfishScores":{"bn":0.5020833333333333}},{"fenStr":"1r1q1r2/p2b1pk1/1p1p1n1p/n1pPp1p1/2P1P3/3B2BP/P1PN1PP1/R2QR1K1","stockfishScores":{"wn":0.5023214285714286}},{"fenStr":"1r1q1r2/p2b1pk1/1p1p1n1p/n1pPp1p1/2P1P3/3B1PBP/P1PN2P1/R2QR1K1","stockfishScores":{"bn":0.5016666666666667}},{"fenStr":"1r1q1r2/p2b1pk1/1p1p3p/n1pPp1pn/2P1P3/3B1PBP/P1PN2P1/R2QR1K1","stockfishScores":{"wn":0.4982142857142857}},{"fenStr":"1r1q1r2/p2b1pk1/1p1p3p/n1pPp1pn/2P1P3/3B1P1P/P1PN1BP1/R2QR1K1","stockfishScores":{"bn":0.5033333333333333}},{"fenStr":"1r1q1r2/p2b1pk1/1p1p3p/n1pPp1p1/2P1Pn2/3B1P1P/P1PN1BP1/R2QR1K1","stockfishScores":{"wn":0.49714285714285716}},{"fenStr":"1r1q1r2/p2b1pk1/1p1p3p/n1pPp1p1/2P1Pn2/3B1P1P/P1PN1BPK/R2QR3","stockfishScores":{"bn":0.49642857142857144}},{"fenStr":"1rq2r2/p2b1pk1/1p1p3p/n1pPp1p1/2P1Pn2/3B1P1P/P1PN1BPK/R2QR3","stockfishScores":{"wn":0.4986309523809524}},{"fenStr":"1rq2r2/p2b1pk1/1p1p3p/n1pPp1p1/2P1Pn2/5P1P/P1PN1BPK/R2QRB2","stockfishScores":{"bn":0.49970238095238095}},{"fenStr":"1rq3r1/p2b1pk1/1p1p3p/n1pPp1p1/2P1Pn2/5P1P/P1PN1BPK/R2QRB2","stockfishScores":{"wn":0.5008333333333334}},{"fenStr":"1rq3r1/p2b1pk1/1p1p3p/n1pPp1p1/2P1Pn2/5PPP/P1PN1B1K/R2QRB2","stockfishScores":{"bn":0.4994047619047619}},{"fenStr":"1rq3r1/p2b1pk1/1p1p2np/n1pPp1p1/2P1P3/5PPP/P1PN1B1K/R2QRB2","stockfishScores":{"wn":0.49988095238095237}},{"fenStr":"1rq3r1/p2b1pk1/1p1p2np/n1pPp1p1/2P1P3/4BPPP/P1PN3K/R2QRB2","stockfishScores":{"bn":0.4986904761904762}},{"fenStr":"1rq3r1/p2b2k1/1p1p1pnp/n1pPp1p1/2P1P3/4BPPP/P1PN3K/R2QRB2","stockfishScores":{"wn":0.5}},{"fenStr":"1rq3r1/p2b2k1/1p1p1pnp/n1pPp1p1/2P1P3/1N2BPPP/P1P4K/R2QRB2","stockfishScores":{"bn":0.4990476190476191}},{"fenStr":"1r4r1/p2b2k1/qp1p1pnp/n1pPp1p1/2P1P3/1N2BPPP/P1P4K/R2QRB2","stockfishScores":{"wn":0.5011904761904762}},{"fenStr":"1r4r1/p2b2k1/qp1p1pnp/n1pPp1p1/2P1P3/1N1QBPPP/P1P4K/R3RB2","stockfishScores":{"bn":0.49910714285714286}},{"fenStr":"1r4r1/p2b2k1/q2p1pnp/nppPp1p1/2P1P3/1N1QBPPP/P1P4K/R3RB2","stockfishScores":{"wn":0.5030357142857143}},{"fenStr":"1r4r1/p2b2k1/q2p1pnp/nPpPp1p1/4P3/1N1QBPPP/P1P4K/R3RB2","stockfishScores":{"bn":0.5126190476190476}},{"fenStr":"1r4r1/p5k1/q2p1pnp/nbpPp1p1/4P3/1N1QBPPP/P1P4K/R3RB2","stockfishScores":{"wn":0.5022619047619048}},{"fenStr":"1r4r1/p5k1/q2p1pnp/nbpPp1p1/4P3/1NQ1BPPP/P1P4K/R3RB2","stockfishScores":{"bn":0.5045833333333334}},{"fenStr":"1r4r1/p5k1/q2p1pnp/n1pPp1p1/4P3/1NQ1BPPP/P1P4K/R3Rb2","stockfishScores":{"wn":0.4781547619047619}},{"fenStr":"1r4r1/p5k1/q2p1pnp/Q1pPp1p1/4P3/1N2BPPP/P1P4K/R3Rb2","stockfishScores":{"bn":0.4975}},{"fenStr":"1r4r1/p5k1/3p1pnp/q1pPp1p1/4P3/1N2BPPP/P1P4K/R3Rb2","stockfishScores":{"wn":0.42404761904761906}},{"fenStr":"1r4r1/p5k1/3p1pnp/N1pPp1p1/4P3/4BPPP/P1P4K/R3Rb2","stockfishScores":{"bn":0.5011904761904762}},{"fenStr":"1r4r1/p5k1/3p1pnp/NbpPp1p1/4P3/4BPPP/P1P4K/R3R3","stockfishScores":{"wn":0.5001785714285715}},{"fenStr":"1r4r1/p5k1/3p1pnp/NbpPp1p1/P3P3/4BPPP/2P4K/R3R3","stockfishScores":{"bn":0.5033928571428572}},{"fenStr":"1r4r1/p2b2k1/3p1pnp/N1pPp1p1/P3P3/4BPPP/2P4K/R3R3","stockfishScores":{"wn":0.49898809523809523}},{"fenStr":"1r4r1/p2b2k1/3p1pnp/2pPp1p1/P1N1P3/4BPPP/2P4K/R3R3","stockfishScores":{"bn":0.5021428571428571}},{"fenStr":"6r1/p2b2k1/3p1pnp/2pPp1p1/PrN1P3/4BPPP/2P4K/R3R3","stockfishScores":{"wn":0.5000595238095238}},{"fenStr":"6r1/p2b2k1/3N1pnp/2pPp1p1/Pr2P3/4BPPP/2P4K/R3R3","stockfishScores":{"bn":0.5125}},{"fenStr":"6r1/p2b2k1/3N1pnp/2pPp1p1/P3P3/4BPPP/1rP4K/R3R3","stockfishScores":{"wn":0.5119047619047619}},{"fenStr":"6r1/p2b2k1/3N1pnp/2pPp1p1/P3P3/4BPPP/1rP1R2K/R7","stockfishScores":{"bn":0.5105357142857143}},{"fenStr":"2b3r1/p5k1/3N1pnp/2pPp1p1/P3P3/4BPPP/1rP1R2K/R7","stockfishScores":{"wn":0.5151785714285714}},{"fenStr":"2b3r1/p5k1/3N1pnp/2BPp1p1/P3P3/5PPP/1rP1R2K/R7","stockfishScores":{"bn":0.5190476190476191}},{"fenStr":"6r1/p5k1/b2N1pnp/2BPp1p1/P3P3/5PPP/1rP1R2K/R7","stockfishScores":{"wn":0.5145238095238095}},{"fenStr":"6r1/p5k1/b2N1pnp/2BPp1p1/P3P3/5PPP/1rPR3K/R7","stockfishScores":{"bn":0.5168452380952381}},{"fenStr":"1r6/p5k1/b2N1pnp/2BPp1p1/P3P3/5PPP/1rPR3K/R7","stockfishScores":{"wn":0.5156547619047619}},{"fenStr":"1r6/p5k1/b2N1pnp/3Pp1p1/P3P3/B4PPP/1rPR3K/R7","stockfishScores":{"bn":0.514702380952381}},{"fenStr":"1r6/p5k1/b2N1pnp/3Pp1p1/P3P3/B4PPP/2PR3K/Rr6","stockfishScores":{"wn":0.5108928571428571}},{"fenStr":"1r6/p5k1/b2N1pnp/3Pp1p1/P3P3/B4PPP/2PR3K/1R6","stockfishScores":{"bn":0.5529761904761905}},{"fenStr":"8/p5k1/b2N1pnp/3Pp1p1/P3P3/B4PPP/2PR3K/1r6","stockfishScores":{"wn":0.5143452380952381}},{"fenStr":"8/p5k1/b4pnp/3PpNp1/P3P3/B4PPP/2PR3K/1r6","stockfishScores":{"bn":0.5202976190476191}},{"fenStr":"8/p6k/b4pnp/3PpNp1/P3P3/B4PPP/2PR3K/1r6","stockfishScores":{"wn":0.5218452380952381}},{"fenStr":"8/p6k/b2P1pnp/4pNp1/P3P3/B4PPP/2PR3K/1r6","stockfishScores":{"bn":0.5258333333333334}},{"fenStr":"5n2/p6k/b2P1p1p/4pNp1/P3P3/B4PPP/2PR3K/1r6","stockfishScores":{"wn":0.5218452380952381}},{"fenStr":"5n2/p2P3k/b4p1p/4pNp1/P3P3/B4PPP/2PR3K/1r6","stockfishScores":{"bn":0.5389880952380952}},{"fenStr":"8/p2n3k/b4p1p/4pNp1/P3P3/B4PPP/2PR3K/1r6","stockfishScores":{"wn":0.5117261904761905}},{"fenStr":"8/p2R3k/b4p1p/4pNp1/P3P3/B4PPP/2P4K/1r6","stockfishScores":{"bn":0.5358928571428572}},{"fenStr":"7k/p2R4/b4p1p/4pNp1/P3P3/B4PPP/2P4K/1r6","stockfishScores":{"wn":0.5388690476190476}},{"fenStr":"7k/p2RB3/b4p1p/4pNp1/P3P3/5PPP/2P4K/1r6","stockfishScores":{"bn":0.5389880952380952}},{"fenStr":"7k/p2RB3/5p1p/4pNp1/P3P3/5PPP/2P1b2K/1r6","stockfishScores":{"wn":0.5375}},{"fenStr":"7k/p2R4/5B1p/4pNp1/P3P3/5PPP/2P1b2K/1r6","stockfishScores":{"bn":0.5446428571428571}},{"fenStr":"6k1/p2R4/5B1p/4pNp1/P3P3/5PPP/2P1b2K/1r6","stockfishScores":{"wn":0.5473214285714285}},{"fenStr":"6k1/p2R4/5B1N/4p1p1/P3P3/5PPP/2P1b2K/1r6","stockfishScores":{"bn":0.5441666666666667}},{"fenStr":"5k2/p2R4/5B1N/4p1p1/P3P3/5PPP/2P1b2K/1r6","stockfishScores":{"wn":0.544345238095238}},{"fenStr":"3R1k2/p7/5B1N/4p1p1/P3P3/5PPP/2P1b2K/1r6","stockfishScores":{"bn":0.5442261904761905}}],"result":{"ww":true}}