{"fens":[{"fenStr":"rnbqkbnr/pppppppp/8/8/3P4/8/PPP1PPPP/RNBQKBNR","stockfishScores":{"bn":0.5048809523809524}},{"fenStr":"rnbqkb1r/pppppppp/5n2/8/3P4/8/PPP1PPPP/RNBQKBNR","stockfishScores":{"wn":0.5016071428571428}},{"fenStr":"rnbqkb1r/pppppppp/5n2/8/2PP4/8/PP2PPPP/RNBQKBNR","stockfishScores":{"bn":0.5041071428571429}},{"fenStr":"rnbqkb1r/pppppp1p/5np1/8/2PP4/8/PP2PPPP/RNBQKBNR","stockfishScores":{"wn":0.5035119047619048}},{"fenStr":"rnbqkb1r/pppppp1p/5np1/8/2PP4/2N5/PP2PPPP/R1BQKBNR","stockfishScores":{"bn":0.5066666666666667}},{"fenStr":"rnbqkb1r/ppp1pp1p/5np1/3p4/2PP4/2N5/PP2PPPP/R1BQKBNR","stockfishScores":{"wn":0.49952380952380954}},{"fenStr":"rnbqkb1r/ppp1pp1p/5np1/3p4/2PP4/2N2N2/PP2PPPP/R1BQKB1R","stockfishScores":{"bn":0.502797619047619}},{"fenStr":"rnbqk2r/ppp1ppbp/5np1/3p4/2PP4/2N2N2/PP2PPPP/R1BQKB1R","stockfishScores":{"wn":0.5016666666666667}},{"fenStr":"rnbqk2r/ppp1ppbp/5np1/3p4/2PP4/1QN2N2/PP2PPPP/R1B1KB1R","stockfishScores":{"bn":0.5026785714285714}},{"fenStr":"rnbqk2r/ppp1ppbp/5np1/8/2pP4/1QN2N2/PP2PPPP/R1B1KB1R","stockfishScores":{"wn":0.4980357142857143}},{"fenStr":"rnbqk2r/ppp1ppbp/5np1/8/2QP4/2N2N2/PP2PPPP/R1B1KB1R","stockfishScores":{"bn":0.5088690476190476}},{"fenStr":"rnbq1rk1/ppp1ppbp/5np1/8/2QP4/2N2N2/PP2PPPP/R1B1KB1R","stockfishScores":{"wn":0.49220238095238095}},{"fenStr":"rnbq1rk1/ppp1ppbp/5np1/8/2QPP3/2N2N2/PP3PPP/R1B1KB1R","stockfishScores":{"bn":0.49898809523809523}},{"fenStr":"rnbq1rk1/pppnppbp/6p1/8/2QPP3/2N2N2/PP3PPP/R1B1KB1R","stockfishScores":{"wn":0.5014285714285714}},{"fenStr":"rnbq1rk1/pppnppbp/6p1/8/2QPP3/2N1BN2/PP3PPP/R3KB1R","stockfishScores":{"bn":0.5016666666666667}},{"fenStr":"r1bq1rk1/pppnppbp/2n3p1/8/2QPP3/2N1BN2/PP3PPP/R3KB1R","stockfishScores":{"wn":0.49976190476190474}},{"fenStr":"r1bq1rk1/pppnppbp/2n3p1/8/3PP3/1QN1BN2/PP3PPP/R3KB1R","stockfishScores":{"bn":0.4986904761904762}},{"fenStr":"r1bq1rk1/ppp1ppbp/1nn3p1/8/3PP3/1QN1BN2/PP3PPP/R3KB1R","stockfishScores":{"wn":0.49642857142857144}},{"fenStr":"r1bq1rk1/ppp1ppbp/1nn3p1/8/3PP3/1QN1BN2/PP3PPP/3RKB1R","stockfishScores":{"bn":0.4994642857142857}},{"fenStr":"r2q1rk1/ppp1ppbp/1nn3p1/8/3PP1b1/1QN1BN2/PP3PPP/3RKB1R","stockfishScores":{"wn":0.49785714285714283}},{"fenStr":"r2q1rk1/ppp1ppbp/1nn3p1/3P4/4P1b1/1QN1BN2/PP3PPP/3RKB1R","stockfishScores":{"bn":0.5023214285714286}},{"fenStr":"r2q1rk1/ppp1ppbp/1n4p1/3Pn3/4P1b1/1QN1BN2/PP3PPP/3RKB1R","stockfishScores":{"wn":0.5006547619047619}},{"fenStr":"r2q1rk1/ppp1ppbp/1n4p1/3Pn3/4P1b1/1QN1BN2/PP2BPPP/3RK2R","stockfishScores":{"bn":0.4999404761904762}},{"fenStr":"r2q1rk1/ppp1ppbp/1n4p1/3P4/4P1b1/1QN1Bn2/PP2BPPP/3RK2R","stockfishScores":{"wn":0.4795238095238095}},{"fenStr":"r2q1rk1/ppp1ppbp/1n4p1/3P4/4P1b1/1QN1BP2/PP2BP1P/3RK2R","stockfishScores":{"bn":0.5035714285714286}},{"fenStr":"r2q1rk1/ppp1ppbp/1n4p1/3P3b/4P3/1QN1BP2/PP2BP1P/3RK2R","stockfishScores":{"wn":0.5006547619047619}},{"fenStr":"r2q1rk1/ppp1ppbp/1n4p1/3P3b/4P3/1QN1BP2/PP2BP1P/3RK1R1","stockfishScores":{"bn":0.5044642857142857}},{"fenStr":"r2q1r1k/ppp1ppbp/1n4p1/3P3b/4P3/1QN1BP2/PP2BP1P/3RK1R1","stockfishScores":{"wn":0.5066071428571428}},{"fenStr":"r2q1r1k/ppp1ppbp/1n4p1/1N1P3b/4P3/1Q2BP2/PP2BP1P/3RK1R1","stockfishScores":{"bn":0.505297619047619}},{"fenStr":"r4r1k/pppqppbp/1n4p1/1N1P3b/4P3/1Q2BP2/PP2BP1P/3RK1R1","stockfishScores":{"wn":0.5074404761904762}},{"fenStr":"r4r1k/pppqppbp/1n4p1/3P3b/3NP3/1Q2BP2/PP2BP1P/3RK1R1","stockfishScores":{"bn":0.49988095238095237}},{"fenStr":"r4r1k/ppp1ppbp/1n4p1/3P3b/q2NP3/1Q2BP2/PP2BP1P/3RK1R1","stockfishScores":{"wn":0.4976785714285714}},{"fenStr":"r4r1k/ppp1ppbp/1n4p1/3P3b/Q2NP3/4BP2/PP2BP1P/3RK1R1","stockfishScores":{"bn":0.580595238095238}},{"fenStr":"r4r1k/ppp1ppbp/6p1/3P3b/n2NP3/4BP2/PP2BP1P/3RK1R1","stockfishScores":{"wn":0.5016071428571428}},{"fenStr":"r4r1k/ppp1ppbp/6p1/3P3b/n2NP3/4BP2/PP2BP1P/2R1K1R1","stockfishScores":{"bn":0.502797619047619}},{"fenStr":"r1r4k/ppp1ppbp/6p1/3P3b/n2NP3/4BP2/PP2BP1P/2R1K1R1","stockfishScores":{"wn":0.5025}},{"fenStr":"r1r4k/ppp1ppbp/6p1/3P3b/n2NP3/1P2BP2/P3BP1P/2R1K1R1","stockfishScores":{"bn":0.5059523809523809}},{"fenStr":"r1r4k/ppp1ppbp/1n4p1/3P3b/3NP3/1P2BP2/P3BP1P/2R1K1R1","stockfishScores":{"wn":0.5026785714285714}},{"fenStr":"r1r4k/ppp1ppbp/1n4p1/3P3b/3NP3/1P2BP2/P4P1P/2R1KBR1","stockfishScores":{"bn":0.5007142857142857}},{"fenStr":"r1r4k/pp2ppbp/1n4p1/2pP3b/3NP3/1P2BP2/P4P1P/2R1KBR1","stockfishScores":{"wn":0.49392857142857144}},{"fenStr":"r1r4k/pp2ppbp/1nP3p1/7b/3NP3/1P2BP2/P4P1P/2R1KBR1","stockfishScores":{"bn":0.5122023809523809}},{"fenStr":"r1r4k/p3ppbp/1np3p1/7b/3NP3/1P2BP2/P4P1P/2R1KBR1","stockfishScores":{"wn":0.5020238095238095}},{"fenStr":"r1r4k/p3ppbp/Bnp3p1/7b/3NP3/1P2BP2/P4P1P/2R1K1R1","stockfishScores":{"bn":0.5026190476190476}},{"fenStr":"r1r4k/p4pbp/Bnp3p1/4p2b/3NP3/1P2BP2/P4P1P/2R1K1R1","stockfishScores":{"wn":0.5029166666666667}},{"fenStr":"r1r4k/p4pbp/BnN3p1/4p2b/4P3/1P2BP2/P4P1P/2R1K1R1","stockfishScores":{"bn":0.5086904761904761}},{"fenStr":"r6k/p1r2pbp/BnN3p1/4p2b/4P3/1P2BP2/P4P1P/2R1K1R1","stockfishScores":{"wn":0.5082142857142857}},{"fenStr":"r6k/p1r2pbp/BnN3p1/4p2b/4P3/1P2BP2/P3KP1P/2R3R1","stockfishScores":{"bn":0.5110714285714286}},{"fenStr":"r6k/p1r3bp/BnN3p1/4pp1b/4P3/1P2BP2/P3KP1P/2R3R1","stockfishScores":{"wn":0.5098809523809524}},{"fenStr":"r6k/p1r3bp/1nN3p1/4pp1b/4P3/1P1BBP2/P3KP1P/2R3R1","stockfishScores":{"bn":0.5101785714285715}},{"fenStr":"r6k/p1r3bp/1nN3p1/4p2b/4Pp2/1P1BBP2/P3KP1P/2R3R1","stockfishScores":{"wn":0.5076190476190476}},{"fenStr":"r6k/p1r3bp/1BN3p1/4p2b/4Pp2/1P1B1P2/P3KP1P/2R3R1","stockfishScores":{"bn":0.5327380952380952}},{"fenStr":"r6k/2r3bp/1pN3p1/4p2b/4Pp2/1P1B1P2/P3KP1P/2R3R1","stockfishScores":{"wn":0.5003571428571428}},{"fenStr":"r6k/2r3bp/1pN3p1/4p2b/4Pp2/1P1B1P2/P1R1KP1P/6R1","stockfishScores":{"bn":0.4998214285714286}},{"fenStr":"r6k/2r3b1/1pN3pp/4p2b/4Pp2/1P1B1P2/P1R1KP1P/6R1","stockfishScores":{"wn":0.5020833333333333}},{"fenStr":"r6k/2r3b1/1pN3pp/4p2b/4Pp2/1P1B1P2/P1R1KP1P/2R5","stockfishScores":{"bn":0.5043452380952381}},{"fenStr":"r6k/2r3b1/1pN4p/4p1pb/4Pp2/1P1B1P2/P1R1KP1P/2R5","stockfishScores":{"wn":0.5050595238095238}},{"fenStr":"r6k/2r3b1/1p5p/4p1pb/1N2Pp2/1P1B1P2/P1R1KP1P/2R5","stockfishScores":{"bn":0.5063095238095238}},{"fenStr":"r6k/6b1/1p5p/2r1p1pb/1N2Pp2/1P1B1P2/P1R1KP1P/2R5","stockfishScores":{"wn":0.5051190476190476}},{"fenStr":"r6k/6b1/1p5p/2r1p1pb/1NB1Pp2/1P3P2/P1R1KP1P/2R5","stockfishScores":{"bn":0.50375}},{"fenStr":"r4b1k/8/1p5p/2r1p1pb/1NB1Pp2/1P3P2/P1R1KP1P/2R5","stockfishScores":{"wn":0.5054761904761905}},{"fenStr":"r4b1k/8/1p5p/2r1p1pb/2B1Pp2/1P1N1P2/P1R1KP1P/2R5","stockfishScores":{"bn":0.5091071428571429}},{"fenStr":"r4b1k/2r5/1p5p/4p1pb/2B1Pp2/1P1N1P2/P1R1KP1P/2R5","stockfishScores":{"wn":0.5054761904761905}},{"fenStr":"r4b1k/2r5/1p5p/3Bp1pb/4Pp2/1P1N1P2/P1R1KP1P/2R5","stockfishScores":{"bn":0.5113690476190477}},{"fenStr":"r4b1k/8/1p5p/3Bp1pb/4Pp2/1P1N1P2/P1r1KP1P/2R5","stockfishScores":{"wn":0.46601190476190474}},{"fenStr":"r4b1k/8/1p5p/3Bp1pb/4Pp2/1P1N1P2/P1R1KP1P/8","stockfishScores":{"bn":0.5119642857142858}},{"fenStr":"4rb1k/8/1p5p/3Bp1pb/4Pp2/1P1N1P2/P1R1KP1P/8","stockfishScores":{"wn":0.5093452380952381}},{"fenStr":"4rb1k/8/1pR4p/3Bp1pb/4Pp2/1P1N1P2/P3KP1P/8","stockfishScores":{"bn":0.5126785714285714}},{"fenStr":"4rb1k/8/2R4p/1p1Bp1pb/4Pp2/1P1N1P2/P3KP1P/8","stockfishScores":{"wn":0.5116071428571428}},{"fenStr":"4rb1k/8/1R5p/1p1Bp1pb/4Pp2/1P1N1P2/P3KP1P/8","stockfishScores":{"bn":0.5124404761904762}},{"fenStr":"2r2b1k/8/1R5p/1p1Bp1pb/4Pp2/1P1N1P2/P3KP1P/8","stockfishScores":{"wn":0.5113690476190477}},{"fenStr":"2r2b1k/8/2R4p/1p1Bp1pb/4Pp2/1P1N1P2/P3KP1P/8","stockfishScores":{"bn":0.51125}},{"fenStr":"4rb1k/8/2R4p/1p1Bp1pb/4Pp2/1P1N1P2/P3KP1P/8","stockfishScores":{"wn":0.5116071428571428}},{"fenStr":"4rb1k/8/2R4p/1p1Bp1pb/4Pp2/1P1N1P1P/P3KP2/8","stockfishScores":{"bn":0.5096428571428572}},{"fenStr":"5b1k/4r3/2R4p/1p1Bp1pb/4Pp2/1P1N1P1P/P3KP2/8","stockfishScores":{"wn":0.511547619047619}},{"fenStr":"2R2b1k/4r3/7p/1p1Bp1pb/4Pp2/1P1N1P1P/P3KP2/8","stockfishScores":{"bn":0.5160119047619047}},{"fenStr":"2R2b2/4r1k1/7p/1p1Bp1pb/4Pp2/1P1N1P1P/P3KP2/8","stockfishScores":{"wn":0.5104166666666666}},{"fenStr":"2R2b2/4r1k1/7p/1pNBp1pb/4Pp2/1P3P1P/P3KP2/8","stockfishScores":{"bn":0.5075595238095238}},{"fenStr":"2R2b2/4rbk1/7p/1pNBp1p1/4Pp2/1P3P1P/P3KP2/8","stockfishScores":{"wn":0.5074404761904762}},{"fenStr":"1R3b2/4rbk1/7p/1pNBp1p1/4Pp2/1P3P1P/P3KP2/8","stockfishScores":{"bn":0.5079166666666667}},{"fenStr":"1R3b2/r4bk1/7p/1pNBp1p1/4Pp2/1P3P1P/P3KP2/8","stockfishScores":{"wn":0.5029761904761905}},{"fenStr":"1R3b2/r4bk1/7p/1pNBp1p1/1P2Pp2/5P1P/P3KP2/8","stockfishScores":{"bn":0.5059523809523809}},{"fenStr":"1R3b2/r5k1/7p/1pNbp1p1/1P2Pp2/5P1P/P3KP2/8","stockfishScores":{"wn":0.48196428571428573}},{"fenStr":"1R3b2/r5k1/7p/1pNPp1p1/1P3p2/5P1P/P3KP2/8","stockfishScores":{"bn":0.5108928571428571}},{"fenStr":"1R3b2/6k1/7p/1pNPp1p1/1P3p2/5P1P/r3KP2/8","stockfishScores":{"wn":0.5026785714285714}},{"fenStr":"1R3b2/6k1/7p/1pNPp1p1/1P3p2/3K1P1P/r4P2/8","stockfishScores":{"bn":0.5001785714285715}},{"fenStr":"1R6/6k1/3b3p/1pNPp1p1/1P3p2/3K1P1P/r4P2/8","stockfishScores":{"wn":0.4906547619047619}},{"fenStr":"8/6k1/3b3p/1RNPp1p1/1P3p2/3K1P1P/r4P2/8","stockfishScores":{"bn":0.5027380952380952}},{"fenStr":"8/6k1/3b3p/1RNPp1p1/1P3p2/3K1P1P/5r2/8","stockfishScores":{"wn":0.49642857142857144}},{"fenStr":"8/1R4k1/3b3p/2NPp1p1/1P3p2/3K1P1P/5r2/8","stockfishScores":{"bn":0.5004166666666666}},{"fenStr":"5k2/1R6/3b3p/2NPp1p1/1P3p2/3K1P1P/5r2/8","stockfishScores":{"wn":0.5029761904761905}},{"fenStr":"5k2/1R6/3b3p/2NPp1p1/1P2Kp2/5P1P/5r2/8","stockfishScores":{"bn":0.5066666666666667}},{"fenStr":"5k2/1R6/3b3p/2NPp1p1/1P2Kp2/5P1P/1r6/8","stockfishScores":{"wn":0.5077380952380952}},{"fenStr":"5k2/1R1N4/3b3p/3Pp1p1/1P2Kp2/5P1P/1r6/8","stockfishScores":{"bn":0.50375}},{"fenStr":"4k3/1R1N4/3b3p/3Pp1p1/1P2Kp2/5P1P/1r6/8","stockfishScores":{"wn":0.503452380952381}},{"fenStr":"4k3/1R6/3b1N1p/3Pp1p1/1P2Kp2/5P1P/1r6/8","stockfishScores":{"bn":0.5039285714285714}},{"fenStr":"5k2/1R6/3b1N1p/3Pp1p1/1P2Kp2/5P1P/1r6/8","stockfishScores":{"wn":0.5078571428571429}},{"fenStr":"5k2/1R6/3b1N1p/1P1Pp1p1/4Kp2/5P1P/1r6/8","stockfishScores":{"bn":0.5085714285714286}},{"fenStr":"5k2/1R6/3b1N1p/1P1Pp1p1/4Kp2/5P1P/4r3/8","stockfishScores":{"wn":0.5132738095238095}},{"fenStr":"5k2/1R6/3b1N1p/1P1PpKp1/5p2/5P1P/4r3/8","stockfishScores":{"bn":0.5111904761904762}},{"fenStr":"5k2/1R2b3/5N1p/1P1PpKp1/5p2/5P1P/4r3/8","stockfishScores":{"wn":0.5161904761904762}},{"fenStr":"5k2/1R2b3/3P1N1p/1P2pKp1/5p2/5P1P/4r3/8","stockfishScores":{"bn":0.52375}},{"fenStr":"5k2/1R6/3b1N1p/1P2pKp1/5p2/5P1P/4r3/8","stockfishScores":{"wn":0.5038095238095238}},{"fenStr":"5k2/1R6/3bKN1p/1P2p1p1/5p2/5P1P/4r3/8","stockfishScores":{"bn":0.508095238095238}},{"fenStr":"5k2/1R6/3bKN1p/1P4p1/4pp2/5P1P/4r3/8","stockfishScores":{"wn":0.5026190476190476}},{"fenStr":"5k2/5R2/3bKN1p/1P4p1/4pp2/5P1P/4r3/8","stockfishScores":{"bn":0.4961309523809524}}],"result":{"ww":true}}