{"fens":[{"fenStr":"rnbqkbnr/pppppppp/8/8/4P3/8/PPPP1PPP/RNBQKBNR","stockfishScores":{"bn":0.5049404761904762}},{"fenStr":"rnbqkbnr/pp1ppppp/8/2p5/4P3/8/PPPP1PPP/RNBQKBNR","stockfishScores":{"wn":0.5038095238095238}},{"fenStr":"rnbqkbnr/pp1ppppp/8/2p5/4P3/5N2/PPPP1PPP/RNBQKB1R","stockfishScores":{"bn":0.5058928571428571}},{"fenStr":"rnbqkbnr/pp2pppp/3p4/2p5/4P3/5N2/PPPP1PPP/RNBQKB1R","stockfishScores":{"wn":0.5020833333333333}},{"fenStr":"rnbqkbnr/pp2pppp/3p4/2p5/3PP3/5N2/PPP2PPP/RNBQKB1R","stockfishScores":{"bn":0.5076785714285714}},{"fenStr":"rnbqkbnr/pp2pppp/3p4/8/3pP3/5N2/PPP2PPP/RNBQKB1R","stockfishScores":{"wn":0.4976190476190476}},{"fenStr":"rnbqkbnr/pp2pppp/3p4/8/3NP3/8/PPP2PPP/RNBQKB1R","stockfishScores":{"bn":0.51}},{"fenStr":"rnbqkb1r/pp2pppp/3p1n2/8/3NP3/8/PPP2PPP/RNBQKB1R","stockfishScores":{"wn":0.5031547619047619}},{"fenStr":"rnbqkb1r/pp2pppp/3p1n2/8/3NP3/2N5/PPP2PPP/R1BQKB1R","stockfishScores":{"bn":0.5076190476190476}},{"fenStr":"rnbqkb1r/1p2pppp/p2p1n2/8/3NP3/2N5/PPP2PPP/R1BQKB1R","stockfishScores":{"wn":0.5050595238095238}},{"fenStr":"rnbqkb1r/1p2pppp/p2p1n2/8/3NP3/2N1B3/PPP2PPP/R2QKB1R","stockfishScores":{"bn":0.5055357142857143}},{"fenStr":"rnbqkb1r/1p3ppp/p2ppn2/8/3NP3/2N1B3/PPP2PPP/R2QKB1R","stockfishScores":{"wn":0.5066666666666667}},{"fenStr":"rnbqkb1r/1p3ppp/p2ppn2/8/3NP3/2NBB3/PPP2PPP/R2QK2R","stockfishScores":{"bn":0.5058333333333334}},{"fenStr":"rnbqk2r/1p2bppp/p2ppn2/8/3NP3/2NBB3/PPP2PPP/R2QK2R","stockfishScores":{"wn":0.5059523809523809}},{"fenStr":"rnbqk2r/1p2bppp/p2ppn2/8/3NP3/2NBB3/PPP2PPP/R2Q1RK1","stockfishScores":{"bn":0.5170238095238096}},{"fenStr":"rnb1k2r/1pq1bppp/p2ppn2/8/3NP3/2NBB3/PPP2PPP/R2Q1RK1","stockfishScores":{"wn":0.5170833333333333}},{"fenStr":"rnb1k2r/1pq1bppp/p2ppn2/8/3NPP2/2NBB3/PPP3PP/R2Q1RK1","stockfishScores":{"bn":0.5185119047619048}},{"fenStr":"r1b1k2r/1pq1bppp/p1nppn2/8/3NPP2/2NBB3/PPP3PP/R2Q1RK1","stockfishScores":{"wn":0.5152380952380953}},{"fenStr":"r1b1k2r/1pq1bppp/p1nppn2/8/4PP2/1NNBB3/PPP3PP/R2Q1RK1","stockfishScores":{"bn":0.5133928571428571}},{"fenStr":"r1b2rk1/1pq1bppp/p1nppn2/8/4PP2/1NNBB3/PPP3PP/R2Q1RK1","stockfishScores":{"wn":0.5036309523809523}},{"fenStr":"r1b2rk1/1pq1bppp/p1nppn2/8/4PP2/1NNBBQ2/PPP3PP/R4RK1","stockfishScores":{"bn":0.503095238095238}},{"fenStr":"1rb2rk1/1pq1bppp/p1nppn2/8/4PP2/1NNBBQ2/PPP3PP/R4RK1","stockfishScores":{"wn":0.5043452380952381}},{"fenStr":"1rb2rk1/1pq1bppp/p1nppn2/8/4PP2/1NNBBQ2/PPP3PP/4RRK1","stockfishScores":{"bn":0.5044047619047619}},{"fenStr":"1rb2rk1/2q1bppp/p1nppn2/1p6/4PP2/1NNBBQ2/PPP3PP/4RRK1","stockfishScores":{"wn":0.5019047619047619}},{"fenStr":"1rb2rk1/2q1bppp/p1nppn2/1p6/4PP2/PNNBBQ2/1PP3PP/4RRK1","stockfishScores":{"bn":0.5032142857142857}},{"fenStr":"1rb2rk1/2q1bppp/p1nppn2/8/1p2PP2/PNNBBQ2/1PP3PP/4RRK1","stockfishScores":{"wn":0.5026190476190476}},{"fenStr":"1rb2rk1/2q1bppp/p1nppn2/8/1P2PP2/1NNBBQ2/1PP3PP/4RRK1","stockfishScores":{"bn":0.5111904761904762}},{"fenStr":"1rb2rk1/2q1bppp/p2ppn2/8/1n2PP2/1NNBBQ2/1PP3PP/4RRK1","stockfishScores":{"wn":0.5054166666666666}},{"fenStr":"1rb2rk1/2q1bppp/p2ppn2/8/1n2PP2/1NNBB3/1PP1Q1PP/4RRK1","stockfishScores":{"bn":0.5038690476190476}},{"fenStr":"1rb1r1k1/2q1bppp/p2ppn2/8/1n2PP2/1NNBB3/1PP1Q1PP/4RRK1","stockfishScores":{"wn":0.5046428571428572}},{"fenStr":"1rb1r1k1/2q1bppp/p2ppn2/8/1n2PP2/1NNBB3/1PP1Q1PP/3R1RK1","stockfishScores":{"bn":0.5042261904761904}},{"fenStr":"1r2r1k1/1bq1bppp/p2ppn2/8/1n2PP2/1NNBB3/1PP1Q1PP/3R1RK1","stockfishScores":{"wn":0.5022619047619048}},{"fenStr":"1r2r1k1/1bq1bppp/p2ppn2/8/1n2PP2/1NNBBQ2/1PP3PP/3R1RK1","stockfishScores":{"bn":0.498452380952381}},{"fenStr":"1r2r1k1/1bq1bppp/p2ppn2/8/4PP2/1NNnBQ2/1PP3PP/3R1RK1","stockfishScores":{"wn":0.47791666666666666}},{"fenStr":"1r2r1k1/1bq1bppp/p2ppn2/8/4PP2/1NNPBQ2/1P4PP/3R1RK1","stockfishScores":{"bn":0.49892857142857144}},{"fenStr":"1r2r1k1/2q1bppp/p2ppn2/8/4bP2/1NNPBQ2/1P4PP/3R1RK1","stockfishScores":{"wn":0.4919642857142857}},{"fenStr":"1r2r1k1/2q1bppp/p2ppn2/8/4PP2/1NN1BQ2/1P4PP/3R1RK1","stockfishScores":{"bn":0.518095238095238}},{"fenStr":"4r1k1/2q1bppp/p2ppn2/8/4PP2/1rN1BQ2/1P4PP/3R1RK1","stockfishScores":{"wn":0.4957738095238095}},{"fenStr":"4r1k1/2q1bppp/p2ppn2/8/4PP2/1rN1BQ2/1P4PP/1R3RK1","stockfishScores":{"bn":0.49464285714285716}},{"fenStr":"1r4k1/2q1bppp/p2ppn2/8/4PP2/1rN1BQ2/1P4PP/1R3RK1","stockfishScores":{"wn":0.49452380952380953}},{"fenStr":"1r4k1/2q1bppp/p2ppn2/8/4PP2/1rN1BQ2/1P4PP/1RR3K1","stockfishScores":{"bn":0.49702380952380953}},{"fenStr":"1r4k1/1q2bppp/p2ppn2/8/4PP2/1rN1BQ2/1P4PP/1RR3K1","stockfishScores":{"wn":0.49589285714285714}},{"fenStr":"1r4k1/1q2bppp/p2ppn2/4P3/5P2/1rN1BQ2/1P4PP/1RR3K1","stockfishScores":{"bn":0.498452380952381}},{"fenStr":"1r4k1/4bppp/p2ppn2/4P3/5P2/1rN1Bq2/1P4PP/1RR3K1","stockfishScores":{"wn":0.4176190476190476}},{"fenStr":"1r4k1/4bppp/p2ppn2/4P3/5P2/1rN1BP2/1P5P/1RR3K1","stockfishScores":{"bn":0.49166666666666664}},{"fenStr":"1r2n1k1/4bppp/p2pp3/4P3/5P2/1rN1BP2/1P5P/1RR3K1","stockfishScores":{"wn":0.49178571428571427}},{"fenStr":"1r2n1k1/4bppp/p2pp3/4P3/5P2/1r2BP2/1P5P/1RRN2K1","stockfishScores":{"bn":0.4864880952380952}},{"fenStr":"1r2n1k1/4bppp/p2pp3/1r2P3/5P2/4BP2/1P5P/1RRN2K1","stockfishScores":{"wn":0.4901190476190476}},{"fenStr":"1r2n1k1/4bppp/p2Pp3/1r6/5P2/4BP2/1P5P/1RRN2K1","stockfishScores":{"bn":0.49964285714285717}},{"fenStr":"1r2n1k1/5ppp/p2bp3/1r6/5P2/4BP2/1P5P/1RRN2K1","stockfishScores":{"wn":0.4872619047619048}},{"fenStr":"1r2n1k1/5ppp/p2bp3/1r6/2R2P2/4BP2/1P5P/1R1N2K1","stockfishScores":{"bn":0.48714285714285716}},{"fenStr":"1r2n1k1/5ppp/p2bp3/8/1rR2P2/4BP2/1P5P/1R1N2K1","stockfishScores":{"wn":0.48541666666666666}},{"fenStr":"1r2n1k1/5ppp/p2bp3/8/1R3P2/4BP2/1P5P/1R1N2K1","stockfishScores":{"bn":0.5211904761904762}},{"fenStr":"1r2n1k1/5ppp/p3p3/8/1b3P2/4BP2/1P5P/1R1N2K1","stockfishScores":{"wn":0.48988095238095236}},{"fenStr":"1r2n1k1/5ppp/p3p3/8/1b3P2/4BP2/1P5P/2RN2K1","stockfishScores":{"bn":0.49214285714285716}},{"fenStr":"1r4k1/5ppp/p3pn2/8/1b3P2/4BP2/1P5P/2RN2K1","stockfishScores":{"wn":0.49178571428571427}},{"fenStr":"1r4k1/5ppp/p3pn2/8/1bR2P2/4BP2/1P5P/3N2K1","stockfishScores":{"bn":0.49315476190476193}},{"fenStr":"1r4k1/5ppp/p3p3/3n4/1bR2P2/4BP2/1P5P/3N2K1","stockfishScores":{"wn":0.4876190476190476}},{"fenStr":"1r4k1/B4ppp/p3p3/3n4/1bR2P2/5P2/1P5P/3N2K1","stockfishScores":{"bn":0.4889880952380952}},{"fenStr":"3r2k1/B4ppp/p3p3/3n4/1bR2P2/5P2/1P5P/3N2K1","stockfishScores":{"wn":0.48833333333333334}},{"fenStr":"3r2k1/B4ppp/p3p3/3n4/1bR2P2/5P2/1P3K1P/3N4","stockfishScores":{"bn":0.48779761904761904}},{"fenStr":"3r1k2/B4ppp/p3p3/3n4/1bR2P2/5P2/1P3K1P/3N4","stockfishScores":{"wn":0.48910714285714285}},{"fenStr":"3r1k2/B4ppp/p3p3/3n4/1bR2P2/4NP2/1P3K1P/8","stockfishScores":{"bn":0.49107142857142855}},{"fenStr":"3r1k2/B4ppp/4p3/p2n4/1bR2P2/4NP2/1P3K1P/8","stockfishScores":{"wn":0.4893452380952381}},{"fenStr":"3r1k2/B4ppp/4p3/p2N4/1bR2P2/5P2/1P3K1P/8","stockfishScores":{"bn":0.5122023809523809}},{"fenStr":"5k2/B4ppp/4p3/p2r4/1bR2P2/5P2/1P3K1P/8","stockfishScores":{"wn":0.4911904761904762}},{"fenStr":"5k2/B4ppp/4p3/p2r4/1bR2P2/4KP2/1P5P/8","stockfishScores":{"bn":0.4886904761904762}},{"fenStr":"5k2/B4ppp/4p3/p2r4/2R2P2/4KP2/1P1b3P/8","stockfishScores":{"wn":0.4942261904761905}},{"fenStr":"5k2/B4ppp/4p3/p2r4/2R1KP2/5P2/1P1b3P/8","stockfishScores":{"bn":0.4864880952380952}},{"fenStr":"5k2/B5pp/4p3/p2r1p2/2R1KP2/5P2/1P1b3P/8","stockfishScores":{"wn":0.48773809523809525}}],"result":{"bw":true}}