{"fens":[{"fenStr":"rnbqkbnr/pppppppp/8/8/8/5N2/PPPPPPPP/RNBQKB1R","stockfishScores":{"bn":0.5038690476190476}},{"fenStr":"rnbqkbnr/ppp1pppp/3p4/8/8/5N2/PPPPPPPP/RNBQKB1R","stockfishScores":{"wn":0.4992857142857143}},{"fenStr":"rnbqkbnr/ppp1pppp/3p4/8/3P4/5N2/PPP1PPPP/RNBQKB1R","stockfishScores":{"bn":0.5040476190476191}},{"fenStr":"rnbqkb1r/ppp1pppp/3p1n2/8/3P4/5N2/PPP1PPPP/RNBQKB1R","stockfishScores":{"wn":0.5005357142857143}},{"fenStr":"rnbqkb1r/ppp1pppp/3p1n2/8/2PP4/5N2/PP2PPPP/RNBQKB1R","stockfishScores":{"bn":0.5029761904761905}},{"fenStr":"rnbqkb1r/ppp1pp1p/3p1np1/8/2PP4/5N2/PP2PPPP/RNBQKB1R","stockfishScores":{"wn":0.5023809523809524}},{"fenStr":"rnbqkb1r/ppp1pp1p/3p1np1/8/2PP4/2N2N2/PP2PPPP/R1BQKB1R","stockfishScores":{"bn":0.5055357142857143}},{"fenStr":"rn1qkb1r/ppp1pp1p/3p1np1/5b2/2PP4/2N2N2/PP2PPPP/R1BQKB1R","stockfishScores":{"wn":0.5069642857142858}},{"fenStr":"rn1qkb1r/ppp1pp1p/3p1np1/5b2/2PP3N/2N5/PP2PPPP/R1BQKB1R","stockfishScores":{"bn":0.5057142857142857}},{"fenStr":"rn1qkb1r/pppbpp1p/3p1np1/8/2PP3N/2N5/PP2PPPP/R1BQKB1R","stockfishScores":{"wn":0.5032142857142857}},{"fenStr":"rn1qkb1r/pppbpp1p/3p1np1/8/2PPP2N/2N5/PP3PPP/R1BQKB1R","stockfishScores":{"bn":0.5050595238095238}},{"fenStr":"rn1qk2r/pppbppbp/3p1np1/8/2PPP2N/2N5/PP3PPP/R1BQKB1R","stockfishScores":{"wn":0.5039285714285714}},{"fenStr":"rn1qk2r/pppbppbp/3p1np1/8/2PPP2N/2N5/PP2BPPP/R1BQK2R","stockfishScores":{"bn":0.5044047619047619}},{"fenStr":"rn1q1rk1/pppbppbp/3p1np1/8/2PPP2N/2N5/PP2BPPP/R1BQK2R","stockfishScores":{"wn":0.49535714285714283}},{"fenStr":"rn1q1rk1/pppbppbp/3p1np1/8/2PPP2N/2N5/PP2BPPP/R1BQ1RK1","stockfishScores":{"bn":0.5056547619047619}},{"fenStr":"rn1q1rk1/pp1bppbp/3p1np1/2p5/2PPP2N/2N5/PP2BPPP/R1BQ1RK1","stockfishScores":{"wn":0.5036309523809523}},{"fenStr":"rn1q1rk1/pp1bppbp/3p1np1/2P5/2P1P2N/2N5/PP2BPPP/R1BQ1RK1","stockfishScores":{"bn":0.5040476190476191}},{"fenStr":"rn1q1rk1/pp1bppbp/5np1/2p5/2P1P2N/2N5/PP2BPPP/R1BQ1RK1","stockfishScores":{"wn":0.5032738095238095}},{"fenStr":"rn1q1rk1/pp1bppbp/5np1/2p1P3/2P4N/2N5/PP2BPPP/R1BQ1RK1","stockfishScores":{"bn":0.5075595238095238}},{"fenStr":"rn1qnrk1/pp1bppbp/6p1/2p1P3/2P4N/2N5/PP2BPPP/R1BQ1RK1","stockfishScores":{"wn":0.504702380952381}},{"fenStr":"rn1qnrk1/pp1bppbp/6p1/2p1P3/2P2P1N/2N5/PP2B1PP/R1BQ1RK1","stockfishScores":{"bn":0.5060119047619047}},{"fenStr":"r2qnrk1/pp1bppbp/2n3p1/2p1P3/2P2P1N/2N5/PP2B1PP/R1BQ1RK1","stockfishScores":{"wn":0.5019642857142858}},{"fenStr":"r2qnrk1/pp1bppbp/2n3p1/2p1P3/2P2P1N/2N1B3/PP2B1PP/R2Q1RK1","stockfishScores":{"bn":0.5054761904761905}},{"fenStr":"r2qnrk1/p2bppbp/1pn3p1/2p1P3/2P2P1N/2N1B3/PP2B1PP/R2Q1RK1","stockfishScores":{"wn":0.5039285714285714}},{"fenStr":"r2qnrk1/p2bppbp/1pn3p1/2p1P3/2P2P1N/2N1B3/PP1QB1PP/R4RK1","stockfishScores":{"bn":0.5033928571428572}},{"fenStr":"r2qnrk1/p2bppbp/1pn5/2p1P1p1/2P2P1N/2N1B3/PP1QB1PP/R4RK1","stockfishScores":{"wn":0.5088095238095238}},{"fenStr":"r2qnrk1/p2bppbp/1pn5/2p1P1p1/2P2P1N/2N1B3/PP1QB1PP/3R1RK1","stockfishScores":{"bn":0.5154166666666666}},{"fenStr":"r2qnrk1/p2bppbp/1pn5/2p1P3/2P2p1N/2N1B3/PP1QB1PP/3R1RK1","stockfishScores":{"wn":0.5060119047619047}},{"fenStr":"r2qnrk1/p2bppbp/1pn5/2p1P3/2P2R1N/2N1B3/PP1QB1PP/3R2K1","stockfishScores":{"bn":0.5132142857142857}},{"fenStr":"r2qnrk1/p3ppbp/1pn1b3/2p1P3/2P2R1N/2N1B3/PP1QB1PP/3R2K1","stockfishScores":{"wn":0.5176190476190476}},{"fenStr":"r2qnrk1/p3ppbp/1pn1b3/2p1P3/2P2R1N/2N1B3/PPQ1B1PP/3R2K1","stockfishScores":{"bn":0.5132142857142857}},{"fenStr":"r3nrk1/p1q1ppbp/1pn1b3/2p1P3/2P2R1N/2N1B3/PPQ1B1PP/3R2K1","stockfishScores":{"wn":0.5123809523809524}},{"fenStr":"r3nrk1/p1q1ppbp/1pn1b3/2p1P3/2P2R1N/2NBB3/PPQ3PP/3R2K1","stockfishScores":{"bn":0.5130357142857143}},{"fenStr":"r3nrk1/p1q1ppb1/1pn1b2p/2p1P3/2P2R1N/2NBB3/PPQ3PP/3R2K1","stockfishScores":{"wn":0.5205952380952381}},{"fenStr":"r3nrk1/p1q1ppbB/1pn1b2p/2p1P3/2P2R1N/2N1B3/PPQ3PP/3R2K1","stockfishScores":{"bn":0.519702380952381}},{"fenStr":"r3nr1k/p1q1ppbB/1pn1b2p/2p1P3/2P2R1N/2N1B3/PPQ3PP/3R2K1","stockfishScores":{"wn":0.5219047619047619}},{"fenStr":"r3nr1k/p1q1ppb1/1pn1b2p/2p1P3/2P1BR1N/2N1B3/PPQ3PP/3R2K1","stockfishScores":{"bn":0.5180357142857143}},{"fenStr":"3rnr1k/p1q1ppb1/1pn1b2p/2p1P3/2P1BR1N/2N1B3/PPQ3PP/3R2K1","stockfishScores":{"wn":0.5161904761904762}},{"fenStr":"3Rnr1k/p1q1ppb1/1pn1b2p/2p1P3/2P1BR1N/2N1B3/PPQ3PP/6K1","stockfishScores":{"bn":0.547797619047619}},{"fenStr":"3nnr1k/p1q1ppb1/1p2b2p/2p1P3/2P1BR1N/2N1B3/PPQ3PP/6K1","stockfishScores":{"wn":0.5179761904761905}},{"fenStr":"3nnr1k/p1q1ppb1/1p2b2p/2p1P3/2P1BR1N/2N1B3/PP4PP/3Q2K1","stockfishScores":{"bn":0.5183928571428571}},{"fenStr":"4nr1k/p1q1ppb1/1pn1b2p/2p1P3/2P1BR1N/2N1B3/PP4PP/3Q2K1","stockfishScores":{"wn":0.5163690476190477}},{"fenStr":"4nr1k/p1q1ppb1/1pn1b2p/2p1P3/2P2R1N/2N1B3/PP4PP/1B1Q2K1","stockfishScores":{"bn":0.5138095238095238}},{"fenStr":"4nr1k/p1q1ppb1/1p2b2p/2p1n3/2P2R1N/2N1B3/PP4PP/1B1Q2K1","stockfishScores":{"wn":0.5022619047619048}},{"fenStr":"4nr1k/p1q1ppb1/1p2b2p/2p1n3/2P2R1N/2N1B3/PPQ3PP/1B4K1","stockfishScores":{"bn":0.5201190476190476}},{"fenStr":"4nr1k/p1q1p1b1/1p2b2p/2p1np2/2P2R1N/2N1B3/PPQ3PP/1B4K1","stockfishScores":{"wn":0.4986309523809524}},{"fenStr":"4nr1k/p1q1p1b1/1p2b2p/2p1nN2/2P2R2/2N1B3/PPQ3PP/1B4K1","stockfishScores":{"bn":0.5013095238095238}},{"fenStr":"4nr1k/p1q1p1b1/1p5p/2p1nb2/2P2R2/2N1B3/PPQ3PP/1B4K1","stockfishScores":{"wn":0.4814880952380952}},{"fenStr":"4nr1k/p1q1p1b1/1p5p/2p1nR2/2P5/2N1B3/PPQ3PP/1B4K1","stockfishScores":{"bn":0.5089880952380952}},{"fenStr":"4nr1k/p1q3b1/1p2p2p/2p1nR2/2P5/2N1B3/PPQ3PP/1B4K1","stockfishScores":{"wn":0.5021428571428571}},{"fenStr":"4nr1k/p1q2Rb1/1p2p2p/2p1n3/2P5/2N1B3/PPQ3PP/1B4K1","stockfishScores":{"bn":0.5290476190476191}},{"fenStr":"5r1k/p1q2Rb1/1p2pn1p/2p1n3/2P5/2N1B3/PPQ3PP/1B4K1","stockfishScores":{"wn":0.5147619047619048}},{"fenStr":"5r1k/p1q3b1/1p2pR1p/2p1n3/2P5/2N1B3/PPQ3PP/1B4K1","stockfishScores":{"bn":0.55125}},{"fenStr":"7k/p1q3b1/1p2pr1p/2p1n3/2P5/2N1B3/PPQ3PP/1B4K1","stockfishScores":{"wn":0.4992261904761905}},{"fenStr":"7k/p1q3bQ/1p2pr1p/2p1n3/2P5/2N1B3/PP4PP/1B4K1","stockfishScores":{"bn":0.4901785714285714}}],"result":{"ww":true}}