{"fens":[{"fenStr":"rnbqkbnr/pppppppp/8/8/2P5/8/PP1PPPPP/RNBQKBNR","stockfishScores":{"bn":0.5016666666666667}},{"fenStr":"rnbqkbnr/pp1ppppp/8/2p5/2P5/8/PP1PPPPP/RNBQKBNR","stockfishScores":{"wn":0.5005952380952381}},{"fenStr":"rnbqkbnr/pp1ppppp/8/2p5/2P5/5N2/PP1PPPPP/RNBQKB1R","stockfishScores":{"bn":0.5033928571428572}},{"fenStr":"rnbqkb1r/pp1ppppp/5n2/2p5/2P5/5N2/PP1PPPPP/RNBQKB1R","stockfishScores":{"wn":0.5005952380952381}},{"fenStr":"rnbqkb1r/pp1ppppp/5n2/2p5/2P5/2N2N2/PP1PPPPP/R1BQKB1R","stockfishScores":{"bn":0.5039285714285714}},{"fenStr":"rnbqkb1r/pp1ppp1p/5np1/2p5/2P5/2N2N2/PP1PPPPP/R1BQKB1R","stockfishScores":{"wn":0.5025}},{"fenStr":"rnbqkb1r/pp1ppp1p/5np1/2p5/2P1P3/2N2N2/PP1P1PPP/R1BQKB1R","stockfishScores":{"bn":0.5060714285714286}},{"fenStr":"rnbqkb1r/pp2pp1p/3p1np1/2p5/2P1P3/2N2N2/PP1P1PPP/R1BQKB1R","stockfishScores":{"wn":0.5004761904761905}},{"fenStr":"rnbqkb1r/pp2pp1p/3p1np1/2p5/2PPP3/2N2N2/PP3PPP/R1BQKB1R","stockfishScores":{"bn":0.5073809523809524}},{"fenStr":"rnbqkb1r/pp2pp1p/3p1np1/8/2PpP3/2N2N2/PP3PPP/R1BQKB1R","stockfishScores":{"wn":0.49851190476190477}},{"fenStr":"rnbqkb1r/pp2pp1p/3p1np1/8/2PNP3/2N5/PP3PPP/R1BQKB1R","stockfishScores":{"bn":0.5101785714285715}},{"fenStr":"rnbqk2r/pp2ppbp/3p1np1/8/2PNP3/2N5/PP3PPP/R1BQKB1R","stockfishScores":{"wn":0.5088095238095238}},{"fenStr":"rnbqk2r/pp2ppbp/3p1np1/8/2PNP3/2N5/PP2BPPP/R1BQK2R","stockfishScores":{"bn":0.5094047619047619}},{"fenStr":"rnbq1rk1/pp2ppbp/3p1np1/8/2PNP3/2N5/PP2BPPP/R1BQK2R","stockfishScores":{"wn":0.4949404761904762}},{"fenStr":"rnbq1rk1/pp2ppbp/3p1np1/8/2PNP3/2N5/PP2BPPP/R1BQ1RK1","stockfishScores":{"bn":0.5048809523809524}},{"fenStr":"r1bq1rk1/pp1nppbp/3p1np1/8/2PNP3/2N5/PP2BPPP/R1BQ1RK1","stockfishScores":{"wn":0.5038095238095238}},{"fenStr":"r1bq1rk1/pp1nppbp/3p1np1/8/2PNP3/2N1B3/PP2BPPP/R2Q1RK1","stockfishScores":{"bn":0.5049404761904762}},{"fenStr":"r1bqr1k1/pp1nppbp/3p1np1/8/2PNP3/2N1B3/PP2BPPP/R2Q1RK1","stockfishScores":{"wn":0.50625}},{"fenStr":"r1bqr1k1/pp1nppbp/3p1np1/8/2PNP3/2N1B3/PP1QBPPP/R4RK1","stockfishScores":{"bn":0.5047619047619047}},{"fenStr":"r1bqr1k1/p2nppbp/1p1p1np1/8/2PNP3/2N1B3/PP1QBPPP/R4RK1","stockfishScores":{"wn":0.5068452380952381}},{"fenStr":"r1bqr1k1/p2nppbp/1p1p1np1/8/2PNP3/2N1B3/PP1QBPPP/R2R2K1","stockfishScores":{"bn":0.5069642857142858}},{"fenStr":"r2qr1k1/pb1nppbp/1p1p1np1/8/2PNP3/2N1B3/PP1QBPPP/R2R2K1","stockfishScores":{"wn":0.5036904761904762}},{"fenStr":"r2qr1k1/pb1nppbp/1p1p1np1/8/2PNP3/2N1BP2/PP1QB1PP/R2R2K1","stockfishScores":{"bn":0.5042857142857143}},{"fenStr":"r2qr1k1/1b1nppbp/pp1p1np1/8/2PNP3/2N1BP2/PP1QB1PP/R2R2K1","stockfishScores":{"wn":0.5056547619047619}},{"fenStr":"r2qr1k1/1b1nppbp/pp1p1np1/8/2P1P3/2N1BP2/PPNQB1PP/R2R2K1","stockfishScores":{"bn":0.5032738095238095}},{"fenStr":"2rqr1k1/1b1nppbp/pp1p1np1/8/2P1P3/2N1BP2/PPNQB1PP/R2R2K1","stockfishScores":{"wn":0.5029166666666667}},{"fenStr":"2rqr1k1/1b1nppbp/pp1p1np1/8/2P1P3/2N1BP2/PPNQB1PP/2RR2K1","stockfishScores":{"bn":0.5025595238095238}},{"fenStr":"2r1r1k1/1bqnppbp/pp1p1np1/8/2P1P3/2N1BP2/PPNQB1PP/2RR2K1","stockfishScores":{"wn":0.5030357142857143}},{"fenStr":"2r1r1k1/1bqnppbp/pp1p1np1/8/2P1P3/2N1BP2/PPNQB1PP/2RR3K","stockfishScores":{"bn":0.5006547619047619}},{"fenStr":"1qr1r1k1/1b1nppbp/pp1p1np1/8/2P1P3/2N1BP2/PPNQB1PP/2RR3K","stockfishScores":{"wn":0.5029761904761905}},{"fenStr":"1qr1r1k1/1b1nppbp/pp1p1np1/8/1NP1P3/2N1BP2/PP1QB1PP/2RR3K","stockfishScores":{"bn":0.5022619047619048}},{"fenStr":"1qr1r1k1/1b2ppbp/pp1p1np1/2n5/1NP1P3/2N1BP2/PP1QB1PP/2RR3K","stockfishScores":{"wn":0.5026785714285714}},{"fenStr":"1qr1r1k1/1b2ppbp/pp1p1np1/2n5/1NP1P3/2N1BP2/PP1Q2PP/2RR1B1K","stockfishScores":{"bn":0.5007738095238096}},{"fenStr":"1qr1r1k1/1b1nppbp/pp1p2p1/2n5/1NP1P3/2N1BP2/PP1Q2PP/2RR1B1K","stockfishScores":{"wn":0.4993452380952381}},{"fenStr":"1qr1r1k1/1b1nppbp/pp1p2p1/2nN4/2P1P3/2N1BP2/PP1Q2PP/2RR1B1K","stockfishScores":{"bn":0.5020238095238095}},{"fenStr":"1qr1r1k1/3nppbp/ppbp2p1/2nN4/2P1P3/2N1BP2/PP1Q2PP/2RR1B1K","stockfishScores":{"wn":0.5032142857142857}},{"fenStr":"1qr1r1k1/3nppbp/ppbp2p1/2nN2B1/2P1P3/2N2P2/PP1Q2PP/2RR1B1K","stockfishScores":{"bn":0.49988095238095237}},{"fenStr":"1qr1rbk1/3npp1p/ppbp2p1/2nN2B1/2P1P3/2N2P2/PP1Q2PP/2RR1B1K","stockfishScores":{"wn":0.5057738095238096}},{"fenStr":"1qr1rbk1/3npp1p/ppbp2p1/2nN2B1/2P1P3/2N2P2/PP3QPP/2RR1B1K","stockfishScores":{"bn":0.5042261904761904}},{"fenStr":"1qr1rbk1/3n1p1p/ppbpp1p1/2nN2B1/2P1P3/2N2P2/PP3QPP/2RR1B1K","stockfishScores":{"wn":0.5025}},{"fenStr":"1qr1rbk1/3n1p1p/ppbpp1p1/2n3B1/2P1P3/2N1NP2/PP3QPP/2RR1B1K","stockfishScores":{"bn":0.5026785714285714}},{"fenStr":"1qr1rbk1/5p1p/ppbpp1p1/2n1n1B1/2P1P3/2N1NP2/PP3QPP/2RR1B1K","stockfishScores":{"wn":0.5020238095238095}},{"fenStr":"1qr1rbk1/5p1p/ppbpp1p1/2n1n1B1/2P1P3/2N1NP2/PP1Q2PP/2RR1B1K","stockfishScores":{"bn":0.5019642857142858}},{"fenStr":"1qr1rbk1/5p1p/1pbpp1p1/p1n1n1B1/2P1P3/2N1NP2/PP1Q2PP/2RR1B1K","stockfishScores":{"wn":0.5029761904761905}},{"fenStr":"1qr1rbk1/5p1p/1pbpp1p1/p1n1n1B1/2P1P3/1PN1NP2/P2Q2PP/2RR1B1K","stockfishScores":{"bn":0.5040476190476191}},{"fenStr":"1q2rbk1/2r2p1p/1pbpp1p1/p1n1n1B1/2P1P3/1PN1NP2/P2Q2PP/2RR1B1K","stockfishScores":{"wn":0.5045833333333334}},{"fenStr":"1q2rbk1/2r2p1p/1pbpp1p1/p1n1n1B1/2P1P3/1PN2P2/P1NQ2PP/2RR1B1K","stockfishScores":{"bn":0.5014880952380952}},{"fenStr":"1q2rbk1/2r4p/1pbpp1p1/p1n1npB1/2P1P3/1PN2P2/P1NQ2PP/2RR1B1K","stockfishScores":{"wn":0.5021428571428571}},{"fenStr":"1q2rbk1/2r4p/1pbpp1p1/p1n1nPB1/2P5/1PN2P2/P1NQ2PP/2RR1B1K","stockfishScores":{"bn":0.510297619047619}},{"fenStr":"1q2rbk1/2r4p/1pbpp3/p1n1npB1/2P5/1PN2P2/P1NQ2PP/2RR1B1K","stockfishScores":{"wn":0.5026190476190476}},{"fenStr":"1q2rbk1/2r4p/1pbpp3/p1n1npB1/2PN4/1PN2P2/P2Q2PP/2RR1B1K","stockfishScores":{"bn":0.5067857142857143}},{"fenStr":"bq2rbk1/2r4p/1p1pp3/p1n1npB1/2PN4/1PN2P2/P2Q2PP/2RR1B1K","stockfishScores":{"wn":0.5079166666666667}},{"fenStr":"bq2rbk1/2r4p/1p1pp3/pNn1npB1/2PN4/1P3P2/P2Q2PP/2RR1B1K","stockfishScores":{"bn":0.5093452380952381}},{"fenStr":"bq2rbk1/6rp/1p1pp3/pNn1npB1/2PN4/1P3P2/P2Q2PP/2RR1B1K","stockfishScores":{"wn":0.507797619047619}},{"fenStr":"bq2rbk1/6rp/1p1pp3/pNn1np2/2PN4/1P2BP2/P2Q2PP/2RR1B1K","stockfishScores":{"bn":0.5059523809523809}},{"fenStr":"bq2rbk1/7p/1p1pp1r1/pNn1np2/2PN4/1P2BP2/P2Q2PP/2RR1B1K","stockfishScores":{"wn":0.5076190476190476}},{"fenStr":"bq2rbk1/7p/1p1pp1r1/pNn1np2/2PN4/PP2BP2/3Q2PP/2RR1B1K","stockfishScores":{"bn":0.5048214285714285}},{"fenStr":"b2qrbk1/7p/1p1pp1r1/pNn1np2/2PN4/PP2BP2/3Q2PP/2RR1B1K","stockfishScores":{"wn":0.5045238095238095}},{"fenStr":"b2qrbk1/7p/1p1pp1r1/pNn1np2/1PPN4/P3BP2/3Q2PP/2RR1B1K","stockfishScores":{"bn":0.5088095238095238}},{"fenStr":"b2qrbk1/3n3p/1p1pp1r1/pN2np2/1PPN4/P3BP2/3Q2PP/2RR1B1K","stockfishScores":{"wn":0.5100595238095238}},{"fenStr":"b2qrbk1/3n3p/1p1pp1r1/pN2np2/1PPN4/P3BP2/5QPP/2RR1B1K","stockfishScores":{"bn":0.5095238095238095}},{"fenStr":"b2qrbk1/3n1n1p/1p1pp1r1/pN3p2/1PPN4/P3BP2/5QPP/2RR1B1K","stockfishScores":{"wn":0.5120833333333333}},{"fenStr":"b2qrbk1/3n1n1p/1p1pp1r1/pN3p2/1PP5/P3BP2/4NQPP/2RR1B1K","stockfishScores":{"bn":0.5077380952380952}},{"fenStr":"b2qrbk1/3n1n1p/1p1p2r1/pN2pp2/1PP5/P3BP2/4NQPP/2RR1B1K","stockfishScores":{"wn":0.5045833333333334}},{"fenStr":"b2qrbk1/3n1n1p/1p1p2r1/pN2pp2/1PP5/P1N1BP2/5QPP/2RR1B1K","stockfishScores":{"bn":0.5072023809523809}},{"fenStr":"b2qrbk1/3n1n1p/1p1p2r1/pN2p3/1PP2p2/P1N1BP2/5QPP/2RR1B1K","stockfishScores":{"wn":0.5027380952380952}},{"fenStr":"b2qrbk1/3n1n1p/1p1p2r1/pN2p3/1PP2p2/P1N2P2/3B1QPP/2RR1B1K","stockfishScores":{"bn":0.5044047619047619}},{"fenStr":"b2qr1k1/3nbn1p/1p1p2r1/pN2p3/1PP2p2/P1N2P2/3B1QPP/2RR1B1K","stockfishScores":{"wn":0.5060714285714286}},{"fenStr":"b2qr1k1/3nbn1p/1p1p2r1/pN2p3/1PP2p2/P1N2P2/5QPP/2RRBB1K","stockfishScores":{"bn":0.5057142857142857}},{"fenStr":"b2qr1k1/3nbn1p/1p1p3r/pN2p3/1PP2p2/P1N2P2/5QPP/2RRBB1K","stockfishScores":{"wn":0.50375}},{"fenStr":"b2qr1k1/3nbn1p/1p1p3r/pNP1p3/1P3p2/P1N2P2/5QPP/2RRBB1K","stockfishScores":{"bn":0.5022619047619048}},{"fenStr":"b2qr1k1/3nbn1p/3p3r/pNp1p3/1P3p2/P1N2P2/5QPP/2RRBB1K","stockfishScores":{"wn":0.4919642857142857}},{"fenStr":"b2qr1k1/3nbn1p/3p3r/pNP1p3/5p2/P1N2P2/5QPP/2RRBB1K","stockfishScores":{"bn":0.4975}},{"fenStr":"b2qr1k1/3n1n1p/3p3r/pNP1p3/5p1b/P1N2P2/5QPP/2RRBB1K","stockfishScores":{"wn":0.5041071428571429}},{"fenStr":"b2qr1k1/3n1n1p/3p3r/pNP1p3/5p1b/P1N2P2/3Q2PP/2RRBB1K","stockfishScores":{"bn":0.5002380952380953}},{"fenStr":"b2qr1k1/3n1n1p/3p3r/pNP1p3/5p2/P1N2P2/3Q2PP/2RRbB1K","stockfishScores":{"wn":0.46577380952380953}},{"fenStr":"b2qr1k1/3n1n1p/3p3r/pNP1p3/5p2/P1N2P2/6PP/2RRQB1K","stockfishScores":{"bn":0.4938690476190476}},{"fenStr":"b2qr1k1/5n1p/3p3r/pNn1p3/5p2/P1N2P2/6PP/2RRQB1K","stockfishScores":{"wn":0.49238095238095236}},{"fenStr":"b2qr1k1/5n1p/3p3r/pNn1p3/2B2p2/P1N2P2/6PP/2RRQ2K","stockfishScores":{"bn":0.49839285714285714}},{"fenStr":"b2qr1k1/5n1p/3p3r/pNn5/2B1pp2/P1N2P2/6PP/2RRQ2K","stockfishScores":{"wn":0.4988095238095238}},{"fenStr":"b2qr1k1/5n1p/3p3r/pNn5/2B1Pp2/P1N5/6PP/2RRQ2K","stockfishScores":{"bn":0.5071428571428571}},{"fenStr":"b2qr1k1/5n1p/3p3r/pN6/2B1np2/P1N5/6PP/2RRQ2K","stockfishScores":{"wn":0.49773809523809526}},{"fenStr":"b2qr1k1/5n1p/3p3r/pN6/2B1Np2/P7/6PP/2RRQ2K","stockfishScores":{"bn":0.5248214285714285}},{"fenStr":"3qr1k1/5n1p/3p3r/pN6/2B1bp2/P7/6PP/2RRQ2K","stockfishScores":{"wn":0.4961904761904762}},{"fenStr":"3qr1k1/5n1p/3p3r/pN6/2B1bp2/P7/5QPP/2RR3K","stockfishScores":{"bn":0.5010119047619047}},{"fenStr":"3qr1k1/5n1p/3p2r1/pN6/2B1bp2/P7/5QPP/2RR3K","stockfishScores":{"wn":0.5024404761904762}},{"fenStr":"3qr1k1/5B1p/3p2r1/pN6/4bp2/P7/5QPP/2RR3K","stockfishScores":{"bn":0.5232142857142857}},{"fenStr":"3qr3/5k1p/3p2r1/pN6/4bp2/P7/5QPP/2RR3K","stockfishScores":{"wn":0.49666666666666665}},{"fenStr":"3qr3/5k1p/3p2r1/pN6/4bQ2/P7/6PP/2RR3K","stockfishScores":{"bn":0.504702380952381}},{"fenStr":"3qr1k1/7p/3p2r1/pN6/4bQ2/P7/6PP/2RR3K","stockfishScores":{"wn":0.49601190476190476}},{"fenStr":"3qr1k1/7p/3p2r1/pN6/4bQ2/P7/3R2PP/2R4K","stockfishScores":{"bn":0.4994642857142857}},{"fenStr":"q3r1k1/7p/3p2r1/pN6/4bQ2/P7/3R2PP/2R4K","stockfishScores":{"wn":0.4995833333333333}},{"fenStr":"q3r1k1/7p/3p2r1/pN6/4bQ2/P6P/3R2P1/2R4K","stockfishScores":{"bn":0.49779761904761904}},{"fenStr":"q3r1k1/7p/3p2r1/pN6/5Q2/P6P/3R2b1/2R4K","stockfishScores":{"wn":0.49470238095238095}},{"fenStr":"q3r1k1/7p/3p2r1/pN6/5Q2/P6P/3R2bK/2R5","stockfishScores":{"bn":0.4968452380952381}},{"fenStr":"q4rk1/7p/3p2r1/pN6/5Q2/P6P/3R2bK/2R5","stockfishScores":{"wn":0.48595238095238097}},{"fenStr":"q4rk1/7p/3p2r1/pN6/7Q/P6P/3R2bK/2R5","stockfishScores":{"bn":0.4951785714285714}},{"fenStr":"4qrk1/7p/3p2r1/pN6/7Q/P6P/3R2bK/2R5","stockfishScores":{"wn":0.4882142857142857}},{"fenStr":"4qrk1/7p/3p2r1/pN6/7Q/P6P/6RK/2R5","stockfishScores":{"bn":0.5213690476190476}},{"fenStr":"5rk1/7p/3p2r1/pN2q3/7Q/P6P/6RK/2R5","stockfishScores":{"wn":0.5235714285714286}},{"fenStr":"5rk1/7p/3p2r1/pN2q3/7Q/P6P/6R1/2R4K","stockfishScores":{"bn":0.5226190476190476}},{"fenStr":"5rk1/7p/3p4/pN2q3/7Q/P6P/6r1/2R4K","stockfishScores":{"wn":0.4504166666666667}},{"fenStr":"5rk1/7p/3N4/p3q3/7Q/P6P/6r1/2R4K","stockfishScores":{"bn":0.459702380952381}},{"fenStr":"5rk1/7p/3N4/p7/7Q/P6P/6rq/2R4K","stockfishScores":{"wn":0.48142857142857143}}],"result":{"bw":true}}