{"fens":[{"fenStr":"rnbqkbnr/pppppppp/8/8/4P3/8/PPPP1PPP/RNBQKBNR","stockfishScores":{"bn":0.5049404761904762}},{"fenStr":"rnbqkbnr/pppp1ppp/8/4p3/4P3/8/PPPP1PPP/RNBQKBNR","stockfishScores":{"wn":0.5005952380952381}},{"fenStr":"rnbqkbnr/pppp1ppp/8/4p3/4P3/5N2/PPPP1PPP/RNBQKB1R","stockfishScores":{"bn":0.5044047619047619}},{"fenStr":"r1bqkbnr/pppp1ppp/2n5/4p3/4P3/5N2/PPPP1PPP/RNBQKB1R","stockfishScores":{"wn":0.5004166666666666}},{"fenStr":"r1bqkbnr/pppp1ppp/2n5/1B2p3/4P3/5N2/PPPP1PPP/RNBQK2R","stockfishScores":{"bn":0.5002380952380953}},{"fenStr":"r1bqkb1r/pppp1ppp/2n2n2/1B2p3/4P3/5N2/PPPP1PPP/RNBQK2R","stockfishScores":{"wn":0.49642857142857144}},{"fenStr":"r1bqkb1r/pppp1ppp/2n2n2/1B2p3/4P3/3P1N2/PPP2PPP/RNBQK2R","stockfishScores":{"bn":0.5013690476190477}},{"fenStr":"r1bqk2r/pppp1ppp/2n2n2/1Bb1p3/4P3/3P1N2/PPP2PPP/RNBQK2R","stockfishScores":{"wn":0.49851190476190477}},{"fenStr":"r1bqk2r/pppp1ppp/2B2n2/2b1p3/4P3/3P1N2/PPP2PPP/RNBQK2R","stockfishScores":{"bn":0.5228571428571429}},{"fenStr":"r1bqk2r/ppp2ppp/2p2n2/2b1p3/4P3/3P1N2/PPP2PPP/RNBQK2R","stockfishScores":{"wn":0.49470238095238095}},{"fenStr":"r1bqk2r/ppp2ppp/2p2n2/2b1p3/4P3/3P1N2/PPP2PPP/RNBQ1RK1","stockfishScores":{"bn":0.5091071428571429}},{"fenStr":"r1bqk2r/ppp2ppp/2pb1n2/4p3/4P3/3P1N2/PPP2PPP/RNBQ1RK1","stockfishScores":{"wn":0.5092261904761904}},{"fenStr":"r1bqk2r/ppp2ppp/2pb1n2/4p3/4P3/3P1N2/PPPN1PPP/R1BQ1RK1","stockfishScores":{"bn":0.5111309523809524}},{"fenStr":"r1bqk2r/ppp2ppp/3b1n2/2p1p3/4P3/3P1N2/PPPN1PPP/R1BQ1RK1","stockfishScores":{"wn":0.5124404761904762}},{"fenStr":"r1bqk2r/ppp2ppp/3b1n2/2p1p3/2N1P3/3P1N2/PPP2PPP/R1BQ1RK1","stockfishScores":{"bn":0.5154761904761904}},{"fenStr":"r1bqk2r/pppn1ppp/3b4/2p1p3/2N1P3/3P1N2/PPP2PPP/R1BQ1RK1","stockfishScores":{"wn":0.518452380952381}},{"fenStr":"r1bqk2r/pppn1ppp/3b4/2p1p3/2N1P3/2PP1N2/PP3PPP/R1BQ1RK1","stockfishScores":{"bn":0.5180357142857143}},{"fenStr":"r1bqk2r/p1pn1ppp/1p1b4/2p1p3/2N1P3/2PP1N2/PP3PPP/R1BQ1RK1","stockfishScores":{"wn":0.516547619047619}},{"fenStr":"r1bqk2r/p1pn1ppp/1p1b4/2p1p3/2NPP3/2P2N2/PP3PPP/R1BQ1RK1","stockfishScores":{"bn":0.5170833333333333}},{"fenStr":"r2qk2r/p1pn1ppp/bp1b4/2p1p3/2NPP3/2P2N2/PP3PPP/R1BQ1RK1","stockfishScores":{"wn":0.5141071428571429}},{"fenStr":"r2qk2r/p1pn1ppp/bp1b4/2p1p3/Q1NPP3/2P2N2/PP3PPP/R1B2RK1","stockfishScores":{"bn":0.5191666666666667}},{"fenStr":"r2qk2r/p1pn1ppp/1p1b4/2p1p3/Q1bPP3/2P2N2/PP3PPP/R1B2RK1","stockfishScores":{"wn":0.48696428571428574}},{"fenStr":"r2qk2r/p1pn1ppp/1p1b4/2p1p3/2QPP3/2P2N2/PP3PPP/R1B2RK1","stockfishScores":{"bn":0.5155952380952381}},{"fenStr":"r2qk2r/p1pn1ppp/1p1b4/4p3/2QpP3/2P2N2/PP3PPP/R1B2RK1","stockfishScores":{"wn":0.502797619047619}},{"fenStr":"r2qk2r/p1pn1ppp/1p1b4/4p3/2QPP3/5N2/PP3PPP/R1B2RK1","stockfishScores":{"bn":0.5158333333333334}},{"fenStr":"r2q1rk1/p1pn1ppp/1p1b4/4p3/2QPP3/5N2/PP3PPP/R1B2RK1","stockfishScores":{"wn":0.5050595238095238}},{"fenStr":"r2q1rk1/p1pn1ppp/1p1b4/3Pp3/2Q1P3/5N2/PP3PPP/R1B2RK1","stockfishScores":{"bn":0.5036309523809523}},{"fenStr":"r2q1r1k/p1pn1ppp/1p1b4/3Pp3/2Q1P3/5N2/PP3PPP/R1B2RK1","stockfishScores":{"wn":0.5058928571428571}},{"fenStr":"r2q1r1k/p1pn1ppp/1p1b4/3Pp3/2Q1P3/4BN2/PP3PPP/R4RK1","stockfishScores":{"bn":0.5071428571428571}},{"fenStr":"r3qr1k/p1pn1ppp/1p1b4/3Pp3/2Q1P3/4BN2/PP3PPP/R4RK1","stockfishScores":{"wn":0.507797619047619}},{"fenStr":"r3qr1k/p1pn1ppp/1p1b4/3Pp3/2Q1P3/4BN2/PP3PPP/2R2RK1","stockfishScores":{"bn":0.5088095238095238}},{"fenStr":"r3qr1k/2pn1ppp/1p1b4/p2Pp3/2Q1P3/4BN2/PP3PPP/2R2RK1","stockfishScores":{"wn":0.5083928571428571}},{"fenStr":"r3qr1k/2pn1ppp/1p1b4/p2Pp3/2Q1P3/4B3/PP1N1PPP/2R2RK1","stockfishScores":{"bn":0.5063690476190477}},{"fenStr":"r3qr1k/2p2ppp/1p1b4/p1nPp3/2Q1P3/4B3/PP1N1PPP/2R2RK1","stockfishScores":{"wn":0.5054166666666666}},{"fenStr":"r3qr1k/2p2ppp/1p1b4/p1nPp3/4P3/4B3/PPQN1PPP/2R2RK1","stockfishScores":{"bn":0.5057142857142857}},{"fenStr":"r4r1k/2p2ppp/1p1b4/pqnPp3/4P3/4B3/PPQN1PPP/2R2RK1","stockfishScores":{"wn":0.5070833333333333}},{"fenStr":"r4r1k/2p2ppp/1p1b4/pqnPp3/2N1P3/4B3/PPQ2PPP/2R2RK1","stockfishScores":{"bn":0.51}},{"fenStr":"r1r4k/2p2ppp/1p1b4/pqnPp3/2N1P3/4B3/PPQ2PPP/2R2RK1","stockfishScores":{"wn":0.5111309523809524}},{"fenStr":"r1r4k/2p2ppp/1p1b4/pqBPp3/2N1P3/8/PPQ2PPP/2R2RK1","stockfishScores":{"bn":0.5270238095238096}},{"fenStr":"r1r4k/2p2ppp/1p1b4/p1qPp3/2N1P3/8/PPQ2PPP/2R2RK1","stockfishScores":{"wn":0.5073809523809524}},{"fenStr":"r1r4k/2p2ppp/1p1b4/p1qPp3/2N1P3/3Q4/PP3PPP/2R2RK1","stockfishScores":{"bn":0.5082142857142857}},{"fenStr":"r1r4k/2p2ppp/1p1b4/p2Pp3/1qN1P3/3Q4/PP3PPP/2R2RK1","stockfishScores":{"wn":0.5096428571428572}},{"fenStr":"r1r4k/2p2ppp/1p1b4/p2Pp3/1qN1P3/5Q2/PP3PPP/2R2RK1","stockfishScores":{"bn":0.5091071428571429}},{"fenStr":"r1r4k/2p3pp/1p1b1p2/p2Pp3/1qN1P3/5Q2/PP3PPP/2R2RK1","stockfishScores":{"wn":0.5075}},{"fenStr":"r1r4k/2p3pp/1p1b1p2/p2Pp3/1qN1P3/5Q2/PPR2PPP/5RK1","stockfishScores":{"bn":0.5055952380952381}},{"fenStr":"r1r4k/2p3pp/1p3p2/p1bPp3/1qN1P3/5Q2/PPR2PPP/5RK1","stockfishScores":{"wn":0.5042261904761904}},{"fenStr":"r1r4k/2p3pp/1p3p2/p1bPp3/1qN1P3/5Q2/PPR2PPP/2R3K1","stockfishScores":{"bn":0.5060119047619047}},{"fenStr":"r1r4k/2p3pp/1p3p2/p1bPp3/q1N1P3/5Q2/PPR2PPP/2R3K1","stockfishScores":{"wn":0.5058333333333334}},{"fenStr":"r1r4k/2p3pp/1p3p2/p1bPp3/q1N1P3/P4Q2/1PR2PPP/2R3K1","stockfishScores":{"bn":0.5063690476190477}},{"fenStr":"r1r4k/2pq2pp/1p3p2/p1bPp3/2N1P3/P4Q2/1PR2PPP/2R3K1","stockfishScores":{"wn":0.5038690476190476}},{"fenStr":"r1r4k/2pq2pp/1p3p2/p1bPp3/2N1P2P/P4Q2/1PR2PP1/2R3K1","stockfishScores":{"bn":0.5023809523809524}},{"fenStr":"r4r1k/2pq2pp/1p3p2/p1bPp3/2N1P2P/P4Q2/1PR2PP1/2R3K1","stockfishScores":{"wn":0.5022023809523809}},{"fenStr":"r4r1k/2pq2pp/1p3p2/p1bPp2P/2N1P3/P4Q2/1PR2PP1/2R3K1","stockfishScores":{"bn":0.501547619047619}},{"fenStr":"r4r1k/2pq2pp/1p6/p1bPpp1P/2N1P3/P4Q2/1PR2PP1/2R3K1","stockfishScores":{"wn":0.5055357142857143}},{"fenStr":"r4r1k/2pq2pp/1p6/p1bPpp1P/2N1P3/P6Q/1PR2PP1/2R3K1","stockfishScores":{"bn":0.5039285714285714}},{"fenStr":"4rr1k/2pq2pp/1p6/p1bPpp1P/2N1P3/P6Q/1PR2PP1/2R3K1","stockfishScores":{"wn":0.5032142857142857}},{"fenStr":"4rr1k/2pq2pp/1p6/p1bPpp1P/4P3/P3N2Q/1PR2PP1/2R3K1","stockfishScores":{"bn":0.5016071428571428}},{"fenStr":"4rr1k/2pq2pp/1p6/p2Ppp1P/4P3/P3b2Q/1PR2PP1/2R3K1","stockfishScores":{"wn":0.4804761904761905}},{"fenStr":"4rr1k/2pq2pp/1p6/p2Ppp1P/4P3/P3P2Q/1PR3P1/2R3K1","stockfishScores":{"bn":0.5011904761904762}},{"fenStr":"3qrr1k/2p3pp/1p6/p2Ppp1P/4P3/P3P2Q/1PR3P1/2R3K1","stockfishScores":{"wn":0.5019642857142858}},{"fenStr":"3qrr1k/2R3pp/1p6/p2Ppp1P/4P3/P3P2Q/1P4P1/2R3K1","stockfishScores":{"bn":0.5121428571428571}},{"fenStr":"4rr1k/2R3pp/1p6/p2PppqP/4P3/P3P2Q/1P4P1/2R3K1","stockfishScores":{"wn":0.510297619047619}},{"fenStr":"4rr1k/2R3pp/1p6/p2PpPqP/8/P3P2Q/1P4P1/2R3K1","stockfishScores":{"bn":0.5172023809523809}},{"fenStr":"4rr1k/2R3pp/1p6/p2P1PqP/4p3/P3P2Q/1P4P1/2R3K1","stockfishScores":{"wn":0.518095238095238}},{"fenStr":"4rr1k/2R3pp/1p1P4/p4PqP/4p3/P3P2Q/1P4P1/2R3K1","stockfishScores":{"bn":0.5252380952380953}},{"fenStr":"4rr1k/2R3p1/1p1P3p/p4PqP/4p3/P3P2Q/1P4P1/2R3K1","stockfishScores":{"wn":0.5254761904761904}},{"fenStr":"4rr1k/2RP2p1/1p5p/p4PqP/4p3/P3P2Q/1P4P1/2R3K1","stockfishScores":{"bn":0.5267857142857143}},{"fenStr":"3r1r1k/2RP2p1/1p5p/p4PqP/4p3/P3P2Q/1P4P1/2R3K1","stockfishScores":{"wn":0.5238690476190476}},{"fenStr":"2Rr1r1k/3P2p1/1p5p/p4PqP/4p3/P3P2Q/1P4P1/2R3K1","stockfishScores":{"bn":0.5217261904761905}},{"fenStr":"2Rr1r2/3P2pk/1p5p/p4PqP/4p3/P3P2Q/1P4P1/2R3K1","stockfishScores":{"wn":0.520952380952381}},{"fenStr":"3R1r2/3P2pk/1p5p/p4PqP/4p3/P3P2Q/1P4P1/2R3K1","stockfishScores":{"bn":0.5483333333333333}},{"fenStr":"3r4/3P2pk/1p5p/p4PqP/4p3/P3P2Q/1P4P1/2R3K1","stockfishScores":{"wn":0.5219047619047619}},{"fenStr":"3r4/3P2pk/1p5p/p4PqP/4p3/P3P2Q/1P4P1/3R2K1","stockfishScores":{"bn":0.5207738095238095}},{"fenStr":"3r2k1/3P2p1/1p5p/p4PqP/4p3/P3P2Q/1P4P1/3R2K1","stockfishScores":{"wn":0.5210119047619047}},{"fenStr":"3r2k1/3P2p1/1p5p/p4PqP/3Rp3/P3P2Q/1P4P1/6K1","stockfishScores":{"bn":0.520952380952381}},{"fenStr":"3r4/3P2pk/1p5p/p4PqP/3Rp3/P3P2Q/1P4P1/6K1","stockfishScores":{"wn":0.5229166666666667}},{"fenStr":"3r4/3P2pk/1p3P1p/p5qP/3Rp3/P3P2Q/1P4P1/6K1","stockfishScores":{"bn":0.5282142857142857}},{"fenStr":"3r4/3P3k/1p3p1p/p5qP/3Rp3/P3P2Q/1P4P1/6K1","stockfishScores":{"wn":0.5163690476190477}},{"fenStr":"3r4/3P3k/1p3p1p/p5qP/4R3/P3P2Q/1P4P1/6K1","stockfishScores":{"bn":0.5235714285714286}},{"fenStr":"3r4/3P3k/1p5p/p4pqP/4R3/P3P2Q/1P4P1/6K1","stockfishScores":{"wn":0.5157738095238096}},{"fenStr":"3r4/3P3k/1p5p/p4pqP/3R4/P3P2Q/1P4P1/6K1","stockfishScores":{"bn":0.5200595238095238}},{"fenStr":"3r4/3P2k1/1p5p/p4pqP/3R4/P3P2Q/1P4P1/6K1","stockfishScores":{"wn":0.5186904761904761}},{"fenStr":"3r4/3P2k1/1p5p/p2R1pqP/8/P3P2Q/1P4P1/6K1","stockfishScores":{"bn":0.5200595238095238}},{"fenStr":"3r4/3P4/1p3k1p/p2R1pqP/8/P3P2Q/1P4P1/6K1","stockfishScores":{"wn":0.5275595238095238}},{"fenStr":"3r4/3P4/1p1R1k1p/p4pqP/8/P3P2Q/1P4P1/6K1","stockfishScores":{"bn":0.5221428571428571}},{"fenStr":"3r4/3P4/1p1R3p/p3kpqP/8/P3P2Q/1P4P1/6K1","stockfishScores":{"wn":0.5356547619047619}},{"fenStr":"3r4/3P4/1p1R3p/p3kpqP/8/P3P3/1P4PQ/6K1","stockfishScores":{"bn":0.5235714285714286}},{"fenStr":"3r4/3P4/1p1R3p/p4pqP/4k3/P3P3/1P4PQ/6K1","stockfishScores":{"wn":0.5376785714285715}},{"fenStr":"3r4/3P4/1p5p/p4pqP/3Rk3/P3P3/1P4PQ/6K1","stockfishScores":{"bn":0.52125}},{"fenStr":"3r4/3P4/1p5p/p4pqP/3R4/P3k3/1P4PQ/6K1","stockfishScores":{"wn":0.5292857142857142}},{"fenStr":"3r4/3P4/1p5p/p3QpqP/3R4/P3k3/1P4P1/6K1","stockfishScores":{"bn":0.52625}}],"result":{"ww":true}}