{"fens":[{"fenStr":"rnbqkbnr/pppppppp/8/8/4P3/8/PPPP1PPP/RNBQKBNR","stockfishScores":{"bn":0.5049404761904762}},{"fenStr":"rnbqkbnr/pp1ppppp/8/2p5/4P3/8/PPPP1PPP/RNBQKBNR","stockfishScores":{"wn":0.5038095238095238}},{"fenStr":"rnbqkbnr/pp1ppppp/8/2p5/4P3/5N2/PPPP1PPP/RNBQKB1R","stockfishScores":{"bn":0.5058928571428571}},{"fenStr":"rnbqkbnr/pp2pppp/3p4/2p5/4P3/5N2/PPPP1PPP/RNBQKB1R","stockfishScores":{"wn":0.5020833333333333}},{"fenStr":"rnbqkbnr/pp2pppp/3p4/2p5/3PP3/5N2/PPP2PPP/RNBQKB1R","stockfishScores":{"bn":0.5076785714285714}},{"fenStr":"rnbqkbnr/pp2pppp/3p4/8/3pP3/5N2/PPP2PPP/RNBQKB1R","stockfishScores":{"wn":0.4976190476190476}},{"fenStr":"rnbqkbnr/pp2pppp/3p4/8/3NP3/8/PPP2PPP/RNBQKB1R","stockfishScores":{"bn":0.51}},{"fenStr":"rnbqkb1r/pp2pppp/3p1n2/8/3NP3/8/PPP2PPP/RNBQKB1R","stockfishScores":{"wn":0.5031547619047619}},{"fenStr":"rnbqkb1r/pp2pppp/3p1n2/8/3NP3/2N5/PPP2PPP/R1BQKB1R","stockfishScores":{"bn":0.5076190476190476}},{"fenStr":"rnbqkb1r/pp3ppp/3ppn2/8/3NP3/2N5/PPP2PPP/R1BQKB1R","stockfishScores":{"wn":0.5086309523809524}},{"fenStr":"rnbqkb1r/pp3ppp/3ppn2/8/3NP1P1/2N5/PPP2P1P/R1BQKB1R","stockfishScores":{"bn":0.5088095238095238}},{"fenStr":"rnbqkb1r/pp3pp1/3ppn1p/8/3NP1P1/2N5/PPP2P1P/R1BQKB1R","stockfishScores":{"wn":0.5057142857142857}},{"fenStr":"rnbqkb1r/pp3pp1/3ppn1p/8/3NP1P1/2N1B3/PPP2P1P/R2QKB1R","stockfishScores":{"bn":0.5061309523809524}},{"fenStr":"r1bqkb1r/pp3pp1/2nppn1p/8/3NP1P1/2N1B3/PPP2P1P/R2QKB1R","stockfishScores":{"wn":0.500297619047619}},{"fenStr":"r1bqkb1r/pp3pp1/2nppn1p/8/3NP1P1/2N1B3/PPP2P1P/R2QKBR1","stockfishScores":{"bn":0.5031547619047619}},{"fenStr":"r1bqkb1r/pp3pp1/2np1n1p/4p3/3NP1P1/2N1B3/PPP2P1P/R2QKBR1","stockfishScores":{"wn":0.4970833333333333}},{"fenStr":"r1bqkb1r/pp3pp1/2np1n1p/1N2p3/4P1P1/2N1B3/PPP2P1P/R2QKBR1","stockfishScores":{"bn":0.5042857142857143}},{"fenStr":"r1bqkb1r/1p3pp1/p1np1n1p/1N2p3/4P1P1/2N1B3/PPP2P1P/R2QKBR1","stockfishScores":{"wn":0.5016071428571428}},{"fenStr":"r1bqkb1r/1p3pp1/p1np1n1p/4p3/4P1P1/N1N1B3/PPP2P1P/R2QKBR1","stockfishScores":{"bn":0.4988690476190476}},{"fenStr":"r1bqkb1r/5pp1/p1np1n1p/1p2p3/4P1P1/N1N1B3/PPP2P1P/R2QKBR1","stockfishScores":{"wn":0.4950595238095238}},{"fenStr":"r1bqkb1r/5pp1/p1np1n1p/1p1Np3/4P1P1/N3B3/PPP2P1P/R2QKBR1","stockfishScores":{"bn":0.49976190476190474}},{"fenStr":"r1bqkb1r/5pp1/p1np3p/1p1np3/4P1P1/N3B3/PPP2P1P/R2QKBR1","stockfishScores":{"wn":0.46660714285714283}},{"fenStr":"r1bqkb1r/5pp1/p1np3p/1p1Pp3/6P1/N3B3/PPP2P1P/R2QKBR1","stockfishScores":{"bn":0.5022619047619048}},{"fenStr":"rnbqkb1r/5pp1/p2p3p/1p1Pp3/6P1/N3B3/PPP2P1P/R2QKBR1","stockfishScores":{"wn":0.503095238095238}},{"fenStr":"rnbqkb1r/5pp1/p2p3p/1p1Pp3/6P1/N2BB3/PPP2P1P/R2QK1R1","stockfishScores":{"bn":0.5020238095238095}},{"fenStr":"rnbqk2r/4bpp1/p2p3p/1p1Pp3/6P1/N2BB3/PPP2P1P/R2QK1R1","stockfishScores":{"wn":0.5019047619047619}},{"fenStr":"rnbqk2r/4bpp1/p2p3p/1p1Pp3/6P1/N2BBQ2/PPP2P1P/R3K1R1","stockfishScores":{"bn":0.5029166666666667}},{"fenStr":"r1bqk2r/3nbpp1/p2p3p/1p1Pp3/6P1/N2BBQ2/PPP2P1P/R3K1R1","stockfishScores":{"wn":0.4969047619047619}},{"fenStr":"r1bqk2r/3nbpp1/p2p3p/1p1Pp3/6P1/N2BBQ2/PPP2P1P/2KR2R1","stockfishScores":{"bn":0.501547619047619}},{"fenStr":"r2qk2r/1b1nbpp1/p2p3p/1p1Pp3/6P1/N2BBQ2/PPP2P1P/2KR2R1","stockfishScores":{"wn":0.5000595238095238}},{"fenStr":"r2qk2r/1b1nbpp1/p2p3p/1p1Pp3/6P1/N2BBQ2/PPP2P1P/1K1R2R1","stockfishScores":{"bn":0.5033333333333333}},{"fenStr":"r2qk2r/1b1n1pp1/p2p3p/1p1Pp1b1/6P1/N2BBQ2/PPP2P1P/1K1R2R1","stockfishScores":{"wn":0.5036904761904762}},{"fenStr":"r2qk2r/1b1n1pp1/p2p3p/1p1Pp1b1/2P3P1/N2BBQ2/PP3P1P/1K1R2R1","stockfishScores":{"bn":0.5042261904761904}},{"fenStr":"r2qk2r/1b1n1pp1/p2p3p/3Pp1b1/1pP3P1/N2BBQ2/PP3P1P/1K1R2R1","stockfishScores":{"wn":0.5032738095238095}},{"fenStr":"r2qk2r/1b1n1pp1/p2p3p/3Pp1b1/1pP3P1/3BBQ2/PPN2P1P/1K1R2R1","stockfishScores":{"bn":0.5107738095238096}},{"fenStr":"r2qk2r/1b1n1pp1/3p3p/p2Pp1b1/1pP3P1/3BBQ2/PPN2P1P/1K1R2R1","stockfishScores":{"wn":0.5070833333333333}},{"fenStr":"r2qk2r/1b1n1pp1/3p3p/p2Pp1b1/1pP3P1/3BBQ2/PPN2P1P/1K1RR3","stockfishScores":{"bn":0.5068452380952381}},{"fenStr":"r2q1k1r/1b1n1pp1/3p3p/p2Pp1b1/1pP3P1/3BBQ2/PPN2P1P/1K1RR3","stockfishScores":{"wn":0.5072619047619048}},{"fenStr":"r2q1k1r/1b1n1pp1/3p3p/p2PpBb1/1pP3P1/4BQ2/PPN2P1P/1K1RR3","stockfishScores":{"bn":0.5029166666666667}},{"fenStr":"r4k1r/1b1n1pp1/3p1q1p/p2PpBb1/1pP3P1/4BQ2/PPN2P1P/1K1RR3","stockfishScores":{"wn":0.5080357142857143}},{"fenStr":"r4k1r/1b1n1pp1/3p1q1p/p2PpBb1/1pP3P1/4B3/PPN1QP1P/1K1RR3","stockfishScores":{"bn":0.508452380952381}},{"fenStr":"r4k1r/1b1n1pp1/3p1q1p/p2PpB2/1pP3P1/4b3/PPN1QP1P/1K1RR3","stockfishScores":{"wn":0.4917261904761905}},{"fenStr":"r4k1r/1b1n1pp1/3p1q1p/p2PpB2/1pP3P1/4P3/PPN1Q2P/1K1RR3","stockfishScores":{"bn":0.5069642857142858}},{"fenStr":"r4k1r/1b3pp1/3p1q1p/p1nPpB2/1pP3P1/4P3/PPN1Q2P/1K1RR3","stockfishScores":{"wn":0.5016666666666667}},{"fenStr":"r4k1r/1b3pp1/3p1q1p/p1nPpB2/1pP3P1/4P3/PPN1Q2P/1K1R1R2","stockfishScores":{"bn":0.5048214285714285}},{"fenStr":"r4k1r/1b2qpp1/3p3p/p1nPpB2/1pP3P1/4P3/PPN1Q2P/1K1R1R2","stockfishScores":{"wn":0.5022619047619048}},{"fenStr":"r4k1r/1b2qpp1/3p2Bp/p1nPp3/1pP3P1/4P3/PPN1Q2P/1K1R1R2","stockfishScores":{"bn":0.5008333333333334}},{"fenStr":"r4k1r/1b2q1p1/3p1pBp/p1nPp3/1pP3P1/4P3/PPN1Q2P/1K1R1R2","stockfishScores":{"wn":0.5069047619047619}},{"fenStr":"r4k1r/1b2q1p1/3p1pBp/p1nPp3/1pP3PP/4P3/PPN1Q3/1K1R1R2","stockfishScores":{"bn":0.5076190476190476}},{"fenStr":"r2q1k1r/1b4p1/3p1pBp/p1nPp3/1pP3PP/4P3/PPN1Q3/1K1R1R2","stockfishScores":{"wn":0.5109523809523809}},{"fenStr":"r2q1k1r/1b4p1/3p1pBp/p1nPp1P1/1pP4P/4P3/PPN1Q3/1K1R1R2","stockfishScores":{"bn":0.5123809523809524}},{"fenStr":"r2q1k1r/1b4p1/3p1pB1/p1nPp1p1/1pP4P/4P3/PPN1Q3/1K1R1R2","stockfishScores":{"wn":0.49726190476190474}},{"fenStr":"r2q1k1r/1b4p1/3p1pB1/p1nPp1P1/1pP5/4P3/PPN1Q3/1K1R1R2","stockfishScores":{"bn":0.5040476190476191}},{"fenStr":"r2q3r/1b2k1p1/3p1pB1/p1nPp1P1/1pP5/4P3/PPN1Q3/1K1R1R2","stockfishScores":{"wn":0.5045238095238095}},{"fenStr":"r2q3r/1b2k1p1/3p1PB1/p1nPp3/1pP5/4P3/PPN1Q3/1K1R1R2","stockfishScores":{"bn":0.5291666666666667}},{"fenStr":"r2q3r/1b2k3/3p1pB1/p1nPp3/1pP5/4P3/PPN1Q3/1K1R1R2","stockfishScores":{"wn":0.507797619047619}},{"fenStr":"r2q3r/1b2k3/3p1RB1/p1nPp3/1pP5/4P3/PPN1Q3/1K1R4","stockfishScores":{"bn":0.527797619047619}},{"fenStr":"r2q3r/1b6/3p1kB1/p1nPp3/1pP5/4P3/PPN1Q3/1K1R4","stockfishScores":{"wn":0.4957738095238095}},{"fenStr":"r2q3r/1b6/3p1kB1/p1nPp3/1pP5/4PQ2/PPN5/1K1R4","stockfishScores":{"bn":0.4793452380952381}},{"fenStr":"r2q3r/1b4k1/3p2B1/p1nPp3/1pP5/4PQ2/PPN5/1K1R4","stockfishScores":{"wn":0.47732142857142856}},{"fenStr":"r2q3r/1b3Qk1/3p2B1/p1nPp3/1pP5/4P3/PPN5/1K1R4","stockfishScores":{"bn":0.4739285714285714}},{"fenStr":"r2q3r/1b3Q2/3p2Bk/p1nPp3/1pP5/4P3/PPN5/1K1R4","stockfishScores":{"wn":0.5060714285714286}},{"fenStr":"r2q3r/1b3Q2/3p2Bk/p1nPp3/1pP5/4P3/PPN5/1K5R","stockfishScores":{"bn":0.5157738095238096}},{"fenStr":"r2q3r/1b3Q2/3p2B1/p1nPp1k1/1pP5/4P3/PPN5/1K5R","stockfishScores":{"wn":0.52}},{"fenStr":"r2q3r/1b6/3p2B1/p1nPpQk1/1pP5/4P3/PPN5/1K5R","stockfishScores":{"bn":0.49964285714285717}}],"result":{"ww":true}}