{"fens":[{"fenStr":"rnbqkbnr/pppppppp/8/8/2P5/8/PP1PPPPP/RNBQKBNR","stockfishScores":{"bn":0.5016666666666667}},{"fenStr":"rnbqkb1r/pppppppp/5n2/8/2P5/8/PP1PPPPP/RNBQKBNR","stockfishScores":{"wn":0.4988690476190476}},{"fenStr":"rnbqkb1r/pppppppp/5n2/8/2P5/2N5/PP1PPPPP/R1BQKBNR","stockfishScores":{"bn":0.5022023809523809}},{"fenStr":"rnbqkb1r/pppppp1p/5np1/8/2P5/2N5/PP1PPPPP/R1BQKBNR","stockfishScores":{"wn":0.5007738095238096}},{"fenStr":"rnbqkb1r/pppppp1p/5np1/8/2P1P3/2N5/PP1P1PPP/R1BQKBNR","stockfishScores":{"bn":0.5050595238095238}},{"fenStr":"rnbqkb1r/ppp1pp1p/3p1np1/8/2P1P3/2N5/PP1P1PPP/R1BQKBNR","stockfishScores":{"wn":0.4980357142857143}},{"fenStr":"rnbqkb1r/ppp1pp1p/3p1np1/8/2PPP3/2N5/PP3PPP/R1BQKBNR","stockfishScores":{"bn":0.5043452380952381}},{"fenStr":"rnbqk2r/ppp1ppbp/3p1np1/8/2PPP3/2N5/PP3PPP/R1BQKBNR","stockfishScores":{"wn":0.5032142857142857}},{"fenStr":"rnbqk2r/ppp1ppbp/3p1np1/8/2PPP3/2N2P2/PP4PP/R1BQKBNR","stockfishScores":{"bn":0.5041666666666667}},{"fenStr":"r1bqk2r/ppp1ppbp/2np1np1/8/2PPP3/2N2P2/PP4PP/R1BQKBNR","stockfishScores":{"wn":0.5032142857142857}},{"fenStr":"r1bqk2r/ppp1ppbp/2np1np1/8/2PPP3/2N1BP2/PP4PP/R2QKBNR","stockfishScores":{"bn":0.5042857142857143}},{"fenStr":"r1bqk2r/ppp2pbp/2np1np1/4p3/2PPP3/2N1BP2/PP4PP/R2QKBNR","stockfishScores":{"wn":0.5029761904761905}},{"fenStr":"r1bqk2r/ppp2pbp/2np1np1/3Pp3/2P1P3/2N1BP2/PP4PP/R2QKBNR","stockfishScores":{"bn":0.5067261904761905}},{"fenStr":"r1bqk2r/ppp1npbp/3p1np1/3Pp3/2P1P3/2N1BP2/PP4PP/R2QKBNR","stockfishScores":{"wn":0.510297619047619}},{"fenStr":"r1bqk2r/ppp1npbp/3p1np1/3Pp3/2P1P3/2N1BP2/PP1Q2PP/R3KBNR","stockfishScores":{"bn":0.5039880952380953}},{"fenStr":"r1bq1rk1/ppp1npbp/3p1np1/3Pp3/2P1P3/2N1BP2/PP1Q2PP/R3KBNR","stockfishScores":{"wn":0.4943452380952381}},{"fenStr":"r1bq1rk1/ppp1npbp/3p1np1/3Pp3/2P1P1P1/2N1BP2/PP1Q3P/R3KBNR","stockfishScores":{"bn":0.49452380952380953}},{"fenStr":"r1bqnrk1/ppp1npbp/3p2p1/3Pp3/2P1P1P1/2N1BP2/PP1Q3P/R3KBNR","stockfishScores":{"wn":0.4969642857142857}},{"fenStr":"r1bqnrk1/ppp1npbp/3p2p1/3Pp3/2P1P1P1/2NBBP2/PP1Q3P/R3K1NR","stockfishScores":{"bn":0.49607142857142855}},{"fenStr":"r1bqnrk1/ppp1n1bp/3p2p1/3Ppp2/2P1P1P1/2NBBP2/PP1Q3P/R3K1NR","stockfishScores":{"wn":0.4945833333333333}},{"fenStr":"r1bqnrk1/ppp1n1bp/3p2p1/3PpP2/2P3P1/2NBBP2/PP1Q3P/R3K1NR","stockfishScores":{"bn":0.5061904761904762}},{"fenStr":"r1bqnrk1/ppp1n1bp/3p4/3Ppp2/2P3P1/2NBBP2/PP1Q3P/R3K1NR","stockfishScores":{"wn":0.49488095238095237}},{"fenStr":"r1bqnrk1/ppp1n1bp/3p4/3Ppp2/2P3P1/2NBBP1P/PP1Q4/R3K1NR","stockfishScores":{"bn":0.49452380952380953}},{"fenStr":"r1bqnrk1/pp2n1bp/2pp4/3Ppp2/2P3P1/2NBBP1P/PP1Q4/R3K1NR","stockfishScores":{"wn":0.49315476190476193}},{"fenStr":"r1bqnrk1/pp2n1bp/2pp4/3Ppp2/2P3P1/2NBBP1P/PP1QN3/R3K2R","stockfishScores":{"bn":0.49779761904761904}},{"fenStr":"r1bqnrk1/pp2n1bp/3p4/3ppp2/2P3P1/2NBBP1P/PP1QN3/R3K2R","stockfishScores":{"wn":0.48964285714285716}},{"fenStr":"r1bqnrk1/pp2n1bp/3p4/3Ppp2/6P1/2NBBP1P/PP1QN3/R3K2R","stockfishScores":{"bn":0.4963690476190476}},{"fenStr":"r2qnrk1/pp1bn1bp/3p4/3Ppp2/6P1/2NBBP1P/PP1QN3/R3K2R","stockfishScores":{"wn":0.49464285714285716}},{"fenStr":"r2qnrk1/pp1bn1bp/3p4/3Ppp2/6P1/2NBBP1P/PP1QN3/2KR3R","stockfishScores":{"bn":0.5003571428571428}},{"fenStr":"r2qnrk1/1p1bn1bp/p2p4/3Ppp2/6P1/2NBBP1P/PP1QN3/2KR3R","stockfishScores":{"wn":0.5006547619047619}},{"fenStr":"r2qnrk1/1p1bn1bp/p2p4/3Ppp2/6P1/2NBBP1P/PP1QN3/2K3RR","stockfishScores":{"bn":0.49964285714285717}},{"fenStr":"r2qnrk1/3bn1bp/p2p4/1p1Ppp2/6P1/2NBBP1P/PP1QN3/2K3RR","stockfishScores":{"wn":0.49851190476190477}},{"fenStr":"r2qnrk1/3bn1bp/p2p4/1p1PpP2/8/2NBBP1P/PP1QN3/2K3RR","stockfishScores":{"bn":0.5164880952380952}},{"fenStr":"r2qnrk1/3b2bp/p2p4/1p1Ppn2/8/2NBBP1P/PP1QN3/2K3RR","stockfishScores":{"wn":0.5048214285714285}},{"fenStr":"r2qnrk1/3b2bp/p2p4/1p1PpB2/8/2N1BP1P/PP1QN3/2K3RR","stockfishScores":{"bn":0.5433333333333333}},{"fenStr":"r2qnrk1/6bp/p2p4/1p1Ppb2/8/2N1BP1P/PP1QN3/2K3RR","stockfishScores":{"wn":0.503452380952381}},{"fenStr":"r2qnrk1/6bp/p2p4/1p1Ppb2/4N3/4BP1P/PP1QN3/2K3RR","stockfishScores":{"bn":0.5135714285714286}},{"fenStr":"2rqnrk1/6bp/p2p4/1p1Ppb2/4N3/4BP1P/PP1QN3/2K3RR","stockfishScores":{"wn":0.4913095238095238}},{"fenStr":"2rqnrk1/6bp/p2p4/1p1Ppb2/4N3/4BP1P/PP1QN3/3K2RR","stockfishScores":{"bn":0.5061309523809524}},{"fenStr":"2rqn1k1/5rbp/p2p4/1p1Ppb2/4N3/4BP1P/PP1QN3/3K2RR","stockfishScores":{"wn":0.5053571428571428}},{"fenStr":"2rqn1k1/5rbp/p2p4/1p1Ppb2/4N2P/4BP2/PP1QN3/3K2RR","stockfishScores":{"bn":0.5060119047619047}},{"fenStr":"2rqn2k/5rbp/p2p4/1p1Ppb2/4N2P/4BP2/PP1QN3/3K2RR","stockfishScores":{"wn":0.49851190476190477}},{"fenStr":"2rqn2k/5rbp/p2p4/1p1Ppb1P/4N3/4BP2/PP1QN3/3K2RR","stockfishScores":{"bn":0.503452380952381}},{"fenStr":"2rqn2k/5rbp/p2p4/1p1Pp2P/4b3/4BP2/PP1QN3/3K2RR","stockfishScores":{"wn":0.4644047619047619}},{"fenStr":"2rqn2k/5rbp/p2p4/1p1Pp2P/4P3/4B3/PP1QN3/3K2RR","stockfishScores":{"bn":0.5025}},{"fenStr":"3qn2k/5rbp/p2p4/1p1Pp2P/2r1P3/4B3/PP1QN3/3K2RR","stockfishScores":{"wn":0.49976190476190474}},{"fenStr":"3qn2k/5rbp/p2p3P/1p1Pp3/2r1P3/4B3/PP1QN3/3K2RR","stockfishScores":{"bn":0.5064285714285715}},{"fenStr":"3qn2k/5r1p/p2p1b1P/1p1Pp3/2r1P3/4B3/PP1QN3/3K2RR","stockfishScores":{"wn":0.5095238095238095}},{"fenStr":"3qn2k/5r1p/p2p1b1P/1p1Pp3/2r1P3/4B1N1/PP1Q4/3K2RR","stockfishScores":{"bn":0.4999404761904762}},{"fenStr":"2q1n2k/5r1p/p2p1b1P/1p1Pp3/2r1P3/4B1N1/PP1Q4/3K2RR","stockfishScores":{"wn":0.4914880952380952}},{"fenStr":"2q1n2k/5r1p/p2p1b1P/1p1Pp3/2r1P3/1P2B1N1/P2Q4/3K2RR","stockfishScores":{"bn":0.49107142857142855}},{"fenStr":"2q1n2k/5r1p/p2p1b1P/1p1Pp3/4P3/1Pr1B1N1/P2Q4/3K2RR","stockfishScores":{"wn":0.4789285714285714}},{"fenStr":"2q1n2k/5r1p/p2p1b1P/1p1Pp3/4P3/1Pr1B3/P2QN3/3K2RR","stockfishScores":{"bn":0.510297619047619}},{"fenStr":"2q1n2k/2r2r1p/p2p1b1P/1p1Pp3/4P3/1P2B3/P2QN3/3K2RR","stockfishScores":{"wn":0.513452380952381}},{"fenStr":"2q1n2k/2r2r1p/p2p1b1P/1p1Pp3/4P3/1P2B1R1/P2QN3/3K3R","stockfishScores":{"bn":0.5126190476190476}},{"fenStr":"2q1nr1k/2r4p/p2p1b1P/1p1Pp3/4P3/1P2B1R1/P2QN3/3K3R","stockfishScores":{"wn":0.5122023809523809}},{"fenStr":"2q1nr1k/2r4p/p2p1b1P/1p1Pp3/4P3/1P2B1R1/P2QN3/3K2R1","stockfishScores":{"bn":0.5155952380952381}},{"fenStr":"2q1nr1k/5r1p/p2p1b1P/1p1Pp3/4P3/1P2B1R1/P2QN3/3K2R1","stockfishScores":{"wn":0.5171428571428571}},{"fenStr":"2q1nr1k/5r1p/p2p1b1P/1p1Pp3/4P3/1P2B3/P2QN1R1/3K2R1","stockfishScores":{"bn":0.5161309523809524}},{"fenStr":"2q1nr1k/5r1p/p2p3P/1p1Pp3/4P2b/1P2B3/P2QN1R1/3K2R1","stockfishScores":{"wn":0.5098809523809524}},{"fenStr":"2q1nr1k/5r1p/p2p3P/1p1Pp3/4P2b/1P2B3/P2Q2R1/2NK2R1","stockfishScores":{"bn":0.5044642857142857}},{"fenStr":"2q1nr1k/7p/p2p3P/1p1Pp3/4P2b/1P2B3/P2Q2R1/2NK1rR1","stockfishScores":{"wn":0.5023809523809524}},{"fenStr":"2q1nr1k/7p/p2p3P/1p1Pp3/4P2b/1P2B3/P2QK1R1/2N2rR1","stockfishScores":{"bn":0.48875}},{"fenStr":"2q1nr1k/7p/p2p3P/1p1Pp3/4P2b/1P2B3/P2QK1R1/2N3r1","stockfishScores":{"wn":0.4342857142857143}},{"fenStr":"2q1nr1k/7p/p2p3P/1p1Pp3/4P2b/1P2B3/P2QK3/2N3R1","stockfishScores":{"bn":0.49857142857142855}},{"fenStr":"4nr1k/7p/p2p3P/1p1Pp3/4P2b/1P2B2q/P2QK3/2N3R1","stockfishScores":{"wn":0.4826190476190476}},{"fenStr":"4nr1k/7p/p2p3P/1p1Pp3/4P2b/1P2B2q/P2Q4/2NK2R1","stockfishScores":{"bn":0.49297619047619046}},{"fenStr":"4nr1k/7p/p2p3P/1p1Pp3/4P2b/1P2Bq2/P2Q4/2NK2R1","stockfishScores":{"wn":0.49898809523809523}},{"fenStr":"4nr1k/7p/p2p3P/1p1Pp3/4P2b/1P2Bq2/P1KQ4/2N3R1","stockfishScores":{"bn":0.49976190476190474}},{"fenStr":"4nr1k/7p/p2p3P/1p1Pp3/4q2b/1P2B3/P1KQ4/2N3R1","stockfishScores":{"wn":0.49851190476190477}},{"fenStr":"4nr1k/7p/p2p3P/1p1Pp3/4q2b/1P2B3/PK1Q4/2N3R1","stockfishScores":{"bn":0.498452380952381}},{"fenStr":"5r1k/2n4p/p2p3P/1p1Pp3/4q2b/1P2B3/PK1Q4/2N3R1","stockfishScores":{"wn":0.49773809523809526}},{"fenStr":"5r1k/2n4p/p2p3P/1p1Pp3/4q2b/1P1NB3/PK1Q4/6R1","stockfishScores":{"bn":0.50125}},{"fenStr":"5r1k/7p/p2p3P/1p1np3/4q2b/1P1NB3/PK1Q4/6R1","stockfishScores":{"wn":0.49083333333333334}},{"fenStr":"5r1k/7p/p2p3P/1p1np3/4q2b/1P1N4/PK1Q1B2/6R1","stockfishScores":{"bn":0.490952380952381}},{"fenStr":"5r1k/7p/p2p1b1P/1p1np3/4q3/1P1N4/PK1Q1B2/6R1","stockfishScores":{"wn":0.49464285714285716}},{"fenStr":"5r1k/7p/p2p1b1P/1p1np3/4q3/PP1N4/1K1Q1B2/6R1","stockfishScores":{"bn":0.4936904761904762}},{"fenStr":"5r1k/7p/p2p1b1P/1p1npq2/8/PP1N4/1K1Q1B2/6R1","stockfishScores":{"wn":0.490952380952381}},{"fenStr":"5r1k/7p/p2p1b1P/1p1npq2/8/PP6/1K1Q1B2/4N1R1","stockfishScores":{"bn":0.48714285714285716}},{"fenStr":"5r1k/7p/p2p1b1P/1p1n1q2/4p3/PP6/1K1Q1B2/4N1R1","stockfishScores":{"wn":0.47035714285714286}},{"fenStr":"5r1k/7p/p2p1b1P/1p1n1q2/3Bp3/PP6/1K1Q4/4N1R1","stockfishScores":{"bn":0.48946428571428574}},{"fenStr":"5r1k/7p/p2p3P/1p1n1q2/3bp3/PP6/1K1Q4/4N1R1","stockfishScores":{"wn":0.44648809523809524}},{"fenStr":"5r1k/7p/p2p3P/1p1n1q2/3Qp3/PP6/1K6/4N1R1","stockfishScores":{"bn":0.4868452380952381}},{"fenStr":"5r1k/7p/p2p1q1P/1p1n4/3Qp3/PP6/1K6/4N1R1","stockfishScores":{"wn":0.4697023809523809}},{"fenStr":"5r1k/7p/p2p1q1P/1p1n4/3Qp3/PP6/1KN5/6R1","stockfishScores":{"bn":0.48839285714285713}},{"fenStr":"5r1k/7p/p2p3P/1p1n4/3qp3/PP6/1KN5/6R1","stockfishScores":{"wn":0.4123809523809524}},{"fenStr":"5r1k/7p/p2p3P/1p1n4/3Np3/PP6/1K6/6R1","stockfishScores":{"bn":0.48482142857142857}},{"fenStr":"7k/7p/p2p3P/1p1n4/3Np3/PP6/1K3r2/6R1","stockfishScores":{"wn":0.48392857142857143}},{"fenStr":"7k/7p/p2p3P/1p1n4/3Np3/PP6/5r2/2K3R1","stockfishScores":{"bn":0.4832142857142857}},{"fenStr":"7k/7p/p2p3P/1p6/3Npn2/PP6/5r2/2K3R1","stockfishScores":{"wn":0.48446428571428574}},{"fenStr":"7k/7p/p2p3P/1p4R1/3Npn2/PP6/5r2/2K5","stockfishScores":{"bn":0.48238095238095235}},{"fenStr":"7k/7p/p2p3P/1p4R1/3N1n2/PP2p3/5r2/2K5","stockfishScores":{"wn":0.4811309523809524}},{"fenStr":"7k/6Rp/p2p3P/1p6/3N1n2/PP2p3/5r2/2K5","stockfishScores":{"bn":0.4825}},{"fenStr":"7k/6Rp/p2p3P/1p6/3N4/PP1np3/5r2/2K5","stockfishScores":{"wn":0.4832738095238095}},{"fenStr":"7k/6Rp/p2p3P/1p6/3N4/PP1np3/5r2/3K4","stockfishScores":{"bn":0.4819047619047619}},{"fenStr":"7k/6Rp/p2p3P/1p6/3N4/PP1np3/3r4/3K4","stockfishScores":{"wn":0.48601190476190476}}],"result":{"bw":true}}