{"fens":[{"fenStr":"rnbqkbnr/pppppppp/8/8/4P3/8/PPPP1PPP/RNBQKBNR","stockfishScores":{"bn":0.5049404761904762}},{"fenStr":"rnbqkbnr/pppp1ppp/8/4p3/4P3/8/PPPP1PPP/RNBQKBNR","stockfishScores":{"wn":0.5005952380952381}},{"fenStr":"rnbqkbnr/pppp1ppp/8/4p3/4P3/5N2/PPPP1PPP/RNBQKB1R","stockfishScores":{"bn":0.5044047619047619}},{"fenStr":"r1bqkbnr/pppp1ppp/2n5/4p3/4P3/5N2/PPPP1PPP/RNBQKB1R","stockfishScores":{"wn":0.5004166666666666}},{"fenStr":"r1bqkbnr/pppp1ppp/2n5/1B2p3/4P3/5N2/PPPP1PPP/RNBQK2R","stockfishScores":{"bn":0.5002380952380953}},{"fenStr":"r1bqkbnr/1ppp1ppp/p1n5/1B2p3/4P3/5N2/PPPP1PPP/RNBQK2R","stockfishScores":{"wn":0.49535714285714283}},{"fenStr":"r1bqkbnr/1ppp1ppp/p1n5/4p3/B3P3/5N2/PPPP1PPP/RNBQK2R","stockfishScores":{"bn":0.49654761904761907}},{"fenStr":"r1bqkb1r/1ppp1ppp/p1n2n2/4p3/B3P3/5N2/PPPP1PPP/RNBQK2R","stockfishScores":{"wn":0.49273809523809525}},{"fenStr":"r1bqkb1r/1ppp1ppp/p1n2n2/4p3/B3P3/5N2/PPPP1PPP/RNBQ1RK1","stockfishScores":{"bn":0.5022619047619048}},{"fenStr":"r1bqk2r/1pppbppp/p1n2n2/4p3/B3P3/5N2/PPPP1PPP/RNBQ1RK1","stockfishScores":{"wn":0.5031547619047619}},{"fenStr":"r1bqk2r/1pppbppp/p1n2n2/4p3/B3P3/5N2/PPPP1PPP/RNBQR1K1","stockfishScores":{"bn":0.5042857142857143}},{"fenStr":"r1bqk2r/2ppbppp/p1n2n2/1p2p3/B3P3/5N2/PPPP1PPP/RNBQR1K1","stockfishScores":{"wn":0.49773809523809526}},{"fenStr":"r1bqk2r/2ppbppp/p1n2n2/1p2p3/4P3/1B3N2/PPPP1PPP/RNBQR1K1","stockfishScores":{"bn":0.5060714285714286}},{"fenStr":"r1bqk2r/2p1bppp/p1np1n2/1p2p3/4P3/1B3N2/PPPP1PPP/RNBQR1K1","stockfishScores":{"wn":0.5039285714285714}},{"fenStr":"r1bqk2r/2p1bppp/p1np1n2/1p2p3/4P3/1BP2N2/PP1P1PPP/RNBQR1K1","stockfishScores":{"bn":0.504702380952381}},{"fenStr":"r2qk2r/2p1bppp/p1np1n2/1p2p3/4P1b1/1BP2N2/PP1P1PPP/RNBQR1K1","stockfishScores":{"wn":0.5029761904761905}},{"fenStr":"r2qk2r/2p1bppp/p1np1n2/1p2p3/4P1b1/1BPP1N2/PP3PPP/RNBQR1K1","stockfishScores":{"bn":0.5088690476190476}},{"fenStr":"r2qk2r/2p1bppp/p2p1n2/np2p3/4P1b1/1BPP1N2/PP3PPP/RNBQR1K1","stockfishScores":{"wn":0.5089285714285714}},{"fenStr":"r2qk2r/2p1bppp/p2p1n2/np2p3/4P1b1/2PP1N2/PPB2PPP/RNBQR1K1","stockfishScores":{"bn":0.5091666666666667}},{"fenStr":"r2q1rk1/2p1bppp/p2p1n2/np2p3/4P1b1/2PP1N2/PPB2PPP/RNBQR1K1","stockfishScores":{"wn":0.4982738095238095}},{"fenStr":"r2q1rk1/2p1bppp/p2p1n2/np2p3/4P1b1/2PP1N2/PPBN1PPP/R1BQR1K1","stockfishScores":{"bn":0.4992261904761905}},{"fenStr":"r2q1rk1/4bppp/p2p1n2/npp1p3/4P1b1/2PP1N2/PPBN1PPP/R1BQR1K1","stockfishScores":{"wn":0.49702380952380953}},{"fenStr":"r2q1rk1/4bppp/p2p1n2/npp1p3/4P1b1/2PP1N2/PPB2PPP/R1BQRNK1","stockfishScores":{"bn":0.49547619047619046}},{"fenStr":"r2q1rk1/3nbppp/p2p4/npp1p3/4P1b1/2PP1N2/PPB2PPP/R1BQRNK1","stockfishScores":{"wn":0.49523809523809526}},{"fenStr":"r2q1rk1/3nbppp/p2p4/npp1p3/4P1b1/2PP1N1P/PPB2PP1/R1BQRNK1","stockfishScores":{"bn":0.5006547619047619}},{"fenStr":"r2q1rk1/3nbppp/p2pb3/npp1p3/4P3/2PP1N1P/PPB2PP1/R1BQRNK1","stockfishScores":{"wn":0.4986309523809524}},{"fenStr":"r2q1rk1/3nbppp/p2pb3/npp1p3/3PP3/2P2N1P/PPB2PP1/R1BQRNK1","stockfishScores":{"bn":0.5013095238095238}},{"fenStr":"r2q1rk1/3nbppp/p2pb3/npp5/3pP3/2P2N1P/PPB2PP1/R1BQRNK1","stockfishScores":{"wn":0.49023809523809525}},{"fenStr":"r2q1rk1/3nbppp/p2pb3/npp5/3PP3/5N1P/PPB2PP1/R1BQRNK1","stockfishScores":{"bn":0.5032142857142857}},{"fenStr":"r2q1rk1/4bppp/pn1pb3/npp5/3PP3/5N1P/PPB2PP1/R1BQRNK1","stockfishScores":{"wn":0.5046428571428572}},{"fenStr":"r2q1rk1/4bppp/pn1pb3/npp5/3PP3/5NNP/PPB2PP1/R1BQR1K1","stockfishScores":{"bn":0.5055357142857143}},{"fenStr":"2rq1rk1/4bppp/pn1pb3/npp5/3PP3/5NNP/PPB2PP1/R1BQR1K1","stockfishScores":{"wn":0.5060714285714286}},{"fenStr":"2rq1rk1/4bppp/pn1pb3/nppP4/4P3/5NNP/PPB2PP1/R1BQR1K1","stockfishScores":{"bn":0.5093452380952381}},{"fenStr":"2rq1rk1/3bbppp/pn1p4/nppP4/4P3/5NNP/PPB2PP1/R1BQR1K1","stockfishScores":{"wn":0.5055952380952381}},{"fenStr":"2rq1rk1/3bbppp/pn1p4/nppP4/4P3/3Q1NNP/PPB2PP1/R1B1R1K1","stockfishScores":{"bn":0.5022023809523809}},{"fenStr":"2rq1rk1/3bbppp/pn1p4/1ppP4/2n1P3/3Q1NNP/PPB2PP1/R1B1R1K1","stockfishScores":{"wn":0.5044047619047619}},{"fenStr":"2rq1rk1/3bbppp/pn1p4/1ppPP3/2n5/3Q1NNP/PPB2PP1/R1B1R1K1","stockfishScores":{"bn":0.5355357142857142}},{"fenStr":"2rq1rk1/3bbp1p/pn1p2p1/1ppPP3/2n5/3Q1NNP/PPB2PP1/R1B1R1K1","stockfishScores":{"wn":0.5073809523809524}},{"fenStr":"2rq1rk1/3bbp1p/pn1p2pB/1ppPP3/2n5/3Q1NNP/PPB2PP1/R3R1K1","stockfishScores":{"bn":0.5090476190476191}},{"fenStr":"2rqr1k1/3bbp1p/pn1p2pB/1ppPP3/2n5/3Q1NNP/PPB2PP1/R3R1K1","stockfishScores":{"wn":0.5078571428571429}},{"fenStr":"2rqr1k1/3bbp1p/pn1pP1pB/1ppP4/2n5/3Q1NNP/PPB2PP1/R3R1K1","stockfishScores":{"bn":0.5168452380952381}},{"fenStr":"2rqr1k1/3bb2p/pn1pp1pB/1ppP4/2n5/3Q1NNP/PPB2PP1/R3R1K1","stockfishScores":{"wn":0.5006547619047619}},{"fenStr":"2rqr1k1/3bb2p/pn1pP1pB/1pp5/2n5/3Q1NNP/PPB2PP1/R3R1K1","stockfishScores":{"bn":0.518452380952381}},{"fenStr":"2rqr1k1/4b2p/pnbpP1pB/1pp5/2n5/3Q1NNP/PPB2PP1/R3R1K1","stockfishScores":{"wn":0.5111904761904762}},{"fenStr":"2rqr1k1/4b2p/pnbpP1pB/1pp5/2n1N3/3Q1N1P/PPB2PP1/R3R1K1","stockfishScores":{"bn":0.5106547619047619}},{"fenStr":"2rqr1k1/4b2p/p1bpP1pB/1ppn4/2n1N3/3Q1N1P/PPB2PP1/R3R1K1","stockfishScores":{"wn":0.5113095238095238}},{"fenStr":"2rqr1k1/4b2p/p1bpP1pB/1ppn4/2n1N3/1B1Q1N1P/PP3PP1/R3R1K1","stockfishScores":{"bn":0.5107738095238096}},{"fenStr":"2rqr1k1/4b2p/p1bpP1pB/1ppn4/4N3/1B1Q1N1P/Pn3PP1/R3R1K1","stockfishScores":{"wn":0.5022023809523809}},{"fenStr":"2rqr1k1/4b2p/p1bpP1pB/1ppn4/4N3/1B3N1P/Pn2QPP1/R3R1K1","stockfishScores":{"bn":0.5055357142857143}},{"fenStr":"2rqr1k1/4b2p/p1bpP1pB/1ppn4/n3N3/1B3N1P/P3QPP1/R3R1K1","stockfishScores":{"wn":0.5064285714285715}},{"fenStr":"2rqr1k1/4b2p/p1bpP1pB/1ppn4/B3N3/5N1P/P3QPP1/R3R1K1","stockfishScores":{"bn":0.5208928571428572}},{"fenStr":"2rqr1k1/4b2p/p1bpP1pB/2pn4/p3N3/5N1P/P3QPP1/R3R1K1","stockfishScores":{"wn":0.5058928571428571}},{"fenStr":"2rqr1k1/4b2p/p1bpP1pB/2pn4/p3N3/5N1P/P3QPP1/3RR1K1","stockfishScores":{"bn":0.5098214285714285}},{"fenStr":"1r1qr1k1/4b2p/p1bpP1pB/2pn4/p3N3/5N1P/P3QPP1/3RR1K1","stockfishScores":{"wn":0.5085714285714286}},{"fenStr":"1r1qr1k1/4b2p/p1bpP1pB/2pn2N1/p3N3/7P/P3QPP1/3RR1K1","stockfishScores":{"bn":0.519702380952381}},{"fenStr":"1r1qr1k1/7p/p1bpP1pB/2pn2b1/p3N3/7P/P3QPP1/3RR1K1","stockfishScores":{"wn":0.4776190476190476}},{"fenStr":"1r1qr1k1/7p/p1bpP1p1/2pn2B1/p3N3/7P/P3QPP1/3RR1K1","stockfishScores":{"bn":0.5130357142857143}},{"fenStr":"1r2r1k1/2q4p/p1bpP1p1/2pn2B1/p3N3/7P/P3QPP1/3RR1K1","stockfishScores":{"wn":0.5073809523809524}},{"fenStr":"1r2r1k1/2q4p/p1bpP1p1/2pR2B1/p3N3/7P/P3QPP1/4R1K1","stockfishScores":{"bn":0.5375595238095238}},{"fenStr":"1r4k1/2q4p/p1bpr1p1/2pR2B1/p3N3/7P/P3QPP1/4R1K1","stockfishScores":{"wn":0.5176190476190476}},{"fenStr":"1r4k1/2q4p/p1bpr1p1/2pR2B1/p3N3/7P/P2Q1PP1/4R1K1","stockfishScores":{"bn":0.5155952380952381}},{"fenStr":"1r4k1/5q1p/p1bpr1p1/2pR2B1/p3N3/7P/P2Q1PP1/4R1K1","stockfishScores":{"wn":0.5176785714285714}},{"fenStr":"1r4k1/5q1p/p1bRr1p1/2p3B1/p3N3/7P/P2Q1PP1/4R1K1","stockfishScores":{"bn":0.5307738095238095}},{"fenStr":"1r4k1/5q1p/p2Rr1p1/2p3B1/p3b3/7P/P2Q1PP1/4R1K1","stockfishScores":{"wn":0.5059523809523809}},{"fenStr":"1r4k1/5q1p/p3R1p1/2p3B1/p3b3/7P/P2Q1PP1/4R1K1","stockfishScores":{"bn":0.5433333333333333}},{"fenStr":"1r4k1/7p/p3q1p1/2p3B1/p3b3/7P/P2Q1PP1/4R1K1","stockfishScores":{"wn":0.5021428571428571}},{"fenStr":"1r4k1/7p/p3q1p1/2p3B1/p3b3/5P1P/P2Q2P1/4R1K1","stockfishScores":{"bn":0.5060119047619047}},{"fenStr":"1r4k1/8/p3q1pp/2p3B1/p3b3/5P1P/P2Q2P1/4R1K1","stockfishScores":{"wn":0.507797619047619}},{"fenStr":"1r4k1/8/p3q1pp/2p3B1/p3R3/5P1P/P2Q2P1/6K1","stockfishScores":{"bn":0.5318452380952381}},{"fenStr":"6k1/8/p3q1pp/2p3B1/p3R3/5P1P/P2Q2P1/1r4K1","stockfishScores":{"wn":0.5364285714285715}},{"fenStr":"6k1/8/p3q1pp/2p3B1/p3R3/5P1P/P2Q2PK/1r6","stockfishScores":{"bn":0.5364285714285715}},{"fenStr":"6k1/5q2/p5pp/2p3B1/p3R3/5P1P/P2Q2PK/1r6","stockfishScores":{"wn":0.5299404761904762}},{"fenStr":"3Q2k1/5q2/p5pp/2p3B1/p3R3/5P1P/P5PK/1r6","stockfishScores":{"bn":0.5339285714285714}},{"fenStr":"3Q4/5q1k/p5pp/2p3B1/p3R3/5P1P/P5PK/1r6","stockfishScores":{"wn":0.535}},{"fenStr":"3Q4/4Rq1k/p5pp/2p3B1/p7/5P1P/P5PK/1r6","stockfishScores":{"bn":0.5485714285714286}},{"fenStr":"3Q4/1r2Rq1k/p5pp/2p3B1/p7/5P1P/P5PK/8","stockfishScores":{"wn":0.5511904761904762}},{"fenStr":"3Q4/1r3R1k/p5pp/2p3B1/p7/5P1P/P5PK/8","stockfishScores":{"bn":0.599047619047619}},{"fenStr":"3Q4/5r1k/p5pp/2p3B1/p7/5P1P/P5PK/8","stockfishScores":{"wn":0.5606547619047619}},{"fenStr":"3Q4/5r1k/p4Bpp/2p5/p7/5P1P/P5PK/8","stockfishScores":{"bn":0.5602380952380952}},{"fenStr":"3Q4/5r1k/p4B1p/2p3p1/p7/5P1P/P5PK/8","stockfishScores":{"wn":0.5601785714285714}},{"fenStr":"3Q4/5r1k/p6p/2p3p1/p7/2B2P1P/P5PK/8","stockfishScores":{"bn":0.5601785714285714}},{"fenStr":"3Q4/5r2/p5kp/2p3p1/p7/2B2P1P/P5PK/8","stockfishScores":{"wn":0.559404761904762}},{"fenStr":"6Q1/5r2/p5kp/2p3p1/p7/2B2P1P/P5PK/8","stockfishScores":{"bn":0.5591666666666667}},{"fenStr":"6Q1/6r1/p5kp/2p3p1/p7/2B2P1P/P5PK/8","stockfishScores":{"wn":0.5592261904761905}},{"fenStr":"8/6Q1/p5kp/2p3p1/p7/2B2P1P/P5PK/8","stockfishScores":{"bn":0.5970833333333333}},{"fenStr":"8/6Q1/p6p/2p2kp1/p7/2B2P1P/P5PK/8","stockfishScores":{"wn":0.5982738095238095}},{"fenStr":"8/8/p4Q1p/2p2kp1/p7/2B2P1P/P5PK/8","stockfishScores":{"bn":0.5985119047619047}}],"result":{"ww":true}}