{"fens":[{"fenStr":"rnbqkbnr/pppppppp/8/8/4P3/8/PPPP1PPP/RNBQKBNR","stockfishScores":{"bn":0.5049404761904762}},{"fenStr":"rnbqkbnr/pppp1ppp/8/4p3/4P3/8/PPPP1PPP/RNBQKBNR","stockfishScores":{"wn":0.5005952380952381}},{"fenStr":"rnbqkbnr/pppp1ppp/8/4p3/4P3/5N2/PPPP1PPP/RNBQKB1R","stockfishScores":{"bn":0.5044047619047619}},{"fenStr":"r1bqkbnr/pppp1ppp/2n5/4p3/4P3/5N2/PPPP1PPP/RNBQKB1R","stockfishScores":{"wn":0.5004166666666666}},{"fenStr":"r1bqkbnr/pppp1ppp/2n5/1B2p3/4P3/5N2/PPPP1PPP/RNBQK2R","stockfishScores":{"bn":0.5002380952380953}},{"fenStr":"r1bqkbnr/1ppp1ppp/p1n5/1B2p3/4P3/5N2/PPPP1PPP/RNBQK2R","stockfishScores":{"wn":0.49535714285714283}},{"fenStr":"r1bqkbnr/1ppp1ppp/p1n5/4p3/B3P3/5N2/PPPP1PPP/RNBQK2R","stockfishScores":{"bn":0.49654761904761907}},{"fenStr":"r1bqkbnr/1pp2ppp/p1np4/4p3/B3P3/5N2/PPPP1PPP/RNBQK2R","stockfishScores":{"wn":0.4975}},{"fenStr":"r1bqkbnr/1pp2ppp/p1Bp4/4p3/4P3/5N2/PPPP1PPP/RNBQK2R","stockfishScores":{"bn":0.5188095238095238}},{"fenStr":"r1bqkbnr/2p2ppp/p1pp4/4p3/4P3/5N2/PPPP1PPP/RNBQK2R","stockfishScores":{"wn":0.49702380952380953}},{"fenStr":"r1bqkbnr/2p2ppp/p1pp4/4p3/3PP3/5N2/PPP2PPP/RNBQK2R","stockfishScores":{"bn":0.5033928571428572}},{"fenStr":"r1bqkbnr/2p3pp/p1pp1p2/4p3/3PP3/5N2/PPP2PPP/RNBQK2R","stockfishScores":{"wn":0.50375}},{"fenStr":"r1bqkbnr/2p3pp/p1pp1p2/4p3/3PP3/4BN2/PPP2PPP/RN1QK2R","stockfishScores":{"bn":0.503452380952381}},{"fenStr":"r1bqkb1r/2p1n1pp/p1pp1p2/4p3/3PP3/4BN2/PPP2PPP/RN1QK2R","stockfishScores":{"wn":0.5}},{"fenStr":"r1bqkb1r/2p1n1pp/p1pp1p2/4p3/3PP3/4BN2/PPP2PPP/RN1Q1RK1","stockfishScores":{"bn":0.5111309523809524}},{"fenStr":"r1bqkb1r/2p3pp/p1pp1pn1/4p3/3PP3/4BN2/PPP2PPP/RN1Q1RK1","stockfishScores":{"wn":0.5120833333333333}},{"fenStr":"r1bqkb1r/2p3pp/p1pp1pn1/4p3/3PP3/2N1BN2/PPP2PPP/R2Q1RK1","stockfishScores":{"bn":0.5148809523809523}},{"fenStr":"r1bqk2r/2p1b1pp/p1pp1pn1/4p3/3PP3/2N1BN2/PPP2PPP/R2Q1RK1","stockfishScores":{"wn":0.5157142857142857}},{"fenStr":"r1bqk2r/2p1b1pp/p1pp1pn1/4p3/3PP3/2NQBN2/PPP2PPP/R4RK1","stockfishScores":{"bn":0.5147619047619048}},{"fenStr":"r2qk2r/2p1b1pp/p1ppbpn1/4p3/3PP3/2NQBN2/PPP2PPP/R4RK1","stockfishScores":{"wn":0.5145833333333333}},{"fenStr":"r2qk2r/2p1b1pp/p1ppbpn1/3Pp3/4P3/2NQBN2/PPP2PPP/R4RK1","stockfishScores":{"bn":0.5233333333333333}},{"fenStr":"r2qk2r/2p1b1pp/p2pbpn1/3pp3/4P3/2NQBN2/PPP2PPP/R4RK1","stockfishScores":{"wn":0.5001785714285715}},{"fenStr":"r2qk2r/2p1b1pp/p2pbpn1/3Np3/4P3/3QBN2/PPP2PPP/R4RK1","stockfishScores":{"bn":0.5111309523809524}},{"fenStr":"r3k2r/2pqb1pp/p2pbpn1/3Np3/4P3/3QBN2/PPP2PPP/R4RK1","stockfishScores":{"wn":0.5104166666666666}},{"fenStr":"r3k2r/2pqb1pp/p2pbpn1/3Np3/4P3/3QBN2/PPP2PPP/R2R2K1","stockfishScores":{"bn":0.5106547619047619}},{"fenStr":"r4rk1/2pqb1pp/p2pbpn1/3Np3/4P3/3QBN2/PPP2PPP/R2R2K1","stockfishScores":{"wn":0.4992857142857143}},{"fenStr":"r4rk1/2pqb1pp/p2pbpn1/3Np3/2P1P3/3QBN2/PP3PPP/R2R2K1","stockfishScores":{"bn":0.49916666666666665}},{"fenStr":"r4rk1/2pqb1pp/p2p1pn1/3Np3/2P1P1b1/3QBN2/PP3PPP/R2R2K1","stockfishScores":{"wn":0.5019642857142858}},{"fenStr":"r4rk1/2pqb1pp/p2p1pn1/3Np3/2P1P1b1/3QB3/PP1N1PPP/R2R2K1","stockfishScores":{"bn":0.4990476190476191}},{"fenStr":"r4rk1/2pqb1pp/p2p1pn1/3Np3/2P1P3/3QB3/PP1N1PPP/R2b2K1","stockfishScores":{"wn":0.4706547619047619}},{"fenStr":"r4rk1/2pqb1pp/p2p1pn1/3Np3/2P1P3/3QB3/PP1N1PPP/3R2K1","stockfishScores":{"bn":0.49416666666666664}},{"fenStr":"1r3rk1/2pqb1pp/p2p1pn1/3Np3/2P1P3/3QB3/PP1N1PPP/3R2K1","stockfishScores":{"wn":0.49238095238095236}},{"fenStr":"1r3rk1/2pqb1pp/p2p1pn1/3Np3/2P1P3/1P1QB3/P2N1PPP/3R2K1","stockfishScores":{"bn":0.49357142857142855}},{"fenStr":"1r1b1rk1/2pq2pp/p2p1pn1/3Np3/2P1P3/1P1QB3/P2N1PPP/3R2K1","stockfishScores":{"wn":0.4961309523809524}},{"fenStr":"1r1b1rk1/2pq2pp/p2p1pn1/2PNp3/4P3/1P1QB3/P2N1PPP/3R2K1","stockfishScores":{"bn":0.4944642857142857}},{"fenStr":"1r1b1rk1/2pq2pp/p2p1p2/2PNp3/4P2n/1P1QB3/P2N1PPP/3R2K1","stockfishScores":{"wn":0.498452380952381}},{"fenStr":"1r1b1rk1/2pq2pp/p2p1p2/2PNp3/4P2n/1P1QB1P1/P2N1P1P/3R2K1","stockfishScores":{"bn":0.4976190476190476}},{"fenStr":"1r1b1rk1/2p3pp/p2p1p2/2PNp3/4P1qn/1P1QB1P1/P2N1P1P/3R2K1","stockfishScores":{"wn":0.4845238095238095}},{"fenStr":"1r1b1rk1/2p3pp/p2p1p2/2P1p3/4P1qn/1PNQB1P1/P2N1P1P/3R2K1","stockfishScores":{"bn":0.49779761904761904}},{"fenStr":"1r1b1rk1/2p3pp/p2p1p2/2P1p3/4P1q1/1PNQBnP1/P2N1P1P/3R2K1","stockfishScores":{"wn":0.49101190476190476}},{"fenStr":"1r1b1rk1/2p3pp/p2p1p2/2P1p3/4P1q1/1PNQBNP1/P4P1P/3R2K1","stockfishScores":{"bn":0.5216071428571428}},{"fenStr":"1r1b1rk1/2p3pp/p2p1p2/2P1p3/4P3/1PNQBqP1/P4P1P/3R2K1","stockfishScores":{"wn":0.4976785714285714}},{"fenStr":"1r1b1rk1/2p3pp/p2P1p2/4p3/4P3/1PNQBqP1/P4P1P/3R2K1","stockfishScores":{"bn":0.5148809523809523}},{"fenStr":"1r1b1rk1/6pp/p2p1p2/4p3/4P3/1PNQBqP1/P4P1P/3R2K1","stockfishScores":{"wn":0.5001785714285715}},{"fenStr":"1r1b1rk1/6pp/p2Q1p2/4p3/4P3/1PN1BqP1/P4P1P/3R2K1","stockfishScores":{"bn":0.5088095238095238}},{"fenStr":"1r3rk1/6pp/pb1Q1p2/4p3/4P3/1PN1BqP1/P4P1P/3R2K1","stockfishScores":{"wn":0.5014285714285714}},{"fenStr":"1r3rk1/6pp/pb1Q1p2/4p3/4P3/1PNRBqP1/P4P1P/6K1","stockfishScores":{"bn":0.5013690476190477}},{"fenStr":"1r3rk1/6pp/p2Q1p2/4p3/3bP3/1PNRBqP1/P4P1P/6K1","stockfishScores":{"wn":0.49654761904761907}},{"fenStr":"1r3rk1/6pp/Q4p2/4p3/3bP3/1PNRBqP1/P4P1P/6K1","stockfishScores":{"bn":0.4982738095238095}},{"fenStr":"1r3rk1/6pp/Q4p2/4p3/4P3/1PbRBqP1/P4P1P/6K1","stockfishScores":{"wn":0.47970238095238094}},{"fenStr":"1r3rk1/6pp/5p2/4p3/2Q1P3/1PbRBqP1/P4P1P/6K1","stockfishScores":{"bn":0.48017857142857145}},{"fenStr":"1r4k1/5rpp/5p2/4p3/2Q1P3/1PbRBqP1/P4P1P/6K1","stockfishScores":{"wn":0.4849404761904762}},{"fenStr":"1r4k1/5rpp/5p2/4p3/2Q1P3/1PR1BqP1/P4P1P/6K1","stockfishScores":{"bn":0.5039285714285714}},{"fenStr":"3r2k1/5rpp/5p2/4p3/2Q1P3/1PR1BqP1/P4P1P/6K1","stockfishScores":{"wn":0.4913690476190476}},{"fenStr":"3r2k1/5rpp/5p2/4p3/2Q1P3/1P2BqP1/P4P1P/2R3K1","stockfishScores":{"bn":0.5036904761904762}},{"fenStr":"3r2k1/5r1p/5p2/4p1p1/2Q1P3/1P2BqP1/P4P1P/2R3K1","stockfishScores":{"wn":0.5067857142857143}},{"fenStr":"3r2k1/5r1p/5p2/4p1p1/2Q1P3/1P2BqPP/P4P2/2R3K1","stockfishScores":{"bn":0.5064880952380952}},{"fenStr":"3r4/5rkp/5p2/4p1p1/2Q1P3/1P2BqPP/P4P2/2R3K1","stockfishScores":{"wn":0.5023809523809524}},{"fenStr":"3r4/5rkp/1B3p2/4p1p1/2Q1P3/1P3qPP/P4P2/2R3K1","stockfishScores":{"bn":0.5053571428571428}},{"fenStr":"8/5rkp/1B3p2/4p1p1/2Q1P3/1P1r1qPP/P4P2/2R3K1","stockfishScores":{"wn":0.49916666666666665}},{"fenStr":"8/5rkp/1B3p2/4p1p1/2Q1P3/1P1r1qPP/P4P1K/2R5","stockfishScores":{"bn":0.5}},{"fenStr":"8/5rk1/1B3p2/4p1pp/2Q1P3/1P1r1qPP/P4P1K/2R5","stockfishScores":{"wn":0.5004761904761905}},{"fenStr":"8/5rk1/1B2Qp2/4p1pp/4P3/1P1r1qPP/P4P1K/2R5","stockfishScores":{"bn":0.49833333333333335}},{"fenStr":"8/5rk1/1B2Qp2/4p1p1/4P2p/1P1r1qPP/P4P1K/2R5","stockfishScores":{"wn":0.49964285714285717}},{"fenStr":"8/5rk1/1B2Qp2/4p1p1/4P2p/1P1r1qPP/P4P1K/6R1","stockfishScores":{"bn":0.49714285714285716}},{"fenStr":"8/5rk1/1B2Qp2/4p1p1/4q2p/1P1r2PP/P4P1K/6R1","stockfishScores":{"wn":0.49160714285714285}},{"fenStr":"8/5rk1/1B2Qp2/4p1p1/4q2P/1P1r3P/P4P1K/6R1","stockfishScores":{"bn":0.48833333333333334}},{"fenStr":"8/5rk1/1B2Qp2/4p1p1/5q1P/1P1r3P/P4P1K/6R1","stockfishScores":{"wn":0.4963690476190476}},{"fenStr":"8/5rk1/1B2Qp2/4p1p1/5q1P/1P1r2RP/P4P1K/8","stockfishScores":{"bn":0.49101190476190476}},{"fenStr":"8/5rk1/1B2Qp2/4p1p1/5q1P/1P4rP/P4P1K/8","stockfishScores":{"wn":0.46}},{"fenStr":"8/5rk1/1B2Qp2/4p1p1/5q1P/1P4PP/P6K/8","stockfishScores":{"bn":0.49857142857142855}},{"fenStr":"8/5rk1/1B2Qp2/4p1p1/7P/1P4PP/P2q3K/8","stockfishScores":{"wn":0.49523809523809526}},{"fenStr":"8/5rk1/1B2Qp2/4p1p1/7P/1P4PP/P2q4/6K1","stockfishScores":{"bn":0.49333333333333335}},{"fenStr":"8/5rk1/1B2Qp2/4p1p1/7P/1P4PP/P7/4q1K1","stockfishScores":{"wn":0.4967857142857143}},{"fenStr":"8/5rk1/1B2Qp2/4p1p1/7P/1P4PP/P5K1/4q3","stockfishScores":{"bn":0.4963095238095238}},{"fenStr":"8/5rk1/1B2Qp2/4p1p1/7P/1P4PP/P3q1K1/8","stockfishScores":{"wn":0.49470238095238095}},{"fenStr":"8/5rk1/4Qp2/4p1p1/7P/1P4PP/P3qBK1/8","stockfishScores":{"bn":0.48839285714285713}},{"fenStr":"8/5rk1/4Qp2/4p1p1/4q2P/1P4PP/P4BK1/8","stockfishScores":{"wn":0.5019047619047619}},{"fenStr":"8/5rk1/4Qp2/4p1p1/4q2P/1P4PP/P4B1K/8","stockfishScores":{"bn":0.49839285714285714}},{"fenStr":"8/5rk1/4Qp2/4p1p1/7P/1P3qPP/P4B1K/8","stockfishScores":{"wn":0.493452380952381}},{"fenStr":"8/B4rk1/4Qp2/4p1p1/7P/1P3qPP/P6K/8","stockfishScores":{"bn":0.48642857142857143}},{"fenStr":"8/B4rk1/4Qp2/4p1p1/7P/1P4PP/P3q2K/8","stockfishScores":{"wn":0.4914880952380952}},{"fenStr":"8/B4rk1/4Qp2/4p1p1/7P/1P4PP/P3q3/6K1","stockfishScores":{"bn":0.4842261904761905}},{"fenStr":"8/B4rk1/4Qp2/4p1p1/7P/1P4PP/P7/4q1K1","stockfishScores":{"wn":0.49142857142857144}},{"fenStr":"8/B4rk1/4Qp2/4p1p1/7P/1P4PP/P5K1/4q3","stockfishScores":{"bn":0.4905357142857143}},{"fenStr":"8/B4rk1/4Qp2/4p1p1/4q2P/1P4PP/P5K1/8","stockfishScores":{"wn":0.49315476190476193}},{"fenStr":"8/B4rk1/4Qp2/4p1p1/4q2P/1P4PP/P4K2/8","stockfishScores":{"bn":0.48464285714285715}},{"fenStr":"8/B4rk1/4Qp2/4p3/4q2p/1P4PP/P4K2/8","stockfishScores":{"wn":0.4755357142857143}},{"fenStr":"8/B4rk1/4Qp2/4p3/4q2P/1P5P/P4K2/8","stockfishScores":{"bn":0.4792857142857143}},{"fenStr":"8/B4rk1/4Qp2/4p3/7q/1P5P/P4K2/8","stockfishScores":{"wn":0.4856547619047619}},{"fenStr":"8/B4rk1/4Qp2/4p3/7q/1P3K1P/P7/8","stockfishScores":{"bn":0.4799404761904762}},{"fenStr":"8/B4rk1/4Qp2/4p3/5q2/1P3K1P/P7/8","stockfishScores":{"wn":0.4857142857142857}},{"fenStr":"8/B4rk1/4Qp2/4p3/5q2/1P5P/P3K3/8","stockfishScores":{"bn":0.4810714285714286}},{"fenStr":"8/B4rk1/4Qp2/4p3/4q3/1P5P/P3K3/8","stockfishScores":{"wn":0.48220238095238094}},{"fenStr":"8/B4rk1/4Qp2/4p3/4q3/1P5P/P4K2/8","stockfishScores":{"bn":0.47619047619047616}},{"fenStr":"8/B4rk1/4Qp2/4p3/8/1P5P/P1q2K2/8","stockfishScores":{"wn":0.48714285714285716}},{"fenStr":"8/B4rk1/4Qp2/4p3/8/1P3K1P/P1q5/8","stockfishScores":{"bn":0.4795238095238095}},{"fenStr":"8/B4rk1/4Qp2/4p3/8/1P3K1P/P7/3q4","stockfishScores":{"wn":0.4870238095238095}},{"fenStr":"8/B4rk1/4Qp2/4p3/4K3/1P5P/P7/3q4","stockfishScores":{"bn":0.4819047619047619}},{"fenStr":"8/B4rk1/4Qp2/4p3/4K3/1P5P/P3q3/8","stockfishScores":{"wn":0.4810714285714286}},{"fenStr":"8/B4rk1/4Qp2/3Kp3/8/1P5P/P3q3/8","stockfishScores":{"bn":0.48136904761904764}},{"fenStr":"8/B4rk1/4Qp2/1q1Kp3/8/1P5P/P7/8","stockfishScores":{"wn":0.48583333333333334}},{"fenStr":"8/B4rk1/4Qp2/1q2p3/4K3/1P5P/P7/8","stockfishScores":{"bn":0.4888095238095238}},{"fenStr":"8/B2r2k1/4Qp2/1q2p3/4K3/1P5P/P7/8","stockfishScores":{"wn":0.48386904761904764}},{"fenStr":"8/B2r2k1/5p2/1q2p3/4K1Q1/1P5P/P7/8","stockfishScores":{"bn":0.47541666666666665}},{"fenStr":"8/B2r1k2/5p2/1q2p3/4K1Q1/1P5P/P7/8","stockfishScores":{"wn":0.48547619047619045}},{"fenStr":"8/3r1k2/5p2/1q2p3/4K1Q1/1P2B2P/P7/8","stockfishScores":{"bn":0.4901785714285714}},{"fenStr":"8/5k2/5p2/1q2p3/3rK1Q1/1P2B2P/P7/8","stockfishScores":{"wn":0.49488095238095237}},{"fenStr":"8/5k2/5p2/1q2pK2/3r2Q1/1P2B2P/P7/8","stockfishScores":{"bn":0.49452380952380953}},{"fenStr":"8/5k2/5p2/1q3K2/3rp1Q1/1P2B2P/P7/8","stockfishScores":{"wn":0.4948214285714286}},{"fenStr":"8/5k2/5p2/1q6/3rpKQ1/1P2B2P/P7/8","stockfishScores":{"bn":0.49220238095238095}},{"fenStr":"8/5k2/5p2/4q3/3rpKQ1/1P2B2P/P7/8","stockfishScores":{"wn":0.4942261904761905}}],"result":{"bw":true}}