{"fens":[{"fenStr":"rnbqkbnr/pppppppp/8/8/4P3/8/PPPP1PPP/RNBQKBNR","stockfishScores":{"bn":0.5049404761904762}},{"fenStr":"rnbqkbnr/pppppp1p/6p1/8/4P3/8/PPPP1PPP/RNBQKBNR","stockfishScores":{"wn":0.5035714285714286}},{"fenStr":"rnbqkbnr/pppppp1p/6p1/8/3PP3/8/PPP2PPP/RNBQKBNR","stockfishScores":{"bn":0.5094047619047619}},{"fenStr":"rnbqk1nr/ppppppbp/6p1/8/3PP3/8/PPP2PPP/RNBQKBNR","stockfishScores":{"wn":0.5077380952380952}},{"fenStr":"rnbqk1nr/ppppppbp/6p1/8/2PPP3/8/PP3PPP/RNBQKBNR","stockfishScores":{"bn":0.5077380952380952}},{"fenStr":"rnbqk1nr/ppp1ppbp/3p2p1/8/2PPP3/8/PP3PPP/RNBQKBNR","stockfishScores":{"wn":0.50375}},{"fenStr":"rnbqk1nr/ppp1ppbp/3p2p1/8/2PPP3/2N5/PP3PPP/R1BQKBNR","stockfishScores":{"bn":0.5071428571428571}},{"fenStr":"rnbqk1nr/ppp2pbp/3p2p1/4p3/2PPP3/2N5/PP3PPP/R1BQKBNR","stockfishScores":{"wn":0.5066071428571428}},{"fenStr":"rnbqk1nr/ppp2pbp/3p2p1/4P3/2P1P3/2N5/PP3PPP/R1BQKBNR","stockfishScores":{"bn":0.5163095238095238}},{"fenStr":"rnbqk1nr/ppp2pbp/6p1/4p3/2P1P3/2N5/PP3PPP/R1BQKBNR","stockfishScores":{"wn":0.5135119047619048}},{"fenStr":"rnbQk1nr/ppp2pbp/6p1/4p3/2P1P3/2N5/PP3PPP/R1B1KBNR","stockfishScores":{"bn":0.5785119047619047}},{"fenStr":"rnbk2nr/ppp2pbp/6p1/4p3/2P1P3/2N5/PP3PPP/R1B1KBNR","stockfishScores":{"wn":0.5043452380952381}},{"fenStr":"rnbk2nr/ppp2pbp/6p1/4p1B1/2P1P3/2N5/PP3PPP/R3KBNR","stockfishScores":{"bn":0.5055952380952381}},{"fenStr":"rnbk2nr/ppp3bp/5pp1/4p1B1/2P1P3/2N5/PP3PPP/R3KBNR","stockfishScores":{"wn":0.4994047619047619}},{"fenStr":"rnbk2nr/ppp3bp/5pp1/4p1B1/2P1P3/2N5/PP3PPP/2KR1BNR","stockfishScores":{"bn":0.5064285714285715}},{"fenStr":"r1bk2nr/pppn2bp/5pp1/4p1B1/2P1P3/2N5/PP3PPP/2KR1BNR","stockfishScores":{"wn":0.504702380952381}},{"fenStr":"r1bk2nr/pppn2bp/5pp1/4p3/2P1P3/2N1B3/PP3PPP/2KR1BNR","stockfishScores":{"bn":0.5108928571428571}},{"fenStr":"r1bk2nr/pppn3p/5ppb/4p3/2P1P3/2N1B3/PP3PPP/2KR1BNR","stockfishScores":{"wn":0.5117857142857143}},{"fenStr":"r1bk2nr/pppn3p/5ppB/4p3/2P1P3/2N5/PP3PPP/2KR1BNR","stockfishScores":{"bn":0.533452380952381}},{"fenStr":"r1bk3r/pppn3p/5ppn/4p3/2P1P3/2N5/PP3PPP/2KR1BNR","stockfishScores":{"wn":0.5070833333333333}},{"fenStr":"r1bk3r/pppn3p/5ppn/3Np3/2P1P3/8/PP3PPP/2KR1BNR","stockfishScores":{"bn":0.5039285714285714}},{"fenStr":"r1bk1r2/pppn3p/5ppn/3Np3/2P1P3/8/PP3PPP/2KR1BNR","stockfishScores":{"wn":0.5039880952380953}},{"fenStr":"r1bk1r2/pppn3p/5ppn/3Np3/2P1P3/8/PP2BPPP/2KR2NR","stockfishScores":{"bn":0.504702380952381}},{"fenStr":"r1bk1r2/pp1n3p/2p2ppn/3Np3/2P1P3/8/PP2BPPP/2KR2NR","stockfishScores":{"wn":0.5033928571428572}},{"fenStr":"r1bk1r2/pp1n3p/2p2ppn/4p3/2P1P3/4N3/PP2BPPP/2KR2NR","stockfishScores":{"bn":0.5089285714285714}},{"fenStr":"r1b2r2/ppkn3p/2p2ppn/4p3/2P1P3/4N3/PP2BPPP/2KR2NR","stockfishScores":{"wn":0.5042261904761904}},{"fenStr":"r1b2r2/ppkn3p/2p2ppn/4p3/2P1P3/4NN2/PP2BPPP/2KR3R","stockfishScores":{"bn":0.5067261904761905}},{"fenStr":"r1b2r2/ppk4p/2p2ppn/2n1p3/2P1P3/4NN2/PP2BPPP/2KR3R","stockfishScores":{"wn":0.5038690476190476}},{"fenStr":"r1b2r2/ppk4p/2p2ppn/2n1p3/2P1P3/4N3/PP1NBPPP/2KR3R","stockfishScores":{"bn":0.5042857142857143}},{"fenStr":"r4r2/ppk4p/2p1bppn/2n1p3/2P1P3/4N3/PP1NBPPP/2KR3R","stockfishScores":{"wn":0.4994047619047619}},{"fenStr":"r4r2/ppk4p/2p1bppn/2n1p3/1PP1P3/4N3/P2NBPPP/2KR3R","stockfishScores":{"bn":0.5007738095238096}},{"fenStr":"r4r2/ppk4p/2p1bppn/4p3/nPP1P3/4N3/P2NBPPP/2KR3R","stockfishScores":{"wn":0.5004761904761905}},{"fenStr":"r4r2/ppk4p/2p1bppn/4p3/nPP1P3/4N3/P1KNBPPP/3R3R","stockfishScores":{"bn":0.5016666666666667}},{"fenStr":"r4r2/1pk4p/2p1bppn/p3p3/nPP1P3/4N3/P1KNBPPP/3R3R","stockfishScores":{"wn":0.5009523809523809}},{"fenStr":"r4r2/1pk4p/2p1bppn/p3p3/nPP1P3/P3N3/2KNBPPP/3R3R","stockfishScores":{"bn":0.5016666666666667}},{"fenStr":"r4r2/1pk4p/2p1b1pn/p3pp2/nPP1P3/P3N3/2KNBPPP/3R3R","stockfishScores":{"wn":0.5007142857142857}},{"fenStr":"r4r2/1pk4p/2p1b1pn/p1P1pp2/nP2P3/P3N3/2KNBPPP/3R3R","stockfishScores":{"bn":0.5010714285714286}},{"fenStr":"r4r2/1pk4p/2p1b1pn/2P1pp2/np2P3/P3N3/2KNBPPP/3R3R","stockfishScores":{"wn":0.4856547619047619}},{"fenStr":"r4r2/1pk4p/2p1b1pn/2P1pp2/nP2P3/4N3/2KNBPPP/3R3R","stockfishScores":{"bn":0.49892857142857144}},{"fenStr":"r4r2/2k4p/2p1b1pn/1pP1pp2/nP2P3/4N3/2KNBPPP/3R3R","stockfishScores":{"wn":0.49964285714285717}},{"fenStr":"r4r2/2k4p/2p1b1pn/1pP1pp2/nP2P3/4NP2/2KNB1PP/3R3R","stockfishScores":{"bn":0.49898809523809523}},{"fenStr":"r2r4/2k4p/2p1b1pn/1pP1pp2/nP2P3/4NP2/2KNB1PP/3R3R","stockfishScores":{"wn":0.4963095238095238}},{"fenStr":"r2r4/2k4p/2p1b1pn/1pP1pp2/nP2P3/1N2NP2/2K1B1PP/3R3R","stockfishScores":{"bn":0.493452380952381}},{"fenStr":"r2r4/2k2n1p/2p1b1p1/1pP1pp2/nP2P3/1N2NP2/2K1B1PP/3R3R","stockfishScores":{"wn":0.49273809523809525}},{"fenStr":"r2R4/2k2n1p/2p1b1p1/1pP1pp2/nP2P3/1N2NP2/2K1B1PP/7R","stockfishScores":{"bn":0.5311904761904762}},{"fenStr":"3r4/2k2n1p/2p1b1p1/1pP1pp2/nP2P3/1N2NP2/2K1B1PP/7R","stockfishScores":{"wn":0.49392857142857144}},{"fenStr":"3r4/2k2n1p/2p1b1p1/1pP1pP2/nP6/1N2NP2/2K1B1PP/7R","stockfishScores":{"bn":0.5060714285714286}},{"fenStr":"3r4/2k2n1p/2p1b3/1pP1pp2/nP6/1N2NP2/2K1B1PP/7R","stockfishScores":{"wn":0.49279761904761904}},{"fenStr":"3r4/2k2n1p/2p1b3/1pP1pp2/nP6/1N2NP2/2K1B1PP/3R4","stockfishScores":{"bn":0.4944047619047619}},{"fenStr":"6r1/2k2n1p/2p1b3/1pP1pp2/nP6/1N2NP2/2K1B1PP/3R4","stockfishScores":{"wn":0.4988095238095238}},{"fenStr":"6r1/2k2n1p/2p1b3/1pP1pp2/nP4P1/1N2NP2/2K1B2P/3R4","stockfishScores":{"bn":0.49892857142857144}},{"fenStr":"6r1/2k2n1p/2p1b3/1pP1p3/nP3pP1/1N2NP2/2K1B2P/3R4","stockfishScores":{"wn":0.49666666666666665}},{"fenStr":"6r1/2k2n1p/2p1b3/1pP1p3/nP3pP1/1N3P2/2K1B2P/3R1N2","stockfishScores":{"bn":0.49392857142857144}},{"fenStr":"6r1/2k2n2/2p1b3/1pP1p2p/nP3pP1/1N3P2/2K1B2P/3R1N2","stockfishScores":{"wn":0.49726190476190474}},{"fenStr":"6r1/2k2n2/2p1b3/1pP1p2p/nP3pP1/1N3P1P/2K1B3/3R1N2","stockfishScores":{"bn":0.49660714285714286}},{"fenStr":"6r1/2k5/2p1b3/1pP1p1np/nP3pP1/1N3P1P/2K1B3/3R1N2","stockfishScores":{"wn":0.495952380952381}},{"fenStr":"6r1/2k5/2p1b3/1pP1p1np/nP3pPP/1N3P2/2K1B3/3R1N2","stockfishScores":{"bn":0.5}},{"fenStr":"6r1/2k5/2p1b3/1pP1p2p/nP3pPP/1N3n2/2K1B3/3R1N2","stockfishScores":{"wn":0.4842261904761905}},{"fenStr":"6r1/2k5/2p1b3/1pP1p2p/nP3pPP/1N3B2/2K5/3R1N2","stockfishScores":{"bn":0.5167261904761905}},{"fenStr":"6r1/2k5/2p1b3/1pP1p3/nP3ppP/1N3B2/2K5/3R1N2","stockfishScores":{"wn":0.4994047619047619}},{"fenStr":"6r1/2k5/2p1b3/1pP1p3/nP2BppP/1N6/2K5/3R1N2","stockfishScores":{"bn":0.5033333333333333}},{"fenStr":"6r1/2k5/2p1b3/1pP1p3/nP2Bp1P/1N4p1/2K5/3R1N2","stockfishScores":{"wn":0.498452380952381}},{"fenStr":"6r1/2k5/2p1b3/1pP1p3/nP2Bp1P/1N4p1/2KN4/3R4","stockfishScores":{"bn":0.5009523809523809}},{"fenStr":"6r1/2k5/2p5/1pPbp3/nP2Bp1P/1N4p1/2KN4/3R4","stockfishScores":{"wn":0.5014880952380952}},{"fenStr":"6r1/2k5/2p5/1pPbp3/nP2Bp1P/6p1/2KN4/2NR4","stockfishScores":{"bn":0.49976190476190474}},{"fenStr":"8/2k5/2p5/1pPbp3/nP2BprP/6p1/2KN4/2NR4","stockfishScores":{"wn":0.5001785714285715}},{"fenStr":"8/2k5/2p5/1pPbp3/nP2BprP/3N2p1/2KN4/3R4","stockfishScores":{"bn":0.5041666666666667}},{"fenStr":"8/2k5/2p5/1pPbp3/nP2BprP/3N4/2KN2p1/3R4","stockfishScores":{"wn":0.5022619047619048}},{"fenStr":"8/2k5/2p5/1pPbp3/nP2BprP/3N4/2KN2p1/6R1","stockfishScores":{"bn":0.5043452380952381}},{"fenStr":"8/2k5/2p5/1pP1p3/nP2bprP/3N4/2KN2p1/6R1","stockfishScores":{"wn":0.4699404761904762}},{"fenStr":"8/2k5/2p5/1pP1p3/nP2NprP/3N4/2K3p1/6R1","stockfishScores":{"bn":0.5021428571428571}},{"fenStr":"8/2k5/2p5/1pP1p3/nP2N1rP/3N1p2/2K3p1/6R1","stockfishScores":{"wn":0.4932738095238095}},{"fenStr":"8/2k5/2p5/1pP1p3/nP2N1rP/5p2/2K2Np1/6R1","stockfishScores":{"bn":0.4944642857142857}},{"fenStr":"8/2k5/2p5/1pP1p3/nP2N2r/5p2/2K2Np1/6R1","stockfishScores":{"wn":0.4832142857142857}},{"fenStr":"8/2k5/2p5/1pP1p3/nP2N2r/5p2/2K2Np1/1R6","stockfishScores":{"bn":0.4831547619047619}},{"fenStr":"8/3k4/2p5/1pP1p3/nP2N2r/5p2/2K2Np1/1R6","stockfishScores":{"wn":0.4874404761904762}},{"fenStr":"8/3k4/2p5/1pP1p3/nP2N2r/3K1p2/5Np1/1R6","stockfishScores":{"bn":0.48970238095238094}},{"fenStr":"8/3k4/2p5/1pP1p3/1P2N2r/3K1p2/1n3Np1/1R6","stockfishScores":{"wn":0.4938690476190476}},{"fenStr":"8/3k4/2p5/1pP1p3/1P2N2r/4Kp2/1n3Np1/1R6","stockfishScores":{"bn":0.4968452380952381}},{"fenStr":"8/3k4/2p5/1pP1p3/1P2Nr2/4Kp2/1n3Np1/1R6","stockfishScores":{"wn":0.4968452380952381}},{"fenStr":"8/3k4/2p5/1pP1p3/1P3r2/4Kp2/1n1N1Np1/1R6","stockfishScores":{"bn":0.4938095238095238}},{"fenStr":"8/3k4/2p5/1pP1p3/1Pn2r2/4Kp2/3N1Np1/1R6","stockfishScores":{"wn":0.49023809523809525}},{"fenStr":"8/3k4/2p5/1pP1p3/1PN2r2/4Kp2/5Np1/1R6","stockfishScores":{"bn":0.5156547619047619}},{"fenStr":"8/3k4/2p5/2P1p3/1Pp2r2/4Kp2/5Np1/1R6","stockfishScores":{"wn":0.49202380952380953}},{"fenStr":"8/3k4/2p5/2P1p3/1Pp2r2/4Kp1N/6p1/1R6","stockfishScores":{"bn":0.4901785714285714}},{"fenStr":"8/3k4/2p5/2P1p3/1Pp4r/4Kp1N/6p1/1R6","stockfishScores":{"wn":0.4869047619047619}},{"fenStr":"8/3k4/2p5/2P1p3/1Pp4r/4Kp2/6p1/1R4N1","stockfishScores":{"bn":0.4882142857142857}},{"fenStr":"8/3k4/2p5/2P5/1Pp1p2r/4Kp2/6p1/1R4N1","stockfishScores":{"wn":0.4868452380952381}},{"fenStr":"8/3k4/2p5/2P5/1Pp1p2r/4Kp2/6p1/2R3N1","stockfishScores":{"bn":0.4894047619047619}},{"fenStr":"8/3k4/2p5/2P5/1Pp1p3/4Kp2/6p1/2R3Nr","stockfishScores":{"wn":0.49023809523809525}},{"fenStr":"8/3k4/2p5/2P5/1Pp1p3/4Kp2/6p1/3R2Nr","stockfishScores":{"bn":0.48839285714285713}},{"fenStr":"8/8/2p1k3/2P5/1Pp1p3/4Kp2/6p1/3R2Nr","stockfishScores":{"wn":0.4875}},{"fenStr":"8/8/2p1k3/2P5/1Pp1p3/4Kp2/6p1/2R3Nr","stockfishScores":{"bn":0.4870833333333333}},{"fenStr":"8/8/2p5/2P2k2/1Pp1p3/4Kp2/6p1/2R3Nr","stockfishScores":{"wn":0.48386904761904764}},{"fenStr":"8/8/2p5/2P2k2/1Pp1p3/5p2/5Kp1/2R3Nr","stockfishScores":{"bn":0.48428571428571426}},{"fenStr":"8/8/2p5/2P2k2/1Pp1p2r/5p2/5Kp1/2R3N1","stockfishScores":{"wn":0.4841666666666667}},{"fenStr":"8/8/2p5/2P2k2/1Pp1p2r/2R2p2/5Kp1/6N1","stockfishScores":{"bn":0.48119047619047617}},{"fenStr":"8/8/2p5/2P1k3/1Pp1p2r/2R2p2/5Kp1/6N1","stockfishScores":{"wn":0.48136904761904764}},{"fenStr":"8/8/2p5/2P1k3/1Pp1p2r/2R1Kp2/6p1/6N1","stockfishScores":{"bn":0.47946428571428573}},{"fenStr":"8/8/2p5/2P1k3/1Pp1pr2/2R1Kp2/6p1/6N1","stockfishScores":{"wn":0.4825}},{"fenStr":"8/8/2p5/2P1k3/1Pp1pr2/4Kp2/2R3p1/6N1","stockfishScores":{"bn":0.48232142857142857}},{"fenStr":"8/8/2p5/2P1k3/1P2pr2/2p1Kp2/2R3p1/6N1","stockfishScores":{"wn":0.4793452380952381}},{"fenStr":"8/8/2p5/2P1k3/1P2pr2/2p1Kp1N/2R3p1/8","stockfishScores":{"bn":0.4855952380952381}},{"fenStr":"8/8/2p5/2P1k3/1P2pr2/2p1K2N/2R2pp1/8","stockfishScores":{"wn":0.46166666666666667}},{"fenStr":"8/8/2p5/2P1k3/1P2pN2/2p1K3/2R2pp1/8","stockfishScores":{"bn":0.49476190476190474}},{"fenStr":"8/8/2p5/2P1k3/1P2pN2/2p1K3/2R3p1/5q2","stockfishScores":{"wn":0.45345238095238094}},{"fenStr":"8/8/2p5/2P1k3/1P2p3/2p1K3/2R3N1/5q2","stockfishScores":{"bn":0.4766666666666667}},{"fenStr":"8/8/2p5/2P1k3/1P2p3/2p1Kq2/2R3N1/8","stockfishScores":{"wn":0.47845238095238096}}],"result":{"bw":true}}