{"fens":[{"fenStr":"rnbqkbnr/pppppppp/8/8/4P3/8/PPPP1PPP/RNBQKBNR","stockfishScores":{"bn":0.5049404761904762}},{"fenStr":"rnbqkbnr/ppp1pppp/3p4/8/4P3/8/PPPP1PPP/RNBQKBNR","stockfishScores":{"wn":0.5013690476190477}},{"fenStr":"rnbqkbnr/ppp1pppp/3p4/8/3PP3/8/PPP2PPP/RNBQKBNR","stockfishScores":{"bn":0.5064285714285715}},{"fenStr":"rnbqkb1r/ppp1pppp/3p1n2/8/3PP3/8/PPP2PPP/RNBQKBNR","stockfishScores":{"wn":0.4999404761904762}},{"fenStr":"rnbqkb1r/ppp1pppp/3p1n2/8/3PP3/2N5/PPP2PPP/R1BQKBNR","stockfishScores":{"bn":0.5039285714285714}},{"fenStr":"rnbqkb1r/ppp2ppp/3p1n2/4p3/3PP3/2N5/PPP2PPP/R1BQKBNR","stockfishScores":{"wn":0.5010714285714286}},{"fenStr":"rnbqkb1r/ppp2ppp/3p1n2/4p3/3PP3/2N2N2/PPP2PPP/R1BQKB1R","stockfishScores":{"bn":0.5051190476190476}},{"fenStr":"r1bqkb1r/pppn1ppp/3p1n2/4p3/3PP3/2N2N2/PPP2PPP/R1BQKB1R","stockfishScores":{"wn":0.5036309523809523}},{"fenStr":"r1bqkb1r/pppn1ppp/3p1n2/4p3/2BPP3/2N2N2/PPP2PPP/R1BQK2R","stockfishScores":{"bn":0.5057142857142857}},{"fenStr":"r1bqk2r/pppnbppp/3p1n2/4p3/2BPP3/2N2N2/PPP2PPP/R1BQK2R","stockfishScores":{"wn":0.5060714285714286}},{"fenStr":"r1bqk2r/pppnbppp/3p1n2/4p3/2BPP3/2N2N2/PPP2PPP/R1BQ1RK1","stockfishScores":{"bn":0.5172619047619048}},{"fenStr":"r1bq1rk1/pppnbppp/3p1n2/4p3/2BPP3/2N2N2/PPP2PPP/R1BQ1RK1","stockfishScores":{"wn":0.5054761904761905}},{"fenStr":"r1bq1rk1/pppnbppp/3p1n2/4p3/P1BPP3/2N2N2/1PP2PPP/R1BQ1RK1","stockfishScores":{"bn":0.5047619047619047}},{"fenStr":"r1bq1rk1/pp1nbppp/2pp1n2/4p3/P1BPP3/2N2N2/1PP2PPP/R1BQ1RK1","stockfishScores":{"wn":0.5036309523809523}},{"fenStr":"r1bq1rk1/pp1nbppp/2pp1n2/4p3/P2PP3/1BN2N2/1PP2PPP/R1BQ1RK1","stockfishScores":{"bn":0.5020238095238095}},{"fenStr":"r1b2rk1/ppqnbppp/2pp1n2/4p3/P2PP3/1BN2N2/1PP2PPP/R1BQ1RK1","stockfishScores":{"wn":0.5030357142857143}},{"fenStr":"r1b2rk1/ppqnbppp/2pp1n2/4p3/P2PP3/1BN2N1P/1PP2PP1/R1BQ1RK1","stockfishScores":{"bn":0.5036309523809523}},{"fenStr":"r1b2rk1/p1qnbppp/1ppp1n2/4p3/P2PP3/1BN2N1P/1PP2PP1/R1BQ1RK1","stockfishScores":{"wn":0.5041666666666667}},{"fenStr":"r1b2rk1/p1qnbppp/1ppp1n2/4p3/P2PP3/1BN2N1P/1PP2PP1/R1BQR1K1","stockfishScores":{"bn":0.5035714285714286}},{"fenStr":"r4rk1/pbqnbppp/1ppp1n2/4p3/P2PP3/1BN2N1P/1PP2PP1/R1BQR1K1","stockfishScores":{"wn":0.5031547619047619}},{"fenStr":"r4rk1/pbqnbppp/1ppp1n2/4p1B1/P2PP3/1BN2N1P/1PP2PP1/R2QR1K1","stockfishScores":{"bn":0.5052380952380953}},{"fenStr":"r4rk1/1bqnbppp/pppp1n2/4p1B1/P2PP3/1BN2N1P/1PP2PP1/R2QR1K1","stockfishScores":{"wn":0.5066666666666667}},{"fenStr":"r4rk1/1bqnbppp/pppp1n2/4p1B1/P2PP3/1BN2N1P/1PP2PP1/2RQR1K1","stockfishScores":{"bn":0.5047619047619047}},{"fenStr":"r3r1k1/1bqnbppp/pppp1n2/4p1B1/P2PP3/1BN2N1P/1PP2PP1/2RQR1K1","stockfishScores":{"wn":0.5067261904761905}},{"fenStr":"r3r1k1/1bqnbppp/pppp1n2/3Pp1B1/P3P3/1BN2N1P/1PP2PP1/2RQR1K1","stockfishScores":{"bn":0.5027380952380952}},{"fenStr":"r3r1k1/1bqnbppp/pp1p1n2/2pPp1B1/P3P3/1BN2N1P/1PP2PP1/2RQR1K1","stockfishScores":{"wn":0.5038690476190476}},{"fenStr":"r3r1k1/1bqnbppp/pp1p1n2/2pPp1B1/P3P3/1BN2N1P/1PP1QPP1/2R1R1K1","stockfishScores":{"bn":0.5032142857142857}},{"fenStr":"r3r1k1/1bqnbppp/pp1p4/2pPp1Bn/P3P3/1BN2N1P/1PP1QPP1/2R1R1K1","stockfishScores":{"wn":0.503095238095238}},{"fenStr":"r3r1k1/1bqnbppp/pp1p4/2pPp1Bn/P3P3/1BN2NPP/1PP1QP2/2R1R1K1","stockfishScores":{"bn":0.5019047619047619}},{"fenStr":"r3r1k1/1bqn1ppp/pp1p4/2pPp1bn/P3P3/1BN2NPP/1PP1QP2/2R1R1K1","stockfishScores":{"wn":0.47964285714285715}},{"fenStr":"r3r1k1/1bqn1ppp/pp1p4/2pPp1Nn/P3P3/1BN3PP/1PP1QP2/2R1R1K1","stockfishScores":{"bn":0.5066071428571428}},{"fenStr":"r3r1k1/1bq2ppp/pp1p1n2/2pPp1Nn/P3P3/1BN3PP/1PP1QP2/2R1R1K1","stockfishScores":{"wn":0.5031547619047619}},{"fenStr":"r3r1k1/1bq2ppp/pp1p1n2/2pPp1Nn/P1B1P3/2N3PP/1PP1QP2/2R1R1K1","stockfishScores":{"bn":0.5041071428571429}},{"fenStr":"r1b1r1k1/2q2ppp/pp1p1n2/2pPp1Nn/P1B1P3/2N3PP/1PP1QP2/2R1R1K1","stockfishScores":{"wn":0.5059523809523809}},{"fenStr":"r1b1r1k1/2q2ppp/pp1p1n2/2pPp1Nn/P1B1P3/2N3PP/1PP1QPK1/2R1R3","stockfishScores":{"bn":0.5053571428571428}},{"fenStr":"r1b1r1k1/2q2pp1/pp1p1n1p/2pPp1Nn/P1B1P3/2N3PP/1PP1QPK1/2R1R3","stockfishScores":{"wn":0.49976190476190474}},{"fenStr":"r1b1r1k1/2q2pp1/pp1p1n1p/2pPp2n/P1B1P3/2N2NPP/1PP1QPK1/2R1R3","stockfishScores":{"bn":0.5027380952380952}},{"fenStr":"r1b1r1k1/2q2p2/pp1p1npp/2pPp2n/P1B1P3/2N2NPP/1PP1QPK1/2R1R3","stockfishScores":{"wn":0.5044642857142857}},{"fenStr":"r1b1r1k1/2q2p2/pp1p1npp/2pPp2n/P1B1P3/5NPP/1PP1QPK1/2RNR3","stockfishScores":{"bn":0.49892857142857144}},{"fenStr":"r1b1r1k1/2q2p1n/pp1p2pp/2pPp2n/P1B1P3/5NPP/1PP1QPK1/2RNR3","stockfishScores":{"wn":0.5024404761904762}},{"fenStr":"r1b1r1k1/2q2p1n/pp1p2pp/2pPp2n/P1B1P3/4NNPP/1PP1QPK1/2R1R3","stockfishScores":{"bn":0.5073809523809524}},{"fenStr":"r1b1r1k1/2q2p2/pp1p2pp/2pPp1nn/P1B1P3/4NNPP/1PP1QPK1/2R1R3","stockfishScores":{"wn":0.49583333333333335}},{"fenStr":"r1b1r1k1/2q2p2/pp1p2pp/2pPp1nn/P1B1P1N1/5NPP/1PP1QPK1/2R1R3","stockfishScores":{"bn":0.5140476190476191}},{"fenStr":"r1b1r1k1/2q2p2/pp1p2pp/2pPp2n/P1B1P1N1/5NPn/1PP1QPK1/2R1R3","stockfishScores":{"wn":0.5074404761904762}},{"fenStr":"r1b1r1k1/2q2p2/pp1p2pp/2pPp2n/P1B1P1N1/5NPK/1PP1QP2/2R1R3","stockfishScores":{"bn":0.5123809523809524}},{"fenStr":"r3r1k1/2q2p2/pp1p2pp/2pPp2n/P1B1P1b1/5NPK/1PP1QP2/2R1R3","stockfishScores":{"wn":0.48642857142857143}},{"fenStr":"r3r1k1/2q2p2/pp1p2pp/2pPp2n/P1B1P1K1/5NP1/1PP1QP2/2R1R3","stockfishScores":{"bn":0.49166666666666664}},{"fenStr":"r3r1k1/3q1p2/pp1p2pp/2pPp2n/P1B1P1K1/5NP1/1PP1QP2/2R1R3","stockfishScores":{"wn":0.5006547619047619}},{"fenStr":"r3r1k1/3q1p2/pp1p2pp/2pPp2n/P1B1P2K/5NP1/1PP1QP2/2R1R3","stockfishScores":{"bn":0.4919642857142857}},{"fenStr":"r3r1k1/3q1p2/pp1p1npp/2pPp3/P1B1P2K/5NP1/1PP1QP2/2R1R3","stockfishScores":{"wn":0.48773809523809525}},{"fenStr":"r3r1k1/3q1p2/pp1p1npp/2pPp1N1/P1B1P2K/6P1/1PP1QP2/2R1R3","stockfishScores":{"bn":0.5055357142857143}},{"fenStr":"r3r1k1/3q1p2/pp1p1np1/2pPp1p1/P1B1P2K/6P1/1PP1QP2/2R1R3","stockfishScores":{"wn":0.48636904761904765}},{"fenStr":"r3r1k1/3q1p2/pp1p1np1/2pPp1K1/P1B1P3/6P1/1PP1QP2/2R1R3","stockfishScores":{"bn":0.4804761904761905}},{"fenStr":"r3r1k1/3q1p1n/pp1p2p1/2pPp1K1/P1B1P3/6P1/1PP1QP2/2R1R3","stockfishScores":{"wn":0.47559523809523807}},{"fenStr":"r3r1k1/3q1p1n/pp1p2p1/2pPp3/P1B1P2K/6P1/1PP1QP2/2R1R3","stockfishScores":{"bn":0.4779761904761905}},{"fenStr":"r3r1k1/3q1p1n/pp1p4/2pPp1p1/P1B1P2K/6P1/1PP1QP2/2R1R3","stockfishScores":{"wn":0.4924404761904762}},{"fenStr":"r3r1k1/3q1p1n/pp1p4/2pPp1pK/P1B1P3/6P1/1PP1QP2/2R1R3","stockfishScores":{"bn":0.46113095238095236}},{"fenStr":"r3r1k1/5p1n/pp1p4/2pPp1pK/P1B1P3/6Pq/1PP1QP2/2R1R3","stockfishScores":{"wn":0.4832142857142857}}],"result":{"bw":true}}