{"fens":[{"fenStr":"rnbqkbnr/pppppppp/8/8/4P3/8/PPPP1PPP/RNBQKBNR","stockfishScores":{"bn":0.5049404761904762}},{"fenStr":"rnbqkbnr/ppp1pppp/8/3p4/4P3/8/PPPP1PPP/RNBQKBNR","stockfishScores":{"wn":0.4993452380952381}},{"fenStr":"rnbqkbnr/ppp1pppp/8/3P4/8/8/PPPP1PPP/RNBQKBNR","stockfishScores":{"bn":0.5088095238095238}},{"fenStr":"rnb1kbnr/ppp1pppp/8/3q4/8/8/PPPP1PPP/RNBQKBNR","stockfishScores":{"wn":0.49452380952380953}},{"fenStr":"rnb1kbnr/ppp1pppp/8/3q4/8/2N5/PPPP1PPP/R1BQKBNR","stockfishScores":{"bn":0.5007738095238096}},{"fenStr":"rnb1kbnr/ppp1pppp/8/q7/8/2N5/PPPP1PPP/R1BQKBNR","stockfishScores":{"wn":0.5044642857142857}},{"fenStr":"rnb1kbnr/ppp1pppp/8/q7/3P4/2N5/PPP2PPP/R1BQKBNR","stockfishScores":{"bn":0.5049404761904762}},{"fenStr":"rnb1kb1r/ppp1pppp/5n2/q7/3P4/2N5/PPP2PPP/R1BQKBNR","stockfishScores":{"wn":0.49952380952380954}},{"fenStr":"rnb1kb1r/ppp1pppp/5n2/q7/3P4/2N2N2/PPP2PPP/R1BQKB1R","stockfishScores":{"bn":0.5044642857142857}},{"fenStr":"r1b1kb1r/ppp1pppp/2n2n2/q7/3P4/2N2N2/PPP2PPP/R1BQKB1R","stockfishScores":{"wn":0.5027380952380952}},{"fenStr":"r1b1kb1r/ppp1pppp/2n2n2/q7/3P4/2N2N2/PPPB1PPP/R2QKB1R","stockfishScores":{"bn":0.5073809523809524}},{"fenStr":"r3kb1r/ppp1pppp/2n2n2/q7/3P2b1/2N2N2/PPPB1PPP/R2QKB1R","stockfishScores":{"wn":0.5057142857142857}},{"fenStr":"r3kb1r/ppp1pppp/2n2n2/qB6/3P2b1/2N2N2/PPPB1PPP/R2QK2R","stockfishScores":{"bn":0.5092261904761904}},{"fenStr":"2kr1b1r/ppp1pppp/2n2n2/qB6/3P2b1/2N2N2/PPPB1PPP/R2QK2R","stockfishScores":{"wn":0.49988095238095237}},{"fenStr":"2kr1b1r/ppp1pppp/2B2n2/q7/3P2b1/2N2N2/PPPB1PPP/R2QK2R","stockfishScores":{"bn":0.521547619047619}},{"fenStr":"2kr1b1r/p1p1pppp/2p2n2/q7/3P2b1/2N2N2/PPPB1PPP/R2QK2R","stockfishScores":{"wn":0.49857142857142855}},{"fenStr":"2kr1b1r/p1p1pppp/2p2n2/q7/3PN1b1/5N2/PPPB1PPP/R2QK2R","stockfishScores":{"bn":0.5022619047619048}},{"fenStr":"2kr1b1r/p1p1pppp/2p2n2/5q2/3PN1b1/5N2/PPPB1PPP/R2QK2R","stockfishScores":{"wn":0.49220238095238095}},{"fenStr":"2kr1b1r/p1p1pppp/2p2N2/5q2/3P2b1/5N2/PPPB1PPP/R2QK2R","stockfishScores":{"bn":0.5174404761904762}},{"fenStr":"2kr1b1r/p1p1pp1p/2p2p2/5q2/3P2b1/5N2/PPPB1PPP/R2QK2R","stockfishScores":{"wn":0.4919047619047619}},{"fenStr":"2kr1b1r/p1p1pp1p/2p2p2/5q2/3P2b1/2P2N2/PP1B1PPP/R2QK2R","stockfishScores":{"bn":0.49047619047619045}},{"fenStr":"2kr1b1r/p1p2p1p/2p2p2/4pq2/3P2b1/2P2N2/PP1B1PPP/R2QK2R","stockfishScores":{"wn":0.4869047619047619}},{"fenStr":"2kr1b1r/p1p2p1p/2p2p2/4pq2/3P2b1/2P1BN2/PP3PPP/R2QK2R","stockfishScores":{"bn":0.4936309523809524}},{"fenStr":"2kr1b1r/p1p2p1p/2p2p2/5q2/3Pp1b1/2P1BN2/PP3PPP/R2QK2R","stockfishScores":{"wn":0.4942261904761905}},{"fenStr":"2kr1b1r/p1p2p1p/2p2p2/5q2/3Pp1b1/2P1BN1P/PP3PP1/R2QK2R","stockfishScores":{"bn":0.49892857142857144}},{"fenStr":"2kr1b1r/p1p2p1p/2p2p2/5q2/3P2b1/2P1Bp1P/PP3PP1/R2QK2R","stockfishScores":{"wn":0.475297619047619}},{"fenStr":"2kr1b1r/p1p2p1p/2p2p2/5q2/3P2P1/2P1Bp2/PP3PP1/R2QK2R","stockfishScores":{"bn":0.5032738095238095}},{"fenStr":"2kr1b1r/p1p2p1p/2p2p2/5q2/3P2P1/2P1B3/PP3Pp1/R2QK2R","stockfishScores":{"wn":0.4911309523809524}},{"fenStr":"2kr1b1r/p1p2p1p/2p2p2/5q2/3P2P1/2P1B3/PP3Pp1/R2QK1R1","stockfishScores":{"bn":0.4905357142857143}},{"fenStr":"2kr1b1r/p1p2p1p/2p2p2/8/3Pq1P1/2P1B3/PP3Pp1/R2QK1R1","stockfishScores":{"wn":0.4818452380952381}},{"fenStr":"2kr1b1r/p1p2p1p/2p2p2/8/3Pq1P1/2P1B3/PP2QPp1/R3K1R1","stockfishScores":{"bn":0.4861904761904762}},{"fenStr":"2k1rb1r/p1p2p1p/2p2p2/8/3Pq1P1/2P1B3/PP2QPp1/R3K1R1","stockfishScores":{"wn":0.48601190476190476}},{"fenStr":"2k1rb1r/p1p2p1p/2p2p2/8/3Pq1P1/2P1B3/PP1KQPp1/R5R1","stockfishScores":{"bn":0.4880357142857143}},{"fenStr":"2k1rb1r/p1p2p1p/5p2/2p5/3Pq1P1/2P1B3/PP1KQPp1/R5R1","stockfishScores":{"wn":0.4870833333333333}},{"fenStr":"2k1rb1r/p1p2p1p/5p2/2p5/3Pq1P1/2P1B3/PP1KQPp1/4R1R1","stockfishScores":{"bn":0.48916666666666664}},{"fenStr":"2k1rb1r/pqp2p1p/5p2/2p5/3P2P1/2P1B3/PP1KQPp1/4R1R1","stockfishScores":{"wn":0.4841666666666667}},{"fenStr":"2k1rb1r/pqp2p1p/5p2/2p5/3P2P1/2P1B3/PP2QPp1/2K1R1R1","stockfishScores":{"bn":0.49}},{"fenStr":"2k1rb1r/pqp2p1p/5p2/8/3p2P1/2P1B3/PP2QPp1/2K1R1R1","stockfishScores":{"wn":0.48410714285714285}},{"fenStr":"2k1rb1r/pqp2p1p/5p2/8/3P2P1/4B3/PP2QPp1/2K1R1R1","stockfishScores":{"bn":0.4835714285714286}},{"fenStr":"2k1r2r/pqp2p1p/5p2/8/1b1P2P1/4B3/PP2QPp1/2K1R1R1","stockfishScores":{"wn":0.47982142857142857}},{"fenStr":"2k1r2r/pqp2p1p/5p2/8/1b1P2P1/4B3/PP2QPp1/2KR2R1","stockfishScores":{"bn":0.4805952380952381}},{"fenStr":"2k1r2r/pqp2p1p/3b1p2/8/3P2P1/4B3/PP2QPp1/2KR2R1","stockfishScores":{"wn":0.48196428571428573}},{"fenStr":"2k1r2r/pqp2p1p/3b1p2/8/3P2P1/4BP2/PP2Q1p1/2KR2R1","stockfishScores":{"bn":0.4820238095238095}},{"fenStr":"2k1r2r/pqp2p1p/5p2/8/3P1bP1/4BP2/PP2Q1p1/2KR2R1","stockfishScores":{"wn":0.4735714285714286}},{"fenStr":"2k1r2r/pqp2p1p/5p2/8/3P1bP1/3RBP2/PP2Q1p1/2K3R1","stockfishScores":{"bn":0.47898809523809527}},{"fenStr":"2k4r/pqp2p1p/5p2/8/3P1bP1/3RrP2/PP2Q1p1/2K3R1","stockfishScores":{"wn":0.45011904761904764}},{"fenStr":"2k4r/pqp2p1p/5p2/8/3P1bP1/3RQP2/PP4p1/2K3R1","stockfishScores":{"bn":0.4857142857142857}},{"fenStr":"2k4r/pqp2p1p/5p2/8/3P2P1/3RbP2/PP4p1/2K3R1","stockfishScores":{"wn":0.43107142857142855}},{"fenStr":"2k4r/pqp2p1p/5p2/8/3P2P1/4RP2/PP4p1/2K3R1","stockfishScores":{"bn":0.4461904761904762}},{"fenStr":"2k4r/p1p2p1p/5p2/1q6/3P2P1/4RP2/PP4p1/2K3R1","stockfishScores":{"wn":0.44547619047619047}},{"fenStr":"2k4r/p1p2p1p/5p2/1q6/3P2P1/5P2/PP4p1/2K1R1R1","stockfishScores":{"bn":0.4423214285714286}},{"fenStr":"2k4r/p1p2p1p/5p2/8/2qP2P1/5P2/PP4p1/2K1R1R1","stockfishScores":{"wn":0.4456547619047619}},{"fenStr":"2k4r/p1p2p1p/5p2/8/2qP2P1/5P2/PP4p1/1K2R1R1","stockfishScores":{"bn":0.4411904761904762}},{"fenStr":"2k4r/p1p2p1p/5p2/8/3P2P1/3q1P2/PP4p1/1K2R1R1","stockfishScores":{"wn":0.44511904761904764}},{"fenStr":"2k4r/p1p2p1p/5p2/8/3P2P1/3q1P2/PP4p1/2K1R1R1","stockfishScores":{"bn":0.4393452380952381}},{"fenStr":"2k4r/p1p2p1p/5p2/8/3P2P1/5q2/PP4p1/2K1R1R1","stockfishScores":{"wn":0.45166666666666666}},{"fenStr":"2k4r/p1p2p1p/5p2/8/3P2P1/5q2/PP1K2p1/4R1R1","stockfishScores":{"bn":0.45113095238095235}},{"fenStr":"2kr4/p1p2p1p/5p2/8/3P2P1/5q2/PP1K2p1/4R1R1","stockfishScores":{"wn":0.4507738095238095}},{"fenStr":"2kr4/p1p2p1p/5p2/8/3P2P1/5q2/PPK3p1/4R1R1","stockfishScores":{"bn":0.45166666666666666}},{"fenStr":"2k5/p1p2p1p/5p2/8/3r2P1/5q2/PPK3p1/4R1R1","stockfishScores":{"wn":0.446547619047619}},{"fenStr":"2k1R3/p1p2p1p/5p2/8/3r2P1/5q2/PPK3p1/6R1","stockfishScores":{"bn":0.446547619047619}},{"fenStr":"4R3/pkp2p1p/5p2/8/3r2P1/5q2/PPK3p1/6R1","stockfishScores":{"wn":0.44583333333333336}},{"fenStr":"8/pkp2p1p/5p2/8/3r2P1/5q2/PPK3p1/4R1R1","stockfishScores":{"bn":0.44583333333333336}},{"fenStr":"8/pkp2p1p/5p2/8/3r2P1/3q4/PPK3p1/4R1R1","stockfishScores":{"wn":0.4456547619047619}},{"fenStr":"8/pkp2p1p/5p2/8/3r2P1/3q4/PP4p1/2K1R1R1","stockfishScores":{"bn":0.44523809523809527}},{"fenStr":"8/pkp2p1p/5p2/8/2r3P1/3q4/PP4p1/2K1R1R1","stockfishScores":{"wn":0.44529761904761905}}],"result":{"bw":true}}