{"fens":[{"fenStr":"rnbqkbnr/pppppppp/8/8/4P3/8/PPPP1PPP/RNBQKBNR","stockfishScores":{"bn":0.5049404761904762}},{"fenStr":"rnbqkbnr/ppp1pppp/3p4/8/4P3/8/PPPP1PPP/RNBQKBNR","stockfishScores":{"wn":0.5013690476190477}},{"fenStr":"rnbqkbnr/ppp1pppp/3p4/8/3PP3/8/PPP2PPP/RNBQKBNR","stockfishScores":{"bn":0.5064285714285715}},{"fenStr":"rnbqkbnr/ppp1pp1p/3p2p1/8/3PP3/8/PPP2PPP/RNBQKBNR","stockfishScores":{"wn":0.5056547619047619}},{"fenStr":"rnbqkbnr/ppp1pp1p/3p2p1/8/3PP3/2N5/PPP2PPP/R1BQKBNR","stockfishScores":{"bn":0.5078571428571429}},{"fenStr":"rnbqk1nr/ppp1ppbp/3p2p1/8/3PP3/2N5/PPP2PPP/R1BQKBNR","stockfishScores":{"wn":0.5059523809523809}},{"fenStr":"rnbqk1nr/ppp1ppbp/3p2p1/8/3PP3/2N1B3/PPP2PPP/R2QKBNR","stockfishScores":{"bn":0.5061904761904762}},{"fenStr":"r1bqk1nr/pppnppbp/3p2p1/8/3PP3/2N1B3/PPP2PPP/R2QKBNR","stockfishScores":{"wn":0.5050595238095238}},{"fenStr":"r1bqk1nr/pppnppbp/3p2p1/8/3PP3/2N1BN2/PPP2PPP/R2QKB1R","stockfishScores":{"bn":0.5079761904761905}},{"fenStr":"r1bqk1nr/pppn1pbp/3p2p1/4p3/3PP3/2N1BN2/PPP2PPP/R2QKB1R","stockfishScores":{"wn":0.5085714285714286}},{"fenStr":"r1bqk1nr/pppn1pbp/3p2p1/4p3/3PP3/2N1BN1P/PPP2PP1/R2QKB1R","stockfishScores":{"bn":0.5095238095238095}},{"fenStr":"r1bqk2r/pppnnpbp/3p2p1/4p3/3PP3/2N1BN1P/PPP2PP1/R2QKB1R","stockfishScores":{"wn":0.5055357142857143}},{"fenStr":"r1bqk2r/pppnnpbp/3p2p1/4p3/2BPP3/2N1BN1P/PPP2PP1/R2QK2R","stockfishScores":{"bn":0.5077380952380952}},{"fenStr":"r1bqk2r/pppnnpb1/3p2pp/4p3/2BPP3/2N1BN1P/PPP2PP1/R2QK2R","stockfishScores":{"wn":0.5072619047619048}},{"fenStr":"r1bqk2r/pppnnpb1/3p2pp/4P3/2B1P3/2N1BN1P/PPP2PP1/R2QK2R","stockfishScores":{"bn":0.5156547619047619}},{"fenStr":"r1bqk2r/ppp1npb1/3p2pp/4n3/2B1P3/2N1BN1P/PPP2PP1/R2QK2R","stockfishScores":{"wn":0.5007142857142857}},{"fenStr":"r1bqk2r/ppp1npb1/3p2pp/4N3/2B1P3/2N1B2P/PPP2PP1/R2QK2R","stockfishScores":{"bn":0.5342261904761905}},{"fenStr":"r1bqk2r/ppp1np2/3p2pp/4b3/2B1P3/2N1B2P/PPP2PP1/R2QK2R","stockfishScores":{"wn":0.508452380952381}},{"fenStr":"r1bqk2r/ppp1np2/3p2pp/4b3/2B1P3/2N1B2P/PPPQ1PP1/R3K2R","stockfishScores":{"bn":0.5076785714285714}},{"fenStr":"r1bqk2r/ppp1npb1/3p2pp/8/2B1P3/2N1B2P/PPPQ1PP1/R3K2R","stockfishScores":{"wn":0.5075}},{"fenStr":"r1bqk2r/ppp1npb1/3p2pp/8/2BBP3/2N4P/PPPQ1PP1/R3K2R","stockfishScores":{"bn":0.5092857142857143}},{"fenStr":"r1bq1rk1/ppp1npb1/3p2pp/8/2BBP3/2N4P/PPPQ1PP1/R3K2R","stockfishScores":{"wn":0.49720238095238095}},{"fenStr":"r1bq1rk1/ppp1npB1/3p2pp/8/2B1P3/2N4P/PPPQ1PP1/R3K2R","stockfishScores":{"bn":0.5393452380952382}},{"fenStr":"r1bq1r2/ppp1npk1/3p2pp/8/2B1P3/2N4P/PPPQ1PP1/R3K2R","stockfishScores":{"wn":0.5060714285714286}},{"fenStr":"r1bq1r2/ppp1npk1/3p2pp/8/2BQP3/2N4P/PPP2PP1/R3K2R","stockfishScores":{"bn":0.4969047619047619}},{"fenStr":"r1bq1r2/ppp1n1k1/3p1ppp/8/2BQP3/2N4P/PPP2PP1/R3K2R","stockfishScores":{"wn":0.49773809523809526}},{"fenStr":"r1bq1r2/ppp1n1k1/3p1ppp/8/2BQP3/2N4P/PPP2PP1/2KR3R","stockfishScores":{"bn":0.505}},{"fenStr":"r1bq1r2/1pp1n1k1/p2p1ppp/8/2BQP3/2N4P/PPP2PP1/2KR3R","stockfishScores":{"wn":0.5036904761904762}},{"fenStr":"r1bq1r2/1pp1n1k1/p2p1ppp/8/2BQP3/P1N4P/1PP2PP1/2KR3R","stockfishScores":{"bn":0.5035714285714286}},{"fenStr":"r2q1r2/1ppbn1k1/p2p1ppp/8/2BQP3/P1N4P/1PP2PP1/2KR3R","stockfishScores":{"wn":0.4992857142857143}},{"fenStr":"r2q1r2/1ppbn1k1/p2p1ppp/8/2BQPP2/P1N4P/1PP3P1/2KR3R","stockfishScores":{"bn":0.5013095238095238}},{"fenStr":"r1q2r2/1ppbn1k1/p2p1ppp/8/2BQPP2/P1N4P/1PP3P1/2KR3R","stockfishScores":{"wn":0.5042857142857143}},{"fenStr":"r1q2r2/1ppbn1k1/p2p1ppp/8/2BQPPP1/P1N4P/1PP5/2KR3R","stockfishScores":{"bn":0.5035119047619048}},{"fenStr":"r1q2r2/1pp1n1k1/p2pbppp/8/2BQPPP1/P1N4P/1PP5/2KR3R","stockfishScores":{"wn":0.5020238095238095}},{"fenStr":"r1q2r2/1pp1n1k1/p2pbppp/3N4/2BQPPP1/P6P/1PP5/2KR3R","stockfishScores":{"bn":0.5060714285714286}},{"fenStr":"r1q2r2/1pp3k1/p1npbppp/3N4/2BQPPP1/P6P/1PP5/2KR3R","stockfishScores":{"wn":0.5032142857142857}},{"fenStr":"r1q2r2/1pp3k1/p1npbppp/3N4/2B1PPP1/P1Q4P/1PP5/2KR3R","stockfishScores":{"bn":0.5052380952380953}},{"fenStr":"r1q2r2/1pp3k1/p1np1ppp/3b4/2B1PPP1/P1Q4P/1PP5/2KR3R","stockfishScores":{"wn":0.4760714285714286}},{"fenStr":"r1q2r2/1pp3k1/p1np1ppp/3P4/2B2PP1/P1Q4P/1PP5/2KR3R","stockfishScores":{"bn":0.5032142857142857}},{"fenStr":"r1q2r2/1pp1n1k1/p2p1ppp/3P4/2B2PP1/P1Q4P/1PP5/2KR3R","stockfishScores":{"wn":0.5005952380952381}},{"fenStr":"r1q2r2/1pp1n1k1/p2p1ppp/3P4/2B2PP1/P1Q4P/1PP5/2K1R2R","stockfishScores":{"bn":0.5109523809523809}},{"fenStr":"r4r2/1ppqn1k1/p2p1ppp/3P4/2B2PP1/P1Q4P/1PP5/2K1R2R","stockfishScores":{"wn":0.5016071428571428}},{"fenStr":"r4r2/1ppqn1k1/p2pRppp/3P4/2B2PP1/P1Q4P/1PP5/2K4R","stockfishScores":{"bn":0.5036309523809523}},{"fenStr":"r4rn1/1ppq2k1/p2pRppp/3P4/2B2PP1/P1Q4P/1PP5/2K4R","stockfishScores":{"wn":0.508452380952381}},{"fenStr":"r4rn1/1ppq2k1/p2pRppp/3P2P1/2B2P2/P1Q4P/1PP5/2K4R","stockfishScores":{"bn":0.5070238095238095}},{"fenStr":"r4rn1/1p1q2k1/p2pRppp/2pP2P1/2B2P2/P1Q4P/1PP5/2K4R","stockfishScores":{"wn":0.5089285714285714}},{"fenStr":"r4rn1/1p1q2k1/p2pRppp/2pP2P1/2B2P2/P1Q4P/1PP5/2K3R1","stockfishScores":{"bn":0.5091666666666667}},{"fenStr":"r4rn1/1p1q2k1/p2pRpp1/2pP2p1/2B2P2/P1Q4P/1PP5/2K3R1","stockfishScores":{"wn":0.5014285714285714}},{"fenStr":"r4rn1/1p1q2k1/p2pRpp1/2pP2R1/2B2P2/P1Q4P/1PP5/2K5","stockfishScores":{"bn":0.5104761904761905}},{"fenStr":"4rrn1/1p1q2k1/p2pRpp1/2pP2R1/2B2P2/P1Q4P/1PP5/2K5","stockfishScores":{"wn":0.5098809523809524}},{"fenStr":"4rrn1/1p1q2k1/p2pRpp1/2pP2R1/5P2/P1QB3P/1PP5/2K5","stockfishScores":{"bn":0.5311309523809524}},{"fenStr":"5rn1/1p1q2k1/p2prpp1/2pP2R1/5P2/P1QB3P/1PP5/2K5","stockfishScores":{"wn":0.48178571428571426}},{"fenStr":"5rn1/1p1q2k1/p2pPpp1/2p3R1/5P2/P1QB3P/1PP5/2K5","stockfishScores":{"bn":0.5202976190476191}},{"fenStr":"5rn1/1p4k1/p2pqpp1/2p3R1/5P2/P1QB3P/1PP5/2K5","stockfishScores":{"wn":0.5047619047619047}},{"fenStr":"5rn1/1p4k1/p2pqpB1/2p3R1/5P2/P1Q4P/1PP5/2K5","stockfishScores":{"bn":0.5113095238095238}},{"fenStr":"5rn1/1p2q1k1/p2p1pB1/2p3R1/5P2/P1Q4P/1PP5/2K5","stockfishScores":{"wn":0.5120238095238095}},{"fenStr":"4Brn1/1p2q1k1/p2p1p2/2p3R1/5P2/P1Q4P/1PP5/2K5","stockfishScores":{"bn":0.514702380952381}},{"fenStr":"4Brnk/1p2q3/p2p1p2/2p3R1/5P2/P1Q4P/1PP5/2K5","stockfishScores":{"wn":0.5149404761904762}},{"fenStr":"4Brnk/1p2q3/p2p1p2/2p4R/5P2/P1Q4P/1PP5/2K5","stockfishScores":{"bn":0.5094047619047619}},{"fenStr":"4Brn1/1p2q1k1/p2p1p2/2p4R/5P2/P1Q4P/1PP5/2K5","stockfishScores":{"wn":0.5260119047619047}},{"fenStr":"4Brn1/1p2q1k1/p2p1p2/2p4R/5P2/P5QP/1PP5/2K5","stockfishScores":{"bn":0.5245238095238095}}],"result":{"ww":true}}