{"fens":[{"fenStr":"rnbqkbnr/pppppppp/8/8/3P4/8/PPP1PPPP/RNBQKBNR","stockfishScores":{"bn":0.5048809523809524}},{"fenStr":"rnbqkb1r/pppppppp/5n2/8/3P4/8/PPP1PPPP/RNBQKBNR","stockfishScores":{"wn":0.5016071428571428}},{"fenStr":"rnbqkb1r/pppppppp/5n2/8/2PP4/8/PP2PPPP/RNBQKBNR","stockfishScores":{"bn":0.5041071428571429}},{"fenStr":"rnbqkb1r/pppp1ppp/4pn2/8/2PP4/8/PP2PPPP/RNBQKBNR","stockfishScores":{"wn":0.5005357142857143}},{"fenStr":"rnbqkb1r/pppp1ppp/4pn2/8/2PP4/2N5/PP2PPPP/R1BQKBNR","stockfishScores":{"bn":0.5033928571428572}},{"fenStr":"rnbqk2r/pppp1ppp/4pn2/8/1bPP4/2N5/PP2PPPP/R1BQKBNR","stockfishScores":{"wn":0.5013095238095238}},{"fenStr":"rnbqk2r/pppp1ppp/4pn2/8/1bPP4/2N1P3/PP3PPP/R1BQKBNR","stockfishScores":{"bn":0.503452380952381}},{"fenStr":"rnbq1rk1/pppp1ppp/4pn2/8/1bPP4/2N1P3/PP3PPP/R1BQKBNR","stockfishScores":{"wn":0.49392857142857144}},{"fenStr":"rnbq1rk1/pppp1ppp/4pn2/8/1bPP4/2NBP3/PP3PPP/R1BQK1NR","stockfishScores":{"bn":0.4945833333333333}},{"fenStr":"rnbq1rk1/pp1p1ppp/4pn2/2p5/1bPP4/2NBP3/PP3PPP/R1BQK1NR","stockfishScores":{"wn":0.49565476190476193}},{"fenStr":"rnbq1rk1/pp1p1ppp/4pn2/2p5/1bPP4/2NBPN2/PP3PPP/R1BQK2R","stockfishScores":{"bn":0.4982142857142857}},{"fenStr":"rnbq1rk1/pp3ppp/4pn2/2pp4/1bPP4/2NBPN2/PP3PPP/R1BQK2R","stockfishScores":{"wn":0.49291666666666667}},{"fenStr":"rnbq1rk1/pp3ppp/4pn2/2pp4/1bPP4/2NBPN2/PP3PPP/R1BQ1RK1","stockfishScores":{"bn":0.5060714285714286}},{"fenStr":"rnbq1rk1/pp3ppp/4pn2/2p5/1bpP4/2NBPN2/PP3PPP/R1BQ1RK1","stockfishScores":{"wn":0.5054761904761905}},{"fenStr":"rnbq1rk1/pp3ppp/4pn2/2p5/1bBP4/2N1PN2/PP3PPP/R1BQ1RK1","stockfishScores":{"bn":0.5072619047619048}},{"fenStr":"r1bq1rk1/pp1n1ppp/4pn2/2p5/1bBP4/2N1PN2/PP3PPP/R1BQ1RK1","stockfishScores":{"wn":0.5055952380952381}},{"fenStr":"r1bq1rk1/pp1n1ppp/4pn2/2p5/1bBP4/P1N1PN2/1P3PPP/R1BQ1RK1","stockfishScores":{"bn":0.5086309523809524}},{"fenStr":"r1bq1rk1/pp1n1ppp/4pn2/8/1bBp4/P1N1PN2/1P3PPP/R1BQ1RK1","stockfishScores":{"wn":0.49970238095238095}},{"fenStr":"r1bq1rk1/pp1n1ppp/4pn2/8/1bBP4/P1N2N2/1P3PPP/R1BQ1RK1","stockfishScores":{"bn":0.5064285714285715}},{"fenStr":"r1bq1rk1/pp1n1ppp/4pn2/8/2BP4/P1b2N2/1P3PPP/R1BQ1RK1","stockfishScores":{"wn":0.48351190476190475}},{"fenStr":"r1bq1rk1/pp1n1ppp/4pn2/8/2BP4/P1P2N2/5PPP/R1BQ1RK1","stockfishScores":{"bn":0.5056547619047619}},{"fenStr":"r1b2rk1/ppqn1ppp/4pn2/8/2BP4/P1P2N2/5PPP/R1BQ1RK1","stockfishScores":{"wn":0.5036309523809523}},{"fenStr":"r1b2rk1/ppqn1ppp/4pn2/8/2BP4/PQP2N2/5PPP/R1B2RK1","stockfishScores":{"bn":0.5038095238095238}},{"fenStr":"r1b2rk1/p1qn1ppp/1p2pn2/8/2BP4/PQP2N2/5PPP/R1B2RK1","stockfishScores":{"wn":0.5042261904761904}},{"fenStr":"r1b2rk1/p1qn1ppp/1p2pn2/8/2BP4/PQP2N2/1B3PPP/R4RK1","stockfishScores":{"bn":0.5027380952380952}},{"fenStr":"r4rk1/pbqn1ppp/1p2pn2/8/2BP4/PQP2N2/1B3PPP/R4RK1","stockfishScores":{"wn":0.4982142857142857}},{"fenStr":"r4rk1/pbqn1ppp/1p2pn2/8/3P4/PQP2N2/1B2BPPP/R4RK1","stockfishScores":{"bn":0.49660714285714286}},{"fenStr":"2r2rk1/pbqn1ppp/1p2pn2/8/3P4/PQP2N2/1B2BPPP/R4RK1","stockfishScores":{"wn":0.49404761904761907}},{"fenStr":"2r2rk1/pbqn1ppp/1p2pn2/8/3P4/PQP2N2/1B2BPPP/2R2RK1","stockfishScores":{"bn":0.49476190476190474}},{"fenStr":"2r2rk1/pb1n1ppp/1p2pn2/8/3P1q2/PQP2N2/1B2BPPP/2R2RK1","stockfishScores":{"wn":0.4981547619047619}},{"fenStr":"2r2rk1/pb1n1ppp/1p2pn2/8/2PP1q2/PQ3N2/1B2BPPP/2R2RK1","stockfishScores":{"bn":0.5013690476190477}},{"fenStr":"2r2rk1/pb1n1ppp/1p2p3/8/2PP1qn1/PQ3N2/1B2BPPP/2R2RK1","stockfishScores":{"wn":0.5021428571428571}},{"fenStr":"2r2rk1/pb1n1ppp/1p2p3/8/2PP1qn1/PQ3NP1/1B2BP1P/2R2RK1","stockfishScores":{"bn":0.503452380952381}},{"fenStr":"2r2rk1/pb1n1ppp/1p2p2q/8/2PP2n1/PQ3NP1/1B2BP1P/2R2RK1","stockfishScores":{"wn":0.4980357142857143}},{"fenStr":"2r2rk1/pb1n1ppp/1p2p2q/8/2PP2nP/PQ3NP1/1B2BP2/2R2RK1","stockfishScores":{"bn":0.5010714285714286}},{"fenStr":"2r2rk1/pb1n1ppp/1p2p1q1/8/2PP2nP/PQ3NP1/1B2BP2/2R2RK1","stockfishScores":{"wn":0.5022023809523809}},{"fenStr":"2r2rk1/pb1n1ppp/1p2p1q1/6N1/2PP2nP/PQ4P1/1B2BP2/2R2RK1","stockfishScores":{"bn":0.4995833333333333}},{"fenStr":"2r2rk1/pb1n1pp1/1p2p1qp/6N1/2PP2nP/PQ4P1/1B2BP2/2R2RK1","stockfishScores":{"wn":0.4951190476190476}},{"fenStr":"2r2rk1/pb1n1pp1/1p2p1qp/6N1/2PP2BP/PQ4P1/1B3P2/2R2RK1","stockfishScores":{"bn":0.5193452380952381}},{"fenStr":"2r2rk1/pb1n1pp1/1p2p1q1/6p1/2PP2BP/PQ4P1/1B3P2/2R2RK1","stockfishScores":{"wn":0.5008928571428571}},{"fenStr":"2r2rk1/pb1n1pp1/1p2p1q1/6P1/2PP2B1/PQ4P1/1B3P2/2R2RK1","stockfishScores":{"bn":0.5029166666666667}},{"fenStr":"2r2rk1/pb1n1pp1/1p2p3/6q1/2PP2B1/PQ4P1/1B3P2/2R2RK1","stockfishScores":{"wn":0.4981547619047619}},{"fenStr":"2r2rk1/pb1n1pp1/1p2p3/6q1/2PP4/PQ3BP1/1B3P2/2R2RK1","stockfishScores":{"bn":0.5024404761904762}},{"fenStr":"2r2rk1/p2n1pp1/1p2p3/6q1/2PP4/PQ3bP1/1B3P2/2R2RK1","stockfishScores":{"wn":0.470297619047619}},{"fenStr":"2r2rk1/p2n1pp1/1p2p3/6q1/2PP4/P4QP1/1B3P2/2R2RK1","stockfishScores":{"bn":0.4992857142857143}},{"fenStr":"5rk1/p1rn1pp1/1p2p3/6q1/2PP4/P4QP1/1B3P2/2R2RK1","stockfishScores":{"wn":0.5016666666666667}},{"fenStr":"5rk1/p1rn1pp1/1p2p3/6q1/2PP4/P4QP1/1B3PK1/2R2R2","stockfishScores":{"bn":0.5014880952380952}},{"fenStr":"5rk1/p1rn1pp1/4p3/1p4q1/2PP4/P4QP1/1B3PK1/2R2R2","stockfishScores":{"wn":0.5036309523809523}},{"fenStr":"5rk1/p1rn1pp1/4p3/1p4q1/2PP4/P4QP1/1B3PK1/2R4R","stockfishScores":{"bn":0.5108928571428571}},{"fenStr":"5rk1/p1rn1pp1/4p3/6q1/2pP4/P4QP1/1B3PK1/2R4R","stockfishScores":{"wn":0.5020833333333333}},{"fenStr":"5rk1/p1rn1pp1/4p3/6qR/2pP4/P4QP1/1B3PK1/2R5","stockfishScores":{"bn":0.5033928571428572}},{"fenStr":"5rk1/p1rn1pp1/4p1q1/7R/2pP4/P4QP1/1B3PK1/2R5","stockfishScores":{"wn":0.49839285714285714}},{"fenStr":"5rk1/p1rn1pp1/4p1q1/7R/2pP4/P4QP1/1B3PK1/7R","stockfishScores":{"bn":0.5136309523809524}},{"fenStr":"5rk1/p1rn2p1/4ppq1/7R/2pP4/P4QP1/1B3PK1/7R","stockfishScores":{"wn":0.5138690476190476}},{"fenStr":"5rk1/p1rn2p1/4ppq1/3P3R/2p5/P4QP1/1B3PK1/7R","stockfishScores":{"bn":0.5217857142857143}},{"fenStr":"5rk1/p1r3p1/4ppq1/2nP3R/2p5/P4QP1/1B3PK1/7R","stockfishScores":{"wn":0.5198809523809523}},{"fenStr":"5rk1/p1r3p1/4Ppq1/2n4R/2p5/P4QP1/1B3PK1/7R","stockfishScores":{"bn":0.5326190476190477}},{"fenStr":"5rk1/p1r3p1/4npq1/7R/2p5/P4QP1/1B3PK1/7R","stockfishScores":{"wn":0.5194047619047619}},{"fenStr":"5rkR/p1r3p1/4npq1/8/2p5/P4QP1/1B3PK1/7R","stockfishScores":{"bn":0.5013690476190477}},{"fenStr":"5r1R/p1r2kp1/4npq1/8/2p5/P4QP1/1B3PK1/7R","stockfishScores":{"wn":0.49916666666666665}},{"fenStr":"5R2/p1r2kp1/4npq1/8/2p5/P4QP1/1B3PK1/7R","stockfishScores":{"bn":0.5302380952380953}},{"fenStr":"5n2/p1r2kp1/5pq1/8/2p5/P4QP1/1B3PK1/7R","stockfishScores":{"wn":0.5041071428571429}},{"fenStr":"5n2/p1r2kp1/5pq1/3Q4/2p5/P5P1/1B3PK1/7R","stockfishScores":{"bn":0.4975}},{"fenStr":"8/p1r2kp1/4npq1/3Q4/2p5/P5P1/1B3PK1/7R","stockfishScores":{"wn":0.5011904761904762}},{"fenStr":"8/p1r2kp1/4npq1/3Q4/2p5/P5P1/1B3PK1/4R3","stockfishScores":{"bn":0.5113690476190477}},{"fenStr":"8/p1r2kp1/4n1q1/3Q1p2/2p5/P5P1/1B3PK1/4R3","stockfishScores":{"wn":0.506547619047619}},{"fenStr":"8/p1r2kp1/4n1q1/3QRp2/2p5/P5P1/1B3PK1/8","stockfishScores":{"bn":0.5042857142857143}},{"fenStr":"8/p1r2kp1/4n1q1/3QR3/2p2p2/P5P1/1B3PK1/8","stockfishScores":{"wn":0.505}},{"fenStr":"8/p1r2kp1/4n1q1/3Q1R2/2p2p2/P5P1/1B3PK1/8","stockfishScores":{"bn":0.5025595238095238}},{"fenStr":"8/p1r1k1p1/4n1q1/3Q1R2/2p2p2/P5P1/1B3PK1/8","stockfishScores":{"wn":0.5030357142857143}},{"fenStr":"8/p1r1k1p1/4n1q1/3Q1R2/P1p2p2/6P1/1B3PK1/8","stockfishScores":{"bn":0.5074404761904762}},{"fenStr":"8/p1r1k1p1/4n1q1/3Q1R2/P1p5/6p1/1B3PK1/8","stockfishScores":{"wn":0.49875}},{"fenStr":"8/p1r1k1p1/4n1q1/3Q1R2/P1p5/B5p1/5PK1/8","stockfishScores":{"bn":0.5070833333333333}},{"fenStr":"4k3/p1r3p1/4n1q1/3Q1R2/P1p5/B5p1/5PK1/8","stockfishScores":{"wn":0.5023214285714286}},{"fenStr":"Q3k3/p1r3p1/4n1q1/5R2/P1p5/B5p1/5PK1/8","stockfishScores":{"bn":0.49535714285714283}},{"fenStr":"Q2nk3/p1r3p1/6q1/5R2/P1p5/B5p1/5PK1/8","stockfishScores":{"wn":0.5260714285714285}},{"fenStr":"Q2nkR2/p1r3p1/6q1/8/P1p5/B5p1/5PK1/8","stockfishScores":{"bn":0.4938095238095238}},{"fenStr":"Q2n1R2/p1rk2p1/6q1/8/P1p5/B5p1/5PK1/8","stockfishScores":{"wn":0.5188690476190476}},{"fenStr":"3n1R2/p1rk2p1/6q1/3Q4/P1p5/B5p1/5PK1/8","stockfishScores":{"bn":0.5129761904761905}},{"fenStr":"2kn1R2/p1r3p1/6q1/3Q4/P1p5/B5p1/5PK1/8","stockfishScores":{"wn":0.5269642857142857}},{"fenStr":"2kR4/p1r3p1/6q1/3Q4/P1p5/B5p1/5PK1/8","stockfishScores":{"bn":0.523452380952381}}],"result":{"ww":true}}