{"fens":[{"fenStr":"rnbqkbnr/pppppppp/8/8/4P3/8/PPPP1PPP/RNBQKBNR","stockfishScores":{"bn":0.5049404761904762}},{"fenStr":"rnbqkbnr/pppp1ppp/4p3/8/4P3/8/PPPP1PPP/RNBQKBNR","stockfishScores":{"wn":0.5002380952380953}},{"fenStr":"rnbqkbnr/pppp1ppp/4p3/8/3PP3/8/PPP2PPP/RNBQKBNR","stockfishScores":{"bn":0.5058928571428571}},{"fenStr":"rnbqkbnr/ppp2ppp/4p3/3p4/3PP3/8/PPP2PPP/RNBQKBNR","stockfishScores":{"wn":0.5010119047619047}},{"fenStr":"rnbqkbnr/ppp2ppp/4p3/3p4/3PP3/8/PPPN1PPP/R1BQKBNR","stockfishScores":{"bn":0.5027380952380952}},{"fenStr":"rnbqkb1r/ppp2ppp/4pn2/3p4/3PP3/8/PPPN1PPP/R1BQKBNR","stockfishScores":{"wn":0.5017857142857143}},{"fenStr":"rnbqkb1r/ppp2ppp/4pn2/3pP3/3P4/8/PPPN1PPP/R1BQKBNR","stockfishScores":{"bn":0.5069642857142858}},{"fenStr":"rnbqkb1r/pppn1ppp/4p3/3pP3/3P4/8/PPPN1PPP/R1BQKBNR","stockfishScores":{"wn":0.5014285714285714}},{"fenStr":"rnbqkb1r/pppn1ppp/4p3/3pP3/3P4/2P5/PP1N1PPP/R1BQKBNR","stockfishScores":{"bn":0.5040476190476191}},{"fenStr":"rnbqkb1r/pp1n1ppp/4p3/2ppP3/3P4/2P5/PP1N1PPP/R1BQKBNR","stockfishScores":{"wn":0.5022619047619048}},{"fenStr":"rnbqkb1r/pp1n1ppp/4p3/2ppP3/3P1P2/2P5/PP1N2PP/R1BQKBNR","stockfishScores":{"bn":0.5004761904761905}},{"fenStr":"r1bqkb1r/pp1n1ppp/2n1p3/2ppP3/3P1P2/2P5/PP1N2PP/R1BQKBNR","stockfishScores":{"wn":0.4976785714285714}},{"fenStr":"r1bqkb1r/pp1n1ppp/2n1p3/2ppP3/3P1P2/2P2N2/PP4PP/R1BQKBNR","stockfishScores":{"bn":0.49857142857142855}},{"fenStr":"r1b1kb1r/pp1n1ppp/1qn1p3/2ppP3/3P1P2/2P2N2/PP4PP/R1BQKBNR","stockfishScores":{"wn":0.49970238095238095}},{"fenStr":"r1b1kb1r/pp1n1ppp/1qn1p3/2ppP3/3P1P2/2P2NP1/PP5P/R1BQKBNR","stockfishScores":{"bn":0.4998214285714286}},{"fenStr":"r1b1kb1r/pp1n2pp/1qn1p3/2ppPp2/3P1P2/2P2NP1/PP5P/R1BQKBNR","stockfishScores":{"wn":0.5029761904761905}},{"fenStr":"r1b1kb1r/pp1n2pp/1qn1p3/2ppPp2/3P1P2/2P2NP1/PP2N2P/R1BQKB1R","stockfishScores":{"bn":0.5052380952380953}},{"fenStr":"r1b1kb1r/pp1n2pp/1qn1p3/3pPp2/3p1P2/2P2NP1/PP2N2P/R1BQKB1R","stockfishScores":{"wn":0.49660714285714286}},{"fenStr":"r1b1kb1r/pp1n2pp/1qn1p3/3pPp2/3P1P2/5NP1/PP2N2P/R1BQKB1R","stockfishScores":{"bn":0.5025595238095238}},{"fenStr":"r1b1k2r/pp1nb1pp/1qn1p3/3pPp2/3P1P2/5NP1/PP2N2P/R1BQKB1R","stockfishScores":{"wn":0.5030357142857143}},{"fenStr":"r1b1k2r/pp1nb1pp/1qn1p3/3pPp2/3P1P2/5NP1/PP2N2P/R1BQKBR1","stockfishScores":{"bn":0.5035714285714286}},{"fenStr":"r1b1k2r/ppqnb1pp/2n1p3/3pPp2/3P1P2/5NP1/PP2N2P/R1BQKBR1","stockfishScores":{"wn":0.5045833333333334}},{"fenStr":"r1b1k2r/ppqnb1pp/2n1p3/3pPp2/3P1PP1/5N2/PP2N2P/R1BQKBR1","stockfishScores":{"bn":0.5042857142857143}},{"fenStr":"r1b1k2r/ppq1b1pp/1nn1p3/3pPp2/3P1PP1/5N2/PP2N2P/R1BQKBR1","stockfishScores":{"wn":0.5055952380952381}},{"fenStr":"r1b1k2r/ppq1b1pp/1nn1p3/3pPp2/3P1PP1/2N2N2/PP5P/R1BQKBR1","stockfishScores":{"bn":0.5058333333333334}},{"fenStr":"r1b1k2r/1pq1b1pp/pnn1p3/3pPp2/3P1PP1/2N2N2/PP5P/R1BQKBR1","stockfishScores":{"wn":0.505297619047619}},{"fenStr":"r1b1k2r/1pq1b1pp/pnn1p3/3pPp2/3P1PP1/2N2N2/PP2B2P/R1BQK1R1","stockfishScores":{"bn":0.5040476190476191}},{"fenStr":"r1b1k2r/1pq1b2p/pnn1p1p1/3pPp2/3P1PP1/2N2N2/PP2B2P/R1BQK1R1","stockfishScores":{"wn":0.5048809523809524}},{"fenStr":"r1b1k2r/1pq1b2p/pnn1p1p1/3pPp2/3P1PP1/2N1BN2/PP2B2P/R2QK1R1","stockfishScores":{"bn":0.5052380952380953}},{"fenStr":"r3k2r/1pqbb2p/pnn1p1p1/3pPp2/3P1PP1/2N1BN2/PP2B2P/R2QK1R1","stockfishScores":{"wn":0.5050595238095238}},{"fenStr":"r3k2r/1pqbb2p/pnn1p1p1/3pPP2/3P1P2/2N1BN2/PP2B2P/R2QK1R1","stockfishScores":{"bn":0.5129761904761905}},{"fenStr":"r3k2r/1pqbb2p/pnn1p3/3pPp2/3P1P2/2N1BN2/PP2B2P/R2QK1R1","stockfishScores":{"wn":0.5067261904761905}},{"fenStr":"r3k2r/1pqbb2p/pnn1p3/3pPpN1/3P1P2/2N1B3/PP2B2P/R2QK1R1","stockfishScores":{"bn":0.5104166666666666}},{"fenStr":"r3k2r/1pqb3p/pnn1p3/3pPpb1/3P1P2/2N1B3/PP2B2P/R2QK1R1","stockfishScores":{"wn":0.49125}},{"fenStr":"r3k2r/1pqb3p/pnn1p3/3pPpbB/3P1P2/2N1B3/PP5P/R2QK1R1","stockfishScores":{"bn":0.4914880952380952}},{"fenStr":"r2k3r/1pqb3p/pnn1p3/3pPpbB/3P1P2/2N1B3/PP5P/R2QK1R1","stockfishScores":{"wn":0.4888095238095238}},{"fenStr":"r2k3r/1pqb3p/pnn1p3/3pPpRB/3P1P2/2N1B3/PP5P/R2QK3","stockfishScores":{"bn":0.5092857142857143}},{"fenStr":"r2k3r/1pqb3p/p1n1p3/3pPpRB/2nP1P2/2N1B3/PP5P/R2QK3","stockfishScores":{"wn":0.5003571428571428}},{"fenStr":"r2k3r/1pqb3p/p1n1p3/3pPpRB/2nP1P2/2N5/PP5P/R1BQK3","stockfishScores":{"bn":0.5033333333333333}},{"fenStr":"r2k3r/1p1b3p/pqn1p3/3pPpRB/2nP1P2/2N5/PP5P/R1BQK3","stockfishScores":{"wn":0.504702380952381}},{"fenStr":"r2k3r/1p1b3p/pqn1p3/3pPpRB/2nP1P2/1PN5/P6P/R1BQK3","stockfishScores":{"bn":0.5074404761904762}},{"fenStr":"r2k3r/1p1b3p/p1n1p3/3pPpRB/1qnP1P2/1PN5/P6P/R1BQK3","stockfishScores":{"wn":0.4961309523809524}},{"fenStr":"r2k3r/1p1b3p/p1n1p3/3pPpRB/1qPP1P2/2N5/P6P/R1BQK3","stockfishScores":{"bn":0.5313095238095238}},{"fenStr":"r2k3r/1p1b3p/p1n1p3/3pPpRB/2PP1P2/2q5/P6P/R1BQK3","stockfishScores":{"wn":0.5075595238095238}},{"fenStr":"r2k3r/1p1b3p/p1n1p3/3pPpRB/2PP1P2/2q5/P2B3P/R2QK3","stockfishScores":{"bn":0.4999404761904762}},{"fenStr":"r2k3r/1p1b3p/p1n1p3/3pPpRB/2qP1P2/8/P2B3P/R2QK3","stockfishScores":{"wn":0.5013095238095238}},{"fenStr":"r2k3r/1p1b3p/p1n1p3/3pPpRB/2qP1P2/8/P2B3P/2RQK3","stockfishScores":{"bn":0.5054166666666666}},{"fenStr":"r2k3r/1p1b3p/p1n1p3/3pPpRB/3P1P2/8/q2B3P/2RQK3","stockfishScores":{"wn":0.5022023809523809}},{"fenStr":"r2k3r/1p1b2Rp/p1n1p3/3pPp1B/3P1P2/8/q2B3P/2RQK3","stockfishScores":{"bn":0.5182738095238095}},{"fenStr":"r1k4r/1p1b2Rp/p1n1p3/3pPp1B/3P1P2/8/q2B3P/2RQK3","stockfishScores":{"wn":0.5124404761904762}},{"fenStr":"r1k4r/1p1b2Rp/p1n1p3/3pPp2/3P1P2/8/q2BB2P/2RQK3","stockfishScores":{"bn":0.5118452380952381}},{"fenStr":"r6r/1pkb2Rp/p1n1p3/3pPp2/3P1P2/8/q2BB2P/2RQK3","stockfishScores":{"wn":0.5136309523809524}},{"fenStr":"r6r/1pkb3p/p1n1p3/3pPp2/3P1P2/6R1/q2BB2P/2RQK3","stockfishScores":{"bn":0.49952380952380954}},{"fenStr":"rk5r/1p1b3p/p1n1p3/3pPp2/3P1P2/6R1/q2BB2P/2RQK3","stockfishScores":{"wn":0.4967857142857143}},{"fenStr":"rk5r/1p1b3p/p1n1p3/3pPp2/3P1P2/2B3R1/q3B2P/2RQK3","stockfishScores":{"bn":0.4973214285714286}},{"fenStr":"rk5r/1p1b3p/p1n1p3/3pPp2/3P1P2/q1B3R1/4B2P/2RQK3","stockfishScores":{"wn":0.5}},{"fenStr":"rk5r/1p1b3p/p1n1p3/3pPp2/3P1P2/q1B3R1/4B2P/R2QK3","stockfishScores":{"bn":0.5052380952380953}},{"fenStr":"rk5r/1p1bq2p/p1n1p3/3pPp2/3P1P2/2B3R1/4B2P/R2QK3","stockfishScores":{"wn":0.4982738095238095}},{"fenStr":"rk5r/1p1bq2p/p1n1p3/3pPp2/3P1P2/1QB3R1/4B2P/R3K3","stockfishScores":{"bn":0.5082142857142857}},{"fenStr":"rk5r/1p1bq2p/2n1p3/p2pPp2/3P1P2/1QB3R1/4B2P/R3K3","stockfishScores":{"wn":0.5016071428571428}},{"fenStr":"rk5r/1p1bq2p/2n1p3/pB1pPp2/3P1P2/1QB3R1/7P/R3K3","stockfishScores":{"bn":0.495}},{"fenStr":"rk5r/1p1bq2p/4p3/pB1pPp2/1n1P1P2/1QB3R1/7P/R3K3","stockfishScores":{"wn":0.49273809523809525}},{"fenStr":"rk5r/1p1bq2p/4p3/pB1pPp2/1B1P1P2/1Q4R1/7P/R3K3","stockfishScores":{"bn":0.5245833333333333}},{"fenStr":"rk5r/1p1bq2p/4p3/1B1pPp2/1p1P1P2/1Q4R1/7P/R3K3","stockfishScores":{"wn":0.4950595238095238}},{"fenStr":"Rk5r/1p1bq2p/4p3/1B1pPp2/1p1P1P2/1Q4R1/7P/4K3","stockfishScores":{"bn":0.5295833333333333}},{"fenStr":"k6r/1p1bq2p/4p3/1B1pPp2/1p1P1P2/1Q4R1/7P/4K3","stockfishScores":{"wn":0.49702380952380953}},{"fenStr":"k6r/1p1bq2p/4p3/1B1pPp2/Qp1P1P2/6R1/7P/4K3","stockfishScores":{"bn":0.49898809523809523}},{"fenStr":"1k5r/1p1bq2p/4p3/1B1pPp2/Qp1P1P2/6R1/7P/4K3","stockfishScores":{"wn":0.49529761904761904}},{"fenStr":"1k5r/1p1Bq2p/4p3/3pPp2/Qp1P1P2/6R1/7P/4K3","stockfishScores":{"bn":0.5201190476190476}},{"fenStr":"1k5r/1p1B3p/4p3/3pPp2/Qp1P1P1q/6R1/7P/4K3","stockfishScores":{"wn":0.5157142857142857}},{"fenStr":"1k5r/1p1B3p/4p3/3pPp2/1Q1P1P1q/6R1/7P/4K3","stockfishScores":{"bn":0.5280952380952381}},{"fenStr":"7r/1pkB3p/4p3/3pPp2/1Q1P1P1q/6R1/7P/4K3","stockfishScores":{"wn":0.5272619047619047}},{"fenStr":"7r/1pkB3p/3Qp3/3pPp2/3P1P1q/6R1/7P/4K3","stockfishScores":{"bn":0.5275}},{"fenStr":"3k3r/1p1B3p/3Qp3/3pPp2/3P1P1q/6R1/7P/4K3","stockfishScores":{"wn":0.5388690476190476}},{"fenStr":"3k3r/1p5p/3QB3/3pPp2/3P1P1q/6R1/7P/4K3","stockfishScores":{"bn":0.5497619047619048}},{"fenStr":"4k2r/1p5p/3QB3/3pPp2/3P1P1q/6R1/7P/4K3","stockfishScores":{"wn":0.5615476190476191}},{"fenStr":"4k2r/1p1Q3p/4B3/3pPp2/3P1P1q/6R1/7P/4K3","stockfishScores":{"bn":0.5588690476190477}},{"fenStr":"5k1r/1p1Q3p/4B3/3pPp2/3P1P1q/6R1/7P/4K3","stockfishScores":{"wn":0.555}},{"fenStr":"5k1r/1p3Q1p/4B3/3pPp2/3P1P1q/6R1/7P/4K3","stockfishScores":{"bn":0.5427380952380952}}],"result":{"ww":true}}