{"fens":[{"fenStr":"rnbqkbnr/pppppppp/8/8/4P3/8/PPPP1PPP/RNBQKBNR","stockfishScores":{"bn":0.5049404761904762}},{"fenStr":"rnbqkbnr/pppp1ppp/8/4p3/4P3/8/PPPP1PPP/RNBQKBNR","stockfishScores":{"wn":0.5005952380952381}},{"fenStr":"rnbqkbnr/pppp1ppp/8/4p3/4P3/5N2/PPPP1PPP/RNBQKB1R","stockfishScores":{"bn":0.5044047619047619}},{"fenStr":"r1bqkbnr/pppp1ppp/2n5/4p3/4P3/5N2/PPPP1PPP/RNBQKB1R","stockfishScores":{"wn":0.5004166666666666}},{"fenStr":"r1bqkbnr/pppp1ppp/2n5/1B2p3/4P3/5N2/PPPP1PPP/RNBQK2R","stockfishScores":{"bn":0.5002380952380953}},{"fenStr":"r1bqkbnr/1ppp1ppp/p1n5/1B2p3/4P3/5N2/PPPP1PPP/RNBQK2R","stockfishScores":{"wn":0.49535714285714283}},{"fenStr":"r1bqkbnr/1ppp1ppp/p1n5/4p3/B3P3/5N2/PPPP1PPP/RNBQK2R","stockfishScores":{"bn":0.49654761904761907}},{"fenStr":"r1bqkb1r/1ppp1ppp/p1n2n2/4p3/B3P3/5N2/PPPP1PPP/RNBQK2R","stockfishScores":{"wn":0.49273809523809525}},{"fenStr":"r1bqkb1r/1ppp1ppp/p1n2n2/4p3/B3P3/5N2/PPPP1PPP/RNBQ1RK1","stockfishScores":{"bn":0.5022619047619048}},{"fenStr":"r1bqk2r/1ppp1ppp/p1n2n2/2b1p3/B3P3/5N2/PPPP1PPP/RNBQ1RK1","stockfishScores":{"wn":0.5022619047619048}},{"fenStr":"r1bqk2r/1ppp1ppp/p1n2n2/2b1p3/B3P3/3P1N2/PPP2PPP/RNBQ1RK1","stockfishScores":{"bn":0.5088095238095238}},{"fenStr":"r1bqk2r/1pp2ppp/p1np1n2/2b1p3/B3P3/3P1N2/PPP2PPP/RNBQ1RK1","stockfishScores":{"wn":0.5072619047619048}},{"fenStr":"r1bqk2r/1pp2ppp/p1np1n2/2b1p3/B2PP3/5N2/PPP2PPP/RNBQ1RK1","stockfishScores":{"bn":0.5133928571428571}},{"fenStr":"r1bqk2r/1pp2ppp/p1np1n2/2b5/B2pP3/5N2/PPP2PPP/RNBQ1RK1","stockfishScores":{"wn":0.4992857142857143}},{"fenStr":"r1bqk2r/1pp2ppp/p1np1n2/2b5/B2NP3/8/PPP2PPP/RNBQ1RK1","stockfishScores":{"bn":0.5047619047619047}},{"fenStr":"r2qk2r/1ppb1ppp/p1np1n2/2b5/B2NP3/8/PPP2PPP/RNBQ1RK1","stockfishScores":{"wn":0.4995833333333333}},{"fenStr":"r2qk2r/1ppb1ppp/p1Np1n2/2b5/B3P3/8/PPP2PPP/RNBQ1RK1","stockfishScores":{"bn":0.5217261904761905}},{"fenStr":"r2qk2r/2pb1ppp/p1pp1n2/2b5/B3P3/8/PPP2PPP/RNBQ1RK1","stockfishScores":{"wn":0.505297619047619}},{"fenStr":"r2qk2r/2pb1ppp/p1pp1n2/2b5/B3P3/2N5/PPP2PPP/R1BQ1RK1","stockfishScores":{"bn":0.5089285714285714}},{"fenStr":"r2qk2r/2pb1ppp/p1pp4/2b5/B3P1n1/2N5/PPP2PPP/R1BQ1RK1","stockfishScores":{"wn":0.5073809523809524}},{"fenStr":"r2qk2r/2pb1ppp/p1pp4/2b5/B3P1n1/2N2Q2/PPP2PPP/R1B2RK1","stockfishScores":{"bn":0.5073809523809524}},{"fenStr":"r2q1rk1/2pb1ppp/p1pp4/2b5/B3P1n1/2N2Q2/PPP2PPP/R1B2RK1","stockfishScores":{"wn":0.4944642857142857}},{"fenStr":"r2q1rk1/2pb1ppp/p1pp4/2b5/B3P1n1/2N2Q1P/PPP2PP1/R1B2RK1","stockfishScores":{"bn":0.5}},{"fenStr":"r2q1rk1/2pb1ppp/p1pp4/2b1n3/B3P3/2N2Q1P/PPP2PP1/R1B2RK1","stockfishScores":{"wn":0.49255952380952384}},{"fenStr":"r2q1rk1/2pb1ppp/p1pp4/2b1n3/B3P3/2N3QP/PPP2PP1/R1B2RK1","stockfishScores":{"bn":0.49970238095238095}},{"fenStr":"r4rk1/2pb1ppp/p1pp1q2/2b1n3/B3P3/2N3QP/PPP2PP1/R1B2RK1","stockfishScores":{"wn":0.4944047619047619}},{"fenStr":"r4rk1/2pb1ppp/p1pp1q2/2b1n3/4P3/1BN3QP/PPP2PP1/R1B2RK1","stockfishScores":{"bn":0.4975595238095238}},{"fenStr":"1r3rk1/2pb1ppp/p1pp1q2/2b1n3/4P3/1BN3QP/PPP2PP1/R1B2RK1","stockfishScores":{"wn":0.4970833333333333}},{"fenStr":"1r3rk1/2pb1ppp/p1pp1q2/2b1n3/4P3/1BN3QP/PPP2PPK/R1B2R2","stockfishScores":{"bn":0.4976785714285714}},{"fenStr":"1r3rk1/2pb1pp1/p1pp1q1p/2b1n3/4P3/1BN3QP/PPP2PPK/R1B2R2","stockfishScores":{"wn":0.495952380952381}},{"fenStr":"1r3rk1/2pb1pp1/p1pp1q1p/2b1n3/4PP2/1BN3QP/PPP3PK/R1B2R2","stockfishScores":{"bn":0.502797619047619}},{"fenStr":"1r3r1k/2pb1pp1/p1pp1q1p/2b1n3/4PP2/1BN3QP/PPP3PK/R1B2R2","stockfishScores":{"wn":0.5031547619047619}},{"fenStr":"1r3r1k/2pb1pp1/p1pp1q1p/2b1n3/4PP2/1BN1B1QP/PPP3PK/R4R2","stockfishScores":{"bn":0.5091071428571429}},{"fenStr":"1r3r1k/2pb1pp1/p1pp1q1p/4n3/4PP2/1BN1b1QP/PPP3PK/R4R2","stockfishScores":{"wn":0.4725595238095238}},{"fenStr":"1r3r1k/2pb1pp1/p1pp1q1p/4n3/4PP2/1BN1Q2P/PPP3PK/R4R2","stockfishScores":{"bn":0.5058928571428571}},{"fenStr":"1r3r1k/2pb1pp1/p1pp1qnp/8/4PP2/1BN1Q2P/PPP3PK/R4R2","stockfishScores":{"wn":0.5072023809523809}},{"fenStr":"1r3r1k/Q1pb1pp1/p1pp1qnp/8/4PP2/1BN4P/PPP3PK/R4R2","stockfishScores":{"bn":0.5051190476190476}},{"fenStr":"1rr4k/Q1pb1pp1/p1pp1qnp/8/4PP2/1BN4P/PPP3PK/R4R2","stockfishScores":{"wn":0.5050595238095238}},{"fenStr":"1rr4k/2pb1pp1/Q1pp1qnp/8/4PP2/1BN4P/PPP3PK/R4R2","stockfishScores":{"bn":0.5053571428571428}},{"fenStr":"1rr4k/2pb1pp1/Q1pp1q1p/8/4Pn2/1BN4P/PPP3PK/R4R2","stockfishScores":{"wn":0.49654761904761907}},{"fenStr":"1rr4k/2pb1pp1/Q1pp1q1p/8/4Pn2/1B5P/PPP1N1PK/R4R2","stockfishScores":{"bn":0.49726190476190474}},{"fenStr":"1rr4k/2pb1pp1/Q1pp3p/4q3/4Pn2/1B5P/PPP1N1PK/R4R2","stockfishScores":{"wn":0.4932738095238095}},{"fenStr":"1rr4k/2pb1pp1/Q1pp3p/4q3/4PN2/1B5P/PPP3PK/R4R2","stockfishScores":{"bn":0.5142261904761904}},{"fenStr":"1rr4k/2pb1p2/Q1pp3p/4q1p1/4PN2/1B5P/PPP3PK/R4R2","stockfishScores":{"wn":0.513154761904762}},{"fenStr":"1rr4k/2pb1p2/2pp3p/4q1p1/2Q1PN2/1B5P/PPP3PK/R4R2","stockfishScores":{"bn":0.5170833333333333}},{"fenStr":"1rr4k/2pb4/2pp1p1p/4q1p1/2Q1PN2/1B5P/PPP3PK/R4R2","stockfishScores":{"wn":0.5198214285714285}},{"fenStr":"1rr4k/2pb1Q2/2pp1p1p/4q1p1/4PN2/1B5P/PPP3PK/R4R2","stockfishScores":{"bn":0.5252976190476191}},{"fenStr":"1rr1b2k/2p2Q2/2pp1p1p/4q1p1/4PN2/1B5P/PPP3PK/R4R2","stockfishScores":{"wn":0.5416666666666666}},{"fenStr":"1rr1b1Qk/2p5/2pp1p1p/4q1p1/4PN2/1B5P/PPP3PK/R4R2","stockfishScores":{"bn":0.5238095238095238}}],"result":{"ww":true}}