{"fens":[{"fenStr":"rnbqkbnr/pppppppp/8/8/4P3/8/PPPP1PPP/RNBQKBNR","stockfishScores":{"bn":0.5049404761904762}},{"fenStr":"rnbqkbnr/pp1ppppp/8/2p5/4P3/8/PPPP1PPP/RNBQKBNR","stockfishScores":{"wn":0.5038095238095238}},{"fenStr":"rnbqkbnr/pp1ppppp/8/2p5/4P3/5N2/PPPP1PPP/RNBQKB1R","stockfishScores":{"bn":0.5058928571428571}},{"fenStr":"rnbqkbnr/pp2pppp/3p4/2p5/4P3/5N2/PPPP1PPP/RNBQKB1R","stockfishScores":{"wn":0.5020833333333333}},{"fenStr":"rnbqkbnr/pp2pppp/3p4/2p5/3PP3/5N2/PPP2PPP/RNBQKB1R","stockfishScores":{"bn":0.5076785714285714}},{"fenStr":"rnbqkbnr/pp2pppp/3p4/8/3pP3/5N2/PPP2PPP/RNBQKB1R","stockfishScores":{"wn":0.4976190476190476}},{"fenStr":"rnbqkbnr/pp2pppp/3p4/8/3NP3/8/PPP2PPP/RNBQKB1R","stockfishScores":{"bn":0.51}},{"fenStr":"rnbqkb1r/pp2pppp/3p1n2/8/3NP3/8/PPP2PPP/RNBQKB1R","stockfishScores":{"wn":0.5031547619047619}},{"fenStr":"rnbqkb1r/pp2pppp/3p1n2/8/3NP3/2N5/PPP2PPP/R1BQKB1R","stockfishScores":{"bn":0.5076190476190476}},{"fenStr":"r1bqkb1r/pp2pppp/2np1n2/8/3NP3/2N5/PPP2PPP/R1BQKB1R","stockfishScores":{"wn":0.5020238095238095}},{"fenStr":"r1bqkb1r/pp2pppp/2np1n2/6B1/3NP3/2N5/PPP2PPP/R2QKB1R","stockfishScores":{"bn":0.5025}},{"fenStr":"r1bqkb1r/pp3ppp/2nppn2/6B1/3NP3/2N5/PPP2PPP/R2QKB1R","stockfishScores":{"wn":0.5054166666666666}},{"fenStr":"r1bqkb1r/pp3ppp/2nppn2/6B1/3NP3/2N5/PPPQ1PPP/R3KB1R","stockfishScores":{"bn":0.5039285714285714}},{"fenStr":"r1bqkb1r/1p3ppp/p1nppn2/6B1/3NP3/2N5/PPPQ1PPP/R3KB1R","stockfishScores":{"wn":0.5035714285714286}},{"fenStr":"r1bqkb1r/1p3ppp/p1nppn2/6B1/3NP3/2N5/PPPQ1PPP/2KR1B1R","stockfishScores":{"bn":0.5111904761904762}},{"fenStr":"r1bqk2r/1p2bppp/p1nppn2/6B1/3NP3/2N5/PPPQ1PPP/2KR1B1R","stockfishScores":{"wn":0.5097619047619047}},{"fenStr":"r1bqk2r/1p2bppp/p1nppn2/6B1/3NPP2/2N5/PPPQ2PP/2KR1B1R","stockfishScores":{"bn":0.5117857142857143}},{"fenStr":"r1bqk2r/1p2bppp/p2ppn2/6B1/3nPP2/2N5/PPPQ2PP/2KR1B1R","stockfishScores":{"wn":0.4892261904761905}},{"fenStr":"r1bqk2r/1p2bppp/p2ppn2/6B1/3QPP2/2N5/PPP3PP/2KR1B1R","stockfishScores":{"bn":0.523452380952381}},{"fenStr":"r1bqk2r/4bppp/p2ppn2/1p4B1/3QPP2/2N5/PPP3PP/2KR1B1R","stockfishScores":{"wn":0.513095238095238}},{"fenStr":"r1bqk2r/4bppp/p2ppn2/1p4B1/3QPP1P/2N5/PPP3P1/2KR1B1R","stockfishScores":{"bn":0.5117857142857143}},{"fenStr":"r2qk2r/1b2bppp/p2ppn2/1p4B1/3QPP1P/2N5/PPP3P1/2KR1B1R","stockfishScores":{"wn":0.5095833333333334}},{"fenStr":"r2qk2r/1b2bppp/p2ppn2/1p4B1/3QPP1P/2N4R/PPP3P1/2KR1B2","stockfishScores":{"bn":0.509702380952381}},{"fenStr":"r3k2r/1bq1bppp/p2ppn2/1p4B1/3QPP1P/2N4R/PPP3P1/2KR1B2","stockfishScores":{"wn":0.5092261904761904}},{"fenStr":"r3k2r/1bq1bppp/p2ppB2/1p6/3QPP1P/2N4R/PPP3P1/2KR1B2","stockfishScores":{"bn":0.5358928571428572}},{"fenStr":"r3k2r/1bq1bp1p/p2ppp2/1p6/3QPP1P/2N4R/PPP3P1/2KR1B2","stockfishScores":{"wn":0.5095238095238095}},{"fenStr":"r3k2r/1bq1bp1p/p2ppp2/1p6/P2QPP1P/2N4R/1PP3P1/2KR1B2","stockfishScores":{"bn":0.5083928571428571}},{"fenStr":"r3k2r/1bq1bp1p/p2ppp2/8/p2QPP1P/2N4R/1PP3P1/2KR1B2","stockfishScores":{"wn":0.5156547619047619}},{"fenStr":"r3k2r/1bq1bp1p/p2ppp2/8/Q3PP1P/2N4R/1PP3P1/2KR1B2","stockfishScores":{"bn":0.5082738095238095}},{"fenStr":"r3k2r/2q1bp1p/p1bppp2/8/Q3PP1P/2N4R/1PP3P1/2KR1B2","stockfishScores":{"wn":0.5058333333333334}},{"fenStr":"r3k2r/2q1bp1p/p1bppp2/8/2Q1PP1P/2N4R/1PP3P1/2KR1B2","stockfishScores":{"bn":0.508452380952381}},{"fenStr":"r3k2r/4bp1p/pqbppp2/8/2Q1PP1P/2N4R/1PP3P1/2KR1B2","stockfishScores":{"wn":0.5090476190476191}},{"fenStr":"r3k2r/4bp1p/pqbppp2/5P2/2Q1P2P/2N4R/1PP3P1/2KR1B2","stockfishScores":{"bn":0.5086904761904761}},{"fenStr":"r3k2r/3bbp1p/pq1ppp2/5P2/2Q1P2P/2N4R/1PP3P1/2KR1B2","stockfishScores":{"wn":0.509702380952381}},{"fenStr":"r3k2r/3bbp1p/pq1ppp2/5P2/4P2P/2N4R/QPP3P1/2KR1B2","stockfishScores":{"bn":0.5083333333333333}},{"fenStr":"r3kb1r/3b1p1p/pq1ppp2/5P2/4P2P/2N4R/QPP3P1/2KR1B2","stockfishScores":{"wn":0.5082738095238095}},{"fenStr":"r3kb1r/3b1p1p/pq1ppp2/5P2/4P2P/2N4R/QPP3P1/1K1R1B2","stockfishScores":{"bn":0.5085714285714286}},{"fenStr":"r3k2r/3b1p1p/pq1ppp1b/5P2/4P2P/2N4R/QPP3P1/1K1R1B2","stockfishScores":{"wn":0.5088690476190476}},{"fenStr":"r3k2r/3b1p1p/pq1pPp1b/8/4P2P/2N4R/QPP3P1/1K1R1B2","stockfishScores":{"bn":0.5274404761904762}},{"fenStr":"r3k2r/3b3p/pq1ppp1b/8/4P2P/2N4R/QPP3P1/1K1R1B2","stockfishScores":{"wn":0.5055952380952381}},{"fenStr":"r3k2r/3b3p/pq1ppp1b/1B6/4P2P/2N4R/QPP3P1/1K1R4","stockfishScores":{"bn":0.5254166666666666}},{"fenStr":"r6r/3bk2p/pq1ppp1b/1B6/4P2P/2N4R/QPP3P1/1K1R4","stockfishScores":{"wn":0.49857142857142855}},{"fenStr":"r6r/3Bk2p/pq1ppp1b/8/4P2P/2N4R/QPP3P1/1K1R4","stockfishScores":{"bn":0.5382142857142858}},{"fenStr":"r6r/3k3p/pq1ppp1b/8/4P2P/2N4R/QPP3P1/1K1R4","stockfishScores":{"wn":0.5107142857142857}},{"fenStr":"r6r/3k3p/pq1ppp1b/8/N3P2P/7R/QPP3P1/1K1R4","stockfishScores":{"bn":0.5144642857142857}},{"fenStr":"r6r/q2k3p/p2ppp1b/8/N3P2P/7R/QPP3P1/1K1R4","stockfishScores":{"wn":0.5083333333333333}},{"fenStr":"r6r/q2k3p/p2ppp1b/4P3/N6P/7R/QPP3P1/1K1R4","stockfishScores":{"bn":0.5205357142857143}},{"fenStr":"r6r/q2k3p/p2pp2b/4p3/N6P/7R/QPP3P1/1K1R4","stockfishScores":{"wn":0.5016666666666667}},{"fenStr":"r6r/q2k3p/p2pp2b/4p3/N6P/Q6R/1PP3P1/1K1R4","stockfishScores":{"bn":0.52625}},{"fenStr":"r4b1r/q2k3p/p2pp3/4p3/N6P/Q6R/1PP3P1/1K1R4","stockfishScores":{"wn":0.5029761904761905}},{"fenStr":"r4b1r/q2k3p/p2pp3/2N1p3/7P/Q6R/1PP3P1/1K1R4","stockfishScores":{"bn":0.5138690476190476}},{"fenStr":"r3kb1r/q6p/p2pp3/2N1p3/7P/Q6R/1PP3P1/1K1R4","stockfishScores":{"wn":0.515}},{"fenStr":"r3kb1r/q6p/p2pN3/4p3/7P/Q6R/1PP3P1/1K1R4","stockfishScores":{"bn":0.5288095238095238}},{"fenStr":"r3kb1r/3q3p/p2pN3/4p3/7P/Q6R/1PP3P1/1K1R4","stockfishScores":{"wn":0.5191666666666667}},{"fenStr":"r3kb1r/3q3p/p2pN3/4p3/7P/5Q1R/1PP3P1/1K1R4","stockfishScores":{"bn":0.5416071428571428}},{"fenStr":"2r1kb1r/3q3p/p2pN3/4p3/7P/5Q1R/1PP3P1/1K1R4","stockfishScores":{"wn":0.5372619047619047}},{"fenStr":"2r1kb1r/3q3p/p2pNQ2/4p3/7P/7R/1PP3P1/1K1R4","stockfishScores":{"bn":0.5230357142857143}},{"fenStr":"2r1kbr1/3q3p/p2pNQ2/4p3/7P/7R/1PP3P1/1K1R4","stockfishScores":{"wn":0.5151785714285714}},{"fenStr":"2r1kbr1/3q3p/p2pNQ2/4p3/7P/5R2/1PP3P1/1K1R4","stockfishScores":{"bn":0.5320238095238096}},{"fenStr":"2r1kbr1/7p/p2pNQ2/4p3/q6P/5R2/1PP3P1/1K1R4","stockfishScores":{"wn":0.5432738095238095}},{"fenStr":"2r1kbr1/5Q1p/p2pN3/4p3/q6P/5R2/1PP3P1/1K1R4","stockfishScores":{"bn":0.5224404761904762}}],"result":{"ww":true}}