{"fens":[{"fenStr":"rnbqkbnr/pppppppp/8/8/3P4/8/PPP1PPPP/RNBQKBNR","stockfishScores":{"bn":0.5048809523809524}},{"fenStr":"rnbqkbnr/ppp1pppp/8/3p4/3P4/8/PPP1PPPP/RNBQKBNR","stockfishScores":{"wn":0.5005952380952381}},{"fenStr":"rnbqkbnr/ppp1pppp/8/3p4/2PP4/8/PP2PPPP/RNBQKBNR","stockfishScores":{"bn":0.5009523809523809}},{"fenStr":"rnbqkbnr/ppp1pppp/8/8/2pP4/8/PP2PPPP/RNBQKBNR","stockfishScores":{"wn":0.49452380952380953}},{"fenStr":"rnbqkbnr/ppp1pppp/8/8/2pP4/4P3/PP3PPP/RNBQKBNR","stockfishScores":{"bn":0.4992857142857143}},{"fenStr":"rnbqkb1r/ppp1pppp/5n2/8/2pP4/4P3/PP3PPP/RNBQKBNR","stockfishScores":{"wn":0.49410714285714286}},{"fenStr":"rnbqkb1r/ppp1pppp/5n2/8/2BP4/4P3/PP3PPP/RNBQK1NR","stockfishScores":{"bn":0.5166071428571428}},{"fenStr":"rnbqkb1r/1pp1pppp/p4n2/8/2BP4/4P3/PP3PPP/RNBQK1NR","stockfishScores":{"wn":0.5096428571428572}},{"fenStr":"rnbqkb1r/1pp1pppp/p4n2/8/2BP4/4PN2/PP3PPP/RNBQK2R","stockfishScores":{"bn":0.5145833333333333}},{"fenStr":"rnbqkb1r/2p1pppp/p4n2/1p6/2BP4/4PN2/PP3PPP/RNBQK2R","stockfishScores":{"wn":0.5013095238095238}},{"fenStr":"rnbqkb1r/2p1pppp/p4n2/1p6/3P4/1B2PN2/PP3PPP/RNBQK2R","stockfishScores":{"bn":0.5060714285714286}},{"fenStr":"rn1qkb1r/1bp1pppp/p4n2/1p6/3P4/1B2PN2/PP3PPP/RNBQK2R","stockfishScores":{"wn":0.5036904761904762}},{"fenStr":"rn1qkb1r/1bp1pppp/p4n2/1p6/3P4/1B2PN2/PP3PPP/RNBQ1RK1","stockfishScores":{"bn":0.5132738095238095}},{"fenStr":"rn1qkb1r/1bp2ppp/p3pn2/1p6/3P4/1B2PN2/PP3PPP/RNBQ1RK1","stockfishScores":{"wn":0.5082738095238095}},{"fenStr":"rn1qkb1r/1bp2ppp/p3pn2/1p6/3P4/1B2PN2/PP2QPPP/RNB2RK1","stockfishScores":{"bn":0.5083333333333333}},{"fenStr":"r2qkb1r/1bpn1ppp/p3pn2/1p6/3P4/1B2PN2/PP2QPPP/RNB2RK1","stockfishScores":{"wn":0.5060119047619047}},{"fenStr":"r2qkb1r/1bpn1ppp/p3pn2/1p6/3P4/1B2PN2/PP2QPPP/RNBR2K1","stockfishScores":{"bn":0.5056547619047619}},{"fenStr":"r2qkb1r/1b1n1ppp/p3pn2/1pp5/3P4/1B2PN2/PP2QPPP/RNBR2K1","stockfishScores":{"wn":0.5013095238095238}},{"fenStr":"r2qkb1r/1b1n1ppp/p3pn2/1pP5/8/1B2PN2/PP2QPPP/RNBR2K1","stockfishScores":{"bn":0.5121428571428571}},{"fenStr":"r3kb1r/1bqn1ppp/p3pn2/1pP5/8/1B2PN2/PP2QPPP/RNBR2K1","stockfishScores":{"wn":0.5103571428571428}},{"fenStr":"r3kb1r/1bqn1ppp/p3pn2/1pP5/8/1BN1PN2/PP2QPPP/R1BR2K1","stockfishScores":{"bn":0.51125}},{"fenStr":"r3k2r/1bqn1ppp/p3pn2/1pb5/8/1BN1PN2/PP2QPPP/R1BR2K1","stockfishScores":{"wn":0.5042857142857143}},{"fenStr":"r3k2r/1bqn1ppp/p3pn2/1pb5/8/1BN1PN1P/PP2QPP1/R1BR2K1","stockfishScores":{"bn":0.5046428571428572}},{"fenStr":"r4rk1/1bqn1ppp/p3pn2/1pb5/8/1BN1PN1P/PP2QPP1/R1BR2K1","stockfishScores":{"wn":0.4936309523809524}},{"fenStr":"r4rk1/1bqn1ppp/p3pn2/1pb5/8/PBN1PN1P/1P2QPP1/R1BR2K1","stockfishScores":{"bn":0.4950595238095238}},{"fenStr":"r2r2k1/1bqn1ppp/p3pn2/1pb5/8/PBN1PN1P/1P2QPP1/R1BR2K1","stockfishScores":{"wn":0.4944047619047619}},{"fenStr":"r2r2k1/1bqn1ppp/p3pn2/1pb5/8/PBN1PN1P/1P1BQPP1/R2R2K1","stockfishScores":{"bn":0.4950595238095238}},{"fenStr":"r2r2k1/1bq2ppp/p3pn2/1pb1n3/8/PBN1PN1P/1P1BQPP1/R2R2K1","stockfishScores":{"wn":0.49565476190476193}},{"fenStr":"r2r2k1/1bq2ppp/p3pn2/1pb1n3/8/PBN1P2P/1P1BQPP1/R2RN1K1","stockfishScores":{"bn":0.4919047619047619}},{"fenStr":"r2r2k1/1b3ppp/p1q1pn2/1pb1n3/8/PBN1P2P/1P1BQPP1/R2RN1K1","stockfishScores":{"wn":0.4917261904761905}},{"fenStr":"r2r2k1/1b3ppp/p1q1pn2/1pb1n3/8/P1N1P2P/1PBBQPP1/R2RN1K1","stockfishScores":{"bn":0.4943452380952381}},{"fenStr":"r2r2k1/1b3ppp/p1q1pn2/1pb5/2n5/P1N1P2P/1PBBQPP1/R2RN1K1","stockfishScores":{"wn":0.4878571428571429}},{"fenStr":"r2r2k1/1b3ppp/p1q1pn2/1pb5/2n5/P1N1P2P/1PB1QPP1/R1BRN1K1","stockfishScores":{"bn":0.4926785714285714}},{"fenStr":"r2r2k1/1b2bppp/p1q1pn2/1p6/2n5/P1N1P2P/1PB1QPP1/R1BRN1K1","stockfishScores":{"wn":0.49238095238095236}},{"fenStr":"r2r2k1/1b2bppp/p1q1pn2/1p6/2n5/P3P2P/NPB1QPP1/R1BRN1K1","stockfishScores":{"bn":0.4872619047619048}},{"fenStr":"r5k1/1b2bppp/p1q1pn2/1p6/2n5/P3P2P/NPB1QPP1/R1BrN1K1","stockfishScores":{"wn":0.43898809523809523}},{"fenStr":"r5k1/1b2bppp/p1q1pn2/1p6/2n5/P3P2P/NPB2PP1/R1BQN1K1","stockfishScores":{"bn":0.48714285714285716}},{"fenStr":"3r2k1/1b2bppp/p1q1pn2/1p6/2n5/P3P2P/NPB2PP1/R1BQN1K1","stockfishScores":{"wn":0.4805357142857143}},{"fenStr":"3r2k1/1b2bppp/p1q1pn2/1p6/2n5/P3P2P/NPB1QPP1/R1B1N1K1","stockfishScores":{"bn":0.4857142857142857}},{"fenStr":"3r2k1/1b2bppp/p1q1p3/1p6/2n1n3/P3P2P/NPB1QPP1/R1B1N1K1","stockfishScores":{"wn":0.48910714285714285}},{"fenStr":"3r2k1/1b2bppp/p1q1p3/1p6/2n1B3/P3P2P/NP2QPP1/R1B1N1K1","stockfishScores":{"bn":0.5133333333333333}},{"fenStr":"3r2k1/1b2bppp/p3p3/1p6/2n1q3/P3P2P/NP2QPP1/R1B1N1K1","stockfishScores":{"wn":0.4835714285714286}},{"fenStr":"3r2k1/1b2bppp/p3p3/1p6/2n1q3/P1N1P2P/1P2QPP1/R1B1N1K1","stockfishScores":{"bn":0.48791666666666667}},{"fenStr":"3r2k1/1b2bppp/p1q1p3/1p6/2n5/P1N1P2P/1P2QPP1/R1B1N1K1","stockfishScores":{"wn":0.4851190476190476}},{"fenStr":"3r2k1/1b2bppp/p1q1p3/1p6/2n1P3/P1N4P/1P2QPP1/R1B1N1K1","stockfishScores":{"bn":0.48875}},{"fenStr":"3r2k1/1b3ppp/p1q1pb2/1p6/2n1P3/P1N4P/1P2QPP1/R1B1N1K1","stockfishScores":{"wn":0.48839285714285713}},{"fenStr":"3r2k1/1b3ppp/p1q1pb2/1p6/2n1P3/P1N2P1P/1P2Q1P1/R1B1N1K1","stockfishScores":{"bn":0.48636904761904765}},{"fenStr":"3r2k1/1b3ppp/p1q1p3/1p6/2nbP3/P1N2P1P/1P2Q1P1/R1B1N1K1","stockfishScores":{"wn":0.4851785714285714}},{"fenStr":"3r2k1/1b3ppp/p1q1p3/1p6/2nbP3/P1N2P1P/1P2Q1P1/R1B1N2K","stockfishScores":{"bn":0.48404761904761906}},{"fenStr":"3r2k1/bb3ppp/p1q1p3/1p6/2n1P3/P1N2P1P/1P2Q1P1/R1B1N2K","stockfishScores":{"wn":0.4870833333333333}},{"fenStr":"3r2k1/bb3ppp/p1q1p3/1p6/2n1PB2/P1N2P1P/1P2Q1P1/R3N2K","stockfishScores":{"bn":0.4869047619047619}},{"fenStr":"3r2k1/bb3p1p/p1q1p3/1p4p1/2n1PB2/P1N2P1P/1P2Q1P1/R3N2K","stockfishScores":{"wn":0.4907142857142857}},{"fenStr":"3r2k1/bb3p1p/p1q1p3/1p4p1/2n1P3/P1N2P1P/1P2Q1P1/R1B1N2K","stockfishScores":{"bn":0.4895833333333333}},{"fenStr":"3r2k1/bb3p1p/p3p3/1pq3p1/2n1P3/P1N2P1P/1P2Q1P1/R1B1N2K","stockfishScores":{"wn":0.48041666666666666}},{"fenStr":"3r2k1/bb3p1p/p3p3/1pq3p1/2n1P3/P1N2P1P/1P4P1/R1B1NQ1K","stockfishScores":{"bn":0.4868452380952381}},{"fenStr":"3r2k1/bb3p2/p3p2p/1pq3p1/2n1P3/P1N2P1P/1P4P1/R1B1NQ1K","stockfishScores":{"wn":0.48636904761904765}},{"fenStr":"3r2k1/bb3p2/p3p2p/1pq3p1/2n1PP2/P1N4P/1P4P1/R1B1NQ1K","stockfishScores":{"bn":0.4851190476190476}},{"fenStr":"3r2k1/bb3p2/p3p2p/1pq5/2n1PPp1/P1N4P/1P4P1/R1B1NQ1K","stockfishScores":{"wn":0.4863095238095238}},{"fenStr":"3r2k1/bb3p2/p3p2p/1pq5/2n1PPP1/P1N5/1P4P1/R1B1NQ1K","stockfishScores":{"bn":0.4919047619047619}},{"fenStr":"3r2k1/bb6/p3p2p/1pq2p2/2n1PPP1/P1N5/1P4P1/R1B1NQ1K","stockfishScores":{"wn":0.49166666666666664}},{"fenStr":"3r2k1/bb6/p3p2p/1pq2P2/2n1PP2/P1N5/1P4P1/R1B1NQ1K","stockfishScores":{"bn":0.5052380952380953}},{"fenStr":"3r2k1/bb6/p6p/1pq2p2/2n1PP2/P1N5/1P4P1/R1B1NQ1K","stockfishScores":{"wn":0.4939880952380952}},{"fenStr":"3r2k1/bb6/p6p/1pq1Pp2/2n2P2/P1N5/1P4P1/R1B1NQ1K","stockfishScores":{"bn":0.4901785714285714}},{"fenStr":"3r2k1/bb2q3/p6p/1p2Pp2/2n2P2/P1N5/1P4P1/R1B1NQ1K","stockfishScores":{"wn":0.48}},{"fenStr":"3r2k1/bb2q3/p6p/1p2Pp2/2n2P2/P1N2N2/1P4P1/R1B2Q1K","stockfishScores":{"bn":0.4938690476190476}},{"fenStr":"3r2k1/b3q3/p6p/1p2Pp2/2n2P2/P1N2b2/1P4P1/R1B2Q1K","stockfishScores":{"wn":0.45863095238095236}},{"fenStr":"3r2k1/b3q3/p6p/1p2Pp2/2n2P2/P1N2b2/1P4P1/R1B1Q2K","stockfishScores":{"bn":0.47404761904761905}},{"fenStr":"3r2k1/b3q3/p1b4p/1p2Pp2/2n2P2/P1N5/1P4P1/R1B1Q2K","stockfishScores":{"wn":0.4716666666666667}},{"fenStr":"3r2k1/b3q3/p1b4p/1p2Pp2/2n2P2/PPN5/6P1/R1B1Q2K","stockfishScores":{"bn":0.47351190476190474}},{"fenStr":"6k1/b3q3/p1b4p/1p2Pp2/2n2P2/PPNr4/6P1/R1B1Q2K","stockfishScores":{"wn":0.46071428571428574}},{"fenStr":"6k1/b3q3/p1b4p/1p2Pp2/2n2P2/PPNr4/6PK/R1B1Q3","stockfishScores":{"bn":0.4636904761904762}},{"fenStr":"6k1/b5q1/p1b4p/1p2Pp2/2n2P2/PPNr4/6PK/R1B1Q3","stockfishScores":{"wn":0.44458333333333333}},{"fenStr":"6k1/b5q1/p1b4p/1p2Pp2/2n2P2/PPNr2P1/7K/R1B1Q3","stockfishScores":{"bn":0.4517261904761905}},{"fenStr":"6k1/b7/p1b4p/1p2Pp2/2n2Pq1/PPNr2P1/7K/R1B1Q3","stockfishScores":{"wn":0.42547619047619045}},{"fenStr":"6k1/b7/p1b4p/1p2Pp2/2P2Pq1/P1Nr2P1/7K/R1B1Q3","stockfishScores":{"bn":0.45244047619047617}},{"fenStr":"6k1/b7/p1b4p/1p2Pp1q/2P2P2/P1Nr2P1/7K/R1B1Q3","stockfishScores":{"wn":0.4725}}],"result":{"bw":true}}