{"fens":[{"fenStr":"rnbqkbnr/pppppppp/8/8/4P3/8/PPPP1PPP/RNBQKBNR","stockfishScores":{"bn":0.5049404761904762}},{"fenStr":"rnbqkbnr/pppp1ppp/8/4p3/4P3/8/PPPP1PPP/RNBQKBNR","stockfishScores":{"wn":0.5005952380952381}},{"fenStr":"rnbqkbnr/pppp1ppp/8/4p3/4P3/5N2/PPPP1PPP/RNBQKB1R","stockfishScores":{"bn":0.5044047619047619}},{"fenStr":"r1bqkbnr/pppp1ppp/2n5/4p3/4P3/5N2/PPPP1PPP/RNBQKB1R","stockfishScores":{"wn":0.5004166666666666}},{"fenStr":"r1bqkbnr/pppp1ppp/2n5/4p3/2B1P3/5N2/PPPP1PPP/RNBQK2R","stockfishScores":{"bn":0.5013095238095238}},{"fenStr":"r1bqkb1r/pppp1ppp/2n2n2/4p3/2B1P3/5N2/PPPP1PPP/RNBQK2R","stockfishScores":{"wn":0.4975}},{"fenStr":"r1bqkb1r/pppp1ppp/2n2n2/4p3/2B1P3/3P1N2/PPP2PPP/RNBQK2R","stockfishScores":{"bn":0.5033928571428572}},{"fenStr":"r1bqkb1r/pppp1pp1/2n2n1p/4p3/2B1P3/3P1N2/PPP2PPP/RNBQK2R","stockfishScores":{"wn":0.5016666666666667}},{"fenStr":"r1bqkb1r/pppp1pp1/2n2n1p/4p3/2B1P3/3P1N2/PPP2PPP/RNBQ1RK1","stockfishScores":{"bn":0.5117857142857143}},{"fenStr":"r1bqk2r/pppp1pp1/2n2n1p/2b1p3/2B1P3/3P1N2/PPP2PPP/RNBQ1RK1","stockfishScores":{"wn":0.5119642857142858}},{"fenStr":"r1bqk2r/pppp1pp1/2n2n1p/2b1p3/2B1P3/3PBN2/PPP2PPP/RN1Q1RK1","stockfishScores":{"bn":0.5160119047619047}},{"fenStr":"r1bqk2r/pppp1pp1/1bn2n1p/4p3/2B1P3/3PBN2/PPP2PPP/RN1Q1RK1","stockfishScores":{"wn":0.5154761904761904}},{"fenStr":"r1bqk2r/pppp1pp1/1Bn2n1p/4p3/2B1P3/3P1N2/PPP2PPP/RN1Q1RK1","stockfishScores":{"bn":0.5382738095238095}},{"fenStr":"r1bqk2r/1ppp1pp1/1pn2n1p/4p3/2B1P3/3P1N2/PPP2PPP/RN1Q1RK1","stockfishScores":{"wn":0.5111904761904762}},{"fenStr":"r1bqk2r/1ppp1pp1/1pn2n1p/4p3/2B1P3/2NP1N2/PPP2PPP/R2Q1RK1","stockfishScores":{"bn":0.5141666666666667}},{"fenStr":"r1bqk2r/1pp2pp1/1pnp1n1p/4p3/2B1P3/2NP1N2/PPP2PPP/R2Q1RK1","stockfishScores":{"wn":0.5093452380952381}},{"fenStr":"r1bqk2r/1pp2pp1/1pnp1n1p/4p3/2BPP3/2N2N2/PPP2PPP/R2Q1RK1","stockfishScores":{"bn":0.5121428571428571}},{"fenStr":"r1bqk2r/1pp2pp1/1pnp1n1p/8/2BpP3/2N2N2/PPP2PPP/R2Q1RK1","stockfishScores":{"wn":0.49875}},{"fenStr":"r1bqk2r/1pp2pp1/1pnp1n1p/8/2BNP3/2N5/PPP2PPP/R2Q1RK1","stockfishScores":{"bn":0.5117857142857143}},{"fenStr":"r1bqk2r/1pp2pp1/1p1p1n1p/8/2BnP3/2N5/PPP2PPP/R2Q1RK1","stockfishScores":{"wn":0.4825}},{"fenStr":"r1bqk2r/1pp2pp1/1p1p1n1p/8/2BQP3/2N5/PPP2PPP/R4RK1","stockfishScores":{"bn":0.5116666666666667}},{"fenStr":"r2qk2r/1pp2pp1/1p1pbn1p/8/2BQP3/2N5/PPP2PPP/R4RK1","stockfishScores":{"wn":0.5076785714285714}},{"fenStr":"r2qk2r/1pp2pp1/1p1pbn1p/3N4/2BQP3/8/PPP2PPP/R4RK1","stockfishScores":{"bn":0.5105952380952381}},{"fenStr":"r2qk2r/1pp2pp1/1p1p1n1p/3b4/2BQP3/8/PPP2PPP/R4RK1","stockfishScores":{"wn":0.4844047619047619}},{"fenStr":"r2qk2r/1pp2pp1/1p1p1n1p/3P4/2BQ4/8/PPP2PPP/R4RK1","stockfishScores":{"bn":0.5266666666666666}},{"fenStr":"r2q1rk1/1pp2pp1/1p1p1n1p/3P4/2BQ4/8/PPP2PPP/R4RK1","stockfishScores":{"wn":0.4963095238095238}},{"fenStr":"r2q1rk1/1pp2pp1/1p1p1n1p/3P4/2BQ4/8/PPP2PPP/R3R1K1","stockfishScores":{"bn":0.4986309523809524}},{"fenStr":"r2qr1k1/1pp2pp1/1p1p1n1p/3P4/2BQ4/8/PPP2PPP/R3R1K1","stockfishScores":{"wn":0.4951190476190476}},{"fenStr":"r2qr1k1/1pp2pp1/1p1p1n1p/3P4/2BQ4/P7/1PP2PPP/R3R1K1","stockfishScores":{"bn":0.49523809523809526}},{"fenStr":"r3r1k1/1ppq1pp1/1p1p1n1p/3P4/2BQ4/P7/1PP2PPP/R3R1K1","stockfishScores":{"wn":0.49410714285714286}},{"fenStr":"r3r1k1/1ppq1pp1/1p1p1n1p/3P4/2BQ4/P3R3/1PP2PPP/R5K1","stockfishScores":{"bn":0.4938095238095238}},{"fenStr":"r5k1/1ppq1pp1/1p1p1n1p/3P4/2BQ4/P3r3/1PP2PPP/R5K1","stockfishScores":{"wn":0.4594047619047619}},{"fenStr":"r5k1/1ppq1pp1/1p1p1n1p/3P4/2B5/P3Q3/1PP2PPP/R5K1","stockfishScores":{"bn":0.49357142857142855}},{"fenStr":"4r1k1/1ppq1pp1/1p1p1n1p/3P4/2B5/P3Q3/1PP2PPP/R5K1","stockfishScores":{"wn":0.4911309523809524}},{"fenStr":"4r1k1/1ppq1pp1/1p1p1n1p/3P4/2B5/P7/1PPQ1PPP/R5K1","stockfishScores":{"bn":0.49375}},{"fenStr":"4r1k1/1pp2pp1/1p1p1n1p/3P1q2/2B5/P7/1PPQ1PPP/R5K1","stockfishScores":{"wn":0.4951190476190476}},{"fenStr":"4r1k1/1pp2pp1/1p1p1n1p/3P1q2/8/PB6/1PPQ1PPP/R5K1","stockfishScores":{"bn":0.4920833333333333}},{"fenStr":"6k1/1pp2pp1/1p1p1n1p/3Prq2/8/PB6/1PPQ1PPP/R5K1","stockfishScores":{"wn":0.49351190476190476}},{"fenStr":"6k1/1pp2pp1/1p1p1n1p/3Prq2/2P5/PB6/1P1Q1PPP/R5K1","stockfishScores":{"bn":0.49726190476190474}},{"fenStr":"6k1/1pp2pp1/1p1p3p/3Prq2/2P1n3/PB6/1P1Q1PPP/R5K1","stockfishScores":{"wn":0.49488095238095237}},{"fenStr":"6k1/1pp2pp1/1p1p3p/3Prq2/2PQn3/PB6/1P3PPP/R5K1","stockfishScores":{"bn":0.49375}},{"fenStr":"6k1/1pp2pp1/1p1p3p/2nPrq2/2PQ4/PB6/1P3PPP/R5K1","stockfishScores":{"wn":0.4925}},{"fenStr":"6k1/1pp2pp1/1p1p3p/2nPrq2/2PQ4/P7/BP3PPP/R5K1","stockfishScores":{"bn":0.4951785714285714}},{"fenStr":"6k1/1pp2pp1/1p1p1q1p/2nPr3/2PQ4/P7/BP3PPP/R5K1","stockfishScores":{"wn":0.49470238095238095}},{"fenStr":"6k1/1pp2pp1/1p1p1q1p/2nPr3/2P5/P7/BP1Q1PPP/R5K1","stockfishScores":{"bn":0.49404761904761907}},{"fenStr":"6k1/1pp1qpp1/1p1p3p/2nPr3/2P5/P7/BP1Q1PPP/R5K1","stockfishScores":{"wn":0.49601190476190476}},{"fenStr":"6k1/1pp1qpp1/1p1p3p/2nPr3/2P5/P7/BP1Q1PPP/3R2K1","stockfishScores":{"bn":0.4955952380952381}},{"fenStr":"6k1/1pp1qpp1/1p1p3p/2nP4/2P5/P7/BP1QrPPP/3R2K1","stockfishScores":{"wn":0.48892857142857143}},{"fenStr":"6k1/1pp1qpp1/1p1p3p/2nP4/1QP5/P7/BP2rPPP/3R2K1","stockfishScores":{"bn":0.4870833333333333}},{"fenStr":"6k1/1pp1qpp1/1p1p3p/3P4/1QP5/P2n4/BP2rPPP/3R2K1","stockfishScores":{"wn":0.48488095238095236}},{"fenStr":"6k1/1pp1qpp1/1p1p3p/3P4/2P5/P1Qn4/BP2rPPP/3R2K1","stockfishScores":{"bn":0.4907142857142857}},{"fenStr":"6k1/1pp1qpp1/1p1p3p/3P4/2P5/P1Q5/Bn2rPPP/3R2K1","stockfishScores":{"wn":0.48351190476190475}},{"fenStr":"6k1/1pp1qpp1/1p1p3p/3P4/2P5/P1Q5/Bn2rPPP/5RK1","stockfishScores":{"bn":0.4856547619047619}},{"fenStr":"6k1/1pp1qpp1/1p1p3p/3P4/n1P5/P1Q5/B3rPPP/5RK1","stockfishScores":{"wn":0.47970238095238094}},{"fenStr":"6k1/1pp1qpp1/1p1p3p/3P4/n1P5/P7/B3rPPP/Q4RK1","stockfishScores":{"bn":0.4824404761904762}},{"fenStr":"6k1/1pp1qpp1/1p1p3p/2nP4/2P5/P7/B3rPPP/Q4RK1","stockfishScores":{"wn":0.4788095238095238}},{"fenStr":"6k1/1pp1qpp1/1p1p3p/2nP4/2P5/P7/4rPPP/QB3RK1","stockfishScores":{"bn":0.4819047619047619}},{"fenStr":"6k1/1pp1qpp1/1p1p3p/3P4/2P5/Pn6/4rPPP/QB3RK1","stockfishScores":{"wn":0.4818452380952381}},{"fenStr":"6k1/1pp1qpp1/1p1p3p/3P4/2P5/PnQ5/4rPPP/1B3RK1","stockfishScores":{"bn":0.4889880952380952}},{"fenStr":"6k1/1pp1qpp1/1p1p3p/3P4/2P5/P1Q5/3nrPPP/1B3RK1","stockfishScores":{"wn":0.4826785714285714}},{"fenStr":"6k1/1pp1qpp1/1p1p3p/3P4/2P5/P1QB4/3nrPPP/5RK1","stockfishScores":{"bn":0.4895833333333333}},{"fenStr":"6k1/1pp1qpp1/1p1p3p/3P4/2P5/P1QB4/4rPPP/5nK1","stockfishScores":{"wn":0.45607142857142857}},{"fenStr":"6k1/1pp1qpp1/1p1p3p/3P4/2P5/P1QB4/4rPPP/5K2","stockfishScores":{"bn":0.48142857142857143}},{"fenStr":"6k1/1pp1qpp1/1p1p3p/3Pr3/2P5/P1QB4/5PPP/5K2","stockfishScores":{"wn":0.48119047619047617}},{"fenStr":"6k1/1pp1qpp1/1p1p3p/3Pr3/2P2P2/P1QB4/6PP/5K2","stockfishScores":{"bn":0.4814880952380952}},{"fenStr":"6k1/1pp2pp1/1p1p1q1p/3Pr3/2P2P2/P1QB4/6PP/5K2","stockfishScores":{"wn":0.472797619047619}},{"fenStr":"6k1/1pp2pp1/1p1p1q1p/3Pr3/2P2P2/P2B4/3Q2PP/5K2","stockfishScores":{"bn":0.48077380952380955}},{"fenStr":"6k1/1pp1rpp1/1p1p1q1p/3P4/2P2P2/P2B4/3Q2PP/5K2","stockfishScores":{"wn":0.4745238095238095}},{"fenStr":"6k1/1pp1rpp1/1p1p1q1p/3P4/2P2P2/P2B4/6PP/2Q2K2","stockfishScores":{"bn":0.4760714285714286}},{"fenStr":"6k1/1pp1rpp1/1p1p3p/3P4/2Pq1P2/P2B4/6PP/2Q2K2","stockfishScores":{"wn":0.4675595238095238}},{"fenStr":"6k1/1pp1rpp1/1p1p3p/3P4/2Pq1P2/P2B4/3Q2PP/5K2","stockfishScores":{"bn":0.47035714285714286}},{"fenStr":"6k1/1pp1rpp1/1p1p3p/3P4/2P2P2/P2Bq3/3Q2PP/5K2","stockfishScores":{"wn":0.4679761904761905}},{"fenStr":"6k1/1pp1rpp1/1p1p3p/3P4/2P2P2/P2BQ3/6PP/5K2","stockfishScores":{"bn":0.5581547619047619}},{"fenStr":"6k1/1pp2pp1/1p1p3p/3P4/2P2P2/P2Br3/6PP/5K2","stockfishScores":{"wn":0.4749404761904762}},{"fenStr":"6k1/1pp2pp1/1p1p3p/3P4/2P2P2/P3r3/6PP/1B3K2","stockfishScores":{"bn":0.47220238095238093}},{"fenStr":"6k1/1pp2pp1/1p1p3p/3P4/2P2P2/r7/6PP/1B3K2","stockfishScores":{"wn":0.4699404761904762}},{"fenStr":"6k1/1pp2pp1/1p1p3p/3P4/2P2P2/r7/4K1PP/1B6","stockfishScores":{"bn":0.4695238095238095}},{"fenStr":"5k2/1pp2pp1/1p1p3p/3P4/2P2P2/r7/4K1PP/1B6","stockfishScores":{"wn":0.4698809523809524}},{"fenStr":"5k2/1pp2pp1/1p1p3p/3P4/2P2PP1/r7/4K2P/1B6","stockfishScores":{"bn":0.4685714285714286}},{"fenStr":"5k2/1pp2pp1/1p1p3p/3P4/2P2PP1/7r/4K2P/1B6","stockfishScores":{"wn":0.46904761904761905}},{"fenStr":"5k2/1pp2pp1/1p1p3p/3P1P2/2P3P1/7r/4K2P/1B6","stockfishScores":{"bn":0.46791666666666665}},{"fenStr":"5k2/1pp2pp1/1p1p3p/3P1P2/2P3P1/8/4K2r/1B6","stockfishScores":{"wn":0.46363095238095237}},{"fenStr":"5k2/1pp2pp1/1p1p3p/3P1P2/2P3P1/5K2/7r/1B6","stockfishScores":{"bn":0.4635714285714286}},{"fenStr":"8/1pp1kpp1/1p1p3p/3P1P2/2P3P1/5K2/7r/1B6","stockfishScores":{"wn":0.4625595238095238}},{"fenStr":"8/1pp1kpp1/1p1p3p/3P1P2/2P3P1/6K1/7r/1B6","stockfishScores":{"bn":0.46345238095238095}},{"fenStr":"8/1pp1kpp1/1p1p3p/3P1P2/2P3P1/6K1/1r6/1B6","stockfishScores":{"wn":0.4582738095238095}},{"fenStr":"8/1pp1kpp1/1p1p3p/3P1P2/2P1B1P1/6K1/1r6/8","stockfishScores":{"bn":0.4623809523809524}},{"fenStr":"8/1pp1kpp1/1p1p3p/3P1P2/1rP1B1P1/6K1/8/8","stockfishScores":{"wn":0.46226190476190476}},{"fenStr":"8/1pp1kpp1/1p1p3p/3P1P2/1rP3P1/5BK1/8/8","stockfishScores":{"bn":0.4606547619047619}},{"fenStr":"8/1pp1kpp1/1p1p3p/3P1P2/2r3P1/5BK1/8/8","stockfishScores":{"wn":0.45422619047619045}},{"fenStr":"8/1pp1kpp1/1p1p3p/3P1P2/2r3PK/5B2/8/8","stockfishScores":{"bn":0.4498214285714286}},{"fenStr":"8/1pp2pp1/1p1p1k1p/3P1P2/2r3PK/5B2/8/8","stockfishScores":{"wn":0.4494642857142857}},{"fenStr":"8/1pp2pp1/1p1p1k1p/3P1P1K/2r3P1/5B2/8/8","stockfishScores":{"bn":0.4488690476190476}},{"fenStr":"8/1pp2p2/1p1p1kpp/3P1P1K/2r3P1/5B2/8/8","stockfishScores":{"wn":0.44958333333333333}},{"fenStr":"8/1pp2p2/1p1p1kPp/3P3K/2r3P1/5B2/8/8","stockfishScores":{"bn":0.46041666666666664}},{"fenStr":"8/1pp5/1p1p1kpp/3P3K/2r3P1/5B2/8/8","stockfishScores":{"wn":0.4517261904761905}},{"fenStr":"8/1pp5/1p1p1kpK/3P4/2r3P1/5B2/8/8","stockfishScores":{"bn":0.4598809523809524}},{"fenStr":"8/1pp5/1p1p1k1K/3P2p1/2r3P1/5B2/8/8","stockfishScores":{"wn":0.45982142857142855}},{"fenStr":"8/1pp4K/1p1p1k2/3P2p1/2r3P1/5B2/8/8","stockfishScores":{"bn":0.4546428571428571}},{"fenStr":"8/1pp4K/1p1p1k2/3P2p1/r5P1/5B2/8/8","stockfishScores":{"wn":0.4548809523809524}},{"fenStr":"6K1/1pp5/1p1p1k2/3P2p1/r5P1/5B2/8/8","stockfishScores":{"bn":0.45476190476190476}},{"fenStr":"6K1/1pp5/3p1k2/1p1P2p1/r5P1/5B2/8/8","stockfishScores":{"wn":0.45267857142857143}},{"fenStr":"5K2/1pp5/3p1k2/1p1P2p1/r5P1/5B2/8/8","stockfishScores":{"bn":0.4527380952380952}},{"fenStr":"r4K2/1pp5/3p1k2/1p1P2p1/6P1/5B2/8/8","stockfishScores":{"wn":0.45404761904761903}}],"result":{"bw":true}}