{"fens":[{"fenStr":"rnbqkbnr/pppppppp/8/8/2P5/8/PP1PPPPP/RNBQKBNR","stockfishScores":{"bn":0.5016666666666667}},{"fenStr":"rnbqkb1r/pppppppp/5n2/8/2P5/8/PP1PPPPP/RNBQKBNR","stockfishScores":{"wn":0.4988690476190476}},{"fenStr":"rnbqkb1r/pppppppp/5n2/8/2P5/2N5/PP1PPPPP/R1BQKBNR","stockfishScores":{"bn":0.5022023809523809}},{"fenStr":"rnbqkb1r/pppp1ppp/4pn2/8/2P5/2N5/PP1PPPPP/R1BQKBNR","stockfishScores":{"wn":0.49779761904761904}},{"fenStr":"rnbqkb1r/pppp1ppp/4pn2/8/2P1P3/2N5/PP1P1PPP/R1BQKBNR","stockfishScores":{"bn":0.5023809523809524}},{"fenStr":"rnbqkb1r/pp1p1ppp/4pn2/2p5/2P1P3/2N5/PP1P1PPP/R1BQKBNR","stockfishScores":{"wn":0.5019642857142858}},{"fenStr":"rnbqkb1r/pp1p1ppp/4pn2/2p1P3/2P5/2N5/PP1P1PPP/R1BQKBNR","stockfishScores":{"bn":0.5070238095238095}},{"fenStr":"rnbqkbnr/pp1p1ppp/4p3/2p1P3/2P5/2N5/PP1P1PPP/R1BQKBNR","stockfishScores":{"wn":0.5069642857142858}},{"fenStr":"rnbqkbnr/pp1p1ppp/4p3/2p1P3/2P5/2N2N2/PP1P1PPP/R1BQKB1R","stockfishScores":{"bn":0.5089285714285714}},{"fenStr":"r1bqkbnr/pp1p1ppp/2n1p3/2p1P3/2P5/2N2N2/PP1P1PPP/R1BQKB1R","stockfishScores":{"wn":0.5042857142857143}},{"fenStr":"r1bqkbnr/pp1p1ppp/2n1p3/2p1P3/2PP4/2N2N2/PP3PPP/R1BQKB1R","stockfishScores":{"bn":0.5133928571428571}},{"fenStr":"r1bqkbnr/pp1p1ppp/2n1p3/4P3/2Pp4/2N2N2/PP3PPP/R1BQKB1R","stockfishScores":{"wn":0.4967857142857143}},{"fenStr":"r1bqkbnr/pp1p1ppp/2n1p3/4P3/2PN4/2N5/PP3PPP/R1BQKB1R","stockfishScores":{"bn":0.5076785714285714}},{"fenStr":"r1bqkbnr/pp1p1ppp/4p3/4n3/2PN4/2N5/PP3PPP/R1BQKB1R","stockfishScores":{"wn":0.5019047619047619}},{"fenStr":"r1bqkbnr/pp1p1ppp/4p3/4n3/2PN1B2/2N5/PP3PPP/R2QKB1R","stockfishScores":{"bn":0.503452380952381}},{"fenStr":"r1bqkbnr/pp1p1ppp/4p1n1/8/2PN1B2/2N5/PP3PPP/R2QKB1R","stockfishScores":{"wn":0.49702380952380953}},{"fenStr":"r1bqkbnr/pp1p1ppp/4p1n1/8/2PN4/2N3B1/PP3PPP/R2QKB1R","stockfishScores":{"bn":0.5019642857142858}},{"fenStr":"r1bqkbnr/pp1p1ppp/6n1/4p3/2PN4/2N3B1/PP3PPP/R2QKB1R","stockfishScores":{"wn":0.4998214285714286}},{"fenStr":"r1bqkbnr/pp1p1ppp/6n1/1N2p3/2P5/2N3B1/PP3PPP/R2QKB1R","stockfishScores":{"bn":0.5053571428571428}},{"fenStr":"r1bqk1nr/pp1p1ppp/6n1/1N2p3/1bP5/2N3B1/PP3PPP/R2QKB1R","stockfishScores":{"wn":0.5010714285714286}},{"fenStr":"r1bqk1nr/pp1p1ppp/6n1/1N2p3/QbP5/2N3B1/PP3PPP/R3KB1R","stockfishScores":{"bn":0.49720238095238095}},{"fenStr":"r1bqk1nr/pp1p1ppp/6n1/1N2p3/Q1P5/2b3B1/PP3PPP/R3KB1R","stockfishScores":{"wn":0.48035714285714287}},{"fenStr":"r1bqk1nr/pp1p1ppp/6n1/1N2p3/Q1P5/2P3B1/P4PPP/R3KB1R","stockfishScores":{"bn":0.5064880952380952}},{"fenStr":"r1bqk1nr/pp1p2pp/6n1/1N2pp2/Q1P5/2P3B1/P4PPP/R3KB1R","stockfishScores":{"wn":0.5060119047619047}},{"fenStr":"r1bqk1nr/pp1p2pp/3N2n1/4pp2/Q1P5/2P3B1/P4PPP/R3KB1R","stockfishScores":{"bn":0.5092261904761904}},{"fenStr":"r1bq1knr/pp1p2pp/3N2n1/4pp2/Q1P5/2P3B1/P4PPP/R3KB1R","stockfishScores":{"wn":0.5029166666666667}},{"fenStr":"r1bq1knr/pp1p2pp/6n1/4pN2/Q1P5/2P3B1/P4PPP/R3KB1R","stockfishScores":{"bn":0.5176785714285714}},{"fenStr":"r1bq1knr/pp4pp/3p2n1/4pN2/Q1P5/2P3B1/P4PPP/R3KB1R","stockfishScores":{"wn":0.4986309523809524}},{"fenStr":"r1bq1knr/pp4pp/3p2n1/4p3/Q1P5/2P1N1B1/P4PPP/R3KB1R","stockfishScores":{"bn":0.4982738095238095}},{"fenStr":"r1bq1k1r/pp4pp/3p1nn1/4p3/Q1P5/2P1N1B1/P4PPP/R3KB1R","stockfishScores":{"wn":0.49654761904761907}},{"fenStr":"r1bq1k1r/pp4pp/3p1nn1/4p3/Q1P5/2P1N1B1/P4PPP/3RKB1R","stockfishScores":{"bn":0.4988690476190476}},{"fenStr":"r1bq1k1r/pp4pp/3p2n1/4p3/Q1P1n3/2P1N1B1/P4PPP/3RKB1R","stockfishScores":{"wn":0.4936309523809524}},{"fenStr":"r1bq1k1r/pp4pp/3p2n1/4p3/2P1n3/Q1P1N1B1/P4PPP/3RKB1R","stockfishScores":{"bn":0.49779761904761904}},{"fenStr":"r1bq1k1r/p5pp/1p1p2n1/4p3/2P1n3/Q1P1N1B1/P4PPP/3RKB1R","stockfishScores":{"wn":0.49851190476190477}},{"fenStr":"r1bq1k1r/p5pp/1p1p2n1/4p3/2P1n3/Q1PBN1B1/P4PPP/3RK2R","stockfishScores":{"bn":0.4993452380952381}},{"fenStr":"r1bq1k1r/p5pp/1p1p2n1/4p3/2P5/Q1PBN1n1/P4PPP/3RK2R","stockfishScores":{"wn":0.4749404761904762}},{"fenStr":"r1bq1k1r/p5pp/1p1p2n1/4p3/2P5/Q1PBN1P1/P4PP1/3RK2R","stockfishScores":{"bn":0.5066666666666667}},{"fenStr":"r1bq1k1r/p3n1pp/1p1p4/4p3/2P5/Q1PBN1P1/P4PP1/3RK2R","stockfishScores":{"wn":0.5055952380952381}},{"fenStr":"r1bq1k1r/p3n1pp/1p1p4/4p3/2P1B3/Q1P1N1P1/P4PP1/3RK2R","stockfishScores":{"bn":0.5133928571428571}},{"fenStr":"1rbq1k1r/p3n1pp/1p1p4/4p3/2P1B3/Q1P1N1P1/P4PP1/3RK2R","stockfishScores":{"wn":0.5129761904761905}},{"fenStr":"1rbq1k1r/p3n1pp/1p1R4/4p3/2P1B3/Q1P1N1P1/P4PP1/4K2R","stockfishScores":{"bn":0.5302380952380953}},{"fenStr":"1rb2k1r/p1q1n1pp/1p1R4/4p3/2P1B3/Q1P1N1P1/P4PP1/4K2R","stockfishScores":{"wn":0.5193452380952381}},{"fenStr":"1rb2k1r/p1q1n1pp/1p1R4/4p2R/2P1B3/Q1P1N1P1/P4PP1/4K3","stockfishScores":{"bn":0.5211309523809524}},{"fenStr":"1rb2k1r/p1q1n1pp/3R4/1p2p2R/2P1B3/Q1P1N1P1/P4PP1/4K3","stockfishScores":{"wn":0.5241071428571429}},{"fenStr":"1rb2k1r/p1q1n1pp/2R5/1p2p2R/2P1B3/Q1P1N1P1/P4PP1/4K3","stockfishScores":{"bn":0.5297619047619048}},{"fenStr":"1rbq1k1r/p3n1pp/2R5/1p2p2R/2P1B3/Q1P1N1P1/P4PP1/4K3","stockfishScores":{"wn":0.530952380952381}},{"fenStr":"1rbq1k1r/p3n1pp/3R4/1p2p2R/2P1B3/Q1P1N1P1/P4PP1/4K3","stockfishScores":{"bn":0.5344642857142857}},{"fenStr":"1rb2k1r/p1q1n1pp/3R4/1p2p2R/2P1B3/Q1P1N1P1/P4PP1/4K3","stockfishScores":{"wn":0.5241071428571429}},{"fenStr":"1rb2k1r/p1q1n1pp/3R4/1pP1p2R/4B3/Q1P1N1P1/P4PP1/4K3","stockfishScores":{"bn":0.5249404761904762}},{"fenStr":"1rb2k1r/2q1n1pp/3R4/ppP1p2R/4B3/Q1P1N1P1/P4PP1/4K3","stockfishScores":{"wn":0.5239285714285714}},{"fenStr":"1rb2k1r/2q1n1pp/3R4/ppP1R3/4B3/Q1P1N1P1/P4PP1/4K3","stockfishScores":{"bn":0.5319047619047619}},{"fenStr":"1rb2k1r/2q1n1pp/3R4/p1P1R3/1p2B3/Q1P1N1P1/P4PP1/4K3","stockfishScores":{"wn":0.524702380952381}},{"fenStr":"1rb2k1r/2q1n1pp/3R4/p1P1R3/1P2B3/Q3N1P1/P4PP1/4K3","stockfishScores":{"bn":0.5425595238095238}},{"fenStr":"1rb2k1r/2q1n1pp/3R4/2P1R3/1p2B3/Q3N1P1/P4PP1/4K3","stockfishScores":{"wn":0.5272619047619047}},{"fenStr":"1rb2k1r/2q1n1pp/3R4/2P1R3/1p2B3/3QN1P1/P4PP1/4K3","stockfishScores":{"bn":0.5322619047619047}},{"fenStr":"1rb2k1r/2q1n2p/3R2p1/2P1R3/1p2B3/3QN1P1/P4PP1/4K3","stockfishScores":{"wn":0.5457142857142857}},{"fenStr":"1rb2k1r/2q1n2p/3R2p1/2PNR3/1p2B3/3Q2P1/P4PP1/4K3","stockfishScores":{"bn":0.5842857142857143}},{"fenStr":"1rb2k1r/2q4p/3R2p1/2PnR3/1p2B3/3Q2P1/P4PP1/4K3","stockfishScores":{"wn":0.5242261904761905}},{"fenStr":"1rb2k1r/2q4p/3R2p1/2PR4/1p2B3/3Q2P1/P4PP1/4K3","stockfishScores":{"bn":0.547797619047619}},{"fenStr":"1rb2k1r/2q4p/3R2p1/2PR4/4B3/1p1Q2P1/P4PP1/4K3","stockfishScores":{"wn":0.5386904761904762}},{"fenStr":"1rbR1k1r/2q4p/6p1/2PR4/4B3/1p1Q2P1/P4PP1/4K3","stockfishScores":{"bn":0.5251190476190476}},{"fenStr":"1rbR3r/2q1k2p/6p1/2PR4/4B3/1p1Q2P1/P4PP1/4K3","stockfishScores":{"wn":0.5188095238095238}},{"fenStr":"1rb4R/2q1k2p/6p1/2PR4/4B3/1p1Q2P1/P4PP1/4K3","stockfishScores":{"bn":0.5489285714285714}},{"fenStr":"1rb4R/4k2p/6p1/q1PR4/4B3/1p1Q2P1/P4PP1/4K3","stockfishScores":{"wn":0.5489880952380952}},{"fenStr":"1rb4R/4k2p/6p1/q1PR4/4B3/1p4P1/P2Q1PP1/4K3","stockfishScores":{"bn":0.5489285714285714}},{"fenStr":"1rb4R/4k2p/6p1/2PR4/4B3/1p4P1/q2Q1PP1/4K3","stockfishScores":{"wn":0.5445833333333333}},{"fenStr":"1rb5/4k2R/6p1/2PR4/4B3/1p4P1/q2Q1PP1/4K3","stockfishScores":{"bn":0.5502380952380952}},{"fenStr":"1rb5/7R/5kp1/2PR4/4B3/1p4P1/q2Q1PP1/4K3","stockfishScores":{"wn":0.5499404761904761}},{"fenStr":"1rb5/7R/3R1kp1/2P5/4B3/1p4P1/q2Q1PP1/4K3","stockfishScores":{"bn":0.5501190476190476}},{"fenStr":"1r6/7R/3Rbkp1/2P5/4B3/1p4P1/q2Q1PP1/4K3","stockfishScores":{"wn":0.549047619047619}},{"fenStr":"1r6/7R/3Rbkp1/2P5/4BQ2/1p4P1/q4PP1/4K3","stockfishScores":{"bn":0.5492261904761905}}],"result":{"ww":true}}