{"fens":[{"fenStr":"rnbqkbnr/pppppppp/8/8/4P3/8/PPPP1PPP/RNBQKBNR","stockfishScores":{"bn":0.5049404761904762}},{"fenStr":"rnbqkbnr/pp1ppppp/8/2p5/4P3/8/PPPP1PPP/RNBQKBNR","stockfishScores":{"wn":0.5038095238095238}},{"fenStr":"rnbqkbnr/pp1ppppp/8/2p5/4P3/5N2/PPPP1PPP/RNBQKB1R","stockfishScores":{"bn":0.5058928571428571}},{"fenStr":"rnbqkbnr/pp1p1ppp/4p3/2p5/4P3/5N2/PPPP1PPP/RNBQKB1R","stockfishScores":{"wn":0.5020238095238095}},{"fenStr":"rnbqkbnr/pp1p1ppp/4p3/2p5/3PP3/5N2/PPP2PPP/RNBQKB1R","stockfishScores":{"bn":0.5095833333333334}},{"fenStr":"rnbqkbnr/pp1p1ppp/4p3/8/3pP3/5N2/PPP2PPP/RNBQKB1R","stockfishScores":{"wn":0.4922619047619048}},{"fenStr":"rnbqkbnr/pp1p1ppp/4p3/8/3NP3/8/PPP2PPP/RNBQKB1R","stockfishScores":{"bn":0.5060119047619047}},{"fenStr":"r1bqkbnr/pp1p1ppp/2n1p3/8/3NP3/8/PPP2PPP/RNBQKB1R","stockfishScores":{"wn":0.5025}},{"fenStr":"r1bqkbnr/pp1p1ppp/2n1p3/8/3NP3/2N5/PPP2PPP/R1BQKB1R","stockfishScores":{"bn":0.5045238095238095}},{"fenStr":"r1b1kbnr/ppqp1ppp/2n1p3/8/3NP3/2N5/PPP2PPP/R1BQKB1R","stockfishScores":{"wn":0.5054166666666666}},{"fenStr":"r1b1kbnr/ppqp1ppp/2n1p3/8/3NP3/2N3P1/PPP2P1P/R1BQKB1R","stockfishScores":{"bn":0.5072023809523809}},{"fenStr":"r1b1kbnr/1pqp1ppp/p1n1p3/8/3NP3/2N3P1/PPP2P1P/R1BQKB1R","stockfishScores":{"wn":0.5066666666666667}},{"fenStr":"r1b1kbnr/1pqp1ppp/p1n1p3/8/3NP3/2N3P1/PPP2PBP/R1BQK2R","stockfishScores":{"bn":0.5061309523809524}},{"fenStr":"r1b1kb1r/1pqp1ppp/p1n1pn2/8/3NP3/2N3P1/PPP2PBP/R1BQK2R","stockfishScores":{"wn":0.503452380952381}},{"fenStr":"r1b1kb1r/1pqp1ppp/p1n1pn2/8/3NP3/2N3P1/PPP2PBP/R1BQ1RK1","stockfishScores":{"bn":0.5129166666666667}},{"fenStr":"r1b1kb1r/1pqp1ppp/p3pn2/8/3nP3/2N3P1/PPP2PBP/R1BQ1RK1","stockfishScores":{"wn":0.4882738095238095}},{"fenStr":"r1b1kb1r/1pqp1ppp/p3pn2/8/3QP3/2N3P1/PPP2PBP/R1B2RK1","stockfishScores":{"bn":0.5139285714285714}},{"fenStr":"r1b1k2r/1pqp1ppp/p3pn2/2b5/3QP3/2N3P1/PPP2PBP/R1B2RK1","stockfishScores":{"wn":0.5124404761904762}},{"fenStr":"r1b1k2r/1pqp1ppp/p3pn2/2b5/3QPB2/2N3P1/PPP2PBP/R4RK1","stockfishScores":{"bn":0.5185714285714286}},{"fenStr":"r1b1k2r/1pq2ppp/p2ppn2/2b5/3QPB2/2N3P1/PPP2PBP/R4RK1","stockfishScores":{"wn":0.5186904761904761}},{"fenStr":"r1b1k2r/1pq2ppp/p2ppn2/2b5/4PB2/2NQ2P1/PPP2PBP/R4RK1","stockfishScores":{"bn":0.5155952380952381}},{"fenStr":"r1b1k2r/1pq2ppp/p2p1n2/2b1p3/4PB2/2NQ2P1/PPP2PBP/R4RK1","stockfishScores":{"wn":0.508095238095238}},{"fenStr":"r1b1k2r/1pq2ppp/p2p1n2/2b1p1B1/4P3/2NQ2P1/PPP2PBP/R4RK1","stockfishScores":{"bn":0.5126785714285714}},{"fenStr":"r3k2r/1pq2ppp/p2pbn2/2b1p1B1/4P3/2NQ2P1/PPP2PBP/R4RK1","stockfishScores":{"wn":0.5121428571428571}},{"fenStr":"r3k2r/1pq2ppp/p2pbB2/2b1p3/4P3/2NQ2P1/PPP2PBP/R4RK1","stockfishScores":{"bn":0.5380357142857143}},{"fenStr":"r3k2r/1pq2p1p/p2pbp2/2b1p3/4P3/2NQ2P1/PPP2PBP/R4RK1","stockfishScores":{"wn":0.5104761904761905}},{"fenStr":"r3k2r/1pq2p1p/p2pbp2/2bNp3/4P3/3Q2P1/PPP2PBP/R4RK1","stockfishScores":{"bn":0.5258928571428572}},{"fenStr":"r3k2r/1pq2p1p/p2p1p2/2bbp3/4P3/3Q2P1/PPP2PBP/R4RK1","stockfishScores":{"wn":0.4903571428571429}},{"fenStr":"r3k2r/1pq2p1p/p2p1p2/2bPp3/8/3Q2P1/PPP2PBP/R4RK1","stockfishScores":{"bn":0.5106547619047619}},{"fenStr":"r3k2r/1pq2p2/p2p1p2/2bPp2p/8/3Q2P1/PPP2PBP/R4RK1","stockfishScores":{"wn":0.508452380952381}},{"fenStr":"r3k2r/1pq2p2/p2p1p2/2bPp2p/7P/3Q2P1/PPP2PB1/R4RK1","stockfishScores":{"bn":0.5083928571428571}},{"fenStr":"r6r/1pq1kp2/p2p1p2/2bPp2p/7P/3Q2P1/PPP2PB1/R4RK1","stockfishScores":{"wn":0.5063095238095238}},{"fenStr":"r6r/1pq1kp2/p2p1p2/2bPp2p/7P/2PQ2P1/PP3PB1/R4RK1","stockfishScores":{"bn":0.5091666666666667}},{"fenStr":"6rr/1pq1kp2/p2p1p2/2bPp2p/7P/2PQ2P1/PP3PB1/R4RK1","stockfishScores":{"wn":0.5088095238095238}},{"fenStr":"6rr/1pq1kp2/p2p1p2/2bPp2p/4B2P/2PQ2P1/PP3P2/R4RK1","stockfishScores":{"bn":0.5071428571428571}},{"fenStr":"5krr/1pq2p2/p2p1p2/2bPp2p/4B2P/2PQ2P1/PP3P2/R4RK1","stockfishScores":{"wn":0.5113095238095238}},{"fenStr":"5krr/1pq2p2/p2p1p2/2bPp2p/4B2P/2PQ2P1/PP3PK1/R4R2","stockfishScores":{"bn":0.5117857142857143}},{"fenStr":"5krr/bpq2p2/p2p1p2/3Pp2p/4B2P/2PQ2P1/PP3PK1/R4R2","stockfishScores":{"wn":0.5119642857142858}},{"fenStr":"5krr/bpq2p2/p2p1p2/3Pp2p/4B2P/2PQ2P1/PP3PK1/2R2R2","stockfishScores":{"bn":0.5126785714285714}},{"fenStr":"5k1r/bpq2p2/p2p1p2/3Pp2p/4B1rP/2PQ2P1/PP3PK1/2R2R2","stockfishScores":{"wn":0.5119642857142858}},{"fenStr":"5k1r/bpq2p2/p2p1p2/3PpB1p/6rP/2PQ2P1/PP3PK1/2R2R2","stockfishScores":{"bn":0.5145238095238095}},{"fenStr":"5k1r/bpq2p2/p2p1p2/3PpB1p/r6P/2PQ2P1/PP3PK1/2R2R2","stockfishScores":{"wn":0.5126785714285714}},{"fenStr":"5k1r/bpq2p2/p2p1p2/3PpB1p/r6P/P1PQ2P1/1P3PK1/2R2R2","stockfishScores":{"bn":0.51375}},{"fenStr":"5k1r/b1q2p2/p2p1p2/1p1PpB1p/r6P/P1PQ2P1/1P3PK1/2R2R2","stockfishScores":{"wn":0.5150595238095238}},{"fenStr":"5k1r/b1q2p2/p2p1p2/1p1PpB1p/r6P/P1PQ2P1/1P3PK1/4RR2","stockfishScores":{"bn":0.5135714285714286}},{"fenStr":"5k1r/b1q2p2/p2p1p2/1p1PpB1p/2r4P/P1PQ2P1/1P3PK1/4RR2","stockfishScores":{"wn":0.5132738095238095}},{"fenStr":"5k1r/b1q2p2/p2p1p2/1p1PpB1p/2r1R2P/P1PQ2P1/1P3PK1/5R2","stockfishScores":{"bn":0.5125}},{"fenStr":"5k1r/b1q2p2/p2p1p2/1prPpB1p/4R2P/P1PQ2P1/1P3PK1/5R2","stockfishScores":{"wn":0.5144642857142857}},{"fenStr":"5k1r/b1q2p2/p2p1p2/1prPpB1p/4R2P/P1PQ2P1/1P3PK1/3R4","stockfishScores":{"bn":0.5142857142857142}},{"fenStr":"7r/b1q2pk1/p2p1p2/1prPpB1p/4R2P/P1PQ2P1/1P3PK1/3R4","stockfishScores":{"wn":0.5098214285714285}},{"fenStr":"7r/b1q2pk1/p2p1p2/1prPpB1p/4R2P/P1P2QP1/1P3PK1/3R4","stockfishScores":{"bn":0.5082738095238095}},{"fenStr":"7r/bq3pk1/p2p1p2/1prPpB1p/4R2P/P1P2QP1/1P3PK1/3R4","stockfishScores":{"wn":0.5092261904761904}},{"fenStr":"7r/bq3pk1/p2p1p2/1prPpB1p/4R2P/P1P2QP1/1P3P1K/3R4","stockfishScores":{"bn":0.5077380952380952}},{"fenStr":"5k1r/bq3p2/p2p1p2/1prPpB1p/4R2P/P1P2QP1/1P3P1K/3R4","stockfishScores":{"wn":0.5144642857142857}},{"fenStr":"5k1r/bq3p2/p2p1pB1/1prPp2p/4R2P/P1P2QP1/1P3P1K/3R4","stockfishScores":{"bn":0.5108333333333334}},{"fenStr":"7r/bq2kp2/p2p1pB1/1prPp2p/4R2P/P1P2QP1/1P3P1K/3R4","stockfishScores":{"wn":0.5117857142857143}},{"fenStr":"7r/bq2kp2/p2p1pB1/1prPR2p/7P/P1P2QP1/1P3P1K/3R4","stockfishScores":{"bn":0.5170238095238096}},{"fenStr":"5k1r/bq3p2/p2p1pB1/1prPR2p/7P/P1P2QP1/1P3P1K/3R4","stockfishScores":{"wn":0.5236309523809524}},{"fenStr":"5k1r/bq3p2/p2p1pB1/1prP3R/7P/P1P2QP1/1P3P1K/3R4","stockfishScores":{"bn":0.5305952380952381}},{"fenStr":"5kr1/bq3p2/p2p1pB1/1prP3R/7P/P1P2QP1/1P3P1K/3R4","stockfishScores":{"wn":0.5178571428571429}},{"fenStr":"5kr1/bq3p1B/p2p1p2/1prP3R/7P/P1P2QP1/1P3P1K/3R4","stockfishScores":{"bn":0.5246428571428572}},{"fenStr":"5k2/bq3prB/p2p1p2/1prP3R/7P/P1P2QP1/1P3P1K/3R4","stockfishScores":{"wn":0.5190476190476191}},{"fenStr":"5k2/bq3prB/p2p1p2/1prP3R/7P/P1P2QP1/1P3P1K/4R3","stockfishScores":{"bn":0.5272619047619047}},{"fenStr":"5k2/b4prB/pq1p1p2/1prP3R/7P/P1P2QP1/1P3P1K/4R3","stockfishScores":{"wn":0.5325}},{"fenStr":"5k2/b4prB/pq1p1Q2/1prP3R/7P/P1P3P1/1P3P1K/4R3","stockfishScores":{"bn":0.55875}},{"fenStr":"5k2/b1q2prB/p2p1Q2/1prP3R/7P/P1P3P1/1P3P1K/4R3","stockfishScores":{"wn":0.5386904761904762}},{"fenStr":"5k2/b1q2pr1/p2p1Q2/1prP3R/7P/P1P3P1/1PB2P1K/4R3","stockfishScores":{"bn":0.5563690476190476}},{"fenStr":"5k2/b2q1pr1/p2p1Q2/1prP3R/7P/P1P3P1/1PB2P1K/4R3","stockfishScores":{"wn":0.552797619047619}},{"fenStr":"5k1R/b2q1pr1/p2p1Q2/1prP4/7P/P1P3P1/1PB2P1K/4R3","stockfishScores":{"bn":0.5498809523809524}},{"fenStr":"5krR/b2q1p2/p2p1Q2/1prP4/7P/P1P3P1/1PB2P1K/4R3","stockfishScores":{"wn":0.5750595238095239}},{"fenStr":"5krR/b2q1p2/p2p3Q/1prP4/7P/P1P3P1/1PB2P1K/4R3","stockfishScores":{"bn":0.5469047619047619}}],"result":{"ww":true}}