{"fens":[{"fenStr":"rnbqkbnr/pppppppp/8/8/3P4/8/PPP1PPPP/RNBQKBNR","stockfishScores":{"bn":0.5048809523809524}},{"fenStr":"rnbqkbnr/ppp1pppp/8/3p4/3P4/8/PPP1PPPP/RNBQKBNR","stockfishScores":{"wn":0.5005952380952381}},{"fenStr":"rnbqkbnr/ppp1pppp/8/3p4/2PP4/8/PP2PPPP/RNBQKBNR","stockfishScores":{"bn":0.5009523809523809}},{"fenStr":"rnbqkbnr/ppp2ppp/4p3/3p4/2PP4/8/PP2PPPP/RNBQKBNR","stockfishScores":{"wn":0.4981547619047619}},{"fenStr":"rnbqkbnr/ppp2ppp/4p3/3p4/2PP4/2N5/PP2PPPP/R1BQKBNR","stockfishScores":{"bn":0.5005952380952381}},{"fenStr":"rnbqkbnr/pp3ppp/2p1p3/3p4/2PP4/2N5/PP2PPPP/R1BQKBNR","stockfishScores":{"wn":0.4998214285714286}},{"fenStr":"rnbqkbnr/pp3ppp/2p1p3/3p4/2PP4/2N2N2/PP2PPPP/R1BQKB1R","stockfishScores":{"bn":0.504702380952381}},{"fenStr":"rnbqkbnr/pp3ppp/2p1p3/8/2pP4/2N2N2/PP2PPPP/R1BQKB1R","stockfishScores":{"wn":0.5017857142857143}},{"fenStr":"rnbqkbnr/pp3ppp/2p1p3/8/P1pP4/2N2N2/1P2PPPP/R1BQKB1R","stockfishScores":{"bn":0.5000595238095238}},{"fenStr":"rnbqk1nr/pp3ppp/2p1p3/8/PbpP4/2N2N2/1P2PPPP/R1BQKB1R","stockfishScores":{"wn":0.4963690476190476}},{"fenStr":"rnbqk1nr/pp3ppp/2p1p3/8/PbpP4/2N1PN2/1P3PPP/R1BQKB1R","stockfishScores":{"bn":0.49851190476190477}},{"fenStr":"rnbqk1nr/p4ppp/2p1p3/1p6/PbpP4/2N1PN2/1P3PPP/R1BQKB1R","stockfishScores":{"wn":0.49410714285714286}},{"fenStr":"rnbqk1nr/p4ppp/2p1p3/1p6/PbpP4/2N1PN2/1P1B1PPP/R2QKB1R","stockfishScores":{"bn":0.49714285714285716}},{"fenStr":"rnbqk1nr/5ppp/2p1p3/pp6/PbpP4/2N1PN2/1P1B1PPP/R2QKB1R","stockfishScores":{"wn":0.4970833333333333}},{"fenStr":"rnbqk1nr/5ppp/2p1p3/pP6/1bpP4/2N1PN2/1P1B1PPP/R2QKB1R","stockfishScores":{"bn":0.5145238095238095}},{"fenStr":"rnbqk1nr/5ppp/2p1p3/pP6/2pP4/2b1PN2/1P1B1PPP/R2QKB1R","stockfishScores":{"wn":0.4888095238095238}},{"fenStr":"rnbqk1nr/5ppp/2p1p3/pP6/2pP4/2B1PN2/1P3PPP/R2QKB1R","stockfishScores":{"bn":0.5192261904761905}},{"fenStr":"rnbqk1nr/5ppp/4p3/pp6/2pP4/2B1PN2/1P3PPP/R2QKB1R","stockfishScores":{"wn":0.502797619047619}},{"fenStr":"rnbqk1nr/5ppp/4p3/pp6/2pP4/1PB1PN2/5PPP/R2QKB1R","stockfishScores":{"bn":0.5007142857142857}},{"fenStr":"rn1qk1nr/1b3ppp/4p3/pp6/2pP4/1PB1PN2/5PPP/R2QKB1R","stockfishScores":{"wn":0.49726190476190474}},{"fenStr":"rn1qk1nr/1b3ppp/4p3/pp1P4/2p5/1PB1PN2/5PPP/R2QKB1R","stockfishScores":{"bn":0.5050595238095238}},{"fenStr":"rn1qk2r/1b3ppp/4pn2/pp1P4/2p5/1PB1PN2/5PPP/R2QKB1R","stockfishScores":{"wn":0.5016071428571428}},{"fenStr":"rn1qk2r/1b3ppp/4pn2/pp1P4/2P5/2B1PN2/5PPP/R2QKB1R","stockfishScores":{"bn":0.5183333333333333}},{"fenStr":"rn1qk2r/1b3ppp/4pn2/p2P4/1pP5/2B1PN2/5PPP/R2QKB1R","stockfishScores":{"wn":0.5152976190476191}},{"fenStr":"rn1qk2r/1b3ppp/4pB2/p2P4/1pP5/4PN2/5PPP/R2QKB1R","stockfishScores":{"bn":0.5518452380952381}},{"fenStr":"rn2k2r/1b3ppp/4pq2/p2P4/1pP5/4PN2/5PPP/R2QKB1R","stockfishScores":{"wn":0.5098214285714285}},{"fenStr":"rn2k2r/1b3ppp/4pq2/p2P4/QpP5/4PN2/5PPP/R3KB1R","stockfishScores":{"bn":0.5083333333333333}},{"fenStr":"r3k2r/1b1n1ppp/4pq2/p2P4/QpP5/4PN2/5PPP/R3KB1R","stockfishScores":{"wn":0.5045833333333334}},{"fenStr":"r3k2r/1b1n1ppp/4pq2/p2P4/QpPN4/4P3/5PPP/R3KB1R","stockfishScores":{"bn":0.5096428571428572}},{"fenStr":"r6r/1b1nkppp/4pq2/p2P4/QpPN4/4P3/5PPP/R3KB1R","stockfishScores":{"wn":0.4982738095238095}},{"fenStr":"r6r/1b1nkppp/3Ppq2/p7/QpPN4/4P3/5PPP/R3KB1R","stockfishScores":{"bn":0.49202380952380953}},{"fenStr":"r6r/1b1n1ppp/3kpq2/p7/QpPN4/4P3/5PPP/R3KB1R","stockfishScores":{"wn":0.49541666666666667}},{"fenStr":"r6r/1b1n1ppp/3kpq2/p7/QpPN4/4P3/5PPP/3RKB1R","stockfishScores":{"bn":0.4986904761904762}},{"fenStr":"r2r4/1b1n1ppp/3kpq2/p7/QpPN4/4P3/5PPP/3RKB1R","stockfishScores":{"wn":0.4938095238095238}},{"fenStr":"r2r4/1b1n1ppp/3kpq2/p1P5/Qp1N4/4P3/5PPP/3RKB1R","stockfishScores":{"bn":0.49738095238095237}},{"fenStr":"r2r4/1b3ppp/3kpq2/p1n5/Qp1N4/4P3/5PPP/3RKB1R","stockfishScores":{"wn":0.47773809523809524}},{"fenStr":"r2r4/1b3ppp/3kpq2/pQn5/1p1N4/4P3/5PPP/3RKB1R","stockfishScores":{"bn":0.48529761904761903}},{"fenStr":"r1r5/1b3ppp/3kpq2/pQn5/1p1N4/4P3/5PPP/3RKB1R","stockfishScores":{"wn":0.48142857142857143}},{"fenStr":"r1r5/1b3ppp/3kpq2/pQn2N2/1p6/4P3/5PPP/3RKB1R","stockfishScores":{"bn":0.49392857142857144}},{"fenStr":"r1r5/1b3ppp/4pq2/pQn1kN2/1p6/4P3/5PPP/3RKB1R","stockfishScores":{"wn":0.4951190476190476}},{"fenStr":"r1r5/1b3ppp/3Npq2/pQn1k3/1p6/4P3/5PPP/3RKB1R","stockfishScores":{"bn":0.5182142857142857}},{"fenStr":"r1r5/1b2qppp/3Np3/pQn1k3/1p6/4P3/5PPP/3RKB1R","stockfishScores":{"wn":0.5180357142857143}},{"fenStr":"r1r5/1b2qppp/3Np3/p1n1k3/1pQ5/4P3/5PPP/3RKB1R","stockfishScores":{"bn":0.5206547619047619}},{"fenStr":"r1r5/1b2qppp/3Npk2/p1n5/1pQ5/4P3/5PPP/3RKB1R","stockfishScores":{"wn":0.4926785714285714}},{"fenStr":"r1r5/1b2qppp/3Npk2/p1n5/1p5Q/4P3/5PPP/3RKB1R","stockfishScores":{"bn":0.49785714285714283}},{"fenStr":"r1r5/1b2qp1p/3Npk2/p1n3p1/1p5Q/4P3/5PPP/3RKB1R","stockfishScores":{"wn":0.49839285714285714}},{"fenStr":"r1r5/1b2qp1p/3Npk1Q/p1n3p1/1p6/4P3/5PPP/3RKB1R","stockfishScores":{"bn":0.4911309523809524}},{"fenStr":"r1r5/1b2qp1p/3Np2Q/p1n1k1p1/1p6/4P3/5PPP/3RKB1R","stockfishScores":{"wn":0.5303571428571429}},{"fenStr":"r1r5/1b2qp1p/3Np2Q/p1n1k1p1/1p3P2/4P3/6PP/3RKB1R","stockfishScores":{"bn":0.5341666666666667}},{"fenStr":"r1r5/1b2qp1p/3Np2Q/p1n1k3/1p3p2/4P3/6PP/3RKB1R","stockfishScores":{"wn":0.5235119047619048}},{"fenStr":"r1r5/1b2qp1p/3Np3/p1n1k3/1p3Q2/4P3/6PP/3RKB1R","stockfishScores":{"bn":0.5419047619047619}}],"result":{"ww":true}}