{"fens":[{"fenStr":"rnbqkbnr/pppppppp/8/8/4P3/8/PPPP1PPP/RNBQKBNR","stockfishScores":{"bn":0.5049404761904762}},{"fenStr":"rnbqkbnr/pppp1ppp/4p3/8/4P3/8/PPPP1PPP/RNBQKBNR","stockfishScores":{"wn":0.5002380952380953}},{"fenStr":"rnbqkbnr/pppp1ppp/4p3/8/3PP3/8/PPP2PPP/RNBQKBNR","stockfishScores":{"bn":0.5058928571428571}},{"fenStr":"rnbqkbnr/ppp2ppp/4p3/3p4/3PP3/8/PPP2PPP/RNBQKBNR","stockfishScores":{"wn":0.5010119047619047}},{"fenStr":"rnbqkbnr/ppp2ppp/4p3/3p4/3PP3/8/PPPN1PPP/R1BQKBNR","stockfishScores":{"bn":0.5027380952380952}},{"fenStr":"rnbqkb1r/ppp2ppp/4pn2/3p4/3PP3/8/PPPN1PPP/R1BQKBNR","stockfishScores":{"wn":0.5017857142857143}},{"fenStr":"rnbqkb1r/ppp2ppp/4pn2/3pP3/3P4/8/PPPN1PPP/R1BQKBNR","stockfishScores":{"bn":0.5069642857142858}},{"fenStr":"rnbqkb1r/pppn1ppp/4p3/3pP3/3P4/8/PPPN1PPP/R1BQKBNR","stockfishScores":{"wn":0.5014285714285714}},{"fenStr":"rnbqkb1r/pppn1ppp/4p3/3pP3/3P4/3B4/PPPN1PPP/R1BQK1NR","stockfishScores":{"bn":0.50125}},{"fenStr":"rnbqkb1r/pp1n1ppp/4p3/2ppP3/3P4/3B4/PPPN1PPP/R1BQK1NR","stockfishScores":{"wn":0.4975595238095238}},{"fenStr":"rnbqkb1r/pp1n1ppp/4p3/2ppP3/3P4/2PB4/PP1N1PPP/R1BQK1NR","stockfishScores":{"bn":0.50125}},{"fenStr":"r1bqkb1r/pp1n1ppp/2n1p3/2ppP3/3P4/2PB4/PP1N1PPP/R1BQK1NR","stockfishScores":{"wn":0.498452380952381}},{"fenStr":"r1bqkb1r/pp1n1ppp/2n1p3/2ppP3/3P4/2PB4/PP1NNPPP/R1BQK2R","stockfishScores":{"bn":0.5010119047619047}},{"fenStr":"r1bqkb1r/pp1n1ppp/2n1p3/3pP3/3p4/2PB4/PP1NNPPP/R1BQK2R","stockfishScores":{"wn":0.49220238095238095}},{"fenStr":"r1bqkb1r/pp1n1ppp/2n1p3/3pP3/3P4/3B4/PP1NNPPP/R1BQK2R","stockfishScores":{"bn":0.5002380952380953}},{"fenStr":"r1bqkb1r/pp1n2pp/2n1pp2/3pP3/3P4/3B4/PP1NNPPP/R1BQK2R","stockfishScores":{"wn":0.503095238095238}},{"fenStr":"r1bqkb1r/pp1n2pp/2n1pP2/3p4/3P4/3B4/PP1NNPPP/R1BQK2R","stockfishScores":{"bn":0.5166666666666667}},{"fenStr":"r1bqkb1r/pp4pp/2n1pn2/3p4/3P4/3B4/PP1NNPPP/R1BQK2R","stockfishScores":{"wn":0.5017261904761905}},{"fenStr":"r1bqkb1r/pp4pp/2n1pn2/3p4/3P4/3B1N2/PP2NPPP/R1BQK2R","stockfishScores":{"bn":0.5033928571428572}},{"fenStr":"r1bqk2r/pp4pp/2nbpn2/3p4/3P4/3B1N2/PP2NPPP/R1BQK2R","stockfishScores":{"wn":0.5025595238095238}},{"fenStr":"r1bqk2r/pp4pp/2nbpn2/3p4/3P4/3B1N2/PP2NPPP/R1BQ1RK1","stockfishScores":{"bn":0.5125595238095239}},{"fenStr":"r1b1k2r/ppq3pp/2nbpn2/3p4/3P4/3B1N2/PP2NPPP/R1BQ1RK1","stockfishScores":{"wn":0.513154761904762}},{"fenStr":"r1b1k2r/ppq3pp/2nbpn2/3p2B1/3P4/3B1N2/PP2NPPP/R2Q1RK1","stockfishScores":{"bn":0.5151785714285714}},{"fenStr":"r1b2rk1/ppq3pp/2nbpn2/3p2B1/3P4/3B1N2/PP2NPPP/R2Q1RK1","stockfishScores":{"wn":0.506547619047619}},{"fenStr":"r1b2rk1/ppq3pp/2nbpn2/3p4/3P3B/3B1N2/PP2NPPP/R2Q1RK1","stockfishScores":{"bn":0.5045238095238095}},{"fenStr":"r1b2rk1/ppq4p/2nbpnp1/3p4/3P3B/3B1N2/PP2NPPP/R2Q1RK1","stockfishScores":{"wn":0.5064285714285715}},{"fenStr":"r1b2rk1/ppq4p/2nbpnp1/3p4/3P4/3B1NB1/PP2NPPP/R2Q1RK1","stockfishScores":{"bn":0.5061309523809524}},{"fenStr":"r1b2rk1/ppq4p/2n1pnp1/3p4/3P4/3B1Nb1/PP2NPPP/R2Q1RK1","stockfishScores":{"wn":0.4844047619047619}},{"fenStr":"r1b2rk1/ppq4p/2n1pnp1/3p4/3P4/3B1NP1/PP2NPP1/R2Q1RK1","stockfishScores":{"bn":0.50375}},{"fenStr":"r1b2rk1/pp4qp/2n1pnp1/3p4/3P4/3B1NP1/PP2NPP1/R2Q1RK1","stockfishScores":{"wn":0.5058928571428571}},{"fenStr":"r1b2rk1/pp4qp/2n1pnp1/3p4/3P4/3B1NP1/PP2NPP1/2RQ1RK1","stockfishScores":{"bn":0.5066666666666667}},{"fenStr":"r4rk1/pp1b2qp/2n1pnp1/3p4/3P4/3B1NP1/PP2NPP1/2RQ1RK1","stockfishScores":{"wn":0.5051190476190476}},{"fenStr":"r4rk1/pp1b2qp/2n1pnp1/3p4/3P4/3B1NP1/PP1QNPP1/2R2RK1","stockfishScores":{"bn":0.5054761904761905}},{"fenStr":"4rrk1/pp1b2qp/2n1pnp1/3p4/3P4/3B1NP1/PP1QNPP1/2R2RK1","stockfishScores":{"wn":0.5055952380952381}},{"fenStr":"4rrk1/pp1b2qp/2n1pnp1/1B1p4/3P4/5NP1/PP1QNPP1/2R2RK1","stockfishScores":{"bn":0.5039880952380953}},{"fenStr":"4rrk1/pp1b2qp/2n1p1p1/1B1p4/3P2n1/5NP1/PP1QNPP1/2R2RK1","stockfishScores":{"wn":0.5038690476190476}},{"fenStr":"4rrk1/pp1b2qp/2n1p1p1/1B1p4/3P2n1/5NP1/PP1QNPP1/2R1R1K1","stockfishScores":{"bn":0.5026190476190476}},{"fenStr":"4rrk1/pp1b2q1/2n1p1pp/1B1p4/3P2n1/5NP1/PP1QNPP1/2R1R1K1","stockfishScores":{"wn":0.5029761904761905}},{"fenStr":"4rrk1/pp1b2q1/2n1p1pp/1B1p4/3P1Nn1/5NP1/PP1Q1PP1/2R1R1K1","stockfishScores":{"bn":0.5067857142857143}},{"fenStr":"4rrk1/pp1b2q1/2n1p2p/1B1p2p1/3P1Nn1/5NP1/PP1Q1PP1/2R1R1K1","stockfishScores":{"wn":0.5055357142857143}},{"fenStr":"4rrk1/pp1b2q1/2B1p2p/3p2p1/3P1Nn1/5NP1/PP1Q1PP1/2R1R1K1","stockfishScores":{"bn":0.5289285714285714}},{"fenStr":"4rrk1/pp1b2q1/2B1p2p/3p4/3P1pn1/5NP1/PP1Q1PP1/2R1R1K1","stockfishScores":{"wn":0.503095238095238}},{"fenStr":"4rrk1/pp1B2q1/4p2p/3p4/3P1pn1/5NP1/PP1Q1PP1/2R1R1K1","stockfishScores":{"bn":0.5322619047619047}},{"fenStr":"4rrk1/pp1q4/4p2p/3p4/3P1pn1/5NP1/PP1Q1PP1/2R1R1K1","stockfishScores":{"wn":0.5057142857142857}},{"fenStr":"4rrk1/pp1q4/4p2p/3p4/3P1Pn1/5N2/PP1Q1PP1/2R1R1K1","stockfishScores":{"bn":0.5122619047619048}},{"fenStr":"4rrk1/pp3q2/4p2p/3p4/3P1Pn1/5N2/PP1Q1PP1/2R1R1K1","stockfishScores":{"wn":0.5132738095238095}},{"fenStr":"4rrk1/pp3q2/4p2p/3p4/3P1Pn1/5NP1/PP1Q1P2/2R1R1K1","stockfishScores":{"bn":0.5125595238095239}},{"fenStr":"2r2rk1/pp3q2/4p2p/3p4/3P1Pn1/5NP1/PP1Q1P2/2R1R1K1","stockfishScores":{"wn":0.513452380952381}},{"fenStr":"2r2rk1/pp3q2/4p2p/3p4/3P1Pn1/5NP1/PP1Q1PK1/2R1R3","stockfishScores":{"bn":0.5138690476190476}},{"fenStr":"2r2rk1/pp6/4p1qp/3p4/3P1Pn1/5NP1/PP1Q1PK1/2R1R3","stockfishScores":{"wn":0.5139285714285714}},{"fenStr":"2r2rk1/pp6/4p1qp/3p4/3P1Pn1/5NP1/PP2QPK1/2R1R3","stockfishScores":{"bn":0.5139285714285714}},{"fenStr":"5rk1/pp6/4p1qp/3p4/3P1Pn1/5NP1/PP2QPK1/2r1R3","stockfishScores":{"wn":0.47886904761904764}},{"fenStr":"5rk1/pp6/4p1qp/3p4/3P1Pn1/5NP1/PP2QPK1/2R5","stockfishScores":{"bn":0.51375}},{"fenStr":"6k1/pp6/4p1qp/3p4/3P1rn1/5NP1/PP2QPK1/2R5","stockfishScores":{"wn":0.5091071428571429}},{"fenStr":"6k1/pp6/4p1qp/3p4/3P1rn1/5NP1/PP2QPK1/4R3","stockfishScores":{"bn":0.5089285714285714}},{"fenStr":"6k1/pp6/4prqp/3p4/3P2n1/5NP1/PP2QPK1/4R3","stockfishScores":{"wn":0.5080357142857143}},{"fenStr":"6k1/pp6/4prqp/3p4/3P2nN/6P1/PP2QPK1/4R3","stockfishScores":{"bn":0.5043452380952381}},{"fenStr":"6k1/pp6/4pr1p/3p4/3Pq1nN/6P1/PP2QPK1/4R3","stockfishScores":{"wn":0.5}},{"fenStr":"6k1/pp6/4pr1p/3p4/3Pq1nN/5PP1/PP2Q1K1/4R3","stockfishScores":{"bn":0.5027380952380952}},{"fenStr":"6k1/pp6/4pr1p/3p4/3q2nN/5PP1/PP2Q1K1/4R3","stockfishScores":{"wn":0.49523809523809526}},{"fenStr":"6k1/pp6/4pr1p/3p4/3q2PN/6P1/PP2Q1K1/4R3","stockfishScores":{"bn":0.5172619047619048}},{"fenStr":"6k1/pp6/5r1p/3pp3/3q2PN/6P1/PP2Q1K1/4R3","stockfishScores":{"wn":0.5163095238095238}},{"fenStr":"6k1/pp6/5r1p/3pp3/3q2P1/5NP1/PP2Q1K1/4R3","stockfishScores":{"bn":0.5196428571428572}},{"fenStr":"6k1/pp6/5r1p/3pp3/6q1/5NP1/PP2Q1K1/4R3","stockfishScores":{"wn":0.506547619047619}},{"fenStr":"6k1/pp6/5r1p/3pN3/6q1/6P1/PP2Q1K1/4R3","stockfishScores":{"bn":0.5207738095238095}},{"fenStr":"6k1/pp6/5r1p/3pN3/3q4/6P1/PP2Q1K1/4R3","stockfishScores":{"wn":0.5211904761904762}},{"fenStr":"6k1/pp6/5r1p/3p4/3q2N1/6P1/PP2Q1K1/4R3","stockfishScores":{"bn":0.5381547619047619}},{"fenStr":"6k1/pp6/2r4p/3p4/3q2N1/6P1/PP2Q1K1/4R3","stockfishScores":{"wn":0.5356547619047619}},{"fenStr":"4Q1k1/pp6/2r4p/3p4/3q2N1/6P1/PP4K1/4R3","stockfishScores":{"bn":0.512797619047619}},{"fenStr":"4Q3/pp4k1/2r4p/3p4/3q2N1/6P1/PP4K1/4R3","stockfishScores":{"wn":0.537797619047619}},{"fenStr":"4Q3/pp2R1k1/2r4p/3p4/3q2N1/6P1/PP4K1/8","stockfishScores":{"bn":0.5407738095238095}}],"result":{"ww":true}}