{"fens":[{"fenStr":"rnbqkbnr/pppppppp/8/8/4P3/8/PPPP1PPP/RNBQKBNR","stockfishScores":{"bn":0.5049404761904762}},{"fenStr":"rnbqkbnr/pppp1ppp/8/4p3/4P3/8/PPPP1PPP/RNBQKBNR","stockfishScores":{"wn":0.5005952380952381}},{"fenStr":"rnbqkbnr/pppp1ppp/8/4p3/4P3/5N2/PPPP1PPP/RNBQKB1R","stockfishScores":{"bn":0.5044047619047619}},{"fenStr":"r1bqkbnr/pppp1ppp/2n5/4p3/4P3/5N2/PPPP1PPP/RNBQKB1R","stockfishScores":{"wn":0.5004166666666666}},{"fenStr":"r1bqkbnr/pppp1ppp/2n5/1B2p3/4P3/5N2/PPPP1PPP/RNBQK2R","stockfishScores":{"bn":0.5002380952380953}},{"fenStr":"r1bqkbnr/1ppp1ppp/p1n5/1B2p3/4P3/5N2/PPPP1PPP/RNBQK2R","stockfishScores":{"wn":0.49535714285714283}},{"fenStr":"r1bqkbnr/1ppp1ppp/p1n5/4p3/B3P3/5N2/PPPP1PPP/RNBQK2R","stockfishScores":{"bn":0.49654761904761907}},{"fenStr":"r1bqkb1r/1ppp1ppp/p1n2n2/4p3/B3P3/5N2/PPPP1PPP/RNBQK2R","stockfishScores":{"wn":0.49273809523809525}},{"fenStr":"r1bqkb1r/1ppp1ppp/p1n2n2/4p3/B2PP3/5N2/PPP2PPP/RNBQK2R","stockfishScores":{"bn":0.4998214285714286}},{"fenStr":"r1bqkb1r/1ppp1ppp/p1n2n2/8/B2pP3/5N2/PPP2PPP/RNBQK2R","stockfishScores":{"wn":0.4886904761904762}},{"fenStr":"r1bqkb1r/1ppp1ppp/p1n2n2/8/B2pP3/5N2/PPP2PPP/RNBQ1RK1","stockfishScores":{"bn":0.5006547619047619}},{"fenStr":"r1bqkb1r/1ppp1ppp/p1n5/8/B2pn3/5N2/PPP2PPP/RNBQ1RK1","stockfishScores":{"wn":0.49273809523809525}},{"fenStr":"r1bqkb1r/1ppp1ppp/p1n5/8/B2pn3/5N2/PPP2PPP/RNBQR1K1","stockfishScores":{"bn":0.5005952380952381}},{"fenStr":"r1bqkb1r/1pp2ppp/p1n5/3p4/B2pn3/5N2/PPP2PPP/RNBQR1K1","stockfishScores":{"wn":0.4995833333333333}},{"fenStr":"r1bqkb1r/1pp2ppp/p1n5/3p4/B2Nn3/8/PPP2PPP/RNBQR1K1","stockfishScores":{"bn":0.5070833333333333}},{"fenStr":"r1bqk2r/1pp2ppp/p1nb4/3p4/B2Nn3/8/PPP2PPP/RNBQR1K1","stockfishScores":{"wn":0.5047619047619047}},{"fenStr":"r1bqk2r/1pp2ppp/p1Nb4/3p4/B3n3/8/PPP2PPP/RNBQR1K1","stockfishScores":{"bn":0.5278571428571428}},{"fenStr":"r1bqk2r/1pp2ppp/p1N5/3p4/B3n3/8/PPP2PPb/RNBQR1K1","stockfishScores":{"wn":0.5254761904761904}},{"fenStr":"r1bqk2r/1pp2ppp/p1N5/3p4/B3n3/8/PPP2PPb/RNBQR2K","stockfishScores":{"bn":0.5229166666666667}},{"fenStr":"r1b1k2r/1pp2ppp/p1N5/3p4/B3n2q/8/PPP2PPb/RNBQR2K","stockfishScores":{"wn":0.5098809523809524}},{"fenStr":"r1b1k2r/1pp2ppp/p1N5/3p4/B3R2q/8/PPP2PPb/RNBQ3K","stockfishScores":{"bn":0.5444642857142857}},{"fenStr":"r1b1k2r/1pp2ppp/p1N5/8/B3p2q/8/PPP2PPb/RNBQ3K","stockfishScores":{"wn":0.49255952380952384}},{"fenStr":"r1bQk2r/1pp2ppp/p1N5/8/B3p2q/8/PPP2PPb/RNB4K","stockfishScores":{"bn":0.4894047619047619}},{"fenStr":"r1bqk2r/1pp2ppp/p1N5/8/B3p3/8/PPP2PPb/RNB4K","stockfishScores":{"wn":0.4255357142857143}},{"fenStr":"r1bNk2r/1pp2ppp/p7/8/B3p3/8/PPP2PPb/RNB4K","stockfishScores":{"bn":0.4949404761904762}},{"fenStr":"r1bk3r/1pp2ppp/p7/8/B3p3/8/PPP2PPb/RNB4K","stockfishScores":{"wn":0.47136904761904763}},{"fenStr":"r1bk3r/1pp2ppp/p7/8/B3p3/8/PPP2PPK/RNB5","stockfishScores":{"bn":0.49589285714285714}},{"fenStr":"r2k3r/1pp2ppp/p3b3/8/B3p3/8/PPP2PPK/RNB5","stockfishScores":{"wn":0.49476190476190474}},{"fenStr":"r2k3r/1pp2ppp/p3b3/8/4p3/1B6/PPP2PPK/RNB5","stockfishScores":{"bn":0.49702380952380953}},{"fenStr":"r2k3r/1pp2ppp/p7/8/4p3/1b6/PPP2PPK/RNB5","stockfishScores":{"wn":0.475}},{"fenStr":"r2k3r/1pp2ppp/p7/8/4p3/1P6/1PP2PPK/RNB5","stockfishScores":{"bn":0.49726190476190474}},{"fenStr":"r2k3r/1pp3pp/p7/5p2/4p3/1P6/1PP2PPK/RNB5","stockfishScores":{"wn":0.4973214285714286}},{"fenStr":"r2k3r/1pp3pp/p7/5p2/4p3/1PN5/1PP2PPK/R1B5","stockfishScores":{"bn":0.4994642857142857}},{"fenStr":"r2k3r/1p4pp/p1p5/5p2/4p3/1PN5/1PP2PPK/R1B5","stockfishScores":{"wn":0.5005952380952381}},{"fenStr":"r2k3r/1p4pp/p1p5/5p2/N3p3/1P6/1PP2PPK/R1B5","stockfishScores":{"bn":0.4967261904761905}},{"fenStr":"r6r/1p2k1pp/p1p5/5p2/N3p3/1P6/1PP2PPK/R1B5","stockfishScores":{"wn":0.4928571428571429}},{"fenStr":"r6r/1p2k1pp/p1p5/5pB1/N3p3/1P6/1PP2PPK/R7","stockfishScores":{"bn":0.4955952380952381}},{"fenStr":"r6r/1p3kpp/p1p5/5pB1/N3p3/1P6/1PP2PPK/R7","stockfishScores":{"wn":0.49470238095238095}},{"fenStr":"r6r/1p3kpp/p1p5/2N2pB1/4p3/1P6/1PP2PPK/R7","stockfishScores":{"bn":0.49785714285714283}},{"fenStr":"r6r/5kpp/p1p5/1pN2pB1/4p3/1P6/1PP2PPK/R7","stockfishScores":{"wn":0.5001190476190476}},{"fenStr":"r6r/5kpp/p1p5/1pN2pB1/4p3/1P6/1PP2PPK/3R4","stockfishScores":{"bn":0.5023809523809524}},{"fenStr":"r6r/5kp1/p1p4p/1pN2pB1/4p3/1P6/1PP2PPK/3R4","stockfishScores":{"wn":0.49851190476190477}},{"fenStr":"r6r/3R1kp1/p1p4p/1pN2pB1/4p3/1P6/1PP2PPK/8","stockfishScores":{"bn":0.5002380952380953}},{"fenStr":"r6r/3R2p1/p1p3kp/1pN2pB1/4p3/1P6/1PP2PPK/8","stockfishScores":{"wn":0.4979166666666667}},{"fenStr":"r6r/3R2p1/p1p3kp/1pN2p2/4pB2/1P6/1PP2PPK/8","stockfishScores":{"bn":0.5045833333333334}},{"fenStr":"r2r4/3R2p1/p1p3kp/1pN2p2/4pB2/1P6/1PP2PPK/8","stockfishScores":{"wn":0.5043452380952381}},{"fenStr":"r2r4/2R3p1/p1p3kp/1pN2p2/4pB2/1P6/1PP2PPK/8","stockfishScores":{"bn":0.5042261904761904}},{"fenStr":"2rr4/2R3p1/p1p3kp/1pN2p2/4pB2/1P6/1PP2PPK/8","stockfishScores":{"wn":0.5058333333333334}},{"fenStr":"2rr4/1R4p1/p1p3kp/1pN2p2/4pB2/1P6/1PP2PPK/8","stockfishScores":{"bn":0.5020238095238095}},{"fenStr":"2rr4/1R4p1/p1p2k1p/1pN2p2/4pB2/1P6/1PP2PPK/8","stockfishScores":{"wn":0.5063095238095238}},{"fenStr":"2rr4/1R4p1/p1p2k1p/1pN2p2/4pB2/1PP5/1P3PPK/8","stockfishScores":{"bn":0.5014880952380952}},{"fenStr":"2rr4/1R6/p1p2k1p/1pN2pp1/4pB2/1PP5/1P3PPK/8","stockfishScores":{"wn":0.498452380952381}},{"fenStr":"2rr4/1R6/p1p2k1p/1pN2pp1/4p3/1PP1B3/1P3PPK/8","stockfishScores":{"bn":0.4976785714285714}},{"fenStr":"2rr4/1R6/p1p3kp/1pN2pp1/4p3/1PP1B3/1P3PPK/8","stockfishScores":{"wn":0.49654761904761907}},{"fenStr":"2rr4/1R6/p1p3kp/1pN2pp1/3Bp3/1PP5/1P3PPK/8","stockfishScores":{"bn":0.5013690476190477}},{"fenStr":"2rr4/1R6/p1p4p/1pN2ppk/3Bp3/1PP5/1P3PPK/8","stockfishScores":{"wn":0.5}},{"fenStr":"2rr4/1R6/N1p4p/1p3ppk/3Bp3/1PP5/1P3PPK/8","stockfishScores":{"bn":0.503095238095238}},{"fenStr":"2rr4/1R6/N1p4p/1p4pk/3Bpp2/1PP5/1P3PPK/8","stockfishScores":{"wn":0.5011904761904762}},{"fenStr":"2rr4/1R6/2p4p/1pN3pk/3Bpp2/1PP5/1P3PPK/8","stockfishScores":{"bn":0.5042857142857143}},{"fenStr":"2r1r3/1R6/2p4p/1pN3pk/3Bpp2/1PP5/1P3PPK/8","stockfishScores":{"wn":0.5041666666666667}},{"fenStr":"2r1r3/6R1/2p4p/1pN3pk/3Bpp2/1PP5/1P3PPK/8","stockfishScores":{"bn":0.5027380952380952}},{"fenStr":"3rr3/6R1/2p4p/1pN3pk/3Bpp2/1PP5/1P3PPK/8","stockfishScores":{"wn":0.5020238095238095}},{"fenStr":"3rr3/6R1/2p4p/1pN3pk/3Bpp2/1PP4K/1P3PP1/8","stockfishScores":{"bn":0.5018452380952381}},{"fenStr":"3r2r1/6R1/2p4p/1pN3pk/3Bpp2/1PP4K/1P3PP1/8","stockfishScores":{"wn":0.5045238095238095}},{"fenStr":"3r2R1/8/2p4p/1pN3pk/3Bpp2/1PP4K/1P3PP1/8","stockfishScores":{"bn":0.5458333333333334}},{"fenStr":"6r1/8/2p4p/1pN3pk/3Bpp2/1PP4K/1P3PP1/8","stockfishScores":{"wn":0.502797619047619}},{"fenStr":"6r1/8/2p4p/1p4pk/3BNp2/1PP4K/1P3PP1/8","stockfishScores":{"bn":0.5094047619047619}},{"fenStr":"r7/8/2p4p/1p4pk/3BNp2/1PP4K/1P3PP1/8","stockfishScores":{"wn":0.5098809523809524}},{"fenStr":"r7/8/2p2N1p/1p4pk/3B1p2/1PP4K/1P3PP1/8","stockfishScores":{"bn":0.5088095238095238}},{"fenStr":"r7/8/2p2Nkp/1p4p1/3B1p2/1PP4K/1P3PP1/8","stockfishScores":{"wn":0.5051785714285715}},{"fenStr":"r7/8/2p3kp/1p4p1/3B1pN1/1PP4K/1P3PP1/8","stockfishScores":{"bn":0.5070238095238095}},{"fenStr":"8/8/2p3kp/1p4p1/3B1pN1/1PP4K/1P3PP1/r7","stockfishScores":{"wn":0.5080357142857143}},{"fenStr":"8/8/2p3kp/1p4p1/3B1pN1/1PP5/1P3PPK/r7","stockfishScores":{"bn":0.5050595238095238}},{"fenStr":"8/8/2p3kp/1p4p1/3B1pN1/1PP5/1P3PPK/1r6","stockfishScores":{"wn":0.5043452380952381}},{"fenStr":"8/8/2p3kp/1p2N1p1/3B1p2/1PP5/1P3PPK/1r6","stockfishScores":{"bn":0.5075595238095238}},{"fenStr":"8/8/2p4p/1p2Nkp1/3B1p2/1PP5/1P3PPK/1r6","stockfishScores":{"wn":0.5061904761904762}},{"fenStr":"8/8/2N4p/1p3kp1/3B1p2/1PP5/1P3PPK/1r6","stockfishScores":{"bn":0.5113095238095238}},{"fenStr":"8/8/2N4p/1p3kp1/3B1p2/1PP5/1r3PPK/8","stockfishScores":{"wn":0.5056547619047619}},{"fenStr":"8/8/2N4p/1p3kp1/1P1B1p2/2P5/1r3PPK/8","stockfishScores":{"bn":0.5043452380952381}},{"fenStr":"8/8/2N4p/1p3kp1/1P1B1p2/2P5/2r2PPK/8","stockfishScores":{"wn":0.5043452380952381}},{"fenStr":"8/N7/7p/1p3kp1/1P1B1p2/2P5/2r2PPK/8","stockfishScores":{"bn":0.5017857142857143}},{"fenStr":"8/N7/8/1p3kpp/1P1B1p2/2P5/2r2PPK/8","stockfishScores":{"wn":0.5023809523809524}},{"fenStr":"8/8/8/1N3kpp/1P1B1p2/2P5/2r2PPK/8","stockfishScores":{"bn":0.5120238095238095}},{"fenStr":"8/8/8/1N3k1p/1P1B1pp1/2P5/2r2PPK/8","stockfishScores":{"wn":0.5125}},{"fenStr":"8/8/3N4/5k1p/1P1B1pp1/2P5/2r2PPK/8","stockfishScores":{"bn":0.5158333333333334}},{"fenStr":"8/8/3N4/6kp/1P1B1pp1/2P5/2r2PPK/8","stockfishScores":{"wn":0.5163095238095238}},{"fenStr":"8/8/3N4/1P4kp/3B1pp1/2P5/2r2PPK/8","stockfishScores":{"bn":0.5193452380952381}},{"fenStr":"8/8/3N4/1P4k1/3B1ppp/2P5/2r2PPK/8","stockfishScores":{"wn":0.5183928571428571}},{"fenStr":"8/8/1P1N4/6k1/3B1ppp/2P5/2r2PPK/8","stockfishScores":{"bn":0.5246428571428572}},{"fenStr":"8/8/1P1N4/6k1/3B1ppp/2P5/5PPK/2r5","stockfishScores":{"wn":0.5275595238095238}},{"fenStr":"8/8/1P1N4/6k1/3B1ppp/2P3P1/5P1K/2r5","stockfishScores":{"bn":0.5248214285714285}},{"fenStr":"8/8/1P1N4/6k1/3B2pp/2P3p1/5P1K/2r5","stockfishScores":{"wn":0.5068452380952381}},{"fenStr":"8/8/1P1N4/6k1/3B2pp/2P3P1/7K/2r5","stockfishScores":{"bn":0.5233333333333333}},{"fenStr":"8/8/1P1N4/6k1/3B2pp/2P3P1/2r4K/8","stockfishScores":{"wn":0.5232142857142857}},{"fenStr":"8/8/1P1N4/6k1/3B2pp/2P3P1/2r5/6K1","stockfishScores":{"bn":0.5185714285714286}},{"fenStr":"8/8/1P1N4/6k1/3B2pp/2P3P1/8/2r3K1","stockfishScores":{"wn":0.52}},{"fenStr":"8/8/1P1N4/6k1/3B2pp/2P3P1/7K/2r5","stockfishScores":{"bn":0.5233333333333333}},{"fenStr":"8/8/1P1N4/6k1/3B2pp/2P3P1/2r4K/8","stockfishScores":{"wn":0.5232142857142857}},{"fenStr":"8/8/1P1N4/6k1/3B2pp/2P3P1/2r5/7K","stockfishScores":{"bn":0.5176785714285714}},{"fenStr":"8/8/1P1N4/6k1/3B2pp/2P3P1/8/2r4K","stockfishScores":{"wn":0.518154761904762}},{"fenStr":"8/8/1P1N4/6k1/6pp/2P3P1/8/2r3BK","stockfishScores":{"bn":0.5108928571428571}},{"fenStr":"8/8/1P1N4/6k1/6p1/2P3p1/8/2r3BK","stockfishScores":{"wn":0.5081547619047619}},{"fenStr":"8/1P6/3N4/6k1/6p1/2P3p1/8/2r3BK","stockfishScores":{"bn":0.5149404761904762}},{"fenStr":"8/1P6/3N4/6k1/6p1/2P3p1/8/1r4BK","stockfishScores":{"wn":0.5076190476190476}},{"fenStr":"8/1P6/3N4/6k1/6p1/2P3p1/6K1/1r4B1","stockfishScores":{"bn":0.5163690476190477}},{"fenStr":"8/1P6/3N4/8/5kp1/2P3p1/6K1/1r4B1","stockfishScores":{"wn":0.5129761904761905}},{"fenStr":"8/1P6/3N4/8/2P2kp1/6p1/6K1/1r4B1","stockfishScores":{"bn":0.5138095238095238}},{"fenStr":"8/1P6/3N4/8/2P2kp1/6p1/1r4K1/6B1","stockfishScores":{"wn":0.5154166666666666}},{"fenStr":"8/1P6/3N4/8/2P2kp1/6p1/1r6/6BK","stockfishScores":{"bn":0.5063690476190477}},{"fenStr":"8/1P6/3N4/6k1/2P3p1/6p1/1r6/6BK","stockfishScores":{"wn":0.511547619047619}},{"fenStr":"8/1P6/8/1N4k1/2P3p1/6p1/1r6/6BK","stockfishScores":{"bn":0.5188690476190476}},{"fenStr":"8/1P6/8/1N6/2P3pk/6p1/1r6/6BK","stockfishScores":{"wn":0.5207142857142857}},{"fenStr":"1Q6/8/8/1N6/2P3pk/6p1/1r6/6BK","stockfishScores":{"bn":0.5826785714285714}},{"fenStr":"1Q6/8/8/1N6/2P3p1/6pk/1r6/6BK","stockfishScores":{"wn":0.5832142857142857}},{"fenStr":"7Q/8/8/1N6/2P3p1/6pk/1r6/6BK","stockfishScores":{"bn":0.5828571428571429}}],"result":{"ww":true}}