{"fens":[{"fenStr":"rnbqkbnr/pppppppp/8/8/4P3/8/PPPP1PPP/RNBQKBNR","stockfishScores":{"bn":0.5049404761904762}},{"fenStr":"rnbqkbnr/pppp1ppp/8/4p3/4P3/8/PPPP1PPP/RNBQKBNR","stockfishScores":{"wn":0.5005952380952381}},{"fenStr":"rnbqkbnr/pppp1ppp/8/4p3/4P3/5N2/PPPP1PPP/RNBQKB1R","stockfishScores":{"bn":0.5044047619047619}},{"fenStr":"r1bqkbnr/pppp1ppp/2n5/4p3/4P3/5N2/PPPP1PPP/RNBQKB1R","stockfishScores":{"wn":0.5004166666666666}},{"fenStr":"r1bqkbnr/pppp1ppp/2n5/1B2p3/4P3/5N2/PPPP1PPP/RNBQK2R","stockfishScores":{"bn":0.5002380952380953}},{"fenStr":"r1bqkbnr/1ppp1ppp/p1n5/1B2p3/4P3/5N2/PPPP1PPP/RNBQK2R","stockfishScores":{"wn":0.49535714285714283}},{"fenStr":"r1bqkbnr/1ppp1ppp/p1n5/4p3/B3P3/5N2/PPPP1PPP/RNBQK2R","stockfishScores":{"bn":0.49654761904761907}},{"fenStr":"r1bqkb1r/1ppp1ppp/p1n2n2/4p3/B3P3/5N2/PPPP1PPP/RNBQK2R","stockfishScores":{"wn":0.49273809523809525}},{"fenStr":"r1bqkb1r/1ppp1ppp/p1n2n2/4p3/B3P3/5N2/PPPP1PPP/RNBQ1RK1","stockfishScores":{"bn":0.5022619047619048}},{"fenStr":"r1bqk2r/1pppbppp/p1n2n2/4p3/B3P3/5N2/PPPP1PPP/RNBQ1RK1","stockfishScores":{"wn":0.5031547619047619}},{"fenStr":"r1bqk2r/1pppbppp/p1n2n2/4p3/B3P3/5N2/PPPP1PPP/RNBQR1K1","stockfishScores":{"bn":0.5042857142857143}},{"fenStr":"r1bqk2r/2ppbppp/p1n2n2/1p2p3/B3P3/5N2/PPPP1PPP/RNBQR1K1","stockfishScores":{"wn":0.49773809523809526}},{"fenStr":"r1bqk2r/2ppbppp/p1n2n2/1p2p3/4P3/1B3N2/PPPP1PPP/RNBQR1K1","stockfishScores":{"bn":0.5060714285714286}},{"fenStr":"r1bqk2r/2p1bppp/p1np1n2/1p2p3/4P3/1B3N2/PPPP1PPP/RNBQR1K1","stockfishScores":{"wn":0.5039285714285714}},{"fenStr":"r1bqk2r/2p1bppp/p1np1n2/1p2p3/4P3/1BP2N2/PP1P1PPP/RNBQR1K1","stockfishScores":{"bn":0.504702380952381}},{"fenStr":"r1bq1rk1/2p1bppp/p1np1n2/1p2p3/4P3/1BP2N2/PP1P1PPP/RNBQR1K1","stockfishScores":{"wn":0.49351190476190476}},{"fenStr":"r1bq1rk1/2p1bppp/p1np1n2/1p2p3/3PP3/1BP2N2/PP3PPP/RNBQR1K1","stockfishScores":{"bn":0.5021428571428571}},{"fenStr":"r2q1rk1/2p1bppp/p1np1n2/1p2p3/3PP1b1/1BP2N2/PP3PPP/RNBQR1K1","stockfishScores":{"wn":0.4994642857142857}},{"fenStr":"r2q1rk1/2p1bppp/p1np1n2/1p2p3/3PP1b1/1BP1BN2/PP3PPP/RN1QR1K1","stockfishScores":{"bn":0.4980357142857143}},{"fenStr":"r2qr1k1/2p1bppp/p1np1n2/1p2p3/3PP1b1/1BP1BN2/PP3PPP/RN1QR1K1","stockfishScores":{"wn":0.5004761904761905}},{"fenStr":"r2qr1k1/2p1bppp/p1np1n2/1p2p3/3PP1b1/1BP1BN2/PP1N1PPP/R2QR1K1","stockfishScores":{"bn":0.5052380952380953}},{"fenStr":"r2qr1k1/2p1bppp/p1np1n2/1p6/3pP1b1/1BP1BN2/PP1N1PPP/R2QR1K1","stockfishScores":{"wn":0.48964285714285716}},{"fenStr":"r2qr1k1/2p1bppp/p1np1n2/1p6/3PP1b1/1B2BN2/PP1N1PPP/R2QR1K1","stockfishScores":{"bn":0.5063095238095238}},{"fenStr":"r2qrbk1/2p2ppp/p1np1n2/1p6/3PP1b1/1B2BN2/PP1N1PPP/R2QR1K1","stockfishScores":{"wn":0.5069047619047619}},{"fenStr":"r2qrbk1/2p2ppp/p1np1n2/1p6/3PP1b1/PB2BN2/1P1N1PPP/R2QR1K1","stockfishScores":{"bn":0.5070238095238095}},{"fenStr":"r2qrbk1/2p2ppp/p2p1n2/np6/3PP1b1/PB2BN2/1P1N1PPP/R2QR1K1","stockfishScores":{"wn":0.5052380952380953}},{"fenStr":"r2qrbk1/2p2ppp/p2p1n2/np6/3PP1b1/P3BN2/BP1N1PPP/R2QR1K1","stockfishScores":{"bn":0.5068452380952381}},{"fenStr":"r2qrbk1/5ppp/p2p1n2/npp5/3PP1b1/P3BN2/BP1N1PPP/R2QR1K1","stockfishScores":{"wn":0.5032142857142857}},{"fenStr":"r2qrbk1/5ppp/p2p1n2/npp5/1P1PP1b1/P3BN2/B2N1PPP/R2QR1K1","stockfishScores":{"bn":0.5061309523809524}},{"fenStr":"r2qrbk1/5ppp/p2p1n2/np6/1P1pP1b1/P3BN2/B2N1PPP/R2QR1K1","stockfishScores":{"wn":0.5010119047619047}},{"fenStr":"r2qrbk1/5ppp/p2p1n2/np6/1P1BP1b1/P4N2/B2N1PPP/R2QR1K1","stockfishScores":{"bn":0.5102380952380953}},{"fenStr":"r2qrbk1/5ppp/p1np1n2/1p6/1P1BP1b1/P4N2/B2N1PPP/R2QR1K1","stockfishScores":{"wn":0.5020833333333333}},{"fenStr":"r2qrbk1/5ppp/p1np1n2/1p6/1P2P1b1/P4N2/BB1N1PPP/R2QR1K1","stockfishScores":{"bn":0.5039285714285714}},{"fenStr":"2rqrbk1/5ppp/p1np1n2/1p6/1P2P1b1/P4N2/BB1N1PPP/R2QR1K1","stockfishScores":{"wn":0.5032142857142857}},{"fenStr":"2rqrbk1/5ppp/p1np1n2/1p6/1P2P1b1/PQ3N2/BB1N1PPP/R3R1K1","stockfishScores":{"bn":0.5289880952380952}},{"fenStr":"2rqrbk1/5ppp/p1npbn2/1p6/1P2P3/PQ3N2/BB1N1PPP/R3R1K1","stockfishScores":{"wn":0.5}},{"fenStr":"2rqrbk1/5ppp/p1npbn2/1p6/1P2P3/P2Q1N2/BB1N1PPP/R3R1K1","stockfishScores":{"bn":0.5011904761904762}},{"fenStr":"2rqrbk1/5ppp/p1np1n2/1p6/1P2P3/P2Q1N2/bB1N1PPP/R3R1K1","stockfishScores":{"wn":0.4806547619047619}},{"fenStr":"2rqrbk1/5ppp/p1np1n2/1p6/1P2P3/P2Q1N2/RB1N1PPP/4R1K1","stockfishScores":{"bn":0.5023809523809524}},{"fenStr":"2rqrbk1/5ppp/p1np4/1p6/1P2P1n1/P2Q1N2/RB1N1PPP/4R1K1","stockfishScores":{"wn":0.5022619047619048}},{"fenStr":"2rqrbk1/5ppp/p1np4/1p6/1P2P1n1/P2Q1N2/RB3PPP/4RNK1","stockfishScores":{"bn":0.4992261904761905}},{"fenStr":"2rqrbk1/5ppp/p2p4/1p2n3/1P2P1n1/P2Q1N2/RB3PPP/4RNK1","stockfishScores":{"wn":0.49107142857142855}},{"fenStr":"2rqrbk1/5ppp/p2p4/1p2N3/1P2P1n1/P2Q4/RB3PPP/4RNK1","stockfishScores":{"bn":0.518452380952381}},{"fenStr":"2rqrbk1/5ppp/p2p4/1p2n3/1P2P3/P2Q4/RB3PPP/4RNK1","stockfishScores":{"wn":0.4948214285714286}},{"fenStr":"2rqrbk1/5ppp/p2p4/1p2B3/1P2P3/P2Q4/R4PPP/4RNK1","stockfishScores":{"bn":0.5156547619047619}},{"fenStr":"2rqrbk1/5ppp/p7/1p2p3/1P2P3/P2Q4/R4PPP/4RNK1","stockfishScores":{"wn":0.49583333333333335}},{"fenStr":"2rqrbk1/5ppp/p7/1p2p3/1P2P3/P2Q4/R4PPP/3R1NK1","stockfishScores":{"bn":0.5052380952380953}},{"fenStr":"2r1rbk1/5ppp/p7/1p2p3/1P2P3/P2q4/R4PPP/3R1NK1","stockfishScores":{"wn":0.4214880952380953}},{"fenStr":"2r1rbk1/5ppp/p7/1p2p3/1P2P3/P2R4/R4PPP/5NK1","stockfishScores":{"bn":0.49833333333333335}},{"fenStr":"4rbk1/5ppp/p7/1p2p3/1Pr1P3/P2R4/R4PPP/5NK1","stockfishScores":{"wn":0.49720238095238095}},{"fenStr":"4rbk1/5ppp/p7/1p2p3/1Pr1P3/P2R1P2/R5PP/5NK1","stockfishScores":{"bn":0.498452380952381}},{"fenStr":"4rbk1/5ppp/8/pp2p3/1Pr1P3/P2R1P2/R5PP/5NK1","stockfishScores":{"wn":0.49988095238095237}},{"fenStr":"4rbk1/5ppp/8/Pp2p3/2r1P3/P2R1P2/R5PP/5NK1","stockfishScores":{"bn":0.5064880952380952}},{"fenStr":"4r1k1/5ppp/8/Ppb1p3/2r1P3/P2R1P2/R5PP/5NK1","stockfishScores":{"wn":0.5060714285714286}},{"fenStr":"4r1k1/5ppp/8/Ppb1p3/2r1P3/P2RNP2/R5PP/6K1","stockfishScores":{"bn":0.5050595238095238}},{"fenStr":"4r1k1/6pp/8/Ppb1pp2/2r1P3/P2RNP2/R5PP/6K1","stockfishScores":{"wn":0.5060714285714286}},{"fenStr":"4r1k1/6pp/8/Ppb1pp2/2r1P3/P2RNP2/R5PP/5K2","stockfishScores":{"bn":0.5123214285714286}},{"fenStr":"4r1k1/6pp/8/Ppb1p3/2r1p3/P2RNP2/R5PP/5K2","stockfishScores":{"wn":0.5059523809523809}},{"fenStr":"4r1k1/6pp/8/Ppb1p3/2N1p3/P2R1P2/R5PP/5K2","stockfishScores":{"bn":0.5461904761904762}},{"fenStr":"4r1k1/6pp/8/Ppb1p3/2N5/P2p1P2/R5PP/5K2","stockfishScores":{"wn":0.4992261904761905}},{"fenStr":"4r1k1/6pp/8/Ppb1p3/8/P2p1P2/R2N2PP/5K2","stockfishScores":{"bn":0.4980952380952381}},{"fenStr":"4r1k1/6pp/8/Pp2p3/8/P2pbP2/R2N2PP/5K2","stockfishScores":{"wn":0.4986309523809524}},{"fenStr":"4r1k1/6pp/8/Pp2p3/8/P2pbP2/R2N2PP/4K3","stockfishScores":{"bn":0.49970238095238095}},{"fenStr":"2r3k1/6pp/8/Pp2p3/8/P2pbP2/R2N2PP/4K3","stockfishScores":{"wn":0.4967857142857143}},{"fenStr":"2r3k1/6pp/8/Pp2p3/8/P2pbP2/R2N2PP/3K4","stockfishScores":{"bn":0.4961309523809524}},{"fenStr":"6k1/6pp/8/Pp2p3/8/P1rpbP2/R2N2PP/3K4","stockfishScores":{"wn":0.4957142857142857}},{"fenStr":"6k1/6pp/P7/1p2p3/8/P1rpbP2/R2N2PP/3K4","stockfishScores":{"bn":0.49714285714285716}},{"fenStr":"8/5kpp/P7/1p2p3/8/P1rpbP2/R2N2PP/3K4","stockfishScores":{"wn":0.4955357142857143}},{"fenStr":"8/5kpp/P7/1p2p3/P7/2rpbP2/R2N2PP/3K4","stockfishScores":{"bn":0.4967857142857143}},{"fenStr":"8/5kpp/P7/4p3/p7/2rpbP2/R2N2PP/3K4","stockfishScores":{"wn":0.49142857142857144}},{"fenStr":"8/5kpp/P7/4p3/R7/2rpbP2/3N2PP/3K4","stockfishScores":{"bn":0.5005357142857143}},{"fenStr":"8/5kpp/P7/4p3/R7/3pbP2/2rN2PP/3K4","stockfishScores":{"wn":0.49565476190476193}},{"fenStr":"8/P4kpp/8/4p3/R7/3pbP2/2rN2PP/3K4","stockfishScores":{"bn":0.511547619047619}},{"fenStr":"8/P4kpp/8/4p3/R7/3pbP2/3r2PP/3K4","stockfishScores":{"wn":0.4942261904761905}},{"fenStr":"8/P4kpp/8/4p3/R7/3pbP2/3r2PP/4K3","stockfishScores":{"bn":0.4917261904761905}},{"fenStr":"8/P4kpp/8/4p3/R7/3pbP2/6rP/4K3","stockfishScores":{"wn":0.48023809523809524}},{"fenStr":"Q7/5kpp/8/4p3/R7/3pbP2/6rP/4K3","stockfishScores":{"bn":0.5232142857142857}},{"fenStr":"Q7/5kpp/8/4p3/R7/3pbP2/7P/4K1r1","stockfishScores":{"wn":0.530952380952381}}],"result":{"bw":true}}