{"fens":[{"fenStr":"rnbqkbnr/pppppppp/8/8/4P3/8/PPPP1PPP/RNBQKBNR","stockfishScores":{"bn":0.5049404761904762}},{"fenStr":"rnbqkbnr/pp1ppppp/8/2p5/4P3/8/PPPP1PPP/RNBQKBNR","stockfishScores":{"wn":0.5038095238095238}},{"fenStr":"rnbqkbnr/pp1ppppp/8/2p5/4P3/5N2/PPPP1PPP/RNBQKB1R","stockfishScores":{"bn":0.5058928571428571}},{"fenStr":"r1bqkbnr/pp1ppppp/2n5/2p5/4P3/5N2/PPPP1PPP/RNBQKB1R","stockfishScores":{"wn":0.5025}},{"fenStr":"r1bqkbnr/pp1ppppp/2n5/1Bp5/4P3/5N2/PPPP1PPP/RNBQK2R","stockfishScores":{"bn":0.5023809523809524}},{"fenStr":"r1bqkbnr/pp1p1ppp/2n1p3/1Bp5/4P3/5N2/PPPP1PPP/RNBQK2R","stockfishScores":{"wn":0.4982738095238095}},{"fenStr":"r1bqkbnr/pp1p1ppp/2n1p3/1Bp5/4P3/5N2/PPPP1PPP/RNBQ1RK1","stockfishScores":{"bn":0.5077380952380952}},{"fenStr":"r1bqkbnr/pp3ppp/2n1p3/1Bpp4/4P3/5N2/PPPP1PPP/RNBQ1RK1","stockfishScores":{"wn":0.5057142857142857}},{"fenStr":"r1bqkbnr/pp3ppp/2n1p3/1BpP4/8/5N2/PPPP1PPP/RNBQ1RK1","stockfishScores":{"bn":0.5158333333333334}},{"fenStr":"r1bqkbnr/pp3ppp/2n5/1Bpp4/8/5N2/PPPP1PPP/RNBQ1RK1","stockfishScores":{"wn":0.5061309523809524}},{"fenStr":"r1bqkbnr/pp3ppp/2n5/1Bpp4/8/5N2/PPPP1PPP/RNBQR1K1","stockfishScores":{"bn":0.5319642857142857}},{"fenStr":"r1bqk1nr/pp2bppp/2n5/1Bpp4/8/5N2/PPPP1PPP/RNBQR1K1","stockfishScores":{"wn":0.512797619047619}},{"fenStr":"r1bqk1nr/pp2bppp/2n5/1Bpp4/1P6/5N2/P1PP1PPP/RNBQR1K1","stockfishScores":{"bn":0.5130357142857143}},{"fenStr":"r1bqk1nr/pp2bppp/2n5/1B1p4/1p6/5N2/P1PP1PPP/RNBQR1K1","stockfishScores":{"wn":0.5090476190476191}},{"fenStr":"r1bqk1nr/pp2bppp/2n5/1B1p4/1p6/P4N2/2PP1PPP/RNBQR1K1","stockfishScores":{"bn":0.5099404761904762}},{"fenStr":"r1bqk2r/pp2bppp/2n2n2/1B1p4/1p6/P4N2/2PP1PPP/RNBQR1K1","stockfishScores":{"wn":0.5061309523809524}},{"fenStr":"r1bqk2r/pp2bppp/2n2n2/1B1pN3/1p6/P7/2PP1PPP/RNBQR1K1","stockfishScores":{"bn":0.5018452380952381}},{"fenStr":"r2qk2r/pp1bbppp/2n2n2/1B1pN3/1p6/P7/2PP1PPP/RNBQR1K1","stockfishScores":{"wn":0.4970833333333333}},{"fenStr":"r2qk2r/pp1Nbppp/2n2n2/1B1p4/1p6/P7/2PP1PPP/RNBQR1K1","stockfishScores":{"bn":0.5260119047619047}},{"fenStr":"r3k2r/pp1qbppp/2n2n2/1B1p4/1p6/P7/2PP1PPP/RNBQR1K1","stockfishScores":{"wn":0.5029166666666667}},{"fenStr":"r3k2r/pp1qbppp/2n2n2/1B1p4/1P6/8/2PP1PPP/RNBQR1K1","stockfishScores":{"bn":0.5113095238095238}},{"fenStr":"r4rk1/pp1qbppp/2n2n2/1B1p4/1P6/8/2PP1PPP/RNBQR1K1","stockfishScores":{"wn":0.49785714285714283}},{"fenStr":"r4rk1/pp1qbppp/2n2n2/1B1p4/1P6/2P5/3P1PPP/RNBQR1K1","stockfishScores":{"bn":0.5003571428571428}},{"fenStr":"r3r1k1/pp1qbppp/2n2n2/1B1p4/1P6/2P5/3P1PPP/RNBQR1K1","stockfishScores":{"wn":0.49976190476190474}},{"fenStr":"r3r1k1/pp1qbppp/2n2n2/3p4/1P6/2P5/3P1PPP/RNBQRBK1","stockfishScores":{"bn":0.4979166666666667}},{"fenStr":"r3r1k1/pp1q1ppp/2nb1n2/3p4/1P6/2P5/3P1PPP/RNBQRBK1","stockfishScores":{"wn":0.49410714285714286}},{"fenStr":"r3R1k1/pp1q1ppp/2nb1n2/3p4/1P6/2P5/3P1PPP/RNBQ1BK1","stockfishScores":{"bn":0.5263690476190476}},{"fenStr":"4r1k1/pp1q1ppp/2nb1n2/3p4/1P6/2P5/3P1PPP/RNBQ1BK1","stockfishScores":{"wn":0.49255952380952384}},{"fenStr":"4r1k1/pp1q1ppp/2nb1n2/3p4/1P1P4/2P5/5PPP/RNBQ1BK1","stockfishScores":{"bn":0.495}},{"fenStr":"4r1k1/pp3ppp/2nb1n2/3p4/1P1P2q1/2P5/5PPP/RNBQ1BK1","stockfishScores":{"wn":0.4932142857142857}},{"fenStr":"4r1k1/pp3ppp/2nb1n2/3p4/1P1P2Q1/2P5/5PPP/RNB2BK1","stockfishScores":{"bn":0.5758928571428571}},{"fenStr":"4r1k1/pp3ppp/2nb4/3p4/1P1P2n1/2P5/5PPP/RNB2BK1","stockfishScores":{"wn":0.49785714285714283}},{"fenStr":"4r1k1/pp3ppp/2nb4/3p4/1P1P2n1/2P3P1/5P1P/RNB2BK1","stockfishScores":{"bn":0.49898809523809523}},{"fenStr":"4r1k1/1p3ppp/p1nb4/3p4/1P1P2n1/2P3P1/5P1P/RNB2BK1","stockfishScores":{"wn":0.495952380952381}},{"fenStr":"4r1k1/1p3ppp/p1nb4/3p4/1P1P2n1/2P2PP1/7P/RNB2BK1","stockfishScores":{"bn":0.4988690476190476}},{"fenStr":"4r1k1/1p3ppp/p1nb4/3p4/1P1P4/2P1nPP1/7P/RNB2BK1","stockfishScores":{"wn":0.4944047619047619}},{"fenStr":"4r1k1/1p3ppp/p1nb4/3p4/1P1P4/2P1BPP1/7P/RN3BK1","stockfishScores":{"bn":0.51875}},{"fenStr":"6k1/1p3ppp/p1nb4/3p4/1P1P4/2P1rPP1/7P/RN3BK1","stockfishScores":{"wn":0.4919047619047619}},{"fenStr":"6k1/1p3ppp/p1nb4/3p4/1P1P4/2P1rPP1/5K1P/RN3B2","stockfishScores":{"bn":0.495}},{"fenStr":"6k1/1p2rppp/p1nb4/3p4/1P1P4/2P2PP1/5K1P/RN3B2","stockfishScores":{"wn":0.49720238095238095}},{"fenStr":"6k1/1p2rppp/p1nb4/3p4/1P1P1P2/2P3P1/5K1P/RN3B2","stockfishScores":{"bn":0.495952380952381}},{"fenStr":"6k1/1pr2ppp/p1nb4/3p4/1P1P1P2/2P3P1/5K1P/RN3B2","stockfishScores":{"wn":0.49892857142857144}},{"fenStr":"6k1/1pr2ppp/p1nb4/3p4/1P1P1P2/2P3P1/5KBP/RN6","stockfishScores":{"bn":0.5006547619047619}},{"fenStr":"6k1/1pr1nppp/p2b4/3p4/1P1P1P2/2P3P1/5KBP/RN6","stockfishScores":{"wn":0.4992857142857143}},{"fenStr":"6k1/1pr1nppp/p2b4/3p4/1P1P1P2/2P3P1/4K1BP/RN6","stockfishScores":{"bn":0.4967261904761905}},{"fenStr":"5k2/1pr1nppp/p2b4/3p4/1P1P1P2/2P3P1/4K1BP/RN6","stockfishScores":{"wn":0.49738095238095237}},{"fenStr":"5k2/1pr1nppp/p2b4/3p4/1P1P1P2/2PK2P1/6BP/RN6","stockfishScores":{"bn":0.4973214285714286}},{"fenStr":"4k3/1pr1nppp/p2b4/3p4/1P1P1P2/2PK2P1/6BP/RN6","stockfishScores":{"wn":0.4994642857142857}},{"fenStr":"4k3/1pr1nppp/p2b4/3p4/1P1P1P2/2PK2P1/3N2BP/R7","stockfishScores":{"bn":0.5029761904761905}},{"fenStr":"8/1prknppp/p2b4/3p4/1P1P1P2/2PK2P1/3N2BP/R7","stockfishScores":{"wn":0.5048214285714285}},{"fenStr":"8/1prknppp/p2b4/3p4/1P1P1P2/2PK2P1/6BP/R4N2","stockfishScores":{"bn":0.5006547619047619}},{"fenStr":"8/1pr1nppp/p1kb4/3p4/1P1P1P2/2PK2P1/6BP/R4N2","stockfishScores":{"wn":0.5020238095238095}},{"fenStr":"8/1pr1nppp/p1kb4/3p4/1P1P1P2/2PKN1P1/6BP/R7","stockfishScores":{"bn":0.5059523809523809}},{"fenStr":"8/1p1rnppp/p1kb4/3p4/1P1P1P2/2PKN1P1/6BP/R7","stockfishScores":{"wn":0.506547619047619}},{"fenStr":"8/1p1rnppp/p1kb4/R2p4/1P1P1P2/2PKN1P1/6BP/8","stockfishScores":{"bn":0.5058928571428571}},{"fenStr":"1b6/1p1rnppp/p1k5/R2p4/1P1P1P2/2PKN1P1/6BP/8","stockfishScores":{"wn":0.5116071428571428}},{"fenStr":"1b6/1p1rnppp/p1k5/2Rp4/1P1P1P2/2PKN1P1/6BP/8","stockfishScores":{"bn":0.5036904761904762}},{"fenStr":"1b6/1p1rnppp/p2k4/2Rp4/1P1P1P2/2PKN1P1/6BP/8","stockfishScores":{"wn":0.5079761904761905}},{"fenStr":"1b6/1p1rnppp/p2k4/2RB4/1P1P1P2/2PKN1P1/7P/8","stockfishScores":{"bn":0.5144642857142857}},{"fenStr":"1b6/3rnppp/pp1k4/2RB4/1P1P1P2/2PKN1P1/7P/8","stockfishScores":{"wn":0.512797619047619}},{"fenStr":"1b6/3rnppp/pp1k4/2RB4/1PNP1P2/2PK2P1/7P/8","stockfishScores":{"bn":0.5107738095238096}}],"result":{"ww":true}}