{"fens":[{"fenStr":"rnbqkbnr/pppppppp/8/8/4P3/8/PPPP1PPP/RNBQKBNR","stockfishScores":{"bn":0.5049404761904762}},{"fenStr":"rnbqkbnr/pp1ppppp/8/2p5/4P3/8/PPPP1PPP/RNBQKBNR","stockfishScores":{"wn":0.5038095238095238}},{"fenStr":"rnbqkbnr/pp1ppppp/8/2p5/4P3/5N2/PPPP1PPP/RNBQKB1R","stockfishScores":{"bn":0.5058928571428571}},{"fenStr":"rnbqkbnr/pp2pppp/3p4/2p5/4P3/5N2/PPPP1PPP/RNBQKB1R","stockfishScores":{"wn":0.5020833333333333}},{"fenStr":"rnbqkbnr/pp2pppp/3p4/2p5/3PP3/5N2/PPP2PPP/RNBQKB1R","stockfishScores":{"bn":0.5076785714285714}},{"fenStr":"rnbqkbnr/pp2pppp/3p4/8/3pP3/5N2/PPP2PPP/RNBQKB1R","stockfishScores":{"wn":0.4976190476190476}},{"fenStr":"rnbqkbnr/pp2pppp/3p4/8/3NP3/8/PPP2PPP/RNBQKB1R","stockfishScores":{"bn":0.51}},{"fenStr":"rnbqkb1r/pp2pppp/3p1n2/8/3NP3/8/PPP2PPP/RNBQKB1R","stockfishScores":{"wn":0.5031547619047619}},{"fenStr":"rnbqkb1r/pp2pppp/3p1n2/8/3NP3/2N5/PPP2PPP/R1BQKB1R","stockfishScores":{"bn":0.5076190476190476}},{"fenStr":"rnbqkb1r/1p2pppp/p2p1n2/8/3NP3/2N5/PPP2PPP/R1BQKB1R","stockfishScores":{"wn":0.5050595238095238}},{"fenStr":"rnbqkb1r/1p2pppp/p2p1n2/8/3NP3/2N5/PPP1BPPP/R1BQK2R","stockfishScores":{"bn":0.5053571428571428}},{"fenStr":"rnbqkb1r/1p3ppp/p2ppn2/8/3NP3/2N5/PPP1BPPP/R1BQK2R","stockfishScores":{"wn":0.5051190476190476}},{"fenStr":"rnbqkb1r/1p3ppp/p2ppn2/8/3NP3/2N1B3/PPP1BPPP/R2QK2R","stockfishScores":{"bn":0.5057738095238096}},{"fenStr":"rnbqk2r/1p2bppp/p2ppn2/8/3NP3/2N1B3/PPP1BPPP/R2QK2R","stockfishScores":{"wn":0.5058928571428571}},{"fenStr":"rnbqk2r/1p2bppp/p2ppn2/8/3NP3/2N1B3/PPP1BPPP/R2Q1RK1","stockfishScores":{"bn":0.5168452380952381}},{"fenStr":"rnbq1rk1/1p2bppp/p2ppn2/8/3NP3/2N1B3/PPP1BPPP/R2Q1RK1","stockfishScores":{"wn":0.5069642857142858}},{"fenStr":"rnbq1rk1/1p2bppp/p2ppn2/8/3NPP2/2N1B3/PPP1B1PP/R2Q1RK1","stockfishScores":{"bn":0.508095238095238}},{"fenStr":"rnb2rk1/1pq1bppp/p2ppn2/8/3NPP2/2N1B3/PPP1B1PP/R2Q1RK1","stockfishScores":{"wn":0.5085119047619048}},{"fenStr":"rnb2rk1/1pq1bppp/p2ppn2/8/3NPP2/2N1B3/PPP1B1PP/R3QRK1","stockfishScores":{"bn":0.5083928571428571}},{"fenStr":"rnb2rk1/2q1bppp/p2ppn2/1p6/3NPP2/2N1B3/PPP1B1PP/R3QRK1","stockfishScores":{"wn":0.5076785714285714}},{"fenStr":"rnb2rk1/2q1bppp/p2ppn2/1p6/3NPP2/2N1BB2/PPP3PP/R3QRK1","stockfishScores":{"bn":0.5069642857142858}},{"fenStr":"rn3rk1/1bq1bppp/p2ppn2/1p6/3NPP2/2N1BB2/PPP3PP/R3QRK1","stockfishScores":{"wn":0.5050595238095238}},{"fenStr":"rn3rk1/1bq1bppp/p2ppn2/1p6/3NPP2/P1N1BB2/1PP3PP/R3QRK1","stockfishScores":{"bn":0.5060714285714286}},{"fenStr":"r4rk1/1bqnbppp/p2ppn2/1p6/3NPP2/P1N1BB2/1PP3PP/R3QRK1","stockfishScores":{"wn":0.5023809523809524}},{"fenStr":"r4rk1/1bqnbppp/p2ppn2/1p6/3NPP2/P1N1BB2/1PP3PP/3RQRK1","stockfishScores":{"bn":0.5026190476190476}},{"fenStr":"r4rk1/1bq1bppp/p2ppn2/1pn5/3NPP2/P1N1BB2/1PP3PP/3RQRK1","stockfishScores":{"wn":0.5044047619047619}},{"fenStr":"r4rk1/1bq1bppp/p2ppn2/1pn5/3NPP2/P1N2B2/1PP2BPP/3RQRK1","stockfishScores":{"bn":0.5020238095238095}},{"fenStr":"r3r1k1/1bq1bppp/p2ppn2/1pn5/3NPP2/P1N2B2/1PP2BPP/3RQRK1","stockfishScores":{"wn":0.5026190476190476}},{"fenStr":"r3r1k1/1bq1bppp/p2ppn2/1pn5/3NPP2/P1N2BB1/1PP3PP/3RQRK1","stockfishScores":{"bn":0.5017857142857143}},{"fenStr":"3rr1k1/1bq1bppp/p2ppn2/1pn5/3NPP2/P1N2BB1/1PP3PP/3RQRK1","stockfishScores":{"wn":0.5022619047619048}},{"fenStr":"3rr1k1/1bq1bppp/p2ppn2/1pn5/3NPP2/P1N2BB1/1PP3PP/3RQR1K","stockfishScores":{"bn":0.5004761904761905}},{"fenStr":"3rrbk1/1bq2ppp/p2ppn2/1pn5/3NPP2/P1N2BB1/1PP3PP/3RQR1K","stockfishScores":{"wn":0.5030357142857143}},{"fenStr":"3rrbk1/1bq2ppp/p2ppn2/1pn5/3NPP1B/P1N2B2/1PP3PP/3RQR1K","stockfishScores":{"bn":0.5033928571428572}},{"fenStr":"3rr1k1/1bq1bppp/p2ppn2/1pn5/3NPP1B/P1N2B2/1PP3PP/3RQR1K","stockfishScores":{"wn":0.5030357142857143}},{"fenStr":"3rr1k1/1bq1bppp/p2ppn2/1pn5/3NPP1B/P1N2B2/1PP1Q1PP/3R1R1K","stockfishScores":{"bn":0.5013690476190477}},{"fenStr":"1q1rr1k1/1b2bppp/p2ppn2/1pn5/3NPP1B/P1N2B2/1PP1Q1PP/3R1R1K","stockfishScores":{"wn":0.5051190476190476}},{"fenStr":"1q1rr1k1/1b2bppp/p2ppn2/1pn5/1P1NPP1B/P1N2B2/2P1Q1PP/3R1R1K","stockfishScores":{"bn":0.5061309523809524}},{"fenStr":"1q1rr1k1/1b1nbppp/p2ppn2/1p6/1P1NPP1B/P1N2B2/2P1Q1PP/3R1R1K","stockfishScores":{"wn":0.5041071428571429}},{"fenStr":"1q1rr1k1/1b1nbppp/p2ppn2/1p2P3/1P1N1P1B/P1N2B2/2P1Q1PP/3R1R1K","stockfishScores":{"bn":0.5100595238095238}},{"fenStr":"1q1rr1k1/1b1nbppp/p2pp3/1p1nP3/1P1N1P1B/P1N2B2/2P1Q1PP/3R1R1K","stockfishScores":{"wn":0.4969047619047619}},{"fenStr":"1q1rr1k1/1b1nbppp/p2pp3/1p1BP3/1P1N1P1B/P1N5/2P1Q1PP/3R1R1K","stockfishScores":{"bn":0.5225595238095239}},{"fenStr":"1q1rr1k1/1b1n1ppp/p2pp3/1p1BP3/1P1N1P1b/P1N5/2P1Q1PP/3R1R1K","stockfishScores":{"wn":0.49970238095238095}},{"fenStr":"1q1rr1k1/1B1n1ppp/p2pp3/1p2P3/1P1N1P1b/P1N5/2P1Q1PP/3R1R1K","stockfishScores":{"bn":0.5330357142857143}},{"fenStr":"3rr1k1/1q1n1ppp/p2pp3/1p2P3/1P1N1P1b/P1N5/2P1Q1PP/3R1R1K","stockfishScores":{"wn":0.5051785714285715}},{"fenStr":"3rr1k1/1q1n1ppp/p2Pp3/1p6/1P1N1P1b/P1N5/2P1Q1PP/3R1R1K","stockfishScores":{"bn":0.5101785714285715}},{"fenStr":"3rr1k1/1q1n1ppp/p2P4/1p2p3/1P1N1P1b/P1N5/2P1Q1PP/3R1R1K","stockfishScores":{"wn":0.5069642857142858}},{"fenStr":"3rr1k1/1q1n1ppp/p2P4/1p2pN2/1P3P1b/P1N5/2P1Q1PP/3R1R1K","stockfishScores":{"bn":0.5150595238095238}},{"fenStr":"3rr1k1/1q1n1ppp/p2P4/1p3N2/1P3p1b/P1N5/2P1Q1PP/3R1R1K","stockfishScores":{"wn":0.4981547619047619}},{"fenStr":"3rr1k1/1q1n1ppp/p2P4/1p3N2/1P3pQb/P1N5/2P3PP/3R1R1K","stockfishScores":{"bn":0.5158333333333334}},{"fenStr":"3rr1k1/1q1n1ppp/p2P1b2/1p3N2/1P3pQ1/P1N5/2P3PP/3R1R1K","stockfishScores":{"wn":0.4970833333333333}},{"fenStr":"3rr1k1/1q1n1ppp/p2P1b2/1p1N1N2/1P3pQ1/P7/2P3PP/3R1R1K","stockfishScores":{"bn":0.5070833333333333}},{"fenStr":"3rr1k1/1q1n1ppp/p2P4/1p1NbN2/1P3pQ1/P7/2P3PP/3R1R1K","stockfishScores":{"wn":0.5055952380952381}},{"fenStr":"3rr1k1/1q1n1ppp/p2P4/1p1NbN2/1P3RQ1/P7/2P3PP/3R3K","stockfishScores":{"bn":0.5088095238095238}},{"fenStr":"3r2k1/1q1n1ppp/p2Pr3/1p1NbN2/1P3RQ1/P7/2P3PP/3R3K","stockfishScores":{"wn":0.5086309523809524}},{"fenStr":"3r2k1/1q1n1ppp/p2Pr3/1p1NbN2/1P2R1Q1/P7/2P3PP/3R3K","stockfishScores":{"bn":0.5105357142857143}},{"fenStr":"3r2k1/1q1n1p1p/p2Pr1p1/1p1NbN2/1P2R1Q1/P7/2P3PP/3R3K","stockfishScores":{"wn":0.5166666666666667}},{"fenStr":"3r2k1/1q1n1p1p/p2Pr1p1/1p1NbN2/1P2R2Q/P7/2P3PP/3R3K","stockfishScores":{"bn":0.544345238095238}},{"fenStr":"5rk1/1q1n1p1p/p2Pr1p1/1p1NbN2/1P2R2Q/P7/2P3PP/3R3K","stockfishScores":{"wn":0.5252976190476191}},{"fenStr":"5rk1/1q1nNp1p/p2Pr1p1/1p2bN2/1P2R2Q/P7/2P3PP/3R3K","stockfishScores":{"bn":0.5170833333333333}},{"fenStr":"5r1k/1q1nNp1p/p2Pr1p1/1p2bN2/1P2R2Q/P7/2P3PP/3R3K","stockfishScores":{"wn":0.514702380952381}},{"fenStr":"5r1k/1q1nNp1Q/p2Pr1p1/1p2bN2/1P2R3/P7/2P3PP/3R3K","stockfishScores":{"bn":0.5136904761904761}},{"fenStr":"5r2/1q1nNp1k/p2Pr1p1/1p2bN2/1P2R3/P7/2P3PP/3R3K","stockfishScores":{"wn":0.4346428571428571}},{"fenStr":"5r2/1q1nNp1k/p2Pr1p1/1p2bN2/1P5R/P7/2P3PP/3R3K","stockfishScores":{"bn":0.4344047619047619}}],"result":{"ww":true}}