{"fens":[{"fenStr":"rnbqkbnr/pppppppp/8/8/8/5N2/PPPPPPPP/RNBQKB1R","stockfishScores":{"bn":0.5038690476190476}},{"fenStr":"rnbqkbnr/pp1ppppp/8/2p5/8/5N2/PPPPPPPP/RNBQKB1R","stockfishScores":{"wn":0.5022619047619048}},{"fenStr":"rnbqkbnr/pp1ppppp/8/2p5/2P5/5N2/PP1PPPPP/RNBQKB1R","stockfishScores":{"bn":0.5033928571428572}},{"fenStr":"rnbqkb1r/pp1ppppp/5n2/2p5/2P5/5N2/PP1PPPPP/RNBQKB1R","stockfishScores":{"wn":0.5005952380952381}},{"fenStr":"rnbqkb1r/pp1ppppp/5n2/2p5/2P5/2N2N2/PP1PPPPP/R1BQKB1R","stockfishScores":{"bn":0.5039285714285714}},{"fenStr":"rnbqkb1r/p2ppppp/1p3n2/2p5/2P5/2N2N2/PP1PPPPP/R1BQKB1R","stockfishScores":{"wn":0.5030357142857143}},{"fenStr":"rnbqkb1r/p2ppppp/1p3n2/2p5/2P5/2N2NP1/PP1PPP1P/R1BQKB1R","stockfishScores":{"bn":0.5044642857142857}},{"fenStr":"rn1qkb1r/pb1ppppp/1p3n2/2p5/2P5/2N2NP1/PP1PPP1P/R1BQKB1R","stockfishScores":{"wn":0.49976190476190474}},{"fenStr":"rn1qkb1r/pb1ppppp/1p3n2/2p5/2P5/2N2NP1/PP1PPPBP/R1BQK2R","stockfishScores":{"bn":0.5008928571428571}},{"fenStr":"rn1qkb1r/pb1p1ppp/1p2pn2/2p5/2P5/2N2NP1/PP1PPPBP/R1BQK2R","stockfishScores":{"wn":0.49773809523809526}},{"fenStr":"rn1qkb1r/pb1p1ppp/1p2pn2/2p5/2P5/2N2NP1/PP1PPPBP/R1BQ1RK1","stockfishScores":{"bn":0.5057738095238096}},{"fenStr":"rn1qk2r/pb1pbppp/1p2pn2/2p5/2P5/2N2NP1/PP1PPPBP/R1BQ1RK1","stockfishScores":{"wn":0.506547619047619}},{"fenStr":"rn1qk2r/pb1pbppp/1p2pn2/2p5/2PP4/2N2NP1/PP2PPBP/R1BQ1RK1","stockfishScores":{"bn":0.512797619047619}},{"fenStr":"rn1qk2r/pb1pbppp/1p2pn2/8/2Pp4/2N2NP1/PP2PPBP/R1BQ1RK1","stockfishScores":{"wn":0.505297619047619}},{"fenStr":"rn1qk2r/pb1pbppp/1p2pn2/8/2PQ4/2N2NP1/PP2PPBP/R1B2RK1","stockfishScores":{"bn":0.5089880952380952}},{"fenStr":"rn1qk2r/pb2bppp/1p1ppn2/8/2PQ4/2N2NP1/PP2PPBP/R1B2RK1","stockfishScores":{"wn":0.5091071428571429}},{"fenStr":"rn1qk2r/pb2bppp/1p1ppn2/8/2PQ4/1PN2NP1/P3PPBP/R1B2RK1","stockfishScores":{"bn":0.509702380952381}},{"fenStr":"r2qk2r/pb1nbppp/1p1ppn2/8/2PQ4/1PN2NP1/P3PPBP/R1B2RK1","stockfishScores":{"wn":0.5070833333333333}},{"fenStr":"r2qk2r/pb1nbppp/1p1ppn2/8/2PQP3/1PN2NP1/P4PBP/R1B2RK1","stockfishScores":{"bn":0.5079761904761905}},{"fenStr":"r2qk2r/1b1nbppp/pp1ppn2/8/2PQP3/1PN2NP1/P4PBP/R1B2RK1","stockfishScores":{"wn":0.5096428571428572}},{"fenStr":"r2qk2r/1b1nbppp/pp1ppn2/8/2PQP3/BPN2NP1/P4PBP/R4RK1","stockfishScores":{"bn":0.5096428571428572}},{"fenStr":"r2qk2r/1b2bppp/pp1ppn2/2n5/2PQP3/BPN2NP1/P4PBP/R4RK1","stockfishScores":{"wn":0.511547619047619}},{"fenStr":"r2qk2r/1b2bppp/pp1ppn2/2n1P3/2PQ4/BPN2NP1/P4PBP/R4RK1","stockfishScores":{"bn":0.5197619047619048}},{"fenStr":"r2qk2r/1b2bppp/pp2pn2/2n1p3/2PQ4/BPN2NP1/P4PBP/R4RK1","stockfishScores":{"wn":0.5032738095238095}},{"fenStr":"r2Qk2r/1b2bppp/pp2pn2/2n1p3/2P5/BPN2NP1/P4PBP/R4RK1","stockfishScores":{"bn":0.5714880952380952}},{"fenStr":"3rk2r/1b2bppp/pp2pn2/2n1p3/2P5/BPN2NP1/P4PBP/R4RK1","stockfishScores":{"wn":0.4979166666666667}},{"fenStr":"3rk2r/1b2bppp/pp2pn2/2n1N3/2P5/BPN3P1/P4PBP/R4RK1","stockfishScores":{"bn":0.5082738095238095}},{"fenStr":"3rk2r/4bppp/pp2pn2/2n1N3/2P5/BPN3P1/P4PbP/R4RK1","stockfishScores":{"wn":0.47767857142857145}},{"fenStr":"3rk2r/4bppp/pp2pn2/2n1N3/2P5/BPN3P1/P4PKP/R4R2","stockfishScores":{"bn":0.5070833333333333}},{"fenStr":"3rk2r/5ppp/pp1bpn2/2n1N3/2P5/BPN3P1/P4PKP/R4R2","stockfishScores":{"wn":0.5057142857142857}},{"fenStr":"3rk2r/5ppp/ppNbpn2/2n5/2P5/BPN3P1/P4PKP/R4R2","stockfishScores":{"bn":0.5095238095238095}},{"fenStr":"4k2r/3r1ppp/ppNbpn2/2n5/2P5/BPN3P1/P4PKP/R4R2","stockfishScores":{"wn":0.5075595238095238}},{"fenStr":"4k2r/3r1ppp/ppNbpn2/2B5/2P5/1PN3P1/P4PKP/R4R2","stockfishScores":{"bn":0.5325}},{"fenStr":"4k2r/3r1ppp/p1Nbpn2/2p5/2P5/1PN3P1/P4PKP/R4R2","stockfishScores":{"wn":0.5068452380952381}},{"fenStr":"4k2r/3r1ppp/p1Nbpn2/2p5/2P5/1PN3P1/P4PKP/3R1R2","stockfishScores":{"bn":0.5099404761904762}},{"fenStr":"4k2r/3r1pp1/p1Nbpn2/2p4p/2P5/1PN3P1/P4PKP/3R1R2","stockfishScores":{"wn":0.508095238095238}},{"fenStr":"4k2r/3r1pp1/p1Nbpn2/2p4p/N1P5/1P4P1/P4PKP/3R1R2","stockfishScores":{"bn":0.5063690476190477}},{"fenStr":"4k2r/3r1pp1/p1Nbpn2/2p5/N1P4p/1P4P1/P4PKP/3R1R2","stockfishScores":{"wn":0.5073809523809524}},{"fenStr":"4k2r/3r1pp1/pNNbpn2/2p5/2P4p/1P4P1/P4PKP/3R1R2","stockfishScores":{"bn":0.5088690476190476}},{"fenStr":"4k2r/3r1pp1/pNNbpn2/2p5/2P5/1P4p1/P4PKP/3R1R2","stockfishScores":{"wn":0.49565476190476193}},{"fenStr":"4k2r/3r1pp1/pNNbpn2/2p5/2P5/1P4pP/P4PK1/3R1R2","stockfishScores":{"bn":0.49565476190476193}},{"fenStr":"4k2r/3r1pp1/pNNbpn2/2p5/2P5/1P5P/P4pK1/3R1R2","stockfishScores":{"wn":0.48755952380952383}},{"fenStr":"4k2r/3N1pp1/p1Nbpn2/2p5/2P5/1P5P/P4pK1/3R1R2","stockfishScores":{"bn":0.5260714285714285}},{"fenStr":"7r/3k1pp1/p1Nbpn2/2p5/2P5/1P5P/P4pK1/3R1R2","stockfishScores":{"wn":0.5045238095238095}},{"fenStr":"7r/3k1pp1/p2bpn2/2p1N3/2P5/1P5P/P4pK1/3R1R2","stockfishScores":{"bn":0.507797619047619}},{"fenStr":"7r/4kpp1/p2bpn2/2p1N3/2P5/1P5P/P4pK1/3R1R2","stockfishScores":{"wn":0.5026785714285714}},{"fenStr":"7r/4kpp1/p1Nbpn2/2p5/2P5/1P5P/P4pK1/3R1R2","stockfishScores":{"bn":0.49660714285714286}},{"fenStr":"7r/3k1pp1/p1Nbpn2/2p5/2P5/1P5P/P4pK1/3R1R2","stockfishScores":{"wn":0.5045238095238095}},{"fenStr":"7r/3k1pp1/p2bpn2/2p1N3/2P5/1P5P/P4pK1/3R1R2","stockfishScores":{"bn":0.507797619047619}},{"fenStr":"7r/4kpp1/p2bpn2/2p1N3/2P5/1P5P/P4pK1/3R1R2","stockfishScores":{"wn":0.5026785714285714}},{"fenStr":"7r/4kpp1/p2bpn2/2p5/2P5/1P1N3P/P4pK1/3R1R2","stockfishScores":{"bn":0.49642857142857144}},{"fenStr":"8/4kpp1/p2bpn2/2p4r/2P5/1P1N3P/P4pK1/3R1R2","stockfishScores":{"wn":0.49404761904761907}},{"fenStr":"8/4kpp1/p2bpn2/2p4r/2P5/1P5P/P4NK1/3R1R2","stockfishScores":{"bn":0.5056547619047619}},{"fenStr":"8/4kpp1/p2bpn2/2p3r1/2P5/1P5P/P4NK1/3R1R2","stockfishScores":{"wn":0.5068452380952381}},{"fenStr":"8/4kpp1/p2bpn2/2p3r1/2P5/1P3K1P/P4N2/3R1R2","stockfishScores":{"bn":0.5032142857142857}},{"fenStr":"8/4kpp1/p2bpn2/2p5/2P5/1P3KrP/P4N2/3R1R2","stockfishScores":{"wn":0.5073214285714286}},{"fenStr":"8/4kpp1/p2bpn2/2p5/2P5/1P4rP/P3KN2/3R1R2","stockfishScores":{"bn":0.5055952380952381}},{"fenStr":"8/4kpp1/p2bpn2/2p3r1/2P5/1P5P/P3KN2/3R1R2","stockfishScores":{"wn":0.5098214285714285}},{"fenStr":"8/4kpp1/p2bpn2/2p3r1/2P5/1P1R3P/P3KN2/5R2","stockfishScores":{"bn":0.5074404761904762}},{"fenStr":"8/4kpp1/p3pn2/2p1b1r1/2P5/1P1R3P/P3KN2/5R2","stockfishScores":{"wn":0.5064880952380952}},{"fenStr":"8/4kpp1/p3pn2/2p1b1r1/2P5/1P3R1P/P3KN2/5R2","stockfishScores":{"bn":0.5042261904761904}},{"fenStr":"8/4kpp1/p3pn2/2p1b3/2P5/1P3R1P/P3KNr1/5R2","stockfishScores":{"wn":0.5010119047619047}},{"fenStr":"8/4kpp1/p3pn2/2p1b3/2P5/1P1K1R1P/P4Nr1/5R2","stockfishScores":{"bn":0.5023214285714286}},{"fenStr":"8/4kpp1/p3pn2/2p5/2Pb4/1P1K1R1P/P4Nr1/5R2","stockfishScores":{"wn":0.4995833333333333}},{"fenStr":"8/4kpp1/p3pn2/2p5/1PPb4/3K1R1P/P4Nr1/5R2","stockfishScores":{"bn":0.4986904761904762}},{"fenStr":"8/3nkpp1/p3p3/2p5/1PPb4/3K1R1P/P4Nr1/5R2","stockfishScores":{"wn":0.49916666666666665}},{"fenStr":"8/3nkpp1/p3p3/2p5/1PPbN3/3K1R1P/P5r1/5R2","stockfishScores":{"bn":0.5048214285714285}},{"fenStr":"8/4kpp1/p3p3/2p1n3/1PPbN3/3K1R1P/P5r1/5R2","stockfishScores":{"wn":0.4980357142857143}}],"result":{"bw":true}}