{"fens":[{"fenStr":"rnbqkbnr/pppppppp/8/8/3P4/8/PPP1PPPP/RNBQKBNR","stockfishScores":{"bn":0.5048809523809524}},{"fenStr":"rnbqkbnr/pppp1ppp/4p3/8/3P4/8/PPP1PPPP/RNBQKBNR","stockfishScores":{"wn":0.5007738095238096}},{"fenStr":"rnbqkbnr/pppp1ppp/4p3/8/2PP4/8/PP2PPPP/RNBQKBNR","stockfishScores":{"bn":0.502797619047619}},{"fenStr":"rnbqkbnr/p1pp1ppp/1p2p3/8/2PP4/8/PP2PPPP/RNBQKBNR","stockfishScores":{"wn":0.5016071428571428}},{"fenStr":"rnbqkbnr/p1pp1ppp/1p2p3/8/2PP4/2N5/PP2PPPP/R1BQKBNR","stockfishScores":{"bn":0.5044642857142857}},{"fenStr":"rn1qkbnr/pbpp1ppp/1p2p3/8/2PP4/2N5/PP2PPPP/R1BQKBNR","stockfishScores":{"wn":0.5022619047619048}},{"fenStr":"rn1qkbnr/pbpp1ppp/1p2p3/8/2PP1B2/2N5/PP2PPPP/R2QKBNR","stockfishScores":{"bn":0.5014880952380952}},{"fenStr":"rn1qk1nr/pbpp1ppp/1p2p3/8/1bPP1B2/2N5/PP2PPPP/R2QKBNR","stockfishScores":{"wn":0.4994047619047619}},{"fenStr":"rn1qk1nr/pbpp1ppp/1p2p3/8/1bPP1B2/2N5/PP2PPPP/2RQKBNR","stockfishScores":{"bn":0.4988095238095238}},{"fenStr":"rn1qk1nr/pbpp2pp/1p2p3/5p2/1bPP1B2/2N5/PP2PPPP/2RQKBNR","stockfishScores":{"wn":0.5011309523809524}},{"fenStr":"rn1qk1nr/pbpp2pp/1p2p3/5p2/1bPP1B2/2N1P3/PP3PPP/2RQKBNR","stockfishScores":{"bn":0.5083333333333333}},{"fenStr":"rn1qk2r/pbpp2pp/1p2pn2/5p2/1bPP1B2/2N1P3/PP3PPP/2RQKBNR","stockfishScores":{"wn":0.5018452380952381}},{"fenStr":"rn1qk2r/pbpp2pp/1p2pn2/5p2/1bPP1B2/P1N1P3/1P3PPP/2RQKBNR","stockfishScores":{"bn":0.5061309523809524}},{"fenStr":"rn1qk2r/pbpp2pp/1p2pn2/5p2/2PP1B2/P1b1P3/1P3PPP/2RQKBNR","stockfishScores":{"wn":0.48023809523809524}},{"fenStr":"rn1qk2r/pbpp2pp/1p2pn2/5p2/2PP1B2/P1R1P3/1P3PPP/3QKBNR","stockfishScores":{"bn":0.5059523809523809}},{"fenStr":"rn1q1rk1/pbpp2pp/1p2pn2/5p2/2PP1B2/P1R1P3/1P3PPP/3QKBNR","stockfishScores":{"wn":0.495952380952381}},{"fenStr":"rn1q1rk1/pbpp2pp/1p2pn2/5p2/2PP1B2/P1R1PN2/1P3PPP/3QKB1R","stockfishScores":{"bn":0.4973214285714286}},{"fenStr":"rn1q1rk1/pbp3pp/1p1ppn2/5p2/2PP1B2/P1R1PN2/1P3PPP/3QKB1R","stockfishScores":{"wn":0.4957142857142857}},{"fenStr":"rn1q1rk1/pbp3pp/1p1ppn2/5p2/2PP1B2/P1R1PN1P/1P3PP1/3QKB1R","stockfishScores":{"bn":0.49726190476190474}},{"fenStr":"r2q1rk1/pbpn2pp/1p1ppn2/5p2/2PP1B2/P1R1PN1P/1P3PP1/3QKB1R","stockfishScores":{"wn":0.4936309523809524}},{"fenStr":"r2q1rk1/pbpn2pp/1p1ppn2/5p2/2PP1B2/P1R1PN1P/1P2BPP1/3QK2R","stockfishScores":{"bn":0.4930952380952381}},{"fenStr":"r2q1rk1/pbpn2pp/1p1pp3/5p2/2PPnB2/P1R1PN1P/1P2BPP1/3QK2R","stockfishScores":{"wn":0.4894047619047619}},{"fenStr":"r2q1rk1/pbpn2pp/1p1pp3/5p2/2PPnB2/P3PN1P/1P2BPP1/2RQK2R","stockfishScores":{"bn":0.4903571428571429}},{"fenStr":"r2q1rk1/pbpn3p/1p1pp3/5pp1/2PPnB2/P3PN1P/1P2BPP1/2RQK2R","stockfishScores":{"wn":0.4903571428571429}},{"fenStr":"r2q1rk1/pbpn3p/1p1pp3/5pp1/2PPn3/P3PN1P/1P2BPPB/2RQK2R","stockfishScores":{"bn":0.49029761904761904}},{"fenStr":"r2q1rk1/pbpn3p/1p1pp3/5p2/2PPn1p1/P3PN1P/1P2BPPB/2RQK2R","stockfishScores":{"wn":0.48583333333333334}},{"fenStr":"r2q1rk1/pbpn3p/1p1pp3/5p2/2PPn1p1/P3PN1P/1P2BPPB/2RQK1R1","stockfishScores":{"bn":0.48351190476190475}},{"fenStr":"r2q1rk1/pbp4p/1p1ppn2/5p2/2PPn1p1/P3PN1P/1P2BPPB/2RQK1R1","stockfishScores":{"wn":0.48529761904761903}},{"fenStr":"r2q1rk1/pbp4p/1p1ppn2/5p2/2PPnBp1/P3PN1P/1P2BPP1/2RQK1R1","stockfishScores":{"bn":0.48714285714285716}},{"fenStr":"r4rk1/pbp1q2p/1p1ppn2/5p2/2PPnBp1/P3PN1P/1P2BPP1/2RQK1R1","stockfishScores":{"wn":0.48773809523809525}},{"fenStr":"r4rk1/pbp1q2p/1p1ppn1B/5p2/2PPn1p1/P3PN1P/1P2BPP1/2RQK1R1","stockfishScores":{"bn":0.48720238095238094}},{"fenStr":"r3r1k1/pbp1q2p/1p1ppn1B/5p2/2PPn1p1/P3PN1P/1P2BPP1/2RQK1R1","stockfishScores":{"wn":0.4868452380952381}},{"fenStr":"r3r1k1/pbp1q2p/1p1ppn1B/5pN1/2PPn1p1/P3P2P/1P2BPP1/2RQK1R1","stockfishScores":{"bn":0.4905357142857143}},{"fenStr":"r3r1k1/pbp1q2p/1p1ppn1B/5pN1/2PPn3/P3P1pP/1P2BPP1/2RQK1R1","stockfishScores":{"wn":0.49535714285714283}},{"fenStr":"r3r1k1/pbp1q2p/1p1ppn1B/5pN1/2PPn3/P3P1PP/1P2B1P1/2RQK1R1","stockfishScores":{"bn":0.49202380952380953}},{"fenStr":"r3r2k/pbp1q2p/1p1ppn1B/5pN1/2PPn3/P3P1PP/1P2B1P1/2RQK1R1","stockfishScores":{"wn":0.4961904761904762}},{"fenStr":"r3r2k/pbp1q2p/1p1ppn1B/5pN1/2PPn1P1/P3P2P/1P2B1P1/2RQK1R1","stockfishScores":{"bn":0.4990476190476191}},{"fenStr":"r5rk/pbp1q2p/1p1ppn1B/5pN1/2PPn1P1/P3P2P/1P2B1P1/2RQK1R1","stockfishScores":{"wn":0.49470238095238095}},{"fenStr":"r5rk/pbp1q2p/1p1ppn1B/5pN1/2PPn1PP/P3P3/1P2B1P1/2RQK1R1","stockfishScores":{"bn":0.49785714285714283}},{"fenStr":"r6k/pbp1q2p/1p1ppnrB/5pN1/2PPn1PP/P3P3/1P2B1P1/2RQK1R1","stockfishScores":{"wn":0.4970833333333333}},{"fenStr":"r6k/pbp1q2p/1p1ppnrB/5p2/2PPN1PP/P3P3/1P2B1P1/2RQK1R1","stockfishScores":{"bn":0.5213095238095238}},{"fenStr":"r6k/pbp1q2p/1p1pp1rB/5p2/2PPn1PP/P3P3/1P2B1P1/2RQK1R1","stockfishScores":{"wn":0.4847619047619048}},{"fenStr":"r6k/pbp1q2p/1p1pp1r1/5pB1/2PPn1PP/P3P3/1P2B1P1/2RQK1R1","stockfishScores":{"bn":0.4982738095238095}},{"fenStr":"r6k/pbp1q2p/1p1pp1r1/5pn1/2PP2PP/P3P3/1P2B1P1/2RQK1R1","stockfishScores":{"wn":0.47696428571428573}},{"fenStr":"r6k/pbp1q2p/1p1pp1r1/5pP1/2PP2P1/P3P3/1P2B1P1/2RQK1R1","stockfishScores":{"bn":0.4951785714285714}},{"fenStr":"r6k/pbp4p/1p1pp1r1/5pq1/2PP2P1/P3P3/1P2B1P1/2RQK1R1","stockfishScores":{"wn":0.4830357142857143}},{"fenStr":"r6k/pbp4p/1p1pp1r1/5pq1/2PP2P1/P3P3/1P1KB1P1/2RQ2R1","stockfishScores":{"bn":0.49601190476190476}},{"fenStr":"r6k/pbp4p/1p1pp1r1/6q1/2PP2p1/P3P3/1P1KB1P1/2RQ2R1","stockfishScores":{"wn":0.4851785714285714}},{"fenStr":"r6k/pbp4p/1p1pp1r1/6q1/2PP2p1/P2BP3/1P1K2P1/2RQ2R1","stockfishScores":{"bn":0.48833333333333334}},{"fenStr":"r6k/pbp4p/1p1ppr2/6q1/2PP2p1/P2BP3/1P1K2P1/2RQ2R1","stockfishScores":{"wn":0.4701190476190476}},{"fenStr":"r6k/pbp4p/1p1ppr2/6q1/2PP2p1/P2BP3/1P1K2P1/2RQ3R","stockfishScores":{"bn":0.4836309523809524}},{"fenStr":"r6k/pbp4p/1p1pp3/6q1/2PP2p1/P2BP3/1P1K1rP1/2RQ3R","stockfishScores":{"wn":0.49535714285714283}},{"fenStr":"r6k/pbp4p/1p1pp3/6q1/2PP2p1/P1KBP3/1P3rP1/2RQ3R","stockfishScores":{"bn":0.4955952380952381}},{"fenStr":"r6k/pbp5/1p1pp3/6qp/2PP2p1/P1KBP3/1P3rP1/2RQ3R","stockfishScores":{"wn":0.48136904761904764}},{"fenStr":"r6k/pbp5/1p1pp3/6qp/2PP2p1/P1KBP3/1P3rP1/2RQ1R2","stockfishScores":{"bn":0.4820238095238095}},{"fenStr":"r6k/pbp5/1p1pp3/q6p/2PP2p1/P1KBP3/1P3rP1/2RQ1R2","stockfishScores":{"wn":0.49583333333333335}},{"fenStr":"r6k/pbp5/1p1pp3/q6p/2PP2p1/PK1BP3/1P3rP1/2RQ1R2","stockfishScores":{"bn":0.49178571428571427}},{"fenStr":"r6k/pbp5/1p1pp3/q6p/2PP2p1/PK1BP3/1P1r2P1/2RQ1R2","stockfishScores":{"wn":0.48660714285714285}},{"fenStr":"r6k/pbp5/1p1pp3/q6p/2PP2p1/PK1BP3/1P1r2P1/2R1QR2","stockfishScores":{"bn":0.4867261904761905}},{"fenStr":"r6k/pbp5/1p1pp3/q6p/2PP2p1/PK1rP3/1P4P1/2R1QR2","stockfishScores":{"wn":0.4664285714285714}},{"fenStr":"r6k/pbp5/1p1pp3/q6p/2PP2p1/PKRrP3/1P4P1/4QR2","stockfishScores":{"bn":0.4681547619047619}},{"fenStr":"r6k/pbp5/1p1pp3/q6p/2PP2p1/PKr1P3/1P4P1/4QR2","stockfishScores":{"wn":0.43125}},{"fenStr":"r6k/pbp5/1p1pp3/q6p/2PP2p1/PKP1P3/6P1/4QR2","stockfishScores":{"bn":0.46672619047619046}},{"fenStr":"r6k/pbp5/1p1pp3/6qp/2PP2p1/PKP1P3/6P1/4QR2","stockfishScores":{"wn":0.4681547619047619}},{"fenStr":"r6k/pbp2R2/1p1pp3/6qp/2PP2p1/PKP1P3/6P1/4Q3","stockfishScores":{"bn":0.4718452380952381}},{"fenStr":"r6k/p1p2R2/1p1pp3/6qp/2PPb1p1/PKP1P3/6P1/4Q3","stockfishScores":{"wn":0.46886904761904763}},{"fenStr":"r6k/p1R5/1p1pp3/6qp/2PPb1p1/PKP1P3/6P1/4Q3","stockfishScores":{"bn":0.4717857142857143}},{"fenStr":"r6k/p1R5/1p1pp3/6qp/2PPb3/PKP1P1p1/6P1/4Q3","stockfishScores":{"wn":0.472797619047619}},{"fenStr":"r6k/p1R5/1p1pp3/6qp/2PPb3/PKP1P1p1/6P1/5Q2","stockfishScores":{"bn":0.4736309523809524}},{"fenStr":"r6k/p1R5/1p1pp3/5q1p/2PPb3/PKP1P1p1/6P1/5Q2","stockfishScores":{"wn":0.4741666666666667}},{"fenStr":"r6k/p1R5/1p1pp3/5q1p/2PPb3/PKP1P1p1/6P1/7Q","stockfishScores":{"bn":0.4739285714285714}},{"fenStr":"r6k/p1R5/3pp3/1p3q1p/2PPb3/PKP1P1p1/6P1/7Q","stockfishScores":{"wn":0.4730357142857143}},{"fenStr":"r6k/p1R5/3pp3/1pP2q1p/3Pb3/PKP1P1p1/6P1/7Q","stockfishScores":{"bn":0.46577380952380953}},{"fenStr":"r6k/p1R5/3pp3/1pPq3p/3Pb3/PKP1P1p1/6P1/7Q","stockfishScores":{"wn":0.46625}},{"fenStr":"r6k/p1R5/3pp3/1pPq3p/3Pb3/P1P1P1p1/1K4P1/7Q","stockfishScores":{"bn":0.4750595238095238}},{"fenStr":"5r1k/p1R5/3pp3/1pPq3p/3Pb3/P1P1P1p1/1K4P1/7Q","stockfishScores":{"wn":0.464702380952381}},{"fenStr":"5r1k/p1R5/3pp3/1pPq3p/3Pb2Q/P1P1P1p1/1K4P1/8","stockfishScores":{"bn":0.46327380952380953}},{"fenStr":"7k/p1R5/3pp3/1pPq3p/3Pb2Q/P1P1P1p1/1K3rP1/8","stockfishScores":{"wn":0.47125}},{"fenStr":"7k/p1R5/3pp3/1pPq3p/3Pb2Q/P1P1P1p1/5rP1/2K5","stockfishScores":{"bn":0.4623809523809524}},{"fenStr":"7k/p1R5/3pp3/1pPq3p/3Pb2Q/P1P1P1p1/6P1/2K2r2","stockfishScores":{"wn":0.46976190476190477}},{"fenStr":"7k/p1R5/3pp3/1pPq3p/3Pb2Q/P1P1P1p1/1K4P1/5r2","stockfishScores":{"bn":0.4638095238095238}},{"fenStr":"7k/p1R5/3pp3/1pPq3p/3Pb2Q/P1P1P1p1/1K4P1/1r6","stockfishScores":{"wn":0.4868452380952381}}],"result":{"bw":true}}