{"fens":[{"fenStr":"rnbqkbnr/pppppppp/8/8/3P4/8/PPP1PPPP/RNBQKBNR","stockfishScores":{"bn":0.5048809523809524}},{"fenStr":"rnbqkbnr/pppppp1p/6p1/8/3P4/8/PPP1PPPP/RNBQKBNR","stockfishScores":{"wn":0.5045833333333334}},{"fenStr":"rnbqkbnr/pppppp1p/6p1/8/3P4/5N2/PPP1PPPP/RNBQKB1R","stockfishScores":{"bn":0.5081547619047619}},{"fenStr":"rnbqk1nr/ppppppbp/6p1/8/3P4/5N2/PPP1PPPP/RNBQKB1R","stockfishScores":{"wn":0.5066666666666667}},{"fenStr":"rnbqk1nr/ppppppbp/6p1/8/3PP3/5N2/PPP2PPP/RNBQKB1R","stockfishScores":{"bn":0.5110714285714286}},{"fenStr":"rnbqk1nr/ppp1ppbp/3p2p1/8/3PP3/5N2/PPP2PPP/RNBQKB1R","stockfishScores":{"wn":0.5068452380952381}},{"fenStr":"rnbqk1nr/ppp1ppbp/3p2p1/8/3PP3/2P2N2/PP3PPP/RNBQKB1R","stockfishScores":{"bn":0.5079166666666667}},{"fenStr":"rnbqk2r/ppp1ppbp/3p1np1/8/3PP3/2P2N2/PP3PPP/RNBQKB1R","stockfishScores":{"wn":0.5029761904761905}},{"fenStr":"rnbqk2r/ppp1ppbp/3p1np1/8/3PP3/2PB1N2/PP3PPP/RNBQK2R","stockfishScores":{"bn":0.5048809523809524}},{"fenStr":"rnbq1rk1/ppp1ppbp/3p1np1/8/3PP3/2PB1N2/PP3PPP/RNBQK2R","stockfishScores":{"wn":0.49607142857142855}},{"fenStr":"rnbq1rk1/ppp1ppbp/3p1np1/8/3PP3/2PB1N1P/PP3PP1/RNBQK2R","stockfishScores":{"bn":0.4976190476190476}},{"fenStr":"r1bq1rk1/ppp1ppbp/2np1np1/8/3PP3/2PB1N1P/PP3PP1/RNBQK2R","stockfishScores":{"wn":0.4981547619047619}},{"fenStr":"r1bq1rk1/ppp1ppbp/2np1np1/8/3PP3/2PB1N1P/PP3PP1/RNBQ1RK1","stockfishScores":{"bn":0.5075595238095238}},{"fenStr":"r1bqr1k1/ppp1ppbp/2np1np1/8/3PP3/2PB1N1P/PP3PP1/RNBQ1RK1","stockfishScores":{"wn":0.5088690476190476}},{"fenStr":"r1bqr1k1/ppp1ppbp/2np1np1/6B1/3PP3/2PB1N1P/PP3PP1/RN1Q1RK1","stockfishScores":{"bn":0.5101785714285715}},{"fenStr":"r1bqr1k1/ppp1ppb1/2np1npp/6B1/3PP3/2PB1N1P/PP3PP1/RN1Q1RK1","stockfishScores":{"wn":0.5074404761904762}},{"fenStr":"r1bqr1k1/ppp1ppb1/2np1npp/8/3PP3/2PBBN1P/PP3PP1/RN1Q1RK1","stockfishScores":{"bn":0.5092261904761904}},{"fenStr":"r1bqr1k1/ppp2pb1/2np1npp/4p3/3PP3/2PBBN1P/PP3PP1/RN1Q1RK1","stockfishScores":{"wn":0.5069047619047619}},{"fenStr":"r1bqr1k1/ppp2pb1/2np1npp/4P3/4P3/2PBBN1P/PP3PP1/RN1Q1RK1","stockfishScores":{"bn":0.5139880952380952}},{"fenStr":"r1bqr1k1/ppp2pb1/3p1npp/4n3/4P3/2PBBN1P/PP3PP1/RN1Q1RK1","stockfishScores":{"wn":0.4963095238095238}},{"fenStr":"r1bqr1k1/ppp2pb1/3p1npp/4N3/4P3/2PBB2P/PP3PP1/RN1Q1RK1","stockfishScores":{"bn":0.5201190476190476}},{"fenStr":"r1bq2k1/ppp2pb1/3p1npp/4r3/4P3/2PBB2P/PP3PP1/RN1Q1RK1","stockfishScores":{"wn":0.5}},{"fenStr":"r1bq2k1/ppp2pb1/3p1npp/4r3/4P3/2PBB2P/PP1N1PP1/R2Q1RK1","stockfishScores":{"bn":0.5030357142857143}},{"fenStr":"r1bq2k1/p1p2pb1/1p1p1npp/4r3/4P3/2PBB2P/PP1N1PP1/R2Q1RK1","stockfishScores":{"wn":0.5035714285714286}},{"fenStr":"r1bq2k1/p1p2pb1/1p1p1npp/4r3/4P3/2PBB2P/PPQN1PP1/R4RK1","stockfishScores":{"bn":0.5017261904761905}},{"fenStr":"r2q2k1/pbp2pb1/1p1p1npp/4r3/4P3/2PBB2P/PPQN1PP1/R4RK1","stockfishScores":{"wn":0.5005952380952381}},{"fenStr":"r2q2k1/pbp2pb1/1p1p1npp/4r3/4P3/2PBB2P/PPQN1PP1/4RRK1","stockfishScores":{"bn":0.5006547619047619}},{"fenStr":"r5k1/pbpq1pb1/1p1p1npp/4r3/4P3/2PBB2P/PPQN1PP1/4RRK1","stockfishScores":{"wn":0.5011309523809524}},{"fenStr":"r5k1/pbpq1pb1/1p1p1npp/4r3/2P1P3/3BB2P/PPQN1PP1/4RRK1","stockfishScores":{"bn":0.49916666666666665}},{"fenStr":"4r1k1/pbpq1pb1/1p1p1npp/4r3/2P1P3/3BB2P/PPQN1PP1/4RRK1","stockfishScores":{"wn":0.49797619047619046}},{"fenStr":"4r1k1/pbpq1pb1/1p1p1npp/4r3/2P1P3/3BBP1P/PPQN2P1/4RRK1","stockfishScores":{"bn":0.49851190476190477}},{"fenStr":"4r1k1/pbpq1pb1/1p3npp/3pr3/2P1P3/3BBP1P/PPQN2P1/4RRK1","stockfishScores":{"wn":0.5014880952380952}},{"fenStr":"4r1k1/pbpq1pb1/1p3npp/3pr3/2PBP3/3B1P1P/PPQN2P1/4RRK1","stockfishScores":{"bn":0.5025595238095238}},{"fenStr":"4r1k1/pbpqrpb1/1p3npp/3p4/2PBP3/3B1P1P/PPQN2P1/4RRK1","stockfishScores":{"wn":0.50375}},{"fenStr":"4r1k1/pbpqrpb1/1p3npp/3P4/3BP3/3B1P1P/PPQN2P1/4RRK1","stockfishScores":{"bn":0.5164285714285715}},{"fenStr":"4r1k1/pbpqrpb1/1p4pp/3n4/3BP3/3B1P1P/PPQN2P1/4RRK1","stockfishScores":{"wn":0.4986309523809524}},{"fenStr":"4r1k1/pbpqrpB1/1p4pp/3n4/4P3/3B1P1P/PPQN2P1/4RRK1","stockfishScores":{"bn":0.5333333333333333}},{"fenStr":"4r3/pbpqrpk1/1p4pp/3n4/4P3/3B1P1P/PPQN2P1/4RRK1","stockfishScores":{"wn":0.5025595238095238}},{"fenStr":"4r3/pbpqrpk1/1p4pp/3n4/2B1P3/5P1P/PPQN2P1/4RRK1","stockfishScores":{"bn":0.5042261904761904}},{"fenStr":"4r3/pbpqrpk1/1p4pp/8/2B1Pn2/5P1P/PPQN2P1/4RRK1","stockfishScores":{"wn":0.4926785714285714}},{"fenStr":"4r3/pbpqrpk1/1p4pp/8/2B1Pn2/2Q2P1P/PP1N2P1/4RRK1","stockfishScores":{"bn":0.4986904761904762}},{"fenStr":"4r3/pbpqr1k1/1p3ppp/8/2B1Pn2/2Q2P1P/PP1N2P1/4RRK1","stockfishScores":{"wn":0.5008928571428571}},{"fenStr":"4r3/pbpqr1k1/1p3ppp/8/2B1Pn2/4QP1P/PP1N2P1/4RRK1","stockfishScores":{"bn":0.49642857142857144}},{"fenStr":"4r3/pbp1r1k1/1p1q1ppp/8/2B1Pn2/4QP1P/PP1N2P1/4RRK1","stockfishScores":{"wn":0.4993452380952381}},{"fenStr":"4r3/pbp1r1k1/1p1q1ppp/8/2B1Pn2/1N2QP1P/PP4P1/4RRK1","stockfishScores":{"bn":0.4976190476190476}},{"fenStr":"4r3/pbp1r1k1/1p1q1ppp/8/2B1P3/1N2QP1n/PP4P1/4RRK1","stockfishScores":{"wn":0.5}},{"fenStr":"4r3/pbp1r1k1/1p1q1ppp/8/2B1P3/1N2QP1n/PP4P1/4RR1K","stockfishScores":{"bn":0.49779761904761904}},{"fenStr":"4r3/pbp1r1k1/1p1q1ppp/8/2B1Pn2/1N2QP2/PP4P1/4RR1K","stockfishScores":{"wn":0.49178571428571427}},{"fenStr":"4r3/pbp1r1k1/1p1q1ppp/8/2B1Pn2/1N2QP2/PP4P1/3R1R1K","stockfishScores":{"bn":0.4955357142857143}},{"fenStr":"4r3/pbp1r1k1/1p3ppp/4q3/2B1Pn2/1N2QP2/PP4P1/3R1R1K","stockfishScores":{"wn":0.48541666666666666}},{"fenStr":"4r3/pbp1r1k1/1p3ppp/4q3/2BNPn2/4QP2/PP4P1/3R1R1K","stockfishScores":{"bn":0.4886309523809524}},{"fenStr":"4r3/1bp1r1k1/pp3ppp/4q3/2BNPn2/4QP2/PP4P1/3R1R1K","stockfishScores":{"wn":0.4897619047619048}},{"fenStr":"4r3/1bp1r1k1/pp3ppp/4q3/2BNPn2/5P2/PP4P1/2QR1R1K","stockfishScores":{"bn":0.48738095238095236}},{"fenStr":"4r3/1bp1r1k1/pp3ppp/7q/2BNPn2/5P2/PP4P1/2QR1R1K","stockfishScores":{"wn":0.48660714285714285}},{"fenStr":"4r3/1bp1r1k1/pp3ppp/7q/2BNPn2/5P2/PP4P1/2QR1RK1","stockfishScores":{"bn":0.4898214285714286}},{"fenStr":"4r3/1bp1r1k1/pp3ppp/6q1/2BNPn2/5P2/PP4P1/2QR1RK1","stockfishScores":{"wn":0.4754761904761905}},{"fenStr":"4r3/1bp1r1k1/pp3ppp/6q1/2B1Pn2/5P2/PP2N1P1/2QR1RK1","stockfishScores":{"bn":0.4805952380952381}},{"fenStr":"4r3/1bp1r1k1/pp3ppp/8/2B1Pn2/5P2/PP2N1q1/2QR1RK1","stockfishScores":{"wn":0.45714285714285713}}],"result":{"bw":true}}