{"fens":[{"fenStr":"rnbqkbnr/pppppppp/8/8/4P3/8/PPPP1PPP/RNBQKBNR","stockfishScores":{"bn":0.5049404761904762}},{"fenStr":"rnbqkbnr/pp1ppppp/8/2p5/4P3/8/PPPP1PPP/RNBQKBNR","stockfishScores":{"wn":0.5038095238095238}},{"fenStr":"rnbqkbnr/pp1ppppp/8/2p5/4P3/5N2/PPPP1PPP/RNBQKB1R","stockfishScores":{"bn":0.5058928571428571}},{"fenStr":"r1bqkbnr/pp1ppppp/2n5/2p5/4P3/5N2/PPPP1PPP/RNBQKB1R","stockfishScores":{"wn":0.5025}},{"fenStr":"r1bqkbnr/pp1ppppp/2n5/1Bp5/4P3/5N2/PPPP1PPP/RNBQK2R","stockfishScores":{"bn":0.5023809523809524}},{"fenStr":"r1bqkbnr/pp1ppp1p/2n3p1/1Bp5/4P3/5N2/PPPP1PPP/RNBQK2R","stockfishScores":{"wn":0.5014285714285714}},{"fenStr":"r1bqkbnr/pp1ppp1p/2n3p1/1Bp5/4P3/5N2/PPPP1PPP/RNBQ1RK1","stockfishScores":{"bn":0.5113095238095238}},{"fenStr":"r1bqk1nr/pp1pppbp/2n3p1/1Bp5/4P3/5N2/PPPP1PPP/RNBQ1RK1","stockfishScores":{"wn":0.5092857142857143}},{"fenStr":"r1bqk1nr/pp1pppbp/2n3p1/1Bp5/4P3/2P2N2/PP1P1PPP/RNBQ1RK1","stockfishScores":{"bn":0.5100595238095238}},{"fenStr":"r1bqk2r/pp1pppbp/2n2np1/1Bp5/4P3/2P2N2/PP1P1PPP/RNBQ1RK1","stockfishScores":{"wn":0.5067857142857143}},{"fenStr":"r1bqk2r/pp1pppbp/2n2np1/1Bp5/3PP3/2P2N2/PP3PPP/RNBQ1RK1","stockfishScores":{"bn":0.518452380952381}},{"fenStr":"r1bqk2r/pp1pppbp/2n2np1/1B6/3pP3/2P2N2/PP3PPP/RNBQ1RK1","stockfishScores":{"wn":0.505297619047619}},{"fenStr":"r1bqk2r/pp1pppbp/2n2np1/1B6/3PP3/5N2/PP3PPP/RNBQ1RK1","stockfishScores":{"bn":0.5151190476190476}},{"fenStr":"r1bqk2r/pp1pppbp/2n3p1/1B6/3Pn3/5N2/PP3PPP/RNBQ1RK1","stockfishScores":{"wn":0.5048809523809524}},{"fenStr":"r1bqk2r/pp1pppbp/2n3p1/1B1P4/4n3/5N2/PP3PPP/RNBQ1RK1","stockfishScores":{"bn":0.5066666666666667}},{"fenStr":"r1bqk2r/pp1pppbp/2nn2p1/1B1P4/8/5N2/PP3PPP/RNBQ1RK1","stockfishScores":{"wn":0.5029166666666667}},{"fenStr":"r1bqk2r/pp1pppbp/2nn2p1/3P4/B7/5N2/PP3PPP/RNBQ1RK1","stockfishScores":{"bn":0.5051785714285715}},{"fenStr":"r1bqk2r/p2pppbp/2nn2p1/1p1P4/B7/5N2/PP3PPP/RNBQ1RK1","stockfishScores":{"wn":0.49898809523809523}},{"fenStr":"r1bqk2r/p2pppbp/2nn2p1/1p1P4/8/5N2/PPB2PPP/RNBQ1RK1","stockfishScores":{"bn":0.503452380952381}},{"fenStr":"r1bqk2r/p2pppbp/3n2p1/1p1P4/1n6/5N2/PPB2PPP/RNBQ1RK1","stockfishScores":{"wn":0.5002380952380953}},{"fenStr":"r1bqk2r/p2pppbp/3n2p1/1p1P4/1n6/1B3N2/PP3PPP/RNBQ1RK1","stockfishScores":{"bn":0.5003571428571428}},{"fenStr":"r2qk2r/pb1pppbp/3n2p1/1p1P4/1n6/1B3N2/PP3PPP/RNBQ1RK1","stockfishScores":{"wn":0.49964285714285717}},{"fenStr":"r2qk2r/pb1pppbp/3n2p1/1p1P4/1n6/1BN2N2/PP3PPP/R1BQ1RK1","stockfishScores":{"bn":0.500297619047619}},{"fenStr":"r2qk2r/pb1pppbp/n2n2p1/1p1P4/8/1BN2N2/PP3PPP/R1BQ1RK1","stockfishScores":{"wn":0.5013690476190477}},{"fenStr":"r2qk2r/pb1pppbp/n2n2p1/1p1P4/5B2/1BN2N2/PP3PPP/R2Q1RK1","stockfishScores":{"bn":0.5029761904761905}},{"fenStr":"r2q1rk1/pb1pppbp/n2n2p1/1p1P4/5B2/1BN2N2/PP3PPP/R2Q1RK1","stockfishScores":{"wn":0.49351190476190476}},{"fenStr":"r2q1rk1/pb1pppbp/n2B2p1/1p1P4/8/1BN2N2/PP3PPP/R2Q1RK1","stockfishScores":{"bn":0.5146428571428572}},{"fenStr":"r2q1rk1/pb1p1pbp/n2p2p1/1p1P4/8/1BN2N2/PP3PPP/R2Q1RK1","stockfishScores":{"wn":0.49333333333333335}},{"fenStr":"r2q1rk1/pb1p1pbp/n2p2p1/1N1P4/8/1B3N2/PP3PPP/R2Q1RK1","stockfishScores":{"bn":0.5014285714285714}},{"fenStr":"r4rk1/pb1p1pbp/nq1p2p1/1N1P4/8/1B3N2/PP3PPP/R2Q1RK1","stockfishScores":{"wn":0.49916666666666665}},{"fenStr":"r4rk1/pb1p1pbp/nq1p2p1/3P4/8/NB3N2/PP3PPP/R2Q1RK1","stockfishScores":{"bn":0.4970833333333333}},{"fenStr":"r4rk1/pb1p1pbp/1q1p2p1/2nP4/8/NB3N2/PP3PPP/R2Q1RK1","stockfishScores":{"wn":0.4919047619047619}},{"fenStr":"r4rk1/pb1p1pbp/1q1p2p1/2nP4/2N5/1B3N2/PP3PPP/R2Q1RK1","stockfishScores":{"bn":0.49875}},{"fenStr":"r4rk1/pb1p1pbp/3p2p1/2nP4/1qN5/1B3N2/PP3PPP/R2Q1RK1","stockfishScores":{"wn":0.5000595238095238}},{"fenStr":"r4rk1/pb1p1pbp/3p2p1/2nP4/1qNN4/1B6/PP3PPP/R2Q1RK1","stockfishScores":{"bn":0.49779761904761904}},{"fenStr":"r4rk1/p2p1pbp/b2p2p1/2nP4/1qNN4/1B6/PP3PPP/R2Q1RK1","stockfishScores":{"wn":0.49702380952380953}},{"fenStr":"r4rk1/p2p1pbp/b2p2p1/2nP4/1qN5/1B6/PPN2PPP/R2Q1RK1","stockfishScores":{"bn":0.4992857142857143}},{"fenStr":"r4rk1/pq1p1pbp/b2p2p1/2nP4/2N5/1B6/PPN2PPP/R2Q1RK1","stockfishScores":{"wn":0.4981547619047619}},{"fenStr":"r4rk1/pq1p1pbp/b2p2p1/2nP4/2N5/1B2N3/PP3PPP/R2Q1RK1","stockfishScores":{"bn":0.49797619047619046}},{"fenStr":"1r3rk1/pq1p1pbp/b2p2p1/2nP4/2N5/1B2N3/PP3PPP/R2Q1RK1","stockfishScores":{"wn":0.4974404761904762}},{"fenStr":"1r3rk1/pq1p1pbp/b2p2p1/2nP4/2N5/1B2N3/PP3PPP/R2QR1K1","stockfishScores":{"bn":0.49797619047619046}},{"fenStr":"1r3r1k/pq1p1pbp/b2p2p1/2nP4/2N5/1B2N3/PP3PPP/R2QR1K1","stockfishScores":{"wn":0.5005357142857143}},{"fenStr":"1r3r1k/pq1p1pbp/b2N2p1/2nP4/8/1B2N3/PP3PPP/R2QR1K1","stockfishScores":{"bn":0.5044642857142857}},{"fenStr":"1r3r1k/p2p1pbp/b2N2p1/2nP4/1q6/1B2N3/PP3PPP/R2QR1K1","stockfishScores":{"wn":0.5023214285714286}},{"fenStr":"1r3r1k/p2p1pbp/b2N2p1/2nP4/1qN5/1B6/PP3PPP/R2QR1K1","stockfishScores":{"bn":0.5030357142857143}},{"fenStr":"1r3r1k/p2p1pbp/3N2p1/2nP4/1qb5/1B6/PP3PPP/R2QR1K1","stockfishScores":{"wn":0.48160714285714284}},{"fenStr":"1r3r1k/p2p1pbp/6p1/2nP4/1qN5/1B6/PP3PPP/R2QR1K1","stockfishScores":{"bn":0.5045833333333334}},{"fenStr":"1r3r1k/3p1pbp/6p1/p1nP4/1qN5/1B6/PP3PPP/R2QR1K1","stockfishScores":{"wn":0.5047619047619047}},{"fenStr":"1r3r1k/3p1pbp/6p1/p1nP4/1q6/1B2N3/PP3PPP/R2QR1K1","stockfishScores":{"bn":0.5006547619047619}},{"fenStr":"1r3r1k/3p1pbp/6p1/2nP4/pq6/1B2N3/PP3PPP/R2QR1K1","stockfishScores":{"wn":0.49851190476190477}},{"fenStr":"1r3r1k/3p1pbp/6p1/2nP4/pqB5/4N3/PP3PPP/R2QR1K1","stockfishScores":{"bn":0.5051785714285715}},{"fenStr":"1r3r1k/3p1p1p/6p1/2nP4/pqB5/4N3/Pb3PPP/R2QR1K1","stockfishScores":{"wn":0.49892857142857144}},{"fenStr":"1r3r1k/3p1p1p/6p1/2nP4/pqB5/4N3/Pb3PPP/1R1QR1K1","stockfishScores":{"bn":0.5020833333333333}},{"fenStr":"1r3r1k/3p1p1p/6p1/2nP4/1qB5/p3N3/Pb3PPP/1R1QR1K1","stockfishScores":{"wn":0.5038095238095238}},{"fenStr":"1r3r1k/3p1p1p/6p1/2nP4/1qB5/p3NQ2/Pb3PPP/1R2R1K1","stockfishScores":{"bn":0.5024404761904762}},{"fenStr":"1r3r1k/3p1p1p/6p1/2nP4/2B5/p1q1NQ2/Pb3PPP/1R2R1K1","stockfishScores":{"wn":0.5043452380952381}},{"fenStr":"1r3r1k/3p1p1p/3P2p1/2n5/2B5/p1q1NQ2/Pb3PPP/1R2R1K1","stockfishScores":{"bn":0.5031547619047619}},{"fenStr":"1r3r2/3p1pkp/3P2p1/2n5/2B5/p1q1NQ2/Pb3PPP/1R2R1K1","stockfishScores":{"wn":0.5036904761904762}},{"fenStr":"1r3r2/3p1pkp/3P2p1/2n5/2B5/p1q1NQ2/Pb3PPP/1R1R2K1","stockfishScores":{"bn":0.5020238095238095}},{"fenStr":"1r3r2/3p2kp/3P2p1/2n2p2/2B5/p1q1NQ2/Pb3PPP/1R1R2K1","stockfishScores":{"wn":0.5004761904761905}},{"fenStr":"1r3r2/3p2kp/3P2p1/2nQ1p2/2B5/p1q1N3/Pb3PPP/1R1R2K1","stockfishScores":{"bn":0.501547619047619}},{"fenStr":"1r3r2/3p2kp/3Pn1p1/3Q1p2/2B5/p1q1N3/Pb3PPP/1R1R2K1","stockfishScores":{"wn":0.5020833333333333}},{"fenStr":"1r3r2/3p2kp/3Pn1p1/1B1Q1p2/8/p1q1N3/Pb3PPP/1R1R2K1","stockfishScores":{"bn":0.49839285714285714}},{"fenStr":"1r3r2/3p2kp/3P2p1/1B1Q1p2/5n2/p1q1N3/Pb3PPP/1R1R2K1","stockfishScores":{"wn":0.5007142857142857}},{"fenStr":"1r3r2/3p2kp/3P2p1/1B3p2/2Q2n2/p1q1N3/Pb3PPP/1R1R2K1","stockfishScores":{"bn":0.5039285714285714}},{"fenStr":"1rr5/3p2kp/3P2p1/1B3p2/2Q2n2/p1q1N3/Pb3PPP/1R1R2K1","stockfishScores":{"wn":0.500297619047619}},{"fenStr":"1rr5/3p2kp/3P2p1/1B3p2/5n2/p1Q1N3/Pb3PPP/1R1R2K1","stockfishScores":{"bn":0.5764285714285714}},{"fenStr":"1r6/3p2kp/3P2p1/1B3p2/5n2/p1r1N3/Pb3PPP/1R1R2K1","stockfishScores":{"wn":0.5005357142857143}},{"fenStr":"1r6/3B2kp/3P2p1/5p2/5n2/p1r1N3/Pb3PPP/1R1R2K1","stockfishScores":{"bn":0.5067857142857143}},{"fenStr":"1r6/3B2kp/3P2p1/2r2p2/5n2/p3N3/Pb3PPP/1R1R2K1","stockfishScores":{"wn":0.5059523809523809}},{"fenStr":"1r6/6kp/3P2p1/2r2p2/B4n2/p3N3/Pb3PPP/1R1R2K1","stockfishScores":{"bn":0.5094047619047619}},{"fenStr":"1r6/6kp/3P2p1/2r2p2/B7/p3N3/Pb2nPPP/1R1R2K1","stockfishScores":{"wn":0.5085119047619048}},{"fenStr":"1r6/6kp/3P2p1/2r2p2/B7/p3N3/Pb2nPPP/1R1R1K2","stockfishScores":{"bn":0.50875}},{"fenStr":"1r6/6kp/3P2p1/2r2p2/B7/p1n1N3/Pb3PPP/1R1R1K2","stockfishScores":{"wn":0.49916666666666665}},{"fenStr":"1r6/3P2kp/6p1/2r2p2/B7/p1n1N3/Pb3PPP/1R1R1K2","stockfishScores":{"bn":0.5002380952380953}},{"fenStr":"3r4/3P2kp/6p1/2r2p2/B7/p1n1N3/Pb3PPP/1R1R1K2","stockfishScores":{"wn":0.49898809523809523}},{"fenStr":"3r4/3P2kp/6p1/2r2p2/8/p1n1N3/PbB2PPP/1R1R1K2","stockfishScores":{"bn":0.5013095238095238}},{"fenStr":"3r4/3P2kp/6p1/2r2p2/8/p3N3/nbB2PPP/1R1R1K2","stockfishScores":{"wn":0.5007738095238096}},{"fenStr":"3r4/3P2kp/6p1/2rR1p2/8/p3N3/nbB2PPP/1R3K2","stockfishScores":{"bn":0.500297619047619}},{"fenStr":"3r4/3P2kp/6p1/3r1p2/8/p3N3/nbB2PPP/1R3K2","stockfishScores":{"wn":0.4713095238095238}},{"fenStr":"3r4/3P2kp/6p1/3N1p2/8/p7/nbB2PPP/1R3K2","stockfishScores":{"bn":0.5007142857142857}},{"fenStr":"8/3r2kp/6p1/3N1p2/8/p7/nbB2PPP/1R3K2","stockfishScores":{"wn":0.4898214285714286}},{"fenStr":"8/3r2kp/6p1/3N1p2/8/pB6/nb3PPP/1R3K2","stockfishScores":{"bn":0.49273809523809525}},{"fenStr":"8/3r2kp/6p1/3N1p2/8/pB6/1b3PPP/1Rn2K2","stockfishScores":{"wn":0.4876190476190476}},{"fenStr":"8/3r2kp/6p1/3N1p2/2B5/p7/1b3PPP/1Rn2K2","stockfishScores":{"bn":0.4889880952380952}},{"fenStr":"8/6kp/3r2p1/3N1p2/2B5/p7/1b3PPP/1Rn2K2","stockfishScores":{"wn":0.4901190476190476}},{"fenStr":"8/6kp/3r2p1/5p2/1NB5/p7/1b3PPP/1Rn2K2","stockfishScores":{"bn":0.4901785714285714}},{"fenStr":"8/6kp/6p1/5p2/1NB5/p7/1b3PPP/1Rnr1K2","stockfishScores":{"wn":0.48892857142857143}}],"result":{"bw":true}}