{"fens":[{"fenStr":"rnbqkbnr/pppppppp/8/8/4P3/8/PPPP1PPP/RNBQKBNR","stockfishScores":{"bn":0.5049404761904762}},{"fenStr":"rnbqkbnr/pp1ppppp/8/2p5/4P3/8/PPPP1PPP/RNBQKBNR","stockfishScores":{"wn":0.5038095238095238}},{"fenStr":"rnbqkbnr/pp1ppppp/8/2p5/4P3/2N5/PPPP1PPP/R1BQKBNR","stockfishScores":{"bn":0.5063095238095238}},{"fenStr":"rnbqkbnr/pp2pppp/3p4/2p5/4P3/2N5/PPPP1PPP/R1BQKBNR","stockfishScores":{"wn":0.5029166666666667}},{"fenStr":"rnbqkbnr/pp2pppp/3p4/2p5/4P3/2N3P1/PPPP1P1P/R1BQKBNR","stockfishScores":{"bn":0.5016666666666667}},{"fenStr":"rnbqkbnr/pp2pp1p/3p2p1/2p5/4P3/2N3P1/PPPP1P1P/R1BQKBNR","stockfishScores":{"wn":0.5000595238095238}},{"fenStr":"rnbqkbnr/pp2pp1p/3p2p1/2p5/4P3/2N3P1/PPPP1PBP/R1BQK1NR","stockfishScores":{"bn":0.4994047619047619}},{"fenStr":"rnbqk1nr/pp2ppbp/3p2p1/2p5/4P3/2N3P1/PPPP1PBP/R1BQK1NR","stockfishScores":{"wn":0.49547619047619046}},{"fenStr":"rnbqk1nr/pp2ppbp/3p2p1/2p5/4P3/2NP2P1/PPP2PBP/R1BQK1NR","stockfishScores":{"bn":0.4995833333333333}},{"fenStr":"r1bqk1nr/pp2ppbp/2np2p1/2p5/4P3/2NP2P1/PPP2PBP/R1BQK1NR","stockfishScores":{"wn":0.4969047619047619}},{"fenStr":"r1bqk1nr/pp2ppbp/2np2p1/2p5/4PP2/2NP2P1/PPP3BP/R1BQK1NR","stockfishScores":{"bn":0.49625}},{"fenStr":"r1bqk1nr/pp3pbp/2npp1p1/2p5/4PP2/2NP2P1/PPP3BP/R1BQK1NR","stockfishScores":{"wn":0.4980357142857143}},{"fenStr":"r1bqk1nr/pp3pbp/2npp1p1/2p5/4PP2/2NP1NP1/PPP3BP/R1BQK2R","stockfishScores":{"bn":0.5018452380952381}},{"fenStr":"r1bqk2r/pp2npbp/2npp1p1/2p5/4PP2/2NP1NP1/PPP3BP/R1BQK2R","stockfishScores":{"wn":0.49779761904761904}},{"fenStr":"r1bqk2r/pp2npbp/2npp1p1/2p5/4PP2/2NPBNP1/PPP3BP/R2QK2R","stockfishScores":{"bn":0.4988095238095238}},{"fenStr":"r1bq1rk1/pp2npbp/2npp1p1/2p5/4PP2/2NPBNP1/PPP3BP/R2QK2R","stockfishScores":{"wn":0.48904761904761906}},{"fenStr":"r1bq1rk1/pp2npbp/2npp1p1/2p5/4PP2/2NPBNP1/PPP3BP/R2Q1RK1","stockfishScores":{"bn":0.5011904761904762}},{"fenStr":"r1bq1rk1/pp2npbp/3pp1p1/2p5/3nPP2/2NPBNP1/PPP3BP/R2Q1RK1","stockfishScores":{"wn":0.5022619047619048}},{"fenStr":"r1bq1rk1/pp2npbp/3pp1p1/2p5/3nPP2/2NP1NP1/PPP2BBP/R2Q1RK1","stockfishScores":{"bn":0.49964285714285717}},{"fenStr":"r2q1rk1/pp1bnpbp/3pp1p1/2p5/3nPP2/2NP1NP1/PPP2BBP/R2Q1RK1","stockfishScores":{"wn":0.49625}},{"fenStr":"r2q1rk1/pp1bnpbp/3pp1p1/2p1P3/3n1P2/2NP1NP1/PPP2BBP/R2Q1RK1","stockfishScores":{"bn":0.49988095238095237}},{"fenStr":"r2q1rk1/pp1bnpbp/4p1p1/2p1p3/3n1P2/2NP1NP1/PPP2BBP/R2Q1RK1","stockfishScores":{"wn":0.49154761904761907}},{"fenStr":"r2q1rk1/pp1bnpbp/4p1p1/2p1N3/3n1P2/2NP2P1/PPP2BBP/R2Q1RK1","stockfishScores":{"bn":0.49898809523809523}},{"fenStr":"r2qbrk1/pp2npbp/4p1p1/2p1N3/3n1P2/2NP2P1/PPP2BBP/R2Q1RK1","stockfishScores":{"wn":0.4999404761904762}},{"fenStr":"r2qbrk1/pp2npbp/4p1p1/2p1N3/3nNP2/3P2P1/PPP2BBP/R2Q1RK1","stockfishScores":{"bn":0.5033928571428572}},{"fenStr":"r2qbrk1/p3npbp/1p2p1p1/2p1N3/3nNP2/3P2P1/PPP2BBP/R2Q1RK1","stockfishScores":{"wn":0.5026785714285714}},{"fenStr":"r2qbrk1/p3npbp/1p2p1p1/2p1N3/3nNP2/2PP2P1/PP3BBP/R2Q1RK1","stockfishScores":{"bn":0.5064285714285715}},{"fenStr":"r2qbrk1/p3npbp/1pn1p1p1/2p1N3/4NP2/2PP2P1/PP3BBP/R2Q1RK1","stockfishScores":{"wn":0.5064285714285715}},{"fenStr":"r2qbrk1/p3npbp/1pn1p1p1/2p5/2N1NP2/2PP2P1/PP3BBP/R2Q1RK1","stockfishScores":{"bn":0.5035119047619048}},{"fenStr":"1r1qbrk1/p3npbp/1pn1p1p1/2p5/2N1NP2/2PP2P1/PP3BBP/R2Q1RK1","stockfishScores":{"wn":0.5044642857142857}},{"fenStr":"1r1qbrk1/p3npbp/1pn1p1p1/2p5/2N1NP2/2PP2P1/PP2QBBP/R4RK1","stockfishScores":{"bn":0.5038690476190476}},{"fenStr":"1r2brk1/p1q1npbp/1pn1p1p1/2p5/2N1NP2/2PP2P1/PP2QBBP/R4RK1","stockfishScores":{"wn":0.5047619047619047}},{"fenStr":"1r2brk1/p1q1npbp/1pn1p1p1/2p5/2N1NP2/2PP2P1/PP2QBBP/4RRK1","stockfishScores":{"bn":0.5053571428571428}},{"fenStr":"3rbrk1/p1q1npbp/1pn1p1p1/2p5/2N1NP2/2PP2P1/PP2QBBP/4RRK1","stockfishScores":{"wn":0.5044047619047619}},{"fenStr":"3rbrk1/p1q1npbp/1pn1p1p1/2p5/2N1NPP1/2PP4/PP2QBBP/4RRK1","stockfishScores":{"bn":0.5022619047619048}},{"fenStr":"3rbrk1/p1q1npb1/1pn1p1pp/2p5/2N1NPP1/2PP4/PP2QBBP/4RRK1","stockfishScores":{"wn":0.5035714285714286}},{"fenStr":"3rbrk1/p1q1npb1/1pn1p1pp/2p5/2N1NPP1/2PP2B1/PP2Q1BP/4RRK1","stockfishScores":{"bn":0.50875}},{"fenStr":"3rbrk1/p1q1n1b1/1pn1p1pp/2p2p2/2N1NPP1/2PP2B1/PP2Q1BP/4RRK1","stockfishScores":{"wn":0.5017857142857143}},{"fenStr":"3rbrk1/p1q1n1b1/1pn1p1pp/2p2p2/2N2PP1/2PP2B1/PP2QNBP/4RRK1","stockfishScores":{"bn":0.5069047619047619}},{"fenStr":"3r1rk1/p1q1nbb1/1pn1p1pp/2p2p2/2N2PP1/2PP2B1/PP2QNBP/4RRK1","stockfishScores":{"wn":0.5057142857142857}},{"fenStr":"3r1rk1/p1q1nbb1/1pn1p1pp/2p2p2/2N2PPB/2PP4/PP2QNBP/4RRK1","stockfishScores":{"bn":0.5027380952380952}},{"fenStr":"4rrk1/p1q1nbb1/1pn1p1pp/2p2p2/2N2PPB/2PP4/PP2QNBP/4RRK1","stockfishScores":{"wn":0.505}},{"fenStr":"4rrk1/p1q1nbb1/1pn1p1pp/2p1Np2/5PPB/2PP4/PP2QNBP/4RRK1","stockfishScores":{"bn":0.5109523809523809}},{"fenStr":"4rrk1/p1q1nbb1/1p2p1pp/2p1np2/5PPB/2PP4/PP2QNBP/4RRK1","stockfishScores":{"wn":0.4836309523809524}},{"fenStr":"4rrk1/p1q1nbb1/1p2p1pp/2p1Pp2/6PB/2PP4/PP2QNBP/4RRK1","stockfishScores":{"bn":0.4999404761904762}},{"fenStr":"4rrk1/p1q2bb1/1pn1p1pp/2p1Pp2/6PB/2PP4/PP2QNBP/4RRK1","stockfishScores":{"wn":0.5013690476190477}},{"fenStr":"4rrk1/p1q2bb1/1pn1p1pp/2p1Pp2/6P1/2PP2B1/PP2QNBP/4RRK1","stockfishScores":{"bn":0.5040476190476191}},{"fenStr":"4rrk1/p1q1nbb1/1p2p1pp/2p1Pp2/6P1/2PP2B1/PP2QNBP/4RRK1","stockfishScores":{"wn":0.5035714285714286}},{"fenStr":"4rrk1/p1q1nbb1/1p2p1pp/2p1Pp2/6P1/2PPQ1B1/PP3NBP/4RRK1","stockfishScores":{"bn":0.5016666666666667}},{"fenStr":"4rrk1/p1q1nbb1/1p2p2p/2p1Ppp1/6P1/2PPQ1B1/PP3NBP/4RRK1","stockfishScores":{"wn":0.49726190476190474}},{"fenStr":"4rrk1/p1q1nbb1/1p2p2p/2p1PPp1/8/2PPQ1B1/PP3NBP/4RRK1","stockfishScores":{"bn":0.5164285714285715}},{"fenStr":"4rrk1/p1q2bb1/1p2p2p/2p1Pnp1/8/2PPQ1B1/PP3NBP/4RRK1","stockfishScores":{"wn":0.49601190476190476}},{"fenStr":"4rrk1/p1q2bb1/1p2p2p/2p1Pnp1/8/2PP2B1/PP2QNBP/4RRK1","stockfishScores":{"bn":0.49851190476190477}},{"fenStr":"4rrk1/p1q3b1/1p2p1bp/2p1Pnp1/8/2PP2B1/PP2QNBP/4RRK1","stockfishScores":{"wn":0.49773809523809526}},{"fenStr":"4rrk1/p1q3b1/1p2p1bp/2p1Pnp1/6N1/2PP2B1/PP2Q1BP/4RRK1","stockfishScores":{"bn":0.49916666666666665}},{"fenStr":"4rrk1/p1q3b1/1p2p1b1/2p1Pnpp/6N1/2PP2B1/PP2Q1BP/4RRK1","stockfishScores":{"wn":0.49452380952380953}},{"fenStr":"4rrk1/p1q3b1/1p2pNb1/2p1Pnpp/8/2PP2B1/PP2Q1BP/4RRK1","stockfishScores":{"bn":0.5006547619047619}},{"fenStr":"4rrk1/p1q5/1p2pbb1/2p1Pnpp/8/2PP2B1/PP2Q1BP/4RRK1","stockfishScores":{"wn":0.47464285714285714}},{"fenStr":"4rrk1/p1q5/1p2pPb1/2p2npp/8/2PP2B1/PP2Q1BP/4RRK1","stockfishScores":{"bn":0.5096428571428572}},{"fenStr":"4rrk1/p1q5/1p2pPb1/2p3pp/8/2PP2n1/PP2Q1BP/4RRK1","stockfishScores":{"wn":0.4804761904761905}},{"fenStr":"4rrk1/p1q5/1p2pPb1/2p3pp/8/2PP2P1/PP2Q1B1/4RRK1","stockfishScores":{"bn":0.5089285714285714}},{"fenStr":"4rrk1/p7/1p2pPb1/2p3pp/8/2PP2q1/PP2Q1B1/4RRK1","stockfishScores":{"wn":0.4948214285714286}},{"fenStr":"4rrk1/p7/1p2pPb1/2p3pp/8/2PP1Rq1/PP2Q1B1/4R1K1","stockfishScores":{"bn":0.4942857142857143}},{"fenStr":"4rrk1/p7/1p1qpPb1/2p3pp/8/2PP1R2/PP2Q1B1/4R1K1","stockfishScores":{"wn":0.49785714285714283}},{"fenStr":"4rrk1/p7/1p1qpPb1/2p3pp/8/2PPQR2/PP4B1/4R1K1","stockfishScores":{"bn":0.4988690476190476}},{"fenStr":"4rrk1/p7/1p1qpPb1/2p4p/6p1/2PPQR2/PP4B1/4R1K1","stockfishScores":{"wn":0.4961309523809524}},{"fenStr":"4rrk1/p7/1p1qpPbQ/2p4p/6p1/2PP1R2/PP4B1/4R1K1","stockfishScores":{"bn":0.5141666666666667}},{"fenStr":"4rr2/p4k2/1p1qpPbQ/2p4p/6p1/2PP1R2/PP4B1/4R1K1","stockfishScores":{"wn":0.5201190476190476}},{"fenStr":"4rr2/p4kQ1/1p1qpPb1/2p4p/6p1/2PP1R2/PP4B1/4R1K1","stockfishScores":{"bn":0.5028571428571429}}],"result":{"ww":true}}