{"fens":[{"fenStr":"rnbqkbnr/pppppppp/8/8/4P3/8/PPPP1PPP/RNBQKBNR","stockfishScores":{"bn":0.5049404761904762}},{"fenStr":"rnbqkbnr/pp1ppppp/8/2p5/4P3/8/PPPP1PPP/RNBQKBNR","stockfishScores":{"wn":0.5038095238095238}},{"fenStr":"rnbqkbnr/pp1ppppp/8/2p5/4P3/2N5/PPPP1PPP/R1BQKBNR","stockfishScores":{"bn":0.5063095238095238}},{"fenStr":"r1bqkbnr/pp1ppppp/2n5/2p5/4P3/2N5/PPPP1PPP/R1BQKBNR","stockfishScores":{"wn":0.5029761904761905}},{"fenStr":"r1bqkbnr/pp1ppppp/2n5/2p5/4P3/2N3P1/PPPP1P1P/R1BQKBNR","stockfishScores":{"bn":0.5022619047619048}},{"fenStr":"r1bqkbnr/pp1ppp1p/2n3p1/2p5/4P3/2N3P1/PPPP1P1P/R1BQKBNR","stockfishScores":{"wn":0.5008928571428571}},{"fenStr":"r1bqkbnr/pp1ppp1p/2n3p1/2p5/4P3/2N3P1/PPPP1PBP/R1BQK1NR","stockfishScores":{"bn":0.5002380952380953}},{"fenStr":"r1bqk1nr/pp1pppbp/2n3p1/2p5/4P3/2N3P1/PPPP1PBP/R1BQK1NR","stockfishScores":{"wn":0.49648809523809523}},{"fenStr":"r1bqk1nr/pp1pppbp/2n3p1/2p5/4P3/2NP2P1/PPP2PBP/R1BQK1NR","stockfishScores":{"bn":0.5006547619047619}},{"fenStr":"r1bqk1nr/pp2ppbp/2np2p1/2p5/4P3/2NP2P1/PPP2PBP/R1BQK1NR","stockfishScores":{"wn":0.4969047619047619}},{"fenStr":"r1bqk1nr/pp2ppbp/2np2p1/2p5/4PP2/2NP2P1/PPP3BP/R1BQK1NR","stockfishScores":{"bn":0.49625}},{"fenStr":"r1bqk1nr/pp3pbp/2np2p1/2p1p3/4PP2/2NP2P1/PPP3BP/R1BQK1NR","stockfishScores":{"wn":0.5000595238095238}},{"fenStr":"r1bqk1nr/pp3pbp/2np2p1/2p1p3/4PP2/2NP2PN/PPP3BP/R1BQK2R","stockfishScores":{"bn":0.49916666666666665}},{"fenStr":"r1bqk1nr/pp3pbp/2np2p1/2p5/4Pp2/2NP2PN/PPP3BP/R1BQK2R","stockfishScores":{"wn":0.48791666666666667}},{"fenStr":"r1bqk1nr/pp3pbp/2np2p1/2p5/4PN2/2NP2P1/PPP3BP/R1BQK2R","stockfishScores":{"bn":0.500297619047619}},{"fenStr":"r1bqk2r/pp2npbp/2np2p1/2p5/4PN2/2NP2P1/PPP3BP/R1BQK2R","stockfishScores":{"wn":0.4974404761904762}},{"fenStr":"r1bqk2r/pp2npbp/2np2p1/2p5/4PN2/2NP2P1/PPP3BP/R1BQ1RK1","stockfishScores":{"bn":0.507797619047619}},{"fenStr":"r1bq1rk1/pp2npbp/2np2p1/2p5/4PN2/2NP2P1/PPP3BP/R1BQ1RK1","stockfishScores":{"wn":0.49851190476190477}},{"fenStr":"r1bq1rk1/pp2npbp/2np2p1/2p5/4PNP1/2NP4/PPP3BP/R1BQ1RK1","stockfishScores":{"bn":0.49642857142857144}},{"fenStr":"r1bq1rk1/pp2npb1/2np2pp/2p5/4PNP1/2NP4/PPP3BP/R1BQ1RK1","stockfishScores":{"wn":0.49773809523809526}},{"fenStr":"r1bq1rk1/pp2npb1/2np2pp/2p5/4PNP1/2NP3P/PPP3B1/R1BQ1RK1","stockfishScores":{"bn":0.4974404761904762}},{"fenStr":"1rbq1rk1/pp2npb1/2np2pp/2p5/4PNP1/2NP3P/PPP3B1/R1BQ1RK1","stockfishScores":{"wn":0.49833333333333335}},{"fenStr":"1rbq1rk1/pp2npb1/2np2pp/2p5/4PNP1/2NPB2P/PPP3B1/R2Q1RK1","stockfishScores":{"bn":0.49910714285714286}},{"fenStr":"1rbq1rk1/p3npb1/2np2pp/1pp5/4PNP1/2NPB2P/PPP3B1/R2Q1RK1","stockfishScores":{"wn":0.49702380952380953}},{"fenStr":"1rbq1rk1/p3npb1/2np2pp/1pp5/4PNP1/2NPB2P/PPP3B1/1R1Q1RK1","stockfishScores":{"bn":0.49601190476190476}},{"fenStr":"1rbq1rk1/p3npb1/2np2pp/2p5/1p2PNP1/2NPB2P/PPP3B1/1R1Q1RK1","stockfishScores":{"wn":0.49297619047619046}},{"fenStr":"1rbq1rk1/p3npb1/2np2pp/2pN4/1p2PNP1/3PB2P/PPP3B1/1R1Q1RK1","stockfishScores":{"bn":0.5017857142857143}},{"fenStr":"1rbq1rk1/p4pb1/2np2pp/2pn4/1p2PNP1/3PB2P/PPP3B1/1R1Q1RK1","stockfishScores":{"wn":0.47160714285714284}},{"fenStr":"1rbq1rk1/p4pb1/2np2pp/2pN4/1p2P1P1/3PB2P/PPP3B1/1R1Q1RK1","stockfishScores":{"bn":0.5060714285714286}},{"fenStr":"1r1q1rk1/p4pb1/2npb1pp/2pN4/1p2P1P1/3PB2P/PPP3B1/1R1Q1RK1","stockfishScores":{"wn":0.5033333333333333}},{"fenStr":"1r1q1rk1/p4pb1/2npb1pp/2pN4/1p2P1P1/3PB2P/PPPQ2B1/1R3RK1","stockfishScores":{"bn":0.5020238095238095}},{"fenStr":"1r1q1rk1/p4pb1/2np2pp/2pb4/1p2P1P1/3PB2P/PPPQ2B1/1R3RK1","stockfishScores":{"wn":0.4760714285714286}},{"fenStr":"1r1q1rk1/p4pb1/2np2pp/2pP4/1p4P1/3PB2P/PPPQ2B1/1R3RK1","stockfishScores":{"bn":0.5036904761904762}},{"fenStr":"1r1q1rk1/p4pb1/3p2pp/2pP4/1p1n2P1/3PB2P/PPPQ2B1/1R3RK1","stockfishScores":{"wn":0.4988690476190476}},{"fenStr":"1r1q1rk1/p4pb1/3p2pp/2pP4/1p1n2P1/3PB2P/PPPQ2B1/4RRK1","stockfishScores":{"bn":0.5}},{"fenStr":"1r1q1r2/p4pbk/3p2pp/2pP4/1p1n2P1/3PB2P/PPPQ2B1/4RRK1","stockfishScores":{"wn":0.5008333333333334}},{"fenStr":"1r1q1r2/p4pbk/3p2pp/2pP4/1p1n1BP1/3P3P/PPPQ2B1/4RRK1","stockfishScores":{"bn":0.4955952380952381}},{"fenStr":"3q1r2/pr3pbk/3p2pp/2pP4/1p1n1BP1/3P3P/PPPQ2B1/4RRK1","stockfishScores":{"wn":0.4968452380952381}},{"fenStr":"3q1r2/pr3pbk/3p2pp/2pP4/1p1n1BP1/3P3P/PPPQ2B1/4RR1K","stockfishScores":{"bn":0.49601190476190476}},{"fenStr":"3q1r2/pr3pbk/3p2pp/1npP4/1p3BP1/3P3P/PPPQ2B1/4RR1K","stockfishScores":{"wn":0.49964285714285717}},{"fenStr":"3q1r2/pr3pbk/3p2pp/1npP4/1p2RBP1/3P3P/PPPQ2B1/5R1K","stockfishScores":{"bn":0.4976785714285714}},{"fenStr":"3q1r2/pr3pbk/3p3p/1npP2p1/1p2RBP1/3P3P/PPPQ2B1/5R1K","stockfishScores":{"wn":0.49726190476190474}},{"fenStr":"3q1r2/pr3pbk/3p3p/1npP2p1/1p2R1P1/3PB2P/PPPQ2B1/5R1K","stockfishScores":{"bn":0.4998214285714286}},{"fenStr":"3q1r2/pr3p1k/3p3p/1npP2p1/1p2R1P1/3PB2P/PbPQ2B1/5R1K","stockfishScores":{"wn":0.4938095238095238}},{"fenStr":"3q1r2/pr3p1k/3p3p/1npP2p1/1p2R1PP/3PB3/PbPQ2B1/5R1K","stockfishScores":{"bn":0.49178571428571427}},{"fenStr":"3q1r2/pr3p1k/3p3p/1npP2p1/1p1bR1PP/3PB3/P1PQ2B1/5R1K","stockfishScores":{"wn":0.4919047619047619}},{"fenStr":"3q1r2/pr3p1k/3p3p/1npP2P1/1p1bR1P1/3PB3/P1PQ2B1/5R1K","stockfishScores":{"bn":0.4999404761904762}},{"fenStr":"3q1r2/pr3p1k/3p3p/1npP2P1/1p2R1P1/3Pb3/P1PQ2B1/5R1K","stockfishScores":{"wn":0.4747619047619048}},{"fenStr":"3q1r2/pr3p1k/3p3p/1npP2P1/1p4P1/3PR3/P1PQ2B1/5R1K","stockfishScores":{"bn":0.5032142857142857}},{"fenStr":"3q1r2/pr3p1k/3p4/1npP2p1/1p4P1/3PR3/P1PQ2B1/5R1K","stockfishScores":{"wn":0.5083333333333333}},{"fenStr":"3q1r2/pr3p1k/3p4/1npP2p1/1p4P1/3PR3/P1PQ2B1/5RK1","stockfishScores":{"bn":0.5086904761904761}},{"fenStr":"3q1r2/pr3p1k/3p4/2pP2p1/1p1n2P1/3PR3/P1PQ2B1/5RK1","stockfishScores":{"wn":0.5055952380952381}},{"fenStr":"3q1r2/pr3p1k/3p4/2pP2p1/1p1n2P1/3P3R/P1PQ2B1/5RK1","stockfishScores":{"bn":0.5148809523809523}},{"fenStr":"3q1r2/pr3pk1/3p4/2pP2p1/1p1n2P1/3P3R/P1PQ2B1/5RK1","stockfishScores":{"wn":0.5011904761904762}},{"fenStr":"3q1r2/pr3pk1/3p4/2pP2p1/1p1nB1P1/3P3R/P1PQ4/5RK1","stockfishScores":{"bn":0.518452380952381}},{"fenStr":"3q2r1/pr3pk1/3p4/2pP2p1/1p1nB1P1/3P3R/P1PQ4/5RK1","stockfishScores":{"wn":0.5196428571428572}},{"fenStr":"3q2r1/pr3pk1/3p4/2pP2p1/1p1nB1P1/3P3R/P1P4Q/5RK1","stockfishScores":{"bn":0.5175595238095239}},{"fenStr":"3q1kr1/pr3p2/3p4/2pP2p1/1p1nB1P1/3P3R/P1P4Q/5RK1","stockfishScores":{"wn":0.49738095238095237}},{"fenStr":"3q1kr1/pr3p1R/3p4/2pP2p1/1p1nB1P1/3P4/P1P4Q/5RK1","stockfishScores":{"bn":0.5163690476190477}},{"fenStr":"3qk1r1/pr3p1R/3p4/2pP2p1/1p1nB1P1/3P4/P1P4Q/5RK1","stockfishScores":{"wn":0.4999404761904762}},{"fenStr":"3qk1rR/pr3p2/3p4/2pP2p1/1p1nB1P1/3P4/P1P4Q/5RK1","stockfishScores":{"bn":0.5094047619047619}},{"fenStr":"3qk1rR/pr3p2/3p4/2pP2p1/1p2B1P1/3P4/P1P1n2Q/5RK1","stockfishScores":{"wn":0.5126190476190476}},{"fenStr":"3qk1rR/pr3p2/3p4/2pP2p1/1p2B1P1/3P4/P1P1n1KQ/5R2","stockfishScores":{"bn":0.5089285714285714}},{"fenStr":"3q2rR/pr2kp2/3p4/2pP2p1/1p2B1P1/3P4/P1P1n1KQ/5R2","stockfishScores":{"wn":0.49476190476190474}},{"fenStr":"3q2rR/pr2kp1Q/3p4/2pP2p1/1p2B1P1/3P4/P1P1n1K1/5R2","stockfishScores":{"bn":0.5244047619047619}},{"fenStr":"3q2rR/pr2kp1Q/3p4/2pP2p1/1p2BnP1/3P4/P1P3K1/5R2","stockfishScores":{"wn":0.4928571428571429}},{"fenStr":"3q2rR/pr2kp1Q/3p4/2pP2p1/1p2BRP1/3P4/P1P3K1/8","stockfishScores":{"bn":0.5450595238095238}},{"fenStr":"3q2rR/pr2kp1Q/3p4/2pP4/1p2BpP1/3P4/P1P3K1/8","stockfishScores":{"wn":0.4757142857142857}},{"fenStr":"3q2R1/pr2kp1Q/3p4/2pP4/1p2BpP1/3P4/P1P3K1/8","stockfishScores":{"bn":0.5298809523809523}},{"fenStr":"6R1/pr2kp1Q/1q1p4/2pP4/1p2BpP1/3P4/P1P3K1/8","stockfishScores":{"wn":0.5338690476190476}},{"fenStr":"6R1/pr2kp2/1q1p4/2pP4/1p2BpPQ/3P4/P1P3K1/8","stockfishScores":{"bn":0.532797619047619}},{"fenStr":"6R1/pr2k3/1q1p1p2/2pP4/1p2BpPQ/3P4/P1P3K1/8","stockfishScores":{"wn":0.55125}},{"fenStr":"6R1/pr2k2Q/1q1p1p2/2pP4/1p2BpP1/3P4/P1P3K1/8","stockfishScores":{"bn":0.5457142857142857}}],"result":{"ww":true}}