{"fens":[{"fenStr":"rnbqkbnr/pppppppp/8/8/P7/8/1PPPPPPP/RNBQKBNR","stockfishScores":{"bn":0.49970238095238095}},{"fenStr":"rnbqkb1r/pppppppp/5n2/8/P7/8/1PPPPPPP/RNBQKBNR","stockfishScores":{"wn":0.49642857142857144}},{"fenStr":"rnbqkb1r/pppppppp/5n2/8/PP6/8/2PPPPPP/RNBQKBNR","stockfishScores":{"bn":0.49779761904761904}},{"fenStr":"rnbqkb1r/pppp1ppp/5n2/4p3/PP6/8/2PPPPPP/RNBQKBNR","stockfishScores":{"wn":0.49279761904761904}},{"fenStr":"rnbqkb1r/pppp1ppp/5n2/4p3/PP6/8/1BPPPPPP/RN1QKBNR","stockfishScores":{"bn":0.49648809523809523}},{"fenStr":"rnbqk2r/pppp1ppp/5n2/4p3/Pb6/8/1BPPPPPP/RN1QKBNR","stockfishScores":{"wn":0.4911309523809524}},{"fenStr":"rnbqk2r/pppp1ppp/5n2/4B3/Pb6/8/2PPPPPP/RN1QKBNR","stockfishScores":{"bn":0.49726190476190474}},{"fenStr":"rnbq1rk1/pppp1ppp/5n2/4B3/Pb6/8/2PPPPPP/RN1QKBNR","stockfishScores":{"wn":0.4881547619047619}},{"fenStr":"rnbq1rk1/pppp1ppp/5n2/4B3/Pb6/2N5/2PPPPPP/R2QKBNR","stockfishScores":{"bn":0.4874404761904762}},{"fenStr":"rnbq1rk1/ppp2ppp/5n2/3pB3/Pb6/2N5/2PPPPPP/R2QKBNR","stockfishScores":{"wn":0.4830952380952381}},{"fenStr":"rnbq1rk1/ppp2ppp/5n2/3pB3/Pb6/2N5/2PPPPPP/1R1QKBNR","stockfishScores":{"bn":0.48720238095238094}},{"fenStr":"rnbq1rk1/ppp1bppp/5n2/3pB3/P7/2N5/2PPPPPP/1R1QKBNR","stockfishScores":{"wn":0.48636904761904765}},{"fenStr":"rnbq1rk1/ppp1bppp/5n2/3pB3/P7/2N2N2/2PPPPPP/1R1QKB1R","stockfishScores":{"bn":0.4899404761904762}},{"fenStr":"rnbq1rk1/pp2bppp/5n2/2ppB3/P7/2N2N2/2PPPPPP/1R1QKB1R","stockfishScores":{"wn":0.48928571428571427}},{"fenStr":"rnbq1rk1/pp2bppp/5n2/1NppB3/P7/5N2/2PPPPPP/1R1QKB1R","stockfishScores":{"bn":0.4907738095238095}},{"fenStr":"r1bq1rk1/pp2bppp/2n2n2/1NppB3/P7/5N2/2PPPPPP/1R1QKB1R","stockfishScores":{"wn":0.4820238095238095}},{"fenStr":"r1bq1rk1/ppB1bppp/2n2n2/1Npp4/P7/5N2/2PPPPPP/1R1QKB1R","stockfishScores":{"bn":0.4817261904761905}},{"fenStr":"r1b2rk1/ppBqbppp/2n2n2/1Npp4/P7/5N2/2PPPPPP/1R1QKB1R","stockfishScores":{"wn":0.4804761904761905}},{"fenStr":"r1b2rk1/pp1qbppp/2n2n2/1Npp4/P7/5NB1/2PPPPPP/1R1QKB1R","stockfishScores":{"bn":0.48101190476190475}},{"fenStr":"r1b2rk1/1p1qbppp/p1n2n2/1Npp4/P7/5NB1/2PPPPPP/1R1QKB1R","stockfishScores":{"wn":0.4783928571428571}},{"fenStr":"r1b2rk1/1p1qbppp/p1n2n2/2pp4/P7/N4NB1/2PPPPPP/1R1QKB1R","stockfishScores":{"bn":0.4774404761904762}},{"fenStr":"r1b2rk1/1p1qbppp/p1n2n2/3p4/P1p5/N4NB1/2PPPPPP/1R1QKB1R","stockfishScores":{"wn":0.47523809523809524}},{"fenStr":"r1b2rk1/1p1qbppp/p1n2n2/3p4/P1p5/N4NB1/2PPPPPP/R2QKB1R","stockfishScores":{"bn":0.4750595238095238}},{"fenStr":"r1b2rk1/1p1qbppp/p1n5/3p4/P1p1n3/N4NB1/2PPPPPP/R2QKB1R","stockfishScores":{"wn":0.4706547619047619}},{"fenStr":"r1b2rk1/1p1qbppp/p1n5/3p4/P1p1n3/N3PNB1/2PP1PPP/R2QKB1R","stockfishScores":{"bn":0.47267857142857145}},{"fenStr":"r1b2rk1/1p1q1ppp/p1n2b2/3p4/P1p1n3/N3PNB1/2PP1PPP/R2QKB1R","stockfishScores":{"wn":0.4726190476190476}},{"fenStr":"r1b2rk1/1p1q1ppp/p1n2b2/3p4/P1p1n3/N1P1PNB1/3P1PPP/R2QKB1R","stockfishScores":{"bn":0.4768452380952381}},{"fenStr":"r1b2rk1/1p1q1ppp/p4b2/n2p4/P1p1n3/N1P1PNB1/3P1PPP/R2QKB1R","stockfishScores":{"wn":0.47946428571428573}},{"fenStr":"r1b2rk1/1p1q1ppp/p4b2/n2p4/P1p1n3/N1P1PNB1/2QP1PPP/R3KB1R","stockfishScores":{"bn":0.47714285714285715}},{"fenStr":"r1b2rk1/1p1q1ppp/p4b2/3p4/P1p1n3/NnP1PNB1/2QP1PPP/R3KB1R","stockfishScores":{"wn":0.465}},{"fenStr":"r1b2rk1/1p1q1ppp/p4b2/3p4/P1p1n3/NnP1PNB1/R1QP1PPP/4KB1R","stockfishScores":{"bn":0.467202380952381}},{"fenStr":"r1b2rk1/1p2qppp/p4b2/3p4/P1p1n3/NnP1PNB1/R1QP1PPP/4KB1R","stockfishScores":{"wn":0.46976190476190477}},{"fenStr":"r1b2rk1/1p2qppp/p4b2/3p4/P1pPn3/NnP1PNB1/R1Q2PPP/4KB1R","stockfishScores":{"bn":0.4697023809523809}},{"fenStr":"r1b2rk1/4qppp/p4b2/1p1p4/P1pPn3/NnP1PNB1/R1Q2PPP/4KB1R","stockfishScores":{"wn":0.4676190476190476}},{"fenStr":"r1b2rk1/4qppp/p4b2/1p1p4/P1pPn3/NnPBPNB1/R1Q2PPP/4K2R","stockfishScores":{"bn":0.46422619047619046}},{"fenStr":"r4rk1/4qppp/p4b2/1p1p1b2/P1pPn3/NnPBPNB1/R1Q2PPP/4K2R","stockfishScores":{"wn":0.4631547619047619}},{"fenStr":"r4rk1/4qppp/p4b2/1p1p1b2/P1pPB3/NnP1PNB1/R1Q2PPP/4K2R","stockfishScores":{"bn":0.502797619047619}},{"fenStr":"r4rk1/4qppp/p4b2/1p1p4/P1pPb3/NnP1PNB1/R1Q2PPP/4K2R","stockfishScores":{"wn":0.4645238095238095}},{"fenStr":"r4rk1/4qppp/p4b2/1p1p4/P1pPb3/NnP1PNB1/RQ3PPP/4K2R","stockfishScores":{"bn":0.46976190476190477}},{"fenStr":"r4rk1/4qppp/p4b2/3p4/PppPb3/NnP1PNB1/RQ3PPP/4K2R","stockfishScores":{"wn":0.46458333333333335}},{"fenStr":"r4rk1/4qppp/p4b2/3p4/PppPb3/1nP1PNB1/RQN2PPP/4K2R","stockfishScores":{"bn":0.4677976190476191}},{"fenStr":"r4rk1/4qppp/p4b2/3p4/PppP4/1nP1PNB1/RQb2PPP/4K2R","stockfishScores":{"wn":0.44607142857142856}},{"fenStr":"r4rk1/4qppp/p4b2/3p4/PppP4/1nP1PNB1/R1Q2PPP/4K2R","stockfishScores":{"bn":0.4789285714285714}},{"fenStr":"r4rk1/4qppp/p4b2/3p4/Pppn4/2P1PNB1/R1Q2PPP/4K2R","stockfishScores":{"wn":0.4744642857142857}},{"fenStr":"r4rk1/4qppp/p4b2/3p4/PppP4/4PNB1/R1Q2PPP/4K2R","stockfishScores":{"bn":0.5000595238095238}},{"fenStr":"r4rk1/4qppp/p4b2/3p4/P1pP4/1p2PNB1/R1Q2PPP/4K2R","stockfishScores":{"wn":0.4864880952380952}},{"fenStr":"r4rk1/4qppp/p4b2/3p4/P1pP4/1p2PNB1/R2Q1PPP/4K2R","stockfishScores":{"bn":0.49529761904761904}},{"fenStr":"r1r3k1/4qppp/p4b2/3p4/P1pP4/1p2PNB1/R2Q1PPP/4K2R","stockfishScores":{"wn":0.49351190476190476}},{"fenStr":"r1r3k1/4qppp/p4b2/3p4/P1pP4/1p2PNB1/2RQ1PPP/4K2R","stockfishScores":{"bn":0.49220238095238095}},{"fenStr":"r1r3k1/4qppp/p4b2/3p4/P1pP4/4PNB1/2pQ1PPP/4K2R","stockfishScores":{"wn":0.4657142857142857}},{"fenStr":"r1r3k1/4qppp/p4b2/3p4/P1pP4/4PNB1/2Q2PPP/4K2R","stockfishScores":{"bn":0.46767857142857144}},{"fenStr":"r1r3k1/4qppp/p4b2/3p4/P2P4/2p1PNB1/2Q2PPP/4K2R","stockfishScores":{"wn":0.47720238095238093}},{"fenStr":"r1r3k1/4qppp/p4b2/3p4/P2P4/1Qp1PNB1/5PPP/4K2R","stockfishScores":{"bn":0.4750595238095238}},{"fenStr":"r1r3k1/4qppp/5b2/p2p4/P2P4/1Qp1PNB1/5PPP/4K2R","stockfishScores":{"wn":0.4760714285714286}},{"fenStr":"r1r3k1/4qppp/5b2/p2p4/P2P4/1Qp1PNB1/5PPP/5RK1","stockfishScores":{"bn":0.4826190476190476}},{"fenStr":"r1r3k1/4qppp/5b2/p2p4/P2P4/1Q2PNB1/2p2PPP/5RK1","stockfishScores":{"wn":0.4780357142857143}},{"fenStr":"r1r3k1/4qppp/5b2/p2p4/P2P4/1Q2PNB1/2p2PPP/2R3K1","stockfishScores":{"bn":0.4814880952380952}},{"fenStr":"r1r3k1/5ppp/5b2/p2p4/Pq1P4/1Q2PNB1/2p2PPP/2R3K1","stockfishScores":{"wn":0.48041666666666666}},{"fenStr":"r1r3k1/5ppp/5b2/p2p4/Pq1P4/4PNB1/Q1p2PPP/2R3K1","stockfishScores":{"bn":0.48125}},{"fenStr":"r1r3k1/5ppp/5b2/p2p4/P2P4/2q1PNB1/Q1p2PPP/2R3K1","stockfishScores":{"wn":0.48488095238095236}},{"fenStr":"r1r3k1/5ppp/5b2/p2p4/P2P3P/2q1PNB1/Q1p2PP1/2R3K1","stockfishScores":{"bn":0.4844047619047619}},{"fenStr":"r1r3k1/4bppp/8/p2p4/P2P3P/2q1PNB1/Q1p2PP1/2R3K1","stockfishScores":{"wn":0.4844047619047619}},{"fenStr":"r1r3k1/4bppp/8/p2pN3/P2P3P/2q1P1B1/Q1p2PP1/2R3K1","stockfishScores":{"bn":0.48297619047619045}},{"fenStr":"r1r3k1/4bppp/8/p2pN3/P2P3P/4P1B1/Q1pq1PP1/2R3K1","stockfishScores":{"wn":0.4791666666666667}},{"fenStr":"r1r3k1/4bppp/8/p2pN3/P2P3P/4P1B1/2pq1PP1/Q1R3K1","stockfishScores":{"bn":0.4791666666666667}},{"fenStr":"1rr3k1/4bppp/8/p2pN3/P2P3P/4P1B1/2pq1PP1/Q1R3K1","stockfishScores":{"wn":0.47720238095238093}},{"fenStr":"1rr3k1/4bppp/2N5/p2p4/P2P3P/4P1B1/2pq1PP1/Q1R3K1","stockfishScores":{"bn":0.48178571428571426}},{"fenStr":"1r4k1/4bppp/2r5/p2p4/P2P3P/4P1B1/2pq1PP1/Q1R3K1","stockfishScores":{"wn":0.4521428571428571}},{"fenStr":"1B4k1/4bppp/2r5/p2p4/P2P3P/4P3/2pq1PP1/Q1R3K1","stockfishScores":{"bn":0.4830357142857143}},{"fenStr":"1B4k1/4bppp/1r6/p2p4/P2P3P/4P3/2pq1PP1/Q1R3K1","stockfishScores":{"wn":0.47904761904761906}},{"fenStr":"6k1/4bppp/1r6/p2p4/P2P1B1P/4P3/2pq1PP1/Q1R3K1","stockfishScores":{"bn":0.4845833333333333}},{"fenStr":"6k1/4bppp/1r6/p2p4/P2P1B1P/4P3/2p2PP1/Q1q3K1","stockfishScores":{"wn":0.4405357142857143}},{"fenStr":"6k1/4bppp/1r6/p2p4/P2P1B1P/4P3/2p2PP1/2Q3K1","stockfishScores":{"bn":0.5214880952380953}},{"fenStr":"6k1/4bppp/8/p2p4/P2P1B1P/4P3/2p2PP1/1rQ3K1","stockfishScores":{"wn":0.5176785714285714}},{"fenStr":"6k1/4bppp/8/p2p4/P2PPB1P/8/2p2PP1/1rQ3K1","stockfishScores":{"bn":0.5186904761904761}},{"fenStr":"6k1/5ppp/8/p2p4/P2PPB1P/b7/2p2PP1/1rQ3K1","stockfishScores":{"wn":0.518095238095238}},{"fenStr":"6k1/5ppp/8/p2p4/P2PP2P/b7/2p2PPB/1rQ3K1","stockfishScores":{"bn":0.5164285714285715}},{"fenStr":"6k1/5ppp/8/p2p4/P2PP2P/b7/2p2PPB/2r3K1","stockfishScores":{"wn":0.44821428571428573}}],"result":{"bw":true}}