{"fens":[{"fenStr":"rnbqkbnr/pppppppp/8/8/8/5N2/PPPPPPPP/RNBQKB1R","stockfishScores":{"bn":0.5038690476190476}},{"fenStr":"rnbqkbnr/ppp1pppp/8/3p4/8/5N2/PPPPPPPP/RNBQKB1R","stockfishScores":{"wn":0.49952380952380954}},{"fenStr":"rnbqkbnr/ppp1pppp/8/3p4/3P4/5N2/PPP1PPPP/RNBQKB1R","stockfishScores":{"bn":0.5038690476190476}},{"fenStr":"rn1qkbnr/ppp1pppp/8/3p1b2/3P4/5N2/PPP1PPPP/RNBQKB1R","stockfishScores":{"wn":0.5036309523809523}},{"fenStr":"rn1qkbnr/ppp1pppp/8/3p1b2/2PP4/5N2/PP2PPPP/RNBQKB1R","stockfishScores":{"bn":0.5028571428571429}},{"fenStr":"rn1qkbnr/ppp2ppp/4p3/3p1b2/2PP4/5N2/PP2PPPP/RNBQKB1R","stockfishScores":{"wn":0.4986309523809524}},{"fenStr":"rn1qkbnr/ppp2ppp/4p3/3p1b2/2PP4/2N2N2/PP2PPPP/R1BQKB1R","stockfishScores":{"bn":0.5043452380952381}},{"fenStr":"r2qkbnr/ppp2ppp/2n1p3/3p1b2/2PP4/2N2N2/PP2PPPP/R1BQKB1R","stockfishScores":{"wn":0.5025595238095238}},{"fenStr":"r2qkbnr/ppp2ppp/2n1p3/3P1b2/3P4/2N2N2/PP2PPPP/R1BQKB1R","stockfishScores":{"bn":0.5154166666666666}},{"fenStr":"r2qkbnr/ppp2ppp/2n5/3p1b2/3P4/2N2N2/PP2PPPP/R1BQKB1R","stockfishScores":{"wn":0.5039285714285714}},{"fenStr":"r2qkbnr/ppp2ppp/2n5/3p1b2/3P1B2/2N2N2/PP2PPPP/R2QKB1R","stockfishScores":{"bn":0.5032142857142857}},{"fenStr":"r2qkb1r/ppp2ppp/2n2n2/3p1b2/3P1B2/2N2N2/PP2PPPP/R2QKB1R","stockfishScores":{"wn":0.5}},{"fenStr":"r2qkb1r/ppp2ppp/2n2n2/3p1b2/3P1B2/2N1PN2/PP3PPP/R2QKB1R","stockfishScores":{"bn":0.5026785714285714}},{"fenStr":"r2qkb1r/ppp2ppp/2n5/3p1b2/3PnB2/2N1PN2/PP3PPP/R2QKB1R","stockfishScores":{"wn":0.5007142857142857}},{"fenStr":"r2qkb1r/ppp2ppp/2n5/3p1b2/3PNB2/4PN2/PP3PPP/R2QKB1R","stockfishScores":{"bn":0.5225}},{"fenStr":"r2qkb1r/ppp2ppp/2n5/5b2/3PpB2/4PN2/PP3PPP/R2QKB1R","stockfishScores":{"wn":0.4974404761904762}},{"fenStr":"r2qkb1r/ppp2ppp/2n5/5b2/3PpB2/4P3/PP1N1PPP/R2QKB1R","stockfishScores":{"bn":0.5024404761904762}},{"fenStr":"r2qkb1r/ppp2ppp/8/5b2/1n1PpB2/4P3/PP1N1PPP/R2QKB1R","stockfishScores":{"wn":0.51125}},{"fenStr":"r2qkb1r/ppp2ppp/8/5b2/1nBPpB2/4P3/PP1N1PPP/R2QK2R","stockfishScores":{"bn":0.5207142857142857}},{"fenStr":"r2qk2r/ppp2ppp/3b4/5b2/1nBPpB2/4P3/PP1N1PPP/R2QK2R","stockfishScores":{"wn":0.52125}},{"fenStr":"r2qk2r/ppp2ppp/3B4/5b2/1nBPp3/4P3/PP1N1PPP/R2QK2R","stockfishScores":{"bn":0.5545238095238095}},{"fenStr":"r3k2r/ppp2ppp/3q4/5b2/1nBPp3/4P3/PP1N1PPP/R2QK2R","stockfishScores":{"wn":0.5172023809523809}},{"fenStr":"r3k2r/ppp2ppp/3q4/5b2/1nBPp3/1Q2P3/PP1N1PPP/R3K2R","stockfishScores":{"bn":0.5141071428571429}},{"fenStr":"r4rk1/ppp2ppp/3q4/5b2/1nBPp3/1Q2P3/PP1N1PPP/R3K2R","stockfishScores":{"wn":0.49041666666666667}},{"fenStr":"r4rk1/ppp2ppp/3q4/5b2/1nBPp3/1Q2P3/PP1N1PPP/R4RK1","stockfishScores":{"bn":0.5005952380952381}},{"fenStr":"r4rk1/1pp2ppp/3q4/p4b2/1nBPp3/1Q2P3/PP1N1PPP/R4RK1","stockfishScores":{"wn":0.5001785714285715}},{"fenStr":"r4rk1/1pp2ppp/3q4/p4b2/1nBPp3/PQ2P3/1P1N1PPP/R4RK1","stockfishScores":{"bn":0.503452380952381}},{"fenStr":"r4rk1/1pp2ppp/2nq4/p4b2/2BPp3/PQ2P3/1P1N1PPP/R4RK1","stockfishScores":{"wn":0.5044047619047619}},{"fenStr":"r4rk1/1pp2ppp/2nq4/p4b2/2BPp3/PQ2P3/1P1N1PPP/R1R3K1","stockfishScores":{"bn":0.5048809523809524}},{"fenStr":"r4rk1/1pp2ppp/2nq4/5b2/p1BPp3/PQ2P3/1P1N1PPP/R1R3K1","stockfishScores":{"wn":0.5014880952380952}},{"fenStr":"r4rk1/1pp2ppp/2nq4/5b2/p1BPp3/P3P3/1PQN1PPP/R1R3K1","stockfishScores":{"bn":0.5023809523809524}},{"fenStr":"r4rk1/1pp2ppp/2n3q1/5b2/p1BPp3/P3P3/1PQN1PPP/R1R3K1","stockfishScores":{"wn":0.5020833333333333}},{"fenStr":"r4rk1/1pp2ppp/2n3q1/5b2/p1BPp3/P3P3/1PQ2PPP/R1R2NK1","stockfishScores":{"bn":0.4988095238095238}},{"fenStr":"r4rk1/1pp2pp1/2n3q1/5b1p/p1BPp3/P3P3/1PQ2PPP/R1R2NK1","stockfishScores":{"wn":0.4999404761904762}},{"fenStr":"r4rk1/1pp2pp1/2n3q1/5b1p/p1BPp3/P3P1N1/1PQ2PPP/R1R3K1","stockfishScores":{"bn":0.5051785714285715}},{"fenStr":"r4rk1/1pp2pp1/2n3q1/5b2/p1BPp2p/P3P1N1/1PQ2PPP/R1R3K1","stockfishScores":{"wn":0.5016071428571428}},{"fenStr":"r4rk1/1pp2pp1/2n3q1/5N2/p1BPp2p/P3P3/1PQ2PPP/R1R3K1","stockfishScores":{"bn":0.5350595238095238}},{"fenStr":"r4rk1/1pp2pp1/2n5/5q2/p1BPp2p/P3P3/1PQ2PPP/R1R3K1","stockfishScores":{"wn":0.5022023809523809}},{"fenStr":"r4rk1/1pp2pp1/2n5/5q2/p1BPp2p/P3P3/1P2QPPP/R1R3K1","stockfishScores":{"bn":0.5025595238095238}},{"fenStr":"5rk1/1pp2pp1/2n5/r4q2/p1BPp2p/P3P3/1P2QPPP/R1R3K1","stockfishScores":{"wn":0.5042261904761904}},{"fenStr":"5rk1/1pp2pp1/2n5/r4q2/p1BPp2p/P1R1P3/1P2QPPP/R5K1","stockfishScores":{"bn":0.5019642857142858}},{"fenStr":"5rk1/1pp2pp1/2n3q1/r7/p1BPp2p/P1R1P3/1P2QPPP/R5K1","stockfishScores":{"wn":0.5011904761904762}},{"fenStr":"5rk1/1pp2pp1/2n3q1/r7/p2Pp2p/P1R1P3/BP2QPPP/R5K1","stockfishScores":{"bn":0.5000595238095238}},{"fenStr":"5rk1/1pp2pp1/2n3q1/6r1/p2Pp2p/P1R1P3/BP2QPPP/R5K1","stockfishScores":{"wn":0.5013095238095238}},{"fenStr":"5rk1/1pp2pp1/2n3q1/6r1/p2PpP1p/P1R1P3/BP2Q1PP/R5K1","stockfishScores":{"bn":0.5029761904761905}},{"fenStr":"5rk1/1pp2pp1/2n3q1/6r1/p2P3p/P1R1Pp2/BP2Q1PP/R5K1","stockfishScores":{"wn":0.4855952380952381}},{"fenStr":"5rk1/1pp2pp1/2n3q1/6r1/p2P3p/P1R1PQ2/BP4PP/R5K1","stockfishScores":{"bn":0.4999404761904762}},{"fenStr":"5r1k/1pp2pp1/2n3q1/6r1/p2P3p/P1R1PQ2/BP4PP/R5K1","stockfishScores":{"wn":0.5010714285714286}},{"fenStr":"5r1k/1pp2pp1/2n3q1/3B2r1/p2P3p/P1R1PQ2/1P4PP/R5K1","stockfishScores":{"bn":0.49964285714285717}},{"fenStr":"3n1r1k/1pp2pp1/6q1/3B2r1/p2P3p/P1R1PQ2/1P4PP/R5K1","stockfishScores":{"wn":0.5040476190476191}},{"fenStr":"3n1r1k/1pp2pp1/6q1/3B2r1/p2P3p/P1R1PQ2/1P4PP/5RK1","stockfishScores":{"bn":0.5058928571428571}},{"fenStr":"3n1r1k/1p3pp1/2p3q1/3B2r1/p2P3p/P1R1PQ2/1P4PP/5RK1","stockfishScores":{"wn":0.500297619047619}},{"fenStr":"3n1r1k/1p3pp1/2p3q1/6r1/p2PB2p/P1R1PQ2/1P4PP/5RK1","stockfishScores":{"bn":0.508452380952381}},{"fenStr":"3n1r1k/1p3pp1/2p4q/6r1/p2PB2p/P1R1PQ2/1P4PP/5RK1","stockfishScores":{"wn":0.5071428571428571}},{"fenStr":"3n1r1k/1p3pp1/2p4q/6r1/p2P3p/P1R1PQ2/1PB3PP/5RK1","stockfishScores":{"bn":0.50875}},{"fenStr":"5r1k/1p3pp1/2p1n2q/6r1/p2P3p/P1R1PQ2/1PB3PP/5RK1","stockfishScores":{"wn":0.5039880952380953}},{"fenStr":"5r1k/1p3pp1/2p1n2q/6r1/B2P3p/P1R1PQ2/1P4PP/5RK1","stockfishScores":{"bn":0.503452380952381}},{"fenStr":"5r1k/1p3pp1/2p1n1rq/8/B2P3p/P1R1PQ2/1P4PP/5RK1","stockfishScores":{"wn":0.5053571428571428}},{"fenStr":"5r1k/1p3pp1/2p1n1rq/8/3P3p/P1R1PQ2/1PB3PP/5RK1","stockfishScores":{"bn":0.5107142857142857}},{"fenStr":"5r1k/1p4p1/2p1n1rq/5p2/3P3p/P1R1PQ2/1PB3PP/5RK1","stockfishScores":{"wn":0.5076190476190476}},{"fenStr":"5r1k/1p4p1/2p1n1rq/5p2/3P3p/P1R1PQ2/1PB3PP/5R1K","stockfishScores":{"bn":0.5054761904761905}},{"fenStr":"5r1k/1p4p1/2p1nr1q/5p2/3P3p/P1R1PQ2/1PB3PP/5R1K","stockfishScores":{"wn":0.5047619047619047}},{"fenStr":"5r1k/1p4p1/2p1nr1q/5p2/3P3p/P1R1P3/1PB3PP/3Q1R1K","stockfishScores":{"bn":0.5061309523809524}},{"fenStr":"5r1k/1p4p1/2p1nr1q/5p2/3P4/P1R1P2p/1PB3PP/3Q1R1K","stockfishScores":{"wn":0.5070833333333333}},{"fenStr":"5r1k/1p4p1/2p1nr1q/5p2/3P4/P1R1P2P/1PB4P/3Q1R1K","stockfishScores":{"bn":0.5061309523809524}},{"fenStr":"5r1k/1p4p1/2p2r1q/5pn1/3P4/P1R1P2P/1PB4P/3Q1R1K","stockfishScores":{"wn":0.5051785714285715}},{"fenStr":"5r1k/1p4p1/2p2r1q/5pn1/3P4/P1R1P2P/1PB1Q2P/5R1K","stockfishScores":{"bn":0.5042857142857143}},{"fenStr":"5r1k/1p4p1/2p2r1q/5p2/3P4/P1R1P2n/1PB1Q2P/5R1K","stockfishScores":{"wn":0.5039880952380953}},{"fenStr":"5r1k/1p4p1/2p2r1q/5p2/3P4/P1R1PR1n/1PB1Q2P/7K","stockfishScores":{"bn":0.5039880952380953}},{"fenStr":"5r1k/1p4p1/2p2r1q/5pn1/3P4/P1R1PR2/1PB1Q2P/7K","stockfishScores":{"wn":0.4981547619047619}},{"fenStr":"5r1k/1p4p1/2p2r1q/5pn1/3P1R2/P1R1P3/1PB1Q2P/7K","stockfishScores":{"bn":0.5029166666666667}},{"fenStr":"5r1k/1p4p1/2p2r1q/5p2/3P1R2/P1R1P2n/1PB1Q2P/7K","stockfishScores":{"wn":0.4975595238095238}},{"fenStr":"5r1k/1p4p1/2p2r1q/5p2/3P4/P1R1PR1n/1PB1Q2P/7K","stockfishScores":{"bn":0.5039880952380953}},{"fenStr":"5r1k/1p4p1/2p3rq/5p2/3P4/P1R1PR1n/1PB1Q2P/7K","stockfishScores":{"wn":0.4895238095238095}},{"fenStr":"5r1k/1p4p1/2p3rq/5p2/3P4/P1R1P2n/1PB1Q2P/5R1K","stockfishScores":{"bn":0.49785714285714283}},{"fenStr":"5r1k/1p4p1/2p3r1/5pq1/3P4/P1R1P2n/1PB1Q2P/5R1K","stockfishScores":{"wn":0.4986309523809524}},{"fenStr":"5r1k/1p4p1/2p3r1/5pq1/3P4/P1R1P2n/1PB4P/4QR1K","stockfishScores":{"bn":0.4835714285714286}},{"fenStr":"5r1k/1p4p1/2p3r1/5p2/3P4/P1R1P2n/1PB3qP/4QR1K","stockfishScores":{"wn":0.4893452380952381}}],"result":{"bw":true}}