{"fens":[{"fenStr":"rnbqkbnr/pppppppp/8/8/3P4/8/PPP1PPPP/RNBQKBNR","stockfishScores":{"bn":0.5048809523809524}},{"fenStr":"rnbqkb1r/pppppppp/5n2/8/3P4/8/PPP1PPPP/RNBQKBNR","stockfishScores":{"wn":0.5016071428571428}},{"fenStr":"rnbqkb1r/pppppppp/5n2/8/2PP4/8/PP2PPPP/RNBQKBNR","stockfishScores":{"bn":0.5041071428571429}},{"fenStr":"rnbqkb1r/pppppp1p/5np1/8/2PP4/8/PP2PPPP/RNBQKBNR","stockfishScores":{"wn":0.5035119047619048}},{"fenStr":"rnbqkb1r/pppppp1p/5np1/8/2PP4/2N5/PP2PPPP/R1BQKBNR","stockfishScores":{"bn":0.5066666666666667}},{"fenStr":"rnbqk2r/ppppppbp/5np1/8/2PP4/2N5/PP2PPPP/R1BQKBNR","stockfishScores":{"wn":0.5055357142857143}},{"fenStr":"rnbqk2r/ppppppbp/5np1/8/2PP4/2N2N2/PP2PPPP/R1BQKB1R","stockfishScores":{"bn":0.5090476190476191}},{"fenStr":"rnbq1rk1/ppppppbp/5np1/8/2PP4/2N2N2/PP2PPPP/R1BQKB1R","stockfishScores":{"wn":0.5008928571428571}},{"fenStr":"rnbq1rk1/ppppppbp/5np1/8/2PPP3/2N2N2/PP3PPP/R1BQKB1R","stockfishScores":{"bn":0.5048214285714285}},{"fenStr":"rnbq1rk1/ppp1ppbp/3p1np1/8/2PPP3/2N2N2/PP3PPP/R1BQKB1R","stockfishScores":{"wn":0.4988690476190476}},{"fenStr":"rnbq1rk1/ppp1ppbp/3p1np1/8/2PPP3/2N2N2/PP2BPPP/R1BQK2R","stockfishScores":{"bn":0.49779761904761904}},{"fenStr":"rnbq1rk1/ppp2pbp/3p1np1/4p3/2PPP3/2N2N2/PP2BPPP/R1BQK2R","stockfishScores":{"wn":0.49601190476190476}},{"fenStr":"rnbq1rk1/ppp2pbp/3p1np1/4p3/2PPP3/2N2N2/PP2BPPP/R1BQ1RK1","stockfishScores":{"bn":0.5067857142857143}},{"fenStr":"r1bq1rk1/ppp2pbp/2np1np1/4p3/2PPP3/2N2N2/PP2BPPP/R1BQ1RK1","stockfishScores":{"wn":0.5053571428571428}},{"fenStr":"r1bq1rk1/ppp2pbp/2np1np1/3Pp3/2P1P3/2N2N2/PP2BPPP/R1BQ1RK1","stockfishScores":{"bn":0.5082142857142857}},{"fenStr":"r1bq1rk1/ppp1npbp/3p1np1/3Pp3/2P1P3/2N2N2/PP2BPPP/R1BQ1RK1","stockfishScores":{"wn":0.5069642857142858}},{"fenStr":"r1bq1rk1/ppp1npbp/3p1np1/3Pp3/1PP1P3/2N2N2/P3BPPP/R1BQ1RK1","stockfishScores":{"bn":0.5069642857142858}},{"fenStr":"r1bq1rk1/1pp1npbp/3p1np1/p2Pp3/1PP1P3/2N2N2/P3BPPP/R1BQ1RK1","stockfishScores":{"wn":0.5066071428571428}},{"fenStr":"r1bq1rk1/1pp1npbp/3p1np1/p2Pp3/1PP1P3/B1N2N2/P3BPPP/R2Q1RK1","stockfishScores":{"bn":0.5058928571428571}},{"fenStr":"r1bqnrk1/1pp1npbp/3p2p1/p2Pp3/1PP1P3/B1N2N2/P3BPPP/R2Q1RK1","stockfishScores":{"wn":0.5105952380952381}},{"fenStr":"r1bqnrk1/1pp1npbp/3p2p1/p1PPp3/1P2P3/B1N2N2/P3BPPP/R2Q1RK1","stockfishScores":{"bn":0.5097619047619047}},{"fenStr":"r1bqnrk1/1pp1n1bp/3p2p1/p1PPpp2/1P2P3/B1N2N2/P3BPPP/R2Q1RK1","stockfishScores":{"wn":0.5105357142857143}},{"fenStr":"r1bqnrk1/1pp1n1bp/3p2p1/p1PPpp2/1P2P3/BQN2N2/P3BPPP/R4RK1","stockfishScores":{"bn":0.5095833333333334}},{"fenStr":"r1bqnr1k/1pp1n1bp/3p2p1/p1PPpp2/1P2P3/BQN2N2/P3BPPP/R4RK1","stockfishScores":{"wn":0.5111904761904762}},{"fenStr":"r1bqnr1k/1pp1n1bp/3p2p1/P1PPpp2/4P3/BQN2N2/P3BPPP/R4RK1","stockfishScores":{"bn":0.5111904761904762}},{"fenStr":"2bqnr1k/1pp1n1bp/3p2p1/r1PPpp2/4P3/BQN2N2/P3BPPP/R4RK1","stockfishScores":{"wn":0.5066666666666667}},{"fenStr":"2bqnr1k/1pp1n1bp/3p2p1/r1PPpp2/1B2P3/1QN2N2/P3BPPP/R4RK1","stockfishScores":{"bn":0.5126190476190476}},{"fenStr":"r1bqnr1k/1pp1n1bp/3p2p1/2PPpp2/1B2P3/1QN2N2/P3BPPP/R4RK1","stockfishScores":{"wn":0.50875}},{"fenStr":"r1bqnr1k/1pp1n1bp/3p2p1/2PPpp2/1B2P3/1QN2N2/P3BPPP/R2R2K1","stockfishScores":{"bn":0.5085714285714286}},{"fenStr":"r1bqnrnk/1pp3bp/3p2p1/2PPpp2/1B2P3/1QN2N2/P3BPPP/R2R2K1","stockfishScores":{"wn":0.5102380952380953}},{"fenStr":"r1bqnrnk/1pp3bp/3p2p1/2PPpp2/PB2P3/1QN2N2/4BPPP/R2R2K1","stockfishScores":{"bn":0.5105952380952381}},{"fenStr":"r1bqnr1k/1pp3bp/3p1np1/2PPpp2/PB2P3/1QN2N2/4BPPP/R2R2K1","stockfishScores":{"wn":0.5086309523809524}},{"fenStr":"r1bqnr1k/1pp3bp/3p1np1/2PPpp2/PB2P3/1QN5/3NBPPP/R2R2K1","stockfishScores":{"bn":0.5073214285714286}},{"fenStr":"r1bqn1rk/1pp3bp/3p1np1/2PPpp2/PB2P3/1QN5/3NBPPP/R2R2K1","stockfishScores":{"wn":0.5088095238095238}},{"fenStr":"r1bqn1rk/1pp3bp/2Pp1np1/3Ppp2/PB2P3/1QN5/3NBPPP/R2R2K1","stockfishScores":{"bn":0.5098214285714285}},{"fenStr":"r1bqn1rk/2p3bp/2pp1np1/3Ppp2/PB2P3/1QN5/3NBPPP/R2R2K1","stockfishScores":{"wn":0.5011904761904762}},{"fenStr":"r1bqn1rk/2p3bp/2Pp1np1/4pp2/PB2P3/1QN5/3NBPPP/R2R2K1","stockfishScores":{"bn":0.50625}},{"fenStr":"r1bqn1rk/2p3bp/2Pp1np1/4p3/PB2p3/1QN5/3NBPPP/R2R2K1","stockfishScores":{"wn":0.5022619047619048}},{"fenStr":"r1bqn1rk/2p3bp/2Pp1np1/4p3/PB2N3/1QN5/4BPPP/R2R2K1","stockfishScores":{"bn":0.5123809523809524}},{"fenStr":"r1bqn1rk/2p3bp/2Pp2p1/4p3/PB2n3/1QN5/4BPPP/R2R2K1","stockfishScores":{"wn":0.4874404761904762}},{"fenStr":"r1bqn1rk/2p3bp/2Pp2p1/4p3/PB2N3/1Q6/4BPPP/R2R2K1","stockfishScores":{"bn":0.5177380952380952}},{"fenStr":"r1b1n1rk/2p3bp/2Pp2p1/4p3/PB2N2q/1Q6/4BPPP/R2R2K1","stockfishScores":{"wn":0.5144642857142857}},{"fenStr":"r1b1n1rk/2p3bp/2Pp2p1/4p3/PB2N2q/1Q3P2/4B1PP/R2R2K1","stockfishScores":{"bn":0.5160714285714286}},{"fenStr":"1rb1n1rk/2p3bp/2Pp2p1/4p3/PB2N2q/1Q3P2/4B1PP/R2R2K1","stockfishScores":{"wn":0.5138690476190476}},{"fenStr":"1rb1n1rk/2p3bp/2Pp2p1/4p3/PBB1N2q/1Q3P2/6PP/R2R2K1","stockfishScores":{"bn":0.5164285714285715}},{"fenStr":"1rb1nr1k/2p3bp/2Pp2p1/4p3/PBB1N2q/1Q3P2/6PP/R2R2K1","stockfishScores":{"wn":0.509702380952381}},{"fenStr":"1rb1nr1k/2p3bp/2Pp2p1/4p3/PBB1N2q/Q4P2/6PP/R2R2K1","stockfishScores":{"bn":0.508452380952381}},{"fenStr":"1rb2r1k/2p3bp/2Pp1np1/4p3/PBB1N2q/Q4P2/6PP/R2R2K1","stockfishScores":{"wn":0.5041071428571429}},{"fenStr":"1rb2r1k/2p3bp/2Pp1np1/4p3/P1B1N2q/Q4P2/6PP/R2RB1K1","stockfishScores":{"bn":0.5111904761904762}},{"fenStr":"1rb2r1k/2p3bp/2Pp1np1/4p2q/P1B1N3/Q4P2/6PP/R2RB1K1","stockfishScores":{"wn":0.5064285714285715}},{"fenStr":"1rb2r1k/2p3bp/2Pp1np1/4p2q/P1B5/Q4PN1/6PP/R2RB1K1","stockfishScores":{"bn":0.5022023809523809}},{"fenStr":"1rb2r1k/2p3bp/2Pp1np1/4p3/P1B4q/Q4PN1/6PP/R2RB1K1","stockfishScores":{"wn":0.5005952380952381}},{"fenStr":"1rb2r1k/2p3bp/2Pp1np1/4p3/P1B4q/5PN1/Q5PP/R2RB1K1","stockfishScores":{"bn":0.5011309523809524}},{"fenStr":"1rb2r1k/2p3bp/2Pp2p1/4p2n/P1B4q/5PN1/Q5PP/R2RB1K1","stockfishScores":{"wn":0.49952380952380954}},{"fenStr":"1rb2r1k/2p3bp/2Pp2p1/4pN1n/P1B4q/5P2/Q5PP/R2RB1K1","stockfishScores":{"bn":0.5063690476190477}},{"fenStr":"1rb2r1k/2p3bp/2Pp1qp1/4pN1n/P1B5/5P2/Q5PP/R2RB1K1","stockfishScores":{"wn":0.501547619047619}},{"fenStr":"1rb2r1k/2p3Np/2Pp1qp1/4p2n/P1B5/5P2/Q5PP/R2RB1K1","stockfishScores":{"bn":0.5267261904761905}},{"fenStr":"1rb2r2/2p3kp/2Pp1qp1/4p2n/P1B5/5P2/Q5PP/R2RB1K1","stockfishScores":{"wn":0.5066071428571428}},{"fenStr":"1rb2r2/2p3kp/2Pp1qp1/4p2n/P1B5/5P2/Q4BPP/R2R2K1","stockfishScores":{"bn":0.5071428571428571}},{"fenStr":"1rb2r2/2p3kp/2Pp1qp1/4p3/P1B2n2/5P2/Q4BPP/R2R2K1","stockfishScores":{"wn":0.5011904761904762}},{"fenStr":"1rb2r2/2p3kp/2Pp1qp1/4p3/P1B2n2/5P2/3Q1BPP/R2R2K1","stockfishScores":{"bn":0.5009523809523809}},{"fenStr":"1rb2r2/2p3kp/2Pp1qp1/4p3/P1B5/5P2/3Q1BnP/R2R2K1","stockfishScores":{"wn":0.4968452380952381}},{"fenStr":"1rb2r2/2p3kp/2Pp1qp1/4p3/P1B5/5P2/3Q1BKP/R2R4","stockfishScores":{"bn":0.5072619047619048}},{"fenStr":"1rb2r2/2p3kp/2Pp2p1/4p3/P1B5/5q2/3Q1BKP/R2R4","stockfishScores":{"wn":0.4779761904761905}},{"fenStr":"1rb2r2/2p3kp/2Pp2p1/4p3/P1B5/5q2/3Q1B1P/R2R2K1","stockfishScores":{"bn":0.4839880952380952}},{"fenStr":"1rb2r2/2p3kp/2Pp2p1/4p3/P1B3q1/8/3Q1B1P/R2R2K1","stockfishScores":{"wn":0.5089285714285714}},{"fenStr":"1rb2r2/2p3kp/2Pp2p1/4p3/P1B3q1/8/3Q1B1P/R2R3K","stockfishScores":{"bn":0.4917261904761905}},{"fenStr":"1rb2r2/2p3kp/2Pp2p1/4p3/P1q5/8/3Q1B1P/R2R3K","stockfishScores":{"wn":0.4680952380952381}},{"fenStr":"1rb2r2/2p3kp/2Pp2p1/4p3/P1q5/4B3/3Q3P/R2R3K","stockfishScores":{"bn":0.46904761904761905}},{"fenStr":"1rb2r2/2p3kp/2Pp2p1/4p3/P3q3/4B3/3Q3P/R2R3K","stockfishScores":{"wn":0.470297619047619}},{"fenStr":"1rb2r2/2p3kp/2Pp2p1/4p3/P3q3/4B3/3Q3P/R2R2K1","stockfishScores":{"bn":0.4610714285714286}},{"fenStr":"1rb2r2/2p3kp/2Pp2p1/4p3/P5q1/4B3/3Q3P/R2R2K1","stockfishScores":{"wn":0.4792261904761905}},{"fenStr":"1rb2r2/2p3kp/2Pp2p1/4p3/P5q1/4B3/6QP/R2R2K1","stockfishScores":{"bn":0.46982142857142856}},{"fenStr":"2b2r2/2p3kp/2Pp2p1/4p3/P5q1/4B3/1r4QP/R2R2K1","stockfishScores":{"wn":0.4035714285714286}},{"fenStr":"2b2r2/2p3kp/2Pp2p1/4p3/P5Q1/4B3/1r5P/R2R2K1","stockfishScores":{"bn":0.562797619047619}},{"fenStr":"5r2/2p3kp/2Pp2p1/4p3/P5b1/4B3/1r5P/R2R2K1","stockfishScores":{"wn":0.48}},{"fenStr":"5r2/2p3kp/2Pp2p1/4p3/P5b1/4B3/1r5P/R1R3K1","stockfishScores":{"bn":0.48101190476190475}},{"fenStr":"5r2/2p3kp/2Pp2p1/4p3/P7/4Bb2/1r5P/R1R3K1","stockfishScores":{"wn":0.477797619047619}},{"fenStr":"5r2/B1p3kp/2Pp2p1/4p3/P7/5b2/1r5P/R1R3K1","stockfishScores":{"bn":0.4735714285714286}},{"fenStr":"5r2/B1p3kp/2Pp2p1/4p3/P7/5b2/6rP/R1R3K1","stockfishScores":{"wn":0.4830952380952381}},{"fenStr":"5r2/B1p3kp/2Pp2p1/4p3/P7/5b2/6rP/R1R4K","stockfishScores":{"bn":0.4798809523809524}},{"fenStr":"5r2/B1p3kp/2Pp2p1/4p1r1/P7/5b2/7P/R1R4K","stockfishScores":{"wn":0.4826785714285714}}],"result":{"bw":true}}