{"fens":[{"fenStr":"rnbqkbnr/pppppppp/8/8/4P3/8/PPPP1PPP/RNBQKBNR","stockfishScores":{"bn":0.5049404761904762}},{"fenStr":"rnbqkbnr/pp1ppppp/8/2p5/4P3/8/PPPP1PPP/RNBQKBNR","stockfishScores":{"wn":0.5038095238095238}},{"fenStr":"rnbqkbnr/pp1ppppp/8/2p5/4P3/5N2/PPPP1PPP/RNBQKB1R","stockfishScores":{"bn":0.5058928571428571}},{"fenStr":"rnbqkbnr/pp2pppp/3p4/2p5/4P3/5N2/PPPP1PPP/RNBQKB1R","stockfishScores":{"wn":0.5020833333333333}},{"fenStr":"rnbqkbnr/pp2pppp/3p4/2p5/4P3/2P2N2/PP1P1PPP/RNBQKB1R","stockfishScores":{"bn":0.5021428571428571}},{"fenStr":"rnbqkb1r/pp2pppp/3p1n2/2p5/4P3/2P2N2/PP1P1PPP/RNBQKB1R","stockfishScores":{"wn":0.49726190476190474}},{"fenStr":"rnbqkb1r/pp2pppp/3p1n2/2p5/4P3/2P2N2/PP1PBPPP/RNBQK2R","stockfishScores":{"bn":0.4961904761904762}},{"fenStr":"r1bqkb1r/pp2pppp/2np1n2/2p5/4P3/2P2N2/PP1PBPPP/RNBQK2R","stockfishScores":{"wn":0.49357142857142855}},{"fenStr":"r1bqkb1r/pp2pppp/2np1n2/2p5/3PP3/2P2N2/PP2BPPP/RNBQK2R","stockfishScores":{"bn":0.501547619047619}},{"fenStr":"r1bqkb1r/pp2pppp/2np1n2/8/3pP3/2P2N2/PP2BPPP/RNBQK2R","stockfishScores":{"wn":0.49107142857142855}},{"fenStr":"r1bqkb1r/pp2pppp/2np1n2/8/3PP3/5N2/PP2BPPP/RNBQK2R","stockfishScores":{"bn":0.5011309523809524}},{"fenStr":"r1bqkb1r/pp2pppp/2n2n2/3p4/3PP3/5N2/PP2BPPP/RNBQK2R","stockfishScores":{"wn":0.501547619047619}},{"fenStr":"r1bqkb1r/pp2pppp/2n2n2/3pP3/3P4/5N2/PP2BPPP/RNBQK2R","stockfishScores":{"bn":0.5060119047619047}},{"fenStr":"r1bqkb1r/pp2pppp/2n5/3pP3/3Pn3/5N2/PP2BPPP/RNBQK2R","stockfishScores":{"wn":0.4932142857142857}},{"fenStr":"r1bqkb1r/pp2pppp/2n5/3pP3/3Pn3/5N2/PP2BPPP/RNBQ1RK1","stockfishScores":{"bn":0.5123214285714286}},{"fenStr":"r2qkb1r/pp2pppp/2n5/3pP3/3Pn1b1/5N2/PP2BPPP/RNBQ1RK1","stockfishScores":{"wn":0.5111904761904762}},{"fenStr":"r2qkb1r/pp2pppp/2n5/3pP3/3Pn1b1/5N1P/PP2BPP1/RNBQ1RK1","stockfishScores":{"bn":0.5163690476190477}},{"fenStr":"r2qkb1r/pp2pppp/2n5/3pP2b/3Pn3/5N1P/PP2BPP1/RNBQ1RK1","stockfishScores":{"wn":0.5154166666666666}},{"fenStr":"r2qkb1r/pp2pppp/2n5/3pP2b/3Pn3/1Q3N1P/PP2BPP1/RNB2RK1","stockfishScores":{"bn":0.5158928571428572}},{"fenStr":"r3kb1r/pp1qpppp/2n5/3pP2b/3Pn3/1Q3N1P/PP2BPP1/RNB2RK1","stockfishScores":{"wn":0.514702380952381}},{"fenStr":"r3kb1r/pp1qpppp/2n1P3/3p3b/3Pn3/1Q3N1P/PP2BPP1/RNB2RK1","stockfishScores":{"bn":0.5123809523809524}},{"fenStr":"r3kb1r/pp2pppp/2n1q3/3p3b/3Pn3/1Q3N1P/PP2BPP1/RNB2RK1","stockfishScores":{"wn":0.5050595238095238}},{"fenStr":"r3kb1r/pQ2pppp/2n1q3/3p3b/3Pn3/5N1P/PP2BPP1/RNB2RK1","stockfishScores":{"bn":0.5164880952380952}},{"fenStr":"1r2kb1r/pQ2pppp/2n1q3/3p3b/3Pn3/5N1P/PP2BPP1/RNB2RK1","stockfishScores":{"wn":0.5001190476190476}},{"fenStr":"1r2kb1r/p3pppp/Q1n1q3/3p3b/3Pn3/5N1P/PP2BPP1/RNB2RK1","stockfishScores":{"bn":0.5055952380952381}},{"fenStr":"4kb1r/p3pppp/Qrn1q3/3p3b/3Pn3/5N1P/PP2BPP1/RNB2RK1","stockfishScores":{"wn":0.504702380952381}},{"fenStr":"4kb1r/p3pppp/1rn1q3/3p3b/Q2Pn3/5N1P/PP2BPP1/RNB2RK1","stockfishScores":{"bn":0.5146428571428572}},{"fenStr":"4kb1r/p3pppp/2n1q3/3p3b/Qr1Pn3/5N1P/PP2BPP1/RNB2RK1","stockfishScores":{"wn":0.5129761904761905}},{"fenStr":"4kb1r/p3pppp/2n1q3/3p3b/1r1Pn3/Q4N1P/PP2BPP1/RNB2RK1","stockfishScores":{"bn":0.5070238095238095}},{"fenStr":"4kb1r/p3pppp/2nnq3/3p3b/1r1P4/Q4N1P/PP2BPP1/RNB2RK1","stockfishScores":{"wn":0.5044642857142857}},{"fenStr":"4kb1r/p3pppp/2nnq3/3p3b/1r1P4/Q3BN1P/PP2BPP1/RN3RK1","stockfishScores":{"bn":0.506547619047619}},{"fenStr":"4kb1r/p3pppp/2nnq3/3p4/1r1P4/Q3Bb1P/PP2BPP1/RN3RK1","stockfishScores":{"wn":0.4830952380952381}},{"fenStr":"4kb1r/p3pppp/2nnq3/3p4/1r1P4/Q3BB1P/PP3PP1/RN3RK1","stockfishScores":{"bn":0.5083928571428571}},{"fenStr":"4kb1r/p3pppp/2n1q3/3p4/1rnP4/Q3BB1P/PP3PP1/RN3RK1","stockfishScores":{"wn":0.5076785714285714}},{"fenStr":"4kb1r/p3pppp/2n1q3/3p4/1rnP4/2Q1BB1P/PP3PP1/RN3RK1","stockfishScores":{"bn":0.5102380952380953}},{"fenStr":"4kb1r/p2qpppp/2n5/3p4/1rnP4/2Q1BB1P/PP3PP1/RN3RK1","stockfishScores":{"wn":0.5117261904761905}},{"fenStr":"4kb1r/p2qpppp/2n5/3p4/1rnP4/1PQ1BB1P/P4PP1/RN3RK1","stockfishScores":{"bn":0.5154166666666666}},{"fenStr":"4kb1r/p2qpppp/2n5/3p4/1r1P4/1PQ1nB1P/P4PP1/RN3RK1","stockfishScores":{"wn":0.48833333333333334}},{"fenStr":"4kb1r/p2qpppp/2n5/3p4/1r1P4/1PQ1PB1P/P5P1/RN3RK1","stockfishScores":{"bn":0.5116071428571428}},{"fenStr":"4kb1r/p2q1ppp/2n1p3/3p4/1r1P4/1PQ1PB1P/P5P1/RN3RK1","stockfishScores":{"wn":0.5060119047619047}},{"fenStr":"4kb1r/p2q1ppp/2n1p3/3p4/1r1P4/PPQ1PB1P/6P1/RN3RK1","stockfishScores":{"bn":0.5104166666666666}},{"fenStr":"4kb1r/p2q1ppp/1rn1p3/3p4/3P4/PPQ1PB1P/6P1/RN3RK1","stockfishScores":{"wn":0.5042261904761904}},{"fenStr":"4kb1r/p2q1ppp/1rn1p3/3p4/1P1P4/P1Q1PB1P/6P1/RN3RK1","stockfishScores":{"bn":0.5041666666666667}},{"fenStr":"4k2r/p2q1ppp/1rnbp3/3p4/1P1P4/P1Q1PB1P/6P1/RN3RK1","stockfishScores":{"wn":0.5004761904761905}},{"fenStr":"4k2r/p2q1ppp/1rnbp3/3p4/1P1P4/P1Q1PB1P/3N2P1/R4RK1","stockfishScores":{"bn":0.5058333333333334}},{"fenStr":"5rk1/p2q1ppp/1rnbp3/3p4/1P1P4/P1Q1PB1P/3N2P1/R4RK1","stockfishScores":{"wn":0.4963095238095238}},{"fenStr":"5rk1/p2q1ppp/1rnbp3/3p4/1P1P4/P1Q1P2P/3NB1P1/R4RK1","stockfishScores":{"bn":0.4975595238095238}},{"fenStr":"5rk1/p2qnppp/1r1bp3/3p4/1P1P4/P1Q1P2P/3NB1P1/R4RK1","stockfishScores":{"wn":0.49416666666666664}},{"fenStr":"5rk1/p2qnppp/1r1bp3/3p4/1P1P4/P1QBP2P/3N2P1/R4RK1","stockfishScores":{"bn":0.495952380952381}},{"fenStr":"5rk1/p2qnppp/2rbp3/3p4/1P1P4/P1QBP2P/3N2P1/R4RK1","stockfishScores":{"wn":0.49547619047619046}},{"fenStr":"5rk1/p2qnppp/2rbp3/3p4/1P1P4/P2BP2P/1Q1N2P1/R4RK1","stockfishScores":{"bn":0.4988095238095238}},{"fenStr":"5rk1/p1q1nppp/2rbp3/3p4/1P1P4/P2BP2P/1Q1N2P1/R4RK1","stockfishScores":{"wn":0.5005952380952381}},{"fenStr":"5rk1/p1q1nppp/2rbp3/3p4/1P1P4/PN1BP2P/1Q4P1/R4RK1","stockfishScores":{"bn":0.5001190476190476}},{"fenStr":"5rk1/p1q1nppp/2rb4/3pp3/1P1P4/PN1BP2P/1Q4P1/R4RK1","stockfishScores":{"wn":0.5036309523809523}},{"fenStr":"5rk1/p1q1nppp/2rb4/3pp3/1P1P4/PN1BP2P/1Q4P1/2R2RK1","stockfishScores":{"bn":0.5061904761904762}},{"fenStr":"5rk1/p1q1nppp/2rb4/3p4/1P1Pp3/PN1BP2P/1Q4P1/2R2RK1","stockfishScores":{"wn":0.4961309523809524}},{"fenStr":"5rk1/p1q1nppp/2Rb4/3p4/1P1Pp3/PN1BP2P/1Q4P1/5RK1","stockfishScores":{"bn":0.5283928571428571}},{"fenStr":"5rk1/p3nppp/2qb4/3p4/1P1Pp3/PN1BP2P/1Q4P1/5RK1","stockfishScores":{"wn":0.4969047619047619}},{"fenStr":"5rk1/p3nppp/2qb4/3p4/1P1Pp3/PN1BP2P/1Q4P1/2R3K1","stockfishScores":{"bn":0.5}},{"fenStr":"5rk1/p2qnppp/3b4/3p4/1P1Pp3/PN1BP2P/1Q4P1/2R3K1","stockfishScores":{"wn":0.4942857142857143}},{"fenStr":"5rk1/p2qnppp/3b4/3p4/1P1Pp3/PN2P2P/1Q2B1P1/2R3K1","stockfishScores":{"bn":0.49875}},{"fenStr":"5rk1/p3nppp/3b4/3p1q2/1P1Pp3/PN2P2P/1Q2B1P1/2R3K1","stockfishScores":{"wn":0.49892857142857144}},{"fenStr":"5rk1/p3nppp/3b4/3p1q2/1P1Pp3/P3P2P/1Q1NB1P1/2R3K1","stockfishScores":{"bn":0.4968452380952381}},{"fenStr":"5rk1/p3nppp/3b4/3p2q1/1P1Pp3/P3P2P/1Q1NB1P1/2R3K1","stockfishScores":{"wn":0.4818452380952381}},{"fenStr":"5rk1/p3nppp/3b4/3p2q1/1P1Pp3/P3P2P/1Q2B1P1/2R2NK1","stockfishScores":{"bn":0.49464285714285716}},{"fenStr":"5rk1/p3n1pp/3b4/3p1pq1/1P1Pp3/P3P2P/1Q2B1P1/2R2NK1","stockfishScores":{"wn":0.49535714285714283}},{"fenStr":"5rk1/p3n1pp/3b4/3p1pq1/1P1Pp3/PQ2P2P/4B1P1/2R2NK1","stockfishScores":{"bn":0.4944642857142857}},{"fenStr":"5rk1/p3n1pp/3b4/3p2q1/1P1Ppp2/PQ2P2P/4B1P1/2R2NK1","stockfishScores":{"wn":0.4950595238095238}},{"fenStr":"5rk1/p3n1pp/3b4/3p2q1/1P1PpP2/PQ5P/4B1P1/2R2NK1","stockfishScores":{"bn":0.50125}},{"fenStr":"5rk1/p3n1pp/3b4/3p4/1P1Ppq2/PQ5P/4B1P1/2R2NK1","stockfishScores":{"wn":0.4719047619047619}},{"fenStr":"5rk1/p3n1pp/3b4/3p4/1P1Ppq2/P3Q2P/4B1P1/2R2NK1","stockfishScores":{"bn":0.4860714285714286}},{"fenStr":"5rk1/p3n1pp/3b1q2/3p4/1P1Pp3/P3Q2P/4B1P1/2R2NK1","stockfishScores":{"wn":0.48720238095238094}},{"fenStr":"5rk1/p3n1pp/3b1q2/3p4/1P1Pp3/P3Q2P/4B1P1/3R1NK1","stockfishScores":{"bn":0.4842261904761905}},{"fenStr":"5rk1/p5pp/3b1q2/3p1n2/1P1Pp3/P3Q2P/4B1P1/3R1NK1","stockfishScores":{"wn":0.4895833333333333}},{"fenStr":"5rk1/p5pp/3b1q2/3p1n2/1P1Pp3/PQ5P/4B1P1/3R1NK1","stockfishScores":{"bn":0.4917261904761905}},{"fenStr":"5rk1/p3n1pp/3b1q2/3p4/1P1Pp3/PQ5P/4B1P1/3R1NK1","stockfishScores":{"wn":0.47351190476190474}},{"fenStr":"5rk1/p3n1pp/3b1q2/1B1p4/1P1Pp3/PQ5P/6P1/3R1NK1","stockfishScores":{"bn":0.47220238095238093}},{"fenStr":"5rk1/p1b1n1pp/5q2/1B1p4/1P1Pp3/PQ5P/6P1/3R1NK1","stockfishScores":{"wn":0.4718452380952381}},{"fenStr":"5rk1/p1b1n1pp/5q2/1B1p4/1P1Pp3/P3Q2P/6P1/3R1NK1","stockfishScores":{"bn":0.4830357142857143}},{"fenStr":"5rk1/p1b3pp/5q2/1B1p1n2/1P1Pp3/P3Q2P/6P1/3R1NK1","stockfishScores":{"wn":0.4886904761904762}},{"fenStr":"5rk1/p1b3pp/5q2/1B1p1n2/1P1Pp3/PQ5P/6P1/3R1NK1","stockfishScores":{"bn":0.49047619047619045}},{"fenStr":"3r2k1/p1b3pp/5q2/1B1p1n2/1P1Pp3/PQ5P/6P1/3R1NK1","stockfishScores":{"wn":0.4911904761904762}},{"fenStr":"3r2k1/p1b3pp/5q2/1B1p1n2/1P1Pp3/PQ2N2P/6P1/3R2K1","stockfishScores":{"bn":0.4930357142857143}},{"fenStr":"3r2k1/p1b3pp/5q2/1B1p4/1P1np3/PQ2N2P/6P1/3R2K1","stockfishScores":{"wn":0.47482142857142856}},{"fenStr":"3r2k1/p1b3pp/5q2/1B1N4/1P1np3/PQ5P/6P1/3R2K1","stockfishScores":{"bn":0.4830357142857143}},{"fenStr":"3r2k1/p1b3pp/8/1B1Nq3/1P1np3/PQ5P/6P1/3R2K1","stockfishScores":{"wn":0.46345238095238095}},{"fenStr":"3r2k1/p1N3pp/8/1B2q3/1P1np3/PQ5P/6P1/3R2K1","stockfishScores":{"bn":0.518095238095238}},{"fenStr":"3r2k1/p1N3pp/8/1B2q3/1P2p3/Pn5P/6P1/3R2K1","stockfishScores":{"wn":0.4510119047619048}},{"fenStr":"3r2k1/p1N3pp/8/4q3/1PB1p3/Pn5P/6P1/3R2K1","stockfishScores":{"bn":0.45089285714285715}},{"fenStr":"6k1/p1N3pp/8/3rq3/1PB1p3/Pn5P/6P1/3R2K1","stockfishScores":{"wn":0.45095238095238094}},{"fenStr":"6k1/p1N3pp/8/3Rq3/1PB1p3/Pn5P/6P1/6K1","stockfishScores":{"bn":0.4906547619047619}},{"fenStr":"6k1/p1N3pp/8/3R4/1PB1p3/Pnq4P/6P1/6K1","stockfishScores":{"wn":0.49154761904761907}},{"fenStr":"3R2k1/p1N3pp/8/8/1PB1p3/Pnq4P/6P1/6K1","stockfishScores":{"bn":0.4957142857142857}}],"result":{"ww":true}}