{"fens":[{"fenStr":"rnbqkbnr/pppppppp/8/8/4P3/8/PPPP1PPP/RNBQKBNR","stockfishScores":{"bn":0.5049404761904762}},{"fenStr":"rnbqkbnr/pppp1ppp/8/4p3/4P3/8/PPPP1PPP/RNBQKBNR","stockfishScores":{"wn":0.5005952380952381}},{"fenStr":"rnbqkbnr/pppp1ppp/8/4p3/4P3/5N2/PPPP1PPP/RNBQKB1R","stockfishScores":{"bn":0.5044047619047619}},{"fenStr":"r1bqkbnr/pppp1ppp/2n5/4p3/4P3/5N2/PPPP1PPP/RNBQKB1R","stockfishScores":{"wn":0.5004166666666666}},{"fenStr":"r1bqkbnr/pppp1ppp/2n5/1B2p3/4P3/5N2/PPPP1PPP/RNBQK2R","stockfishScores":{"bn":0.5002380952380953}},{"fenStr":"r1bqkbnr/1ppp1ppp/p1n5/1B2p3/4P3/5N2/PPPP1PPP/RNBQK2R","stockfishScores":{"wn":0.49535714285714283}},{"fenStr":"r1bqkbnr/1ppp1ppp/p1n5/4p3/B3P3/5N2/PPPP1PPP/RNBQK2R","stockfishScores":{"bn":0.49654761904761907}},{"fenStr":"r1bqkb1r/1ppp1ppp/p1n2n2/4p3/B3P3/5N2/PPPP1PPP/RNBQK2R","stockfishScores":{"wn":0.49273809523809525}},{"fenStr":"r1bqkb1r/1ppp1ppp/p1n2n2/4p3/B3P3/5N2/PPPP1PPP/RNBQ1RK1","stockfishScores":{"bn":0.5022619047619048}},{"fenStr":"r1bqk2r/1pppbppp/p1n2n2/4p3/B3P3/5N2/PPPP1PPP/RNBQ1RK1","stockfishScores":{"wn":0.5031547619047619}},{"fenStr":"r1bqk2r/1pppbppp/p1n2n2/4p3/B3P3/5N2/PPPP1PPP/RNBQR1K1","stockfishScores":{"bn":0.5042857142857143}},{"fenStr":"r1bqk2r/2ppbppp/p1n2n2/1p2p3/B3P3/5N2/PPPP1PPP/RNBQR1K1","stockfishScores":{"wn":0.49773809523809526}},{"fenStr":"r1bqk2r/2ppbppp/p1n2n2/1p2p3/4P3/1B3N2/PPPP1PPP/RNBQR1K1","stockfishScores":{"bn":0.5060714285714286}},{"fenStr":"r1bq1rk1/2ppbppp/p1n2n2/1p2p3/4P3/1B3N2/PPPP1PPP/RNBQR1K1","stockfishScores":{"wn":0.49565476190476193}},{"fenStr":"r1bq1rk1/2ppbppp/p1n2n2/1p2p3/4P3/1B1P1N2/PPP2PPP/RNBQR1K1","stockfishScores":{"bn":0.5010714285714286}},{"fenStr":"r1bq1rk1/2p1bppp/p1np1n2/1p2p3/4P3/1B1P1N2/PPP2PPP/RNBQR1K1","stockfishScores":{"wn":0.4981547619047619}},{"fenStr":"r1bq1rk1/2p1bppp/p1np1n2/1p2p3/4P3/1BPP1N2/PP3PPP/RNBQR1K1","stockfishScores":{"bn":0.49916666666666665}},{"fenStr":"r1bq1rk1/2p1bppp/p2p1n2/np2p3/4P3/1BPP1N2/PP3PPP/RNBQR1K1","stockfishScores":{"wn":0.49916666666666665}},{"fenStr":"r1bq1rk1/2p1bppp/p2p1n2/np2p3/4P3/2PP1N2/PPB2PPP/RNBQR1K1","stockfishScores":{"bn":0.5007738095238096}},{"fenStr":"r1bq1rk1/4bppp/p2p1n2/npp1p3/4P3/2PP1N2/PPB2PPP/RNBQR1K1","stockfishScores":{"wn":0.4988690476190476}},{"fenStr":"r1bq1rk1/4bppp/p2p1n2/npp1p3/4P3/2PP1N2/PPBN1PPP/R1BQR1K1","stockfishScores":{"bn":0.4998214285714286}},{"fenStr":"r1bq1rk1/4bppp/p1np1n2/1pp1p3/4P3/2PP1N2/PPBN1PPP/R1BQR1K1","stockfishScores":{"wn":0.49839285714285714}},{"fenStr":"r1bq1rk1/4bppp/p1np1n2/1pp1p3/4P3/2PP1N2/PPB2PPP/R1BQRNK1","stockfishScores":{"bn":0.4969047619047619}},{"fenStr":"r1b2rk1/2q1bppp/p1np1n2/1pp1p3/4P3/2PP1N2/PPB2PPP/R1BQRNK1","stockfishScores":{"wn":0.4968452380952381}},{"fenStr":"r1b2rk1/2q1bppp/p1np1n2/1pp1p3/4P3/2PPNN2/PPB2PPP/R1BQR1K1","stockfishScores":{"bn":0.4999404761904762}},{"fenStr":"r1b2rk1/2q1bp1p/p1np1np1/1pp1p3/4P3/2PPNN2/PPB2PPP/R1BQR1K1","stockfishScores":{"wn":0.501547619047619}},{"fenStr":"r1b2rk1/2q1bp1p/p1np1np1/1pp1p3/3PP3/2P1NN2/PPB2PPP/R1BQR1K1","stockfishScores":{"bn":0.50375}},{"fenStr":"r1b2rk1/2q1bp1p/p1np1np1/1pp5/3pP3/2P1NN2/PPB2PPP/R1BQR1K1","stockfishScores":{"wn":0.4864880952380952}},{"fenStr":"r1b2rk1/2q1bp1p/p1np1np1/1pp5/3PP3/4NN2/PPB2PPP/R1BQR1K1","stockfishScores":{"bn":0.5030357142857143}},{"fenStr":"r4rk1/1bq1bp1p/p1np1np1/1pp5/3PP3/4NN2/PPB2PPP/R1BQR1K1","stockfishScores":{"wn":0.5029761904761905}},{"fenStr":"r4rk1/1bq1bp1p/p1np1np1/1ppP4/4P3/4NN2/PPB2PPP/R1BQR1K1","stockfishScores":{"bn":0.5048809523809524}},{"fenStr":"r4rk1/1bq1bp1p/p2p1np1/1ppPn3/4P3/4NN2/PPB2PPP/R1BQR1K1","stockfishScores":{"wn":0.5001190476190476}},{"fenStr":"r4rk1/1bq1bp1p/p2p1np1/1ppPn3/4P3/4N3/PPBN1PPP/R1BQR1K1","stockfishScores":{"bn":0.4994047619047619}},{"fenStr":"r3r1k1/1bq1bp1p/p2p1np1/1ppPn3/4P3/4N3/PPBN1PPP/R1BQR1K1","stockfishScores":{"wn":0.4994642857142857}},{"fenStr":"r3r1k1/1bq1bp1p/p2p1np1/1ppPn3/4PP2/4N3/PPBN2PP/R1BQR1K1","stockfishScores":{"bn":0.5026785714285714}},{"fenStr":"r3r1k1/1bqnbp1p/p2p1np1/1ppP4/4PP2/4N3/PPBN2PP/R1BQR1K1","stockfishScores":{"wn":0.5025}},{"fenStr":"r3r1k1/1bqnbp1p/p2p1np1/1ppP4/4PPP1/4N3/PPBN3P/R1BQR1K1","stockfishScores":{"bn":0.5004166666666666}},{"fenStr":"r3rbk1/1bqn1p1p/p2p1np1/1ppP4/4PPP1/4N3/PPBN3P/R1BQR1K1","stockfishScores":{"wn":0.5006547619047619}},{"fenStr":"r3rbk1/1bqn1p1p/p2p1np1/1ppP2P1/4PP2/4N3/PPBN3P/R1BQR1K1","stockfishScores":{"bn":0.5045833333333334}},{"fenStr":"r3rbk1/1bqn1p1p/p2p2p1/1ppP2Pn/4PP2/4N3/PPBN3P/R1BQR1K1","stockfishScores":{"wn":0.49964285714285717}},{"fenStr":"r3rbk1/1bqn1p1p/p2p2p1/1ppP1PPn/4P3/4N3/PPBN3P/R1BQR1K1","stockfishScores":{"bn":0.4990476190476191}},{"fenStr":"r3rbk1/1bq2p1p/p2p2p1/1ppPnPPn/4P3/4N3/PPBN3P/R1BQR1K1","stockfishScores":{"wn":0.4951785714285714}},{"fenStr":"r3rbk1/1bq2p1p/p2p2p1/1ppPnPPn/4P3/4NN2/PPB4P/R1BQR1K1","stockfishScores":{"bn":0.49416666666666664}},{"fenStr":"r2qrbk1/1b3p1p/p2p2p1/1ppPnPPn/4P3/4NN2/PPB4P/R1BQR1K1","stockfishScores":{"wn":0.49535714285714283}},{"fenStr":"r2qrbk1/1b3p1p/p2p2p1/1ppPnPPn/4P3/5N2/PPB3NP/R1BQR1K1","stockfishScores":{"bn":0.4938690476190476}},{"fenStr":"r2qrbk1/1b5p/p2p1pp1/1ppPnPPn/4P3/5N2/PPB3NP/R1BQR1K1","stockfishScores":{"wn":0.4945833333333333}},{"fenStr":"r2qrbk1/1b5p/p2p1pp1/1ppPnPPn/4P2P/5N2/PPB3N1/R1BQR1K1","stockfishScores":{"bn":0.4897619047619048}},{"fenStr":"r2qr1k1/1b4bp/p2p1pp1/1ppPnPPn/4P2P/5N2/PPB3N1/R1BQR1K1","stockfishScores":{"wn":0.48988095238095236}},{"fenStr":"r2qr1k1/1b4bp/p2p1pp1/1ppPnPPn/4PN1P/5N2/PPB5/R1BQR1K1","stockfishScores":{"bn":0.4936309523809524}},{"fenStr":"r2qr1k1/1b4bp/p2p2p1/1ppPnPpn/4PN1P/5N2/PPB5/R1BQR1K1","stockfishScores":{"wn":0.47601190476190475}},{"fenStr":"r2qr1k1/1b4bp/p2p2p1/1ppPnPpN/4P2P/5N2/PPB5/R1BQR1K1","stockfishScores":{"bn":0.5110714285714286}},{"fenStr":"r2qr1k1/1b4bp/p2p4/1ppPnPpp/4P2P/5N2/PPB5/R1BQR1K1","stockfishScores":{"wn":0.49089285714285713}},{"fenStr":"r2qr1k1/1b4bp/p2p4/1ppPNPpp/4P2P/8/PPB5/R1BQR1K1","stockfishScores":{"bn":0.5169047619047619}},{"fenStr":"r2qr1k1/1b5p/p2p4/1ppPbPpp/4P2P/8/PPB5/R1BQR1K1","stockfishScores":{"wn":0.4898214285714286}},{"fenStr":"r2qr1k1/1b5p/p2p4/1ppPbPPp/4P3/8/PPB5/R1BQR1K1","stockfishScores":{"bn":0.5004166666666666}},{"fenStr":"r2qr1k1/1b5p/p2p4/1ppP1PPp/3bP3/8/PPB5/R1BQR1K1","stockfishScores":{"wn":0.5069642857142858}},{"fenStr":"r2qr1k1/1b5p/p2p4/1ppP1PPp/3bP3/8/PPB5/R1BQR2K","stockfishScores":{"bn":0.5074404761904762}},{"fenStr":"3qr1k1/rb5p/p2p4/1ppP1PPp/3bP3/8/PPB5/R1BQR2K","stockfishScores":{"wn":0.5095833333333334}},{"fenStr":"3qr1k1/rb5p/p2p4/1ppP1PPp/3bP3/8/PPB5/R1BQ1R1K","stockfishScores":{"bn":0.5093452380952381}},{"fenStr":"3q1rk1/rb5p/p2p4/1ppP1PPp/3bP3/8/PPB5/R1BQ1R1K","stockfishScores":{"wn":0.5111904761904762}},{"fenStr":"3q1rk1/rb5p/p2p4/1ppP1PPQ/3bP3/8/PPB5/R1B2R1K","stockfishScores":{"bn":0.5203571428571429}},{"fenStr":"4qrk1/rb5p/p2p4/1ppP1PPQ/3bP3/8/PPB5/R1B2R1K","stockfishScores":{"wn":0.5135714285714286}},{"fenStr":"4Qrk1/rb5p/p2p4/1ppP1PP1/3bP3/8/PPB5/R1B2R1K","stockfishScores":{"bn":0.5839285714285715}},{"fenStr":"4r1k1/rb5p/p2p4/1ppP1PP1/3bP3/8/PPB5/R1B2R1K","stockfishScores":{"wn":0.5110714285714286}},{"fenStr":"4r1k1/rb5p/p2p4/1ppP1PP1/3bP3/8/PPB5/1RB2R1K","stockfishScores":{"bn":0.5108333333333334}},{"fenStr":"2b1r1k1/r6p/p2p4/1ppP1PP1/3bP3/8/PPB5/1RB2R1K","stockfishScores":{"wn":0.5107142857142857}},{"fenStr":"2b1r1k1/r6p/p2p4/1ppP1PP1/3bPB2/8/PPB5/1R3R1K","stockfishScores":{"bn":0.5143452380952381}},{"fenStr":"2b1r1k1/r6p/p2p4/1ppPbPP1/4PB2/8/PPB5/1R3R1K","stockfishScores":{"wn":0.5130357142857143}},{"fenStr":"2b1r1k1/r6p/p2p4/1ppPbPP1/4P3/4B3/PPB5/1R3R1K","stockfishScores":{"bn":0.5121428571428571}},{"fenStr":"2b1r1k1/5r1p/p2p4/1ppPbPP1/4P3/4B3/PPB5/1R3R1K","stockfishScores":{"wn":0.5123214285714286}},{"fenStr":"2b1r1k1/5r1p/p2p4/1ppPbPP1/4P3/1P2B3/P1B5/1R3R1K","stockfishScores":{"bn":0.5111309523809524}},{"fenStr":"4r1k1/3b1r1p/p2p4/1ppPbPP1/4P3/1P2B3/P1B5/1R3R1K","stockfishScores":{"wn":0.5111309523809524}},{"fenStr":"4r1k1/3b1r1p/p2p4/1ppPbPP1/4P3/1P2B3/P1B5/1R4RK","stockfishScores":{"bn":0.5095833333333334}},{"fenStr":"4r3/3b1rkp/p2p4/1ppPbPP1/4P3/1P2B3/P1B5/1R4RK","stockfishScores":{"wn":0.5107142857142857}},{"fenStr":"4r3/3b1rkp/p2p4/1ppPbPP1/4P3/1P2B3/P1B5/5RRK","stockfishScores":{"bn":0.5110714285714286}},{"fenStr":"7r/3b1rkp/p2p4/1ppPbPP1/4P3/1P2B3/P1B5/5RRK","stockfishScores":{"wn":0.5136309523809524}},{"fenStr":"7r/3b1rkp/p2p4/1ppPbPP1/4P3/1P2B3/P7/3B1RRK","stockfishScores":{"bn":0.5111904761904762}},{"fenStr":"5k1r/3b1r1p/p2p4/1ppPbPP1/4P3/1P2B3/P7/3B1RRK","stockfishScores":{"wn":0.5171428571428571}},{"fenStr":"5k1r/3b1r1p/p2p4/1ppPbPPB/4P3/1P2B3/P7/5RRK","stockfishScores":{"bn":0.5211309523809524}},{"fenStr":"5k1r/3b2rp/p2p4/1ppPbPPB/4P3/1P2B3/P7/5RRK","stockfishScores":{"wn":0.5208333333333334}},{"fenStr":"5k1r/3b2rp/p2p1P2/1ppPb1PB/4P3/1P2B3/P7/5RRK","stockfishScores":{"bn":0.5235714285714286}},{"fenStr":"5krr/3b3p/p2p1P2/1ppPb1PB/4P3/1P2B3/P7/5RRK","stockfishScores":{"wn":0.5239285714285714}},{"fenStr":"5krr/3b3p/p2p1P2/1ppPb1PB/4P3/1P2BR2/P7/6RK","stockfishScores":{"bn":0.5214880952380953}},{"fenStr":"5krr/3b3p/p2p1P2/2pPb1PB/1p2P3/1P2BR2/P7/6RK","stockfishScores":{"wn":0.5223809523809524}},{"fenStr":"5krr/3b3p/p2p1P2/2pPb1PB/1p2P3/1P2BR2/P5K1/6R1","stockfishScores":{"bn":0.5222023809523809}},{"fenStr":"5krr/7p/p2p1P2/1bpPb1PB/1p2P3/1P2BR2/P5K1/6R1","stockfishScores":{"wn":0.5258928571428572}},{"fenStr":"5krr/7p/p2p1P2/1bpPbRPB/1p2P3/1P2B3/P5K1/6R1","stockfishScores":{"bn":0.5252976190476191}},{"fenStr":"5krr/7p/p2p1P2/2pPbRPB/1p2P3/1P1bB3/P5K1/6R1","stockfishScores":{"wn":0.5230952380952381}},{"fenStr":"5krr/7p/p2p1P2/2pPR1PB/1p2P3/1P1bB3/P5K1/6R1","stockfishScores":{"bn":0.5584523809523809}},{"fenStr":"5krr/7p/p4P2/2pPp1PB/1p2P3/1P1bB3/P5K1/6R1","stockfishScores":{"wn":0.5198809523809523}},{"fenStr":"5krr/7p/p4P2/2BPp1PB/1p2P3/1P1b4/P5K1/6R1","stockfishScores":{"bn":0.5264880952380953}}],"result":{"ww":true}}