{"fens":[{"fenStr":"rnbqkbnr/pppppppp/8/8/4P3/8/PPPP1PPP/RNBQKBNR","stockfishScores":{"bn":0.5049404761904762}},{"fenStr":"rnbqkbnr/pp1ppppp/8/2p5/4P3/8/PPPP1PPP/RNBQKBNR","stockfishScores":{"wn":0.5038095238095238}},{"fenStr":"rnbqkbnr/pp1ppppp/8/2p5/4P3/5N2/PPPP1PPP/RNBQKB1R","stockfishScores":{"bn":0.5058928571428571}},{"fenStr":"r1bqkbnr/pp1ppppp/2n5/2p5/4P3/5N2/PPPP1PPP/RNBQKB1R","stockfishScores":{"wn":0.5025}},{"fenStr":"r1bqkbnr/pp1ppppp/2n5/2p5/4P3/2P2N2/PP1P1PPP/RNBQKB1R","stockfishScores":{"bn":0.5030357142857143}},{"fenStr":"r1bqkb1r/pp1ppppp/2n2n2/2p5/4P3/2P2N2/PP1P1PPP/RNBQKB1R","stockfishScores":{"wn":0.49988095238095237}},{"fenStr":"r1bqkb1r/pp1ppppp/2n2n2/2p1P3/8/2P2N2/PP1P1PPP/RNBQKB1R","stockfishScores":{"bn":0.5045238095238095}},{"fenStr":"r1bqkb1r/pp1ppppp/2n5/2pnP3/8/2P2N2/PP1P1PPP/RNBQKB1R","stockfishScores":{"wn":0.5011309523809524}},{"fenStr":"r1bqkb1r/pp1ppppp/2n5/2pnP3/3P4/2P2N2/PP3PPP/RNBQKB1R","stockfishScores":{"bn":0.5090476190476191}},{"fenStr":"r1bqkb1r/pp1ppppp/2n5/3nP3/3p4/2P2N2/PP3PPP/RNBQKB1R","stockfishScores":{"wn":0.4963095238095238}},{"fenStr":"r1bqkb1r/pp1ppppp/2n5/3nP3/3P4/5N2/PP3PPP/RNBQKB1R","stockfishScores":{"bn":0.4995833333333333}},{"fenStr":"r1bqkb1r/pp2pppp/2np4/3nP3/3P4/5N2/PP3PPP/RNBQKB1R","stockfishScores":{"wn":0.49529761904761904}},{"fenStr":"r1bqkb1r/pp2pppp/2np4/3nP3/2BP4/5N2/PP3PPP/RNBQK2R","stockfishScores":{"bn":0.49892857142857144}},{"fenStr":"r1bqkb1r/pp2pppp/1nnp4/4P3/2BP4/5N2/PP3PPP/RNBQK2R","stockfishScores":{"wn":0.501547619047619}},{"fenStr":"r1bqkb1r/pp2pppp/1nnp4/1B2P3/3P4/5N2/PP3PPP/RNBQK2R","stockfishScores":{"bn":0.5054761904761905}},{"fenStr":"r1bqkb1r/pp2pppp/1nn5/1B2p3/3P4/5N2/PP3PPP/RNBQK2R","stockfishScores":{"wn":0.4942261904761905}},{"fenStr":"r1bqkb1r/pp2pppp/1nn5/1B2N3/3P4/8/PP3PPP/RNBQK2R","stockfishScores":{"bn":0.5064285714285715}},{"fenStr":"r2qkb1r/pp1bpppp/1nn5/1B2N3/3P4/8/PP3PPP/RNBQK2R","stockfishScores":{"wn":0.5023809523809524}},{"fenStr":"r2qkb1r/pp1bpppp/1nn5/1B2N3/3P4/2N5/PP3PPP/R1BQK2R","stockfishScores":{"bn":0.5070238095238095}},{"fenStr":"r2qkb1r/pp1b1ppp/1nn1p3/1B2N3/3P4/2N5/PP3PPP/R1BQK2R","stockfishScores":{"wn":0.5029166666666667}},{"fenStr":"r2qkb1r/pp1b1ppp/1nB1p3/4N3/3P4/2N5/PP3PPP/R1BQK2R","stockfishScores":{"bn":0.5352380952380953}},{"fenStr":"r2qkb1r/pp3ppp/1nb1p3/4N3/3P4/2N5/PP3PPP/R1BQK2R","stockfishScores":{"wn":0.4951190476190476}},{"fenStr":"r2qkb1r/pp3ppp/1nN1p3/8/3P4/2N5/PP3PPP/R1BQK2R","stockfishScores":{"bn":0.5214285714285715}},{"fenStr":"r2qkb1r/p4ppp/1np1p3/8/3P4/2N5/PP3PPP/R1BQK2R","stockfishScores":{"wn":0.49970238095238095}},{"fenStr":"r2qkb1r/p4ppp/1np1p3/8/3P2Q1/2N5/PP3PPP/R1B1K2R","stockfishScores":{"bn":0.4990476190476191}},{"fenStr":"r2qkb1r/p4pp1/1np1p3/7p/3P2Q1/2N5/PP3PPP/R1B1K2R","stockfishScores":{"wn":0.49107142857142855}},{"fenStr":"r2qkb1r/p4pp1/1np1p3/7p/3P4/2N2Q2/PP3PPP/R1B1K2R","stockfishScores":{"bn":0.5025}},{"fenStr":"2rqkb1r/p4pp1/1np1p3/7p/3P4/2N2Q2/PP3PPP/R1B1K2R","stockfishScores":{"wn":0.49565476190476193}},{"fenStr":"2rqkb1r/p4pp1/1np1p3/7p/3P4/2N2Q2/PP3PPP/R1B2RK1","stockfishScores":{"bn":0.5033928571428572}},{"fenStr":"2r1kb1r/p4pp1/1np1p3/7p/3q4/2N2Q2/PP3PPP/R1B2RK1","stockfishScores":{"wn":0.5008333333333334}},{"fenStr":"2r1kb1r/p4pp1/1np1p3/7p/3q1B2/2N2Q2/PP3PPP/R4RK1","stockfishScores":{"bn":0.5018452380952381}},{"fenStr":"2r1kb1r/p4pp1/2p1p3/3n3p/3q1B2/2N2Q2/PP3PPP/R4RK1","stockfishScores":{"wn":0.49547619047619046}},{"fenStr":"2r1kb1r/p4pp1/2p1p3/3N3p/3q1B2/5Q2/PP3PPP/R4RK1","stockfishScores":{"bn":0.5226785714285714}},{"fenStr":"2r1kb1r/p4pp1/4p3/3p3p/3q1B2/5Q2/PP3PPP/R4RK1","stockfishScores":{"wn":0.49648809523809523}},{"fenStr":"2r1kb1r/p4pp1/4p3/3p3p/3q1B2/5Q2/PP3PPP/2R2RK1","stockfishScores":{"bn":0.5055357142857143}},{"fenStr":"4kb1r/p4pp1/4p3/3p3p/3q1B2/5Q2/PP3PPP/2r2RK1","stockfishScores":{"wn":0.46214285714285713}},{"fenStr":"4kb1r/p4pp1/4p3/3p3p/3q1B2/5Q2/PP3PPP/2R3K1","stockfishScores":{"bn":0.5020238095238095}},{"fenStr":"4kb1r/p4pp1/4p3/3p3p/5B2/5Q2/Pq3PPP/2R3K1","stockfishScores":{"wn":0.4936904761904762}},{"fenStr":"4kb1r/p4pp1/4p3/3p3p/5B2/3Q4/Pq3PPP/2R3K1","stockfishScores":{"bn":0.49702380952380953}},{"fenStr":"4k2r/p4pp1/3bp3/3p3p/5B2/3Q4/Pq3PPP/2R3K1","stockfishScores":{"wn":0.4967261904761905}},{"fenStr":"4k2r/p4pp1/3bp3/3p3p/5B2/3Q4/Pq3PPP/1R4K1","stockfishScores":{"bn":0.49464285714285716}},{"fenStr":"4k2r/p4pp1/3bp3/3p3p/5B2/3Q4/P4PPP/1q4K1","stockfishScores":{"wn":0.4518452380952381}},{"fenStr":"4k2r/p4pp1/3bp3/3p3p/5B2/8/P4PPP/1Q4K1","stockfishScores":{"bn":0.5220238095238096}},{"fenStr":"4k2r/p4pp1/4p3/3p3p/5b2/8/P4PPP/1Q4K1","stockfishScores":{"wn":0.4955357142857143}},{"fenStr":"4k2r/p4pp1/4p3/1Q1p3p/5b2/8/P4PPP/6K1","stockfishScores":{"bn":0.498452380952381}},{"fenStr":"7r/p3kpp1/4p3/1Q1p3p/5b2/8/P4PPP/6K1","stockfishScores":{"wn":0.49488095238095237}},{"fenStr":"7r/pQ2kpp1/4p3/3p3p/5b2/8/P4PPP/6K1","stockfishScores":{"bn":0.49416666666666664}},{"fenStr":"7r/pQ3pp1/4pk2/3p3p/5b2/8/P4PPP/6K1","stockfishScores":{"wn":0.4944642857142857}},{"fenStr":"7r/Q4pp1/4pk2/3p3p/5b2/8/P4PPP/6K1","stockfishScores":{"bn":0.4993452380952381}},{"fenStr":"7r/Q4pp1/4pk2/3pb2p/8/8/P4PPP/6K1","stockfishScores":{"wn":0.4961309523809524}},{"fenStr":"7r/Q4pp1/4pk2/3pb2p/5P2/8/P5PP/6K1","stockfishScores":{"bn":0.4951190476190476}},{"fenStr":"7r/Q4pp1/4pk2/3p3p/5P2/2b5/P5PP/6K1","stockfishScores":{"wn":0.4990476190476191}},{"fenStr":"7r/5pp1/4pk2/2Qp3p/5P2/2b5/P5PP/6K1","stockfishScores":{"bn":0.5014285714285714}},{"fenStr":"7r/5pp1/4pk2/2Qp3p/5P2/8/Pb4PP/6K1","stockfishScores":{"wn":0.5009523809523809}},{"fenStr":"7r/5pp1/4pk2/2Qp3p/P4P2/8/1b4PP/6K1","stockfishScores":{"bn":0.5022619047619048}},{"fenStr":"r7/5pp1/4pk2/2Qp3p/P4P2/8/1b4PP/6K1","stockfishScores":{"wn":0.5005952380952381}},{"fenStr":"r7/5pp1/4pk2/P1Qp3p/5P2/8/1b4PP/6K1","stockfishScores":{"bn":0.5021428571428571}},{"fenStr":"r7/5p2/4pkp1/P1Qp3p/5P2/8/1b4PP/6K1","stockfishScores":{"wn":0.5022619047619048}},{"fenStr":"r7/5p2/4pkp1/PQ1p3p/5P2/8/1b4PP/6K1","stockfishScores":{"bn":0.5025595238095238}},{"fenStr":"r7/5p2/4pkp1/PQ1p3p/5P2/b7/6PP/6K1","stockfishScores":{"wn":0.5020833333333333}},{"fenStr":"r7/5p2/2Q1pkp1/P2p3p/5P2/b7/6PP/6K1","stockfishScores":{"bn":0.5019047619047619}},{"fenStr":"3r4/5p2/2Q1pkp1/P2p3p/5P2/b7/6PP/6K1","stockfishScores":{"wn":0.5039880952380953}},{"fenStr":"3r4/5p2/4pkp1/P2p3p/5P2/b1Q5/6PP/6K1","stockfishScores":{"bn":0.508095238095238}},{"fenStr":"3r4/5p2/4pkp1/P6p/3p1P2/b1Q5/6PP/6K1","stockfishScores":{"wn":0.5009523809523809}},{"fenStr":"3r4/5p2/4pkp1/P6p/3p1P2/Q7/6PP/6K1","stockfishScores":{"bn":0.5289880952380952}},{"fenStr":"3r4/5p2/4pkp1/P6p/5P2/Q2p4/6PP/6K1","stockfishScores":{"wn":0.5208928571428572}},{"fenStr":"3r4/5p2/4pkp1/P6p/5P2/2Qp4/6PP/6K1","stockfishScores":{"bn":0.5268452380952381}},{"fenStr":"3r4/4kp2/4p1p1/P6p/5P2/2Qp4/6PP/6K1","stockfishScores":{"wn":0.5273214285714286}},{"fenStr":"3r4/4kp2/4p1p1/P6p/5P2/3p4/3Q2PP/6K1","stockfishScores":{"bn":0.5248809523809523}},{"fenStr":"8/3rkp2/4p1p1/P6p/5P2/3p4/3Q2PP/6K1","stockfishScores":{"wn":0.5275}},{"fenStr":"8/3rkp2/4p1p1/P6p/5P2/3p4/3Q1KPP/8","stockfishScores":{"bn":0.5305952380952381}},{"fenStr":"3k4/3r1p2/4p1p1/P6p/5P2/3p4/3Q1KPP/8","stockfishScores":{"wn":0.5324404761904762}},{"fenStr":"3k4/3r1p2/4p1p1/P6p/5P2/3p4/3Q2PP/4K3","stockfishScores":{"bn":0.5304166666666666}},{"fenStr":"2k5/3r1p2/4p1p1/P6p/5P2/3p4/3Q2PP/4K3","stockfishScores":{"wn":0.5329166666666667}},{"fenStr":"2k5/3r1p2/P3p1p1/7p/5P2/3p4/3Q2PP/4K3","stockfishScores":{"bn":0.5327380952380952}},{"fenStr":"1k6/3r1p2/P3p1p1/7p/5P2/3p4/3Q2PP/4K3","stockfishScores":{"wn":0.5342857142857143}},{"fenStr":"1k6/3r1p2/P3p1p1/7p/1Q3P2/3p4/6PP/4K3","stockfishScores":{"bn":0.5339880952380952}},{"fenStr":"8/k2r1p2/P3p1p1/7p/1Q3P2/3p4/6PP/4K3","stockfishScores":{"wn":0.5304166666666666}},{"fenStr":"8/k2r1p2/P3p1p1/2Q4p/5P2/3p4/6PP/4K3","stockfishScores":{"bn":0.5275}},{"fenStr":"1k6/3r1p2/P3p1p1/2Q4p/5P2/3p4/6PP/4K3","stockfishScores":{"wn":0.5361904761904762}},{"fenStr":"1k6/3r1p2/P3p1p1/1Q5p/5P2/3p4/6PP/4K3","stockfishScores":{"bn":0.5340476190476191}},{"fenStr":"2k5/3r1p2/P3p1p1/1Q5p/5P2/3p4/6PP/4K3","stockfishScores":{"wn":0.5333928571428571}},{"fenStr":"2k5/3Q1p2/P3p1p1/7p/5P2/3p4/6PP/4K3","stockfishScores":{"bn":0.5670238095238095}},{"fenStr":"1k6/3Q1p2/P3p1p1/7p/5P2/3p4/6PP/4K3","stockfishScores":{"wn":0.5668452380952381}},{"fenStr":"1k6/1Q3p2/P3p1p1/7p/5P2/3p4/6PP/4K3","stockfishScores":{"bn":0.5665476190476191}}],"result":{"ww":true}}