{"fens":[{"fenStr":"rnbqkbnr/pppppppp/8/8/4P3/8/PPPP1PPP/RNBQKBNR","stockfishScores":{"bn":0.5049404761904762}},{"fenStr":"rnbqkb1r/pppppppp/5n2/8/4P3/8/PPPP1PPP/RNBQKBNR","stockfishScores":{"wn":0.5017261904761905}},{"fenStr":"rnbqkb1r/pppppppp/5n2/4P3/8/8/PPPP1PPP/RNBQKBNR","stockfishScores":{"bn":0.5063690476190477}},{"fenStr":"rnbqkb1r/pppppppp/8/3nP3/8/8/PPPP1PPP/RNBQKBNR","stockfishScores":{"wn":0.5029761904761905}},{"fenStr":"rnbqkb1r/pppppppp/8/3nP3/3P4/8/PPP2PPP/RNBQKBNR","stockfishScores":{"bn":0.5073809523809524}},{"fenStr":"rnbqkb1r/ppp1pppp/3p4/3nP3/3P4/8/PPP2PPP/RNBQKBNR","stockfishScores":{"wn":0.5050595238095238}},{"fenStr":"rnbqkb1r/ppp1pppp/3p4/3nP3/3P4/5N2/PPP2PPP/RNBQKB1R","stockfishScores":{"bn":0.5073809523809524}},{"fenStr":"rnbqkb1r/ppp1pppp/8/3np3/3P4/5N2/PPP2PPP/RNBQKB1R","stockfishScores":{"wn":0.495}},{"fenStr":"rnbqkb1r/ppp1pppp/8/3nN3/3P4/8/PPP2PPP/RNBQKB1R","stockfishScores":{"bn":0.51}},{"fenStr":"rnbqkb1r/ppp1pp1p/6p1/3nN3/3P4/8/PPP2PPP/RNBQKB1R","stockfishScores":{"wn":0.5080357142857143}},{"fenStr":"rnbqkb1r/ppp1pp1p/6p1/3nN3/2BP4/8/PPP2PPP/RNBQK2R","stockfishScores":{"bn":0.5085119047619048}},{"fenStr":"rnbqkb1r/pp2pp1p/2p3p1/3nN3/2BP4/8/PPP2PPP/RNBQK2R","stockfishScores":{"wn":0.4967857142857143}},{"fenStr":"rnbqkb1r/pp2pp1p/2p3p1/3nN3/2BP4/8/PPP2PPP/RNBQ1RK1","stockfishScores":{"bn":0.5117261904761905}},{"fenStr":"rnbqk2r/pp2ppbp/2p3p1/3nN3/2BP4/8/PPP2PPP/RNBQ1RK1","stockfishScores":{"wn":0.5077380952380952}},{"fenStr":"rnbqk2r/pp2ppbp/2p3p1/3nN3/2BP4/8/PPP2PPP/RNBQR1K1","stockfishScores":{"bn":0.5085714285714286}},{"fenStr":"rnbq1rk1/pp2ppbp/2p3p1/3nN3/2BP4/8/PPP2PPP/RNBQR1K1","stockfishScores":{"wn":0.4986904761904762}},{"fenStr":"rnbq1rk1/pp2ppbp/2p3p1/3nN3/3P4/1B6/PPP2PPP/RNBQR1K1","stockfishScores":{"bn":0.4999404761904762}},{"fenStr":"rn1q1rk1/pp2ppbp/2p1b1p1/3nN3/3P4/1B6/PPP2PPP/RNBQR1K1","stockfishScores":{"wn":0.4998214285714286}},{"fenStr":"rn1q1rk1/pp2ppbp/2p1b1p1/3nN1B1/3P4/1B6/PPP2PPP/RN1QR1K1","stockfishScores":{"bn":0.5005952380952381}},{"fenStr":"r2q1rk1/pp1nppbp/2p1b1p1/3nN1B1/3P4/1B6/PPP2PPP/RN1QR1K1","stockfishScores":{"wn":0.5}},{"fenStr":"r2q1rk1/pp1nppbp/2p1b1p1/3n2B1/3P4/1B3N2/PPP2PPP/RN1QR1K1","stockfishScores":{"bn":0.4990476190476191}},{"fenStr":"r2q1rk1/ppnnppbp/2p1b1p1/6B1/3P4/1B3N2/PPP2PPP/RN1QR1K1","stockfishScores":{"wn":0.5}},{"fenStr":"r2q1rk1/ppnnppbp/2p1b1p1/6B1/2PP4/1B3N2/PP3PPP/RN1QR1K1","stockfishScores":{"bn":0.5028571428571429}},{"fenStr":"r2q1rk1/ppn1ppbp/1np1b1p1/6B1/2PP4/1B3N2/PP3PPP/RN1QR1K1","stockfishScores":{"wn":0.5049404761904762}},{"fenStr":"r2q1rk1/ppn1ppbp/1np1b1p1/6B1/2PP4/1B3N2/PP3PPP/RNQ1R1K1","stockfishScores":{"bn":0.5040476190476191}},{"fenStr":"r2qr1k1/ppn1ppbp/1np1b1p1/6B1/2PP4/1B3N2/PP3PPP/RNQ1R1K1","stockfishScores":{"wn":0.5049404761904762}},{"fenStr":"r2qr1k1/ppn1ppbp/1np1b1p1/6B1/2PP4/1B3N1P/PP3PP1/RNQ1R1K1","stockfishScores":{"bn":0.505297619047619}},{"fenStr":"r2qr1k1/1pn1ppbp/1np1b1p1/p5B1/2PP4/1B3N1P/PP3PP1/RNQ1R1K1","stockfishScores":{"wn":0.5051190476190476}},{"fenStr":"r2qr1k1/1pn1ppbp/1np1b1p1/p5B1/2PP4/PB3N1P/1P3PP1/RNQ1R1K1","stockfishScores":{"bn":0.5045833333333334}},{"fenStr":"r2qr1k1/1pn1ppbp/1np1b1p1/6B1/p1PP4/PB3N1P/1P3PP1/RNQ1R1K1","stockfishScores":{"wn":0.5000595238095238}},{"fenStr":"r2qr1k1/1pn1ppbp/1np1b1p1/6B1/p1PP4/P4N1P/BP3PP1/RNQ1R1K1","stockfishScores":{"bn":0.5035119047619048}},{"fenStr":"3qr1k1/1pn1ppbp/1np1b1p1/r5B1/p1PP4/P4N1P/BP3PP1/RNQ1R1K1","stockfishScores":{"wn":0.50625}},{"fenStr":"3qr1k1/1pn1ppbp/1np1b1p1/r7/p1PP4/P3BN1P/BP3PP1/RNQ1R1K1","stockfishScores":{"bn":0.5025595238095238}},{"fenStr":"2nqr1k1/1pn1ppbp/2p1b1p1/r7/p1PP4/P3BN1P/BP3PP1/RNQ1R1K1","stockfishScores":{"wn":0.505}},{"fenStr":"2nqr1k1/1pn1ppbp/2p1b1p1/r7/p1PP4/P1N1BN1P/BP3PP1/R1Q1R1K1","stockfishScores":{"bn":0.5085714285714286}},{"fenStr":"3qr1k1/1pn1ppbp/2pnb1p1/r7/p1PP4/P1N1BN1P/BP3PP1/R1Q1R1K1","stockfishScores":{"wn":0.5067261904761905}},{"fenStr":"3qr1k1/1pn1ppbp/2pnb1p1/r2P4/p1P5/P1N1BN1P/BP3PP1/R1Q1R1K1","stockfishScores":{"bn":0.5098809523809524}},{"fenStr":"3qr1k1/1pn1ppbp/3nb1p1/r2p4/p1P5/P1N1BN1P/BP3PP1/R1Q1R1K1","stockfishScores":{"wn":0.49333333333333335}},{"fenStr":"3qr1k1/1pn1ppbp/1B1nb1p1/r2p4/p1P5/P1N2N1P/BP3PP1/R1Q1R1K1","stockfishScores":{"bn":0.5029761904761905}},{"fenStr":"3qr1k1/1pn1ppbp/rB1nb1p1/3p4/p1P5/P1N2N1P/BP3PP1/R1Q1R1K1","stockfishScores":{"wn":0.49291666666666667}},{"fenStr":"3qr1k1/1pn1ppbp/rB1nb1p1/3P4/p7/P1N2N1P/BP3PP1/R1Q1R1K1","stockfishScores":{"bn":0.502797619047619}},{"fenStr":"3qr1k1/1pn1ppbp/rB1n2p1/3P1b2/p7/P1N2N1P/BP3PP1/R1Q1R1K1","stockfishScores":{"wn":0.4994047619047619}},{"fenStr":"3qr1k1/1pn1ppbp/r2n2p1/3P1b2/p2B4/P1N2N1P/BP3PP1/R1Q1R1K1","stockfishScores":{"bn":0.501547619047619}},{"fenStr":"3qr1k1/1p2ppbp/r2n2p1/1n1P1b2/p2B4/P1N2N1P/BP3PP1/R1Q1R1K1","stockfishScores":{"wn":0.5005952380952381}},{"fenStr":"3qr1k1/1p2ppBp/r2n2p1/1n1P1b2/p7/P1N2N1P/BP3PP1/R1Q1R1K1","stockfishScores":{"bn":0.534702380952381}},{"fenStr":"3qr3/1p2ppkp/r2n2p1/1n1P1b2/p7/P1N2N1P/BP3PP1/R1Q1R1K1","stockfishScores":{"wn":0.505}},{"fenStr":"3qr3/1p2ppkp/r2n2p1/1N1P1b2/p7/P4N1P/BP3PP1/R1Q1R1K1","stockfishScores":{"bn":0.5303571428571429}},{"fenStr":"3qr3/1p2ppkp/r5p1/1n1P1b2/p7/P4N1P/BP3PP1/R1Q1R1K1","stockfishScores":{"wn":0.5022619047619048}},{"fenStr":"3qr3/1p2ppkp/r5p1/1n1PRb2/p7/P4N1P/BP3PP1/R1Q3K1","stockfishScores":{"bn":0.5008928571428571}},{"fenStr":"4r3/1p2ppkp/r2q2p1/1n1PRb2/p7/P4N1P/BP3PP1/R1Q3K1","stockfishScores":{"wn":0.4998214285714286}},{"fenStr":"4r3/1p2ppkp/r2q2p1/1n1PRb2/p7/P4N1P/BP1Q1PP1/R5K1","stockfishScores":{"bn":0.5011904761904762}},{"fenStr":"4r3/1pn1ppkp/r2q2p1/3PRb2/p7/P4N1P/BP1Q1PP1/R5K1","stockfishScores":{"wn":0.5020238095238095}},{"fenStr":"4r3/1pn1ppkp/r2q2p1/3PRb2/p7/P4N1P/BP1Q1PP1/2R3K1","stockfishScores":{"bn":0.505}},{"fenStr":"4r3/1p2ppkp/r2q2p1/1n1PRb2/p7/P4N1P/BP1Q1PP1/2R3K1","stockfishScores":{"wn":0.504702380952381}},{"fenStr":"4r3/1p2ppkp/r2q2p1/1n1PRb2/p7/P4N1P/BP1Q1PP1/4R1K1","stockfishScores":{"bn":0.5043452380952381}},{"fenStr":"4r3/1p2p1kp/r2q1pp1/1n1PRb2/p7/P4N1P/BP1Q1PP1/4R1K1","stockfishScores":{"wn":0.5048214285714285}},{"fenStr":"4r3/1p2p1kp/r2q1pp1/1n1P1b2/p7/P4N1P/BP1QRPP1/4R1K1","stockfishScores":{"bn":0.5089285714285714}},{"fenStr":"4r3/1p2p1kp/1r1q1pp1/1n1P1b2/p7/P4N1P/BP1QRPP1/4R1K1","stockfishScores":{"wn":0.5105952380952381}},{"fenStr":"4r3/1p2p1kp/1r1q1pp1/Qn1P1b2/p7/P4N1P/BP2RPP1/4R1K1","stockfishScores":{"bn":0.5068452380952381}},{"fenStr":"4r3/1pn1p1kp/1r1q1pp1/Q2P1b2/p7/P4N1P/BP2RPP1/4R1K1","stockfishScores":{"wn":0.504702380952381}},{"fenStr":"4r3/1pn1R1kp/1r1q1pp1/Q2P1b2/p7/P4N1P/BP3PP1/4R1K1","stockfishScores":{"bn":0.5132738095238095}},{"fenStr":"8/1pn1r1kp/1r1q1pp1/Q2P1b2/p7/P4N1P/BP3PP1/4R1K1","stockfishScores":{"wn":0.46976190476190477}},{"fenStr":"8/1pn1R1kp/1r1q1pp1/Q2P1b2/p7/P4N1P/BP3PP1/6K1","stockfishScores":{"bn":0.5105357142857143}},{"fenStr":"8/1pn1q1kp/1r3pp1/Q2P1b2/p7/P4N1P/BP3PP1/6K1","stockfishScores":{"wn":0.4669642857142857}},{"fenStr":"8/1pn1q1kp/1Q3pp1/3P1b2/p7/P4N1P/BP3PP1/6K1","stockfishScores":{"bn":0.5076785714285714}},{"fenStr":"4n3/1p2q1kp/1Q3pp1/3P1b2/p7/P4N1P/BP3PP1/6K1","stockfishScores":{"wn":0.5092261904761904}},{"fenStr":"4n3/1p2q1kp/1Q3pp1/3P1b2/p5P1/P4N1P/BP3P2/6K1","stockfishScores":{"bn":0.5091666666666667}},{"fenStr":"2b1n3/1p2q1kp/1Q3pp1/3P4/p5P1/P4N1P/BP3P2/6K1","stockfishScores":{"wn":0.5095238095238095}},{"fenStr":"2b1n3/1p2q1kp/1Q3pp1/3P4/p2N2P1/P6P/BP3P2/6K1","stockfishScores":{"bn":0.5106547619047619}},{"fenStr":"2b5/1p2q1kp/1Q1n1pp1/3P4/p2N2P1/P6P/BP3P2/6K1","stockfishScores":{"wn":0.5045238095238095}},{"fenStr":"2b5/1p2q1kp/1Q1nNpp1/3P4/p5P1/P6P/BP3P2/6K1","stockfishScores":{"bn":0.502797619047619}},{"fenStr":"2b5/1p2q2p/1Q1nNppk/3P4/p5P1/P6P/BP3P2/6K1","stockfishScores":{"wn":0.5120833333333333}},{"fenStr":"2b5/1p2q2p/3nNppk/3P4/p5P1/P3Q2P/BP3P2/6K1","stockfishScores":{"bn":0.5155357142857143}},{"fenStr":"2b5/1p2q2p/3nNp1k/3P2p1/p5P1/P3Q2P/BP3P2/6K1","stockfishScores":{"wn":0.5125595238095239}},{"fenStr":"2b5/1p2q2p/3nNp1k/3P2p1/p5PP/P3Q3/BP3P2/6K1","stockfishScores":{"bn":0.5117857142857143}},{"fenStr":"2b5/1p2qn1p/4Np1k/3P2p1/p5PP/P3Q3/BP3P2/6K1","stockfishScores":{"wn":0.5190476190476191}},{"fenStr":"2b5/1p2qn1p/4Np1k/3P2P1/p5P1/P3Q3/BP3P2/6K1","stockfishScores":{"bn":0.5383333333333333}},{"fenStr":"2b5/1p2qn1p/4N2k/3P2p1/p5P1/P3Q3/BP3P2/6K1","stockfishScores":{"wn":0.5288095238095238}},{"fenStr":"2b5/1p2qn1p/4N2k/3P2p1/p5P1/P6Q/BP3P2/6K1","stockfishScores":{"bn":0.5230357142857143}},{"fenStr":"2b5/1p2qn1p/4N1k1/3P2p1/p5P1/P6Q/BP3P2/6K1","stockfishScores":{"wn":0.5348214285714286}},{"fenStr":"2b5/1p2qn1p/4N1k1/3P2p1/p5P1/P6Q/1P3P2/1B4K1","stockfishScores":{"bn":0.5441666666666667}},{"fenStr":"2b5/1p2qn1p/4Nk2/3P2p1/p5P1/P6Q/1P3P2/1B4K1","stockfishScores":{"wn":0.5254761904761904}},{"fenStr":"2b5/1p2qn1p/4Nk2/3P2p1/p5P1/P4Q2/1P3P2/1B4K1","stockfishScores":{"bn":0.5280357142857143}},{"fenStr":"2b5/1p2qn1p/4N3/3Pk1p1/p5P1/P4Q2/1P3P2/1B4K1","stockfishScores":{"wn":0.5394047619047619}},{"fenStr":"2b5/1p2qn1p/4N3/3Pk1p1/p5P1/P1Q5/1P3P2/1B4K1","stockfishScores":{"bn":0.5322619047619047}},{"fenStr":"2b5/1p2qn1p/4N3/3k2p1/p5P1/P1Q5/1P3P2/1B4K1","stockfishScores":{"wn":0.5454166666666667}},{"fenStr":"2b5/1p2qn1p/4N3/3k2p1/p5P1/P1Q5/BP3P2/6K1","stockfishScores":{"bn":0.5389285714285714}},{"fenStr":"2b5/1p2qn1p/4N3/6p1/p3k1P1/P1Q5/BP3P2/6K1","stockfishScores":{"wn":0.5653571428571429}},{"fenStr":"2b5/1p2qn1p/4N3/6p1/p3k1P1/P1Q2P2/BP6/6K1","stockfishScores":{"bn":0.5600595238095238}}],"result":{"ww":true}}