{"fens":[{"fenStr":"rnbqkbnr/pppppppp/8/8/8/5N2/PPPPPPPP/RNBQKB1R","stockfishScores":{"bn":0.5038690476190476}},{"fenStr":"rnbqkb1r/pppppppp/5n2/8/8/5N2/PPPPPPPP/RNBQKB1R","stockfishScores":{"wn":0.5005952380952381}},{"fenStr":"rnbqkb1r/pppppppp/5n2/8/2P5/5N2/PP1PPPPP/RNBQKB1R","stockfishScores":{"bn":0.5021428571428571}},{"fenStr":"rnbqkb1r/pppppp1p/5np1/8/2P5/5N2/PP1PPPPP/RNBQKB1R","stockfishScores":{"wn":0.5007142857142857}},{"fenStr":"rnbqkb1r/pppppp1p/5np1/8/2P5/5NP1/PP1PPP1P/RNBQKB1R","stockfishScores":{"bn":0.5021428571428571}},{"fenStr":"rnbqk2r/ppppppbp/5np1/8/2P5/5NP1/PP1PPP1P/RNBQKB1R","stockfishScores":{"wn":0.5010119047619047}},{"fenStr":"rnbqk2r/ppppppbp/5np1/8/2P5/5NP1/PP1PPPBP/RNBQK2R","stockfishScores":{"bn":0.5021428571428571}},{"fenStr":"rnbq1rk1/ppppppbp/5np1/8/2P5/5NP1/PP1PPPBP/RNBQK2R","stockfishScores":{"wn":0.49404761904761907}},{"fenStr":"rnbq1rk1/ppppppbp/5np1/8/2P5/5NP1/PP1PPPBP/RNBQ1RK1","stockfishScores":{"bn":0.5016666666666667}},{"fenStr":"rnbq1rk1/pp1pppbp/2p2np1/8/2P5/5NP1/PP1PPPBP/RNBQ1RK1","stockfishScores":{"wn":0.501547619047619}},{"fenStr":"rnbq1rk1/pp1pppbp/2p2np1/8/2PP4/5NP1/PP2PPBP/RNBQ1RK1","stockfishScores":{"bn":0.5083333333333333}},{"fenStr":"rnbq1rk1/pp2ppbp/2pp1np1/8/2PP4/5NP1/PP2PPBP/RNBQ1RK1","stockfishScores":{"wn":0.5028571428571429}},{"fenStr":"rnbq1rk1/pp2ppbp/2pp1np1/8/2PP4/2N2NP1/PP2PPBP/R1BQ1RK1","stockfishScores":{"bn":0.5052380952380953}},{"fenStr":"rnb2rk1/ppq1ppbp/2pp1np1/8/2PP4/2N2NP1/PP2PPBP/R1BQ1RK1","stockfishScores":{"wn":0.506547619047619}},{"fenStr":"rnb2rk1/ppq1ppbp/2pp1np1/8/2PPP3/2N2NP1/PP3PBP/R1BQ1RK1","stockfishScores":{"bn":0.5068452380952381}},{"fenStr":"rnb2rk1/ppq2pbp/2pp1np1/4p3/2PPP3/2N2NP1/PP3PBP/R1BQ1RK1","stockfishScores":{"wn":0.5059523809523809}},{"fenStr":"rnb2rk1/ppq2pbp/2pp1np1/4p3/2PPP3/2N2NPP/PP3PB1/R1BQ1RK1","stockfishScores":{"bn":0.5053571428571428}},{"fenStr":"rnb2rk1/1pq2pbp/p1pp1np1/4p3/2PPP3/2N2NPP/PP3PB1/R1BQ1RK1","stockfishScores":{"wn":0.5071428571428571}},{"fenStr":"rnb2rk1/1pq2pbp/p1pp1np1/4p3/2PPP3/2N1BNPP/PP3PB1/R2Q1RK1","stockfishScores":{"bn":0.5081547619047619}},{"fenStr":"rnb2rk1/2q2pbp/p1pp1np1/1p2p3/2PPP3/2N1BNPP/PP3PB1/R2Q1RK1","stockfishScores":{"wn":0.5063095238095238}},{"fenStr":"rnb2rk1/2q2pbp/p1pp1np1/1P2p3/3PP3/2N1BNPP/PP3PB1/R2Q1RK1","stockfishScores":{"bn":0.5138095238095238}},{"fenStr":"rnb2rk1/2q2pbp/2pp1np1/1p2p3/3PP3/2N1BNPP/PP3PB1/R2Q1RK1","stockfishScores":{"wn":0.5028571428571429}},{"fenStr":"rnb2rk1/2q2pbp/2pp1np1/1p2p3/3PP3/P1N1BNPP/1P3PB1/R2Q1RK1","stockfishScores":{"bn":0.50375}},{"fenStr":"rn3rk1/2q2pbp/b1pp1np1/1p2p3/3PP3/P1N1BNPP/1P3PB1/R2Q1RK1","stockfishScores":{"wn":0.5069047619047619}},{"fenStr":"rn3rk1/2q2pbp/b1pp1np1/1p2P3/4P3/P1N1BNPP/1P3PB1/R2Q1RK1","stockfishScores":{"bn":0.5178571428571429}},{"fenStr":"rn3rk1/2q2pbp/b1p2np1/1p2p3/4P3/P1N1BNPP/1P3PB1/R2Q1RK1","stockfishScores":{"wn":0.5050595238095238}},{"fenStr":"rn3rk1/2q2pbp/b1p2np1/1p2p3/1P2P3/P1N1BNPP/5PB1/R2Q1RK1","stockfishScores":{"bn":0.5042261904761904}},{"fenStr":"r4rk1/2qn1pbp/b1p2np1/1p2p3/1P2P3/P1N1BNPP/5PB1/R2Q1RK1","stockfishScores":{"wn":0.5025595238095238}},{"fenStr":"r4rk1/2qn1pbp/b1p2np1/1p2p3/1P2P3/P1N1BNPP/2Q2PB1/R4RK1","stockfishScores":{"bn":0.5024404761904762}},{"fenStr":"r4rk1/2qn1pbp/b4np1/1pp1p3/1P2P3/P1N1BNPP/2Q2PB1/R4RK1","stockfishScores":{"wn":0.5030357142857143}},{"fenStr":"r4rk1/2qn1pbp/b4np1/1pP1p3/4P3/P1N1BNPP/2Q2PB1/R4RK1","stockfishScores":{"bn":0.5116071428571428}},{"fenStr":"r4rk1/2q2pbp/b4np1/1pn1p3/4P3/P1N1BNPP/2Q2PB1/R4RK1","stockfishScores":{"wn":0.5051190476190476}},{"fenStr":"r4rk1/2q2pbp/b4np1/1pnNp3/4P3/P3BNPP/2Q2PB1/R4RK1","stockfishScores":{"bn":0.5117857142857143}},{"fenStr":"r4rk1/2q2pbp/b5p1/1pnnp3/4P3/P3BNPP/2Q2PB1/R4RK1","stockfishScores":{"wn":0.48077380952380955}},{"fenStr":"r4rk1/2q2pbp/b5p1/1pQnp3/4P3/P3BNPP/5PB1/R4RK1","stockfishScores":{"bn":0.5041666666666667}},{"fenStr":"r4rk1/5pbp/b5p1/1pqnp3/4P3/P3BNPP/5PB1/R4RK1","stockfishScores":{"wn":0.42196428571428574}},{"fenStr":"r4rk1/5pbp/b5p1/1pBnp3/4P3/P4NPP/5PB1/R4RK1","stockfishScores":{"bn":0.5069047619047619}},{"fenStr":"r1r3k1/5pbp/b5p1/1pBnp3/4P3/P4NPP/5PB1/R4RK1","stockfishScores":{"wn":0.5005357142857143}},{"fenStr":"r1r3k1/5pbp/b5p1/1pBnp3/4P3/P4NPP/5PB1/R1R3K1","stockfishScores":{"bn":0.5017261904761905}},{"fenStr":"r1r3k1/5pbp/b4np1/1pB1p3/4P3/P4NPP/5PB1/R1R3K1","stockfishScores":{"wn":0.500297619047619}},{"fenStr":"r1r3k1/5pbp/b4np1/1pB1N3/4P3/P5PP/5PB1/R1R3K1","stockfishScores":{"bn":0.5053571428571428}},{"fenStr":"r1r3k1/5pbp/b5p1/1pB1N3/4n3/P5PP/5PB1/R1R3K1","stockfishScores":{"wn":0.4969642857142857}},{"fenStr":"r1r3k1/5pbp/b5p1/1pB1N3/4B3/P5PP/5P2/R1R3K1","stockfishScores":{"bn":0.5232738095238095}},{"fenStr":"r1r3k1/5p1p/b5p1/1pB1b3/4B3/P5PP/5P2/R1R3K1","stockfishScores":{"wn":0.5001190476190476}},{"fenStr":"r1r3k1/5p1p/b5p1/1pB1b3/4B3/P5PP/5P2/1RR3K1","stockfishScores":{"bn":0.5020833333333333}},{"fenStr":"1rr3k1/5p1p/b5p1/1pB1b3/4B3/P5PP/5P2/1RR3K1","stockfishScores":{"wn":0.5004761904761905}},{"fenStr":"1rr3k1/5p1p/b5p1/1pB1b3/8/P2B2PP/5P2/1RR3K1","stockfishScores":{"bn":0.5001785714285715}},{"fenStr":"1r4k1/5p1p/b1r3p1/1pB1b3/8/P2B2PP/5P2/1RR3K1","stockfishScores":{"wn":0.5007738095238096}},{"fenStr":"1r4k1/B4p1p/b1r3p1/1p2b3/8/P2B2PP/5P2/1RR3K1","stockfishScores":{"bn":0.5042857142857143}},{"fenStr":"1r4k1/B4p1p/b5p1/1p2b3/8/P2B2PP/5P2/1Rr3K1","stockfishScores":{"wn":0.464702380952381}},{"fenStr":"1r4k1/B4p1p/b5p1/1p2b3/8/P2B2PP/5P2/2R3K1","stockfishScores":{"bn":0.502797619047619}},{"fenStr":"r5k1/B4p1p/b5p1/1p2b3/8/P2B2PP/5P2/2R3K1","stockfishScores":{"wn":0.5}},{"fenStr":"r5k1/5p1p/b5p1/1pB1b3/8/P2B2PP/5P2/2R3K1","stockfishScores":{"bn":0.5021428571428571}},{"fenStr":"3r2k1/5p1p/b5p1/1pB1b3/8/P2B2PP/5P2/2R3K1","stockfishScores":{"wn":0.5002380952380953}},{"fenStr":"3r2k1/5p1p/b5p1/1pB1b3/8/P5PP/5P2/2R2BK1","stockfishScores":{"bn":0.4995833333333333}},{"fenStr":"2r3k1/5p1p/b5p1/1pB1b3/8/P5PP/5P2/2R2BK1","stockfishScores":{"wn":0.5004761904761905}},{"fenStr":"2r3k1/5p1p/b5p1/1p2b3/8/P3B1PP/5P2/2R2BK1","stockfishScores":{"bn":0.5007738095238096}},{"fenStr":"2r3k1/5p1p/b5p1/1p6/8/P3B1PP/1b3P2/2R2BK1","stockfishScores":{"wn":0.4994047619047619}},{"fenStr":"2r3k1/5p1p/b5p1/1p6/8/P3B1PP/1b3P2/1R3BK1","stockfishScores":{"bn":0.5006547619047619}},{"fenStr":"2r3k1/5p1p/b5p1/1p6/8/b3B1PP/5P2/1R3BK1","stockfishScores":{"wn":0.49910714285714286}},{"fenStr":"2r3k1/5p1p/b5p1/1p6/8/b3B1PP/5P2/R4BK1","stockfishScores":{"bn":0.49952380952380954}},{"fenStr":"6k1/5p1p/b5p1/1p6/8/b1r1B1PP/5P2/R4BK1","stockfishScores":{"wn":0.4986309523809524}},{"fenStr":"6k1/5p1p/b5p1/1p6/3B4/b1r3PP/5P2/R4BK1","stockfishScores":{"bn":0.5004166666666666}},{"fenStr":"6k1/5p1p/b5p1/1p6/3B4/br4PP/5P2/R4BK1","stockfishScores":{"wn":0.4994642857142857}},{"fenStr":"6k1/5p1p/b4Bp1/1p6/8/br4PP/5P2/R4BK1","stockfishScores":{"bn":0.49851190476190477}},{"fenStr":"6k1/5p1p/b4Bp1/1p6/8/b4rPP/5P2/R4BK1","stockfishScores":{"wn":0.495952380952381}},{"fenStr":"6k1/5p1p/b5p1/1p2B3/8/b4rPP/5P2/R4BK1","stockfishScores":{"bn":0.49642857142857144}},{"fenStr":"6k1/5p1p/b5p1/1p2B3/8/br4PP/5P2/R4BK1","stockfishScores":{"wn":0.49910714285714286}},{"fenStr":"6k1/5p1p/b4Bp1/1p6/8/br4PP/5P2/R4BK1","stockfishScores":{"bn":0.49851190476190477}},{"fenStr":"5k2/5p1p/b4Bp1/1p6/8/br4PP/5P2/R4BK1","stockfishScores":{"wn":0.498452380952381}},{"fenStr":"5k2/5p1p/b5p1/1p6/3B4/br4PP/5P2/R4BK1","stockfishScores":{"bn":0.49726190476190474}},{"fenStr":"4k3/5p1p/b5p1/1p6/3B4/br4PP/5P2/R4BK1","stockfishScores":{"wn":0.4982142857142857}},{"fenStr":"4k3/5p1p/b5p1/1p6/3B4/br4PP/4BP2/R5K1","stockfishScores":{"bn":0.498452380952381}},{"fenStr":"4k3/1b3p1p/6p1/1p6/3B4/br4PP/4BP2/R5K1","stockfishScores":{"wn":0.4976190476190476}},{"fenStr":"4k3/1b3p1p/6p1/1p6/3B2P1/br5P/4BP2/R5K1","stockfishScores":{"bn":0.49476190476190474}},{"fenStr":"4k3/1b3p1p/6p1/1p6/3B2P1/b6r/4BP2/R5K1","stockfishScores":{"wn":0.4901190476190476}},{"fenStr":"4k3/1b3p1p/6p1/1B6/3B2P1/b6r/5P2/R5K1","stockfishScores":{"bn":0.4992857142857143}},{"fenStr":"3k4/1b3p1p/6p1/1B6/3B2P1/b6r/5P2/R5K1","stockfishScores":{"wn":0.4974404761904762}},{"fenStr":"3k4/1b3p1p/1B4p1/1B6/6P1/b6r/5P2/R5K1","stockfishScores":{"bn":0.49892857142857144}},{"fenStr":"2k5/1b3p1p/1B4p1/1B6/6P1/b6r/5P2/R5K1","stockfishScores":{"wn":0.4992857142857143}},{"fenStr":"2k5/1b3p1p/BB4p1/8/6P1/b6r/5P2/R5K1","stockfishScores":{"bn":0.5}},{"fenStr":"2k5/1b3p1p/BB4p1/8/6P1/b7/5P2/R5Kr","stockfishScores":{"wn":0.5041071428571429}}],"result":{"bw":true}}