{"fens":[{"fenStr":"rnbqkbnr/pppppppp/8/8/4P3/8/PPPP1PPP/RNBQKBNR","stockfishScores":{"bn":0.5049404761904762}},{"fenStr":"rnbqkbnr/pppp1ppp/8/4p3/4P3/8/PPPP1PPP/RNBQKBNR","stockfishScores":{"wn":0.5005952380952381}},{"fenStr":"rnbqkbnr/pppp1ppp/8/4p3/4PP2/8/PPPP2PP/RNBQKBNR","stockfishScores":{"bn":0.500297619047619}},{"fenStr":"rnbqkbnr/pppp1ppp/8/8/4Pp2/8/PPPP2PP/RNBQKBNR","stockfishScores":{"wn":0.48678571428571427}},{"fenStr":"rnbqkbnr/pppp1ppp/8/8/4Pp2/5N2/PPPP2PP/RNBQKB1R","stockfishScores":{"bn":0.4957142857142857}},{"fenStr":"rnbqkbnr/ppp2ppp/3p4/8/4Pp2/5N2/PPPP2PP/RNBQKB1R","stockfishScores":{"wn":0.4942857142857143}},{"fenStr":"rnbqkbnr/ppp2ppp/3p4/8/2B1Pp2/5N2/PPPP2PP/RNBQK2R","stockfishScores":{"bn":0.49797619047619046}},{"fenStr":"rnbqkbnr/ppp2pp1/3p3p/8/2B1Pp2/5N2/PPPP2PP/RNBQK2R","stockfishScores":{"wn":0.4968452380952381}},{"fenStr":"rnbqkbnr/ppp2pp1/3p3p/8/2B1Pp2/3P1N2/PPP3PP/RNBQK2R","stockfishScores":{"bn":0.5025595238095238}},{"fenStr":"rnbqkbnr/ppp2p2/3p3p/6p1/2B1Pp2/3P1N2/PPP3PP/RNBQK2R","stockfishScores":{"wn":0.49601190476190476}},{"fenStr":"rnbqkbnr/ppp2p2/3p3p/6p1/2B1Pp1P/3P1N2/PPP3P1/RNBQK2R","stockfishScores":{"bn":0.4982738095238095}},{"fenStr":"rnbqk1nr/ppp2pb1/3p3p/6p1/2B1Pp1P/3P1N2/PPP3P1/RNBQK2R","stockfishScores":{"wn":0.49625}},{"fenStr":"rnbqk1nr/ppp2pb1/3p3p/6p1/2B1Pp1P/2PP1N2/PP4P1/RNBQK2R","stockfishScores":{"bn":0.5089880952380952}},{"fenStr":"r1bqk1nr/ppp2pb1/2np3p/6p1/2B1Pp1P/2PP1N2/PP4P1/RNBQK2R","stockfishScores":{"wn":0.49279761904761904}},{"fenStr":"r1bqk1nr/ppp2pb1/2np3p/6p1/2B1Pp1P/N1PP1N2/PP4P1/R1BQK2R","stockfishScores":{"bn":0.49315476190476193}},{"fenStr":"r1b1k1nr/ppp1qpb1/2np3p/6p1/2B1Pp1P/N1PP1N2/PP4P1/R1BQK2R","stockfishScores":{"wn":0.49357142857142855}},{"fenStr":"r1b1k1nr/ppp1qpb1/2np3p/6p1/2B1Pp1P/NQPP1N2/PP4P1/R1B1K2R","stockfishScores":{"bn":0.4913690476190476}},{"fenStr":"r1b1k1nr/1pp1qpb1/p1np3p/6p1/2B1Pp1P/NQPP1N2/PP4P1/R1B1K2R","stockfishScores":{"wn":0.48946428571428574}},{"fenStr":"r1b1k1nr/1pp1qpb1/p1np3p/6p1/2B1Pp1P/NQPP1N2/PP1B2P1/R3K2R","stockfishScores":{"bn":0.48946428571428574}},{"fenStr":"1rb1k1nr/1pp1qpb1/p1np3p/6p1/2B1Pp1P/NQPP1N2/PP1B2P1/R3K2R","stockfishScores":{"wn":0.4888095238095238}},{"fenStr":"1rb1k1nr/1pp1qpb1/p1np3p/6P1/2B1Pp2/NQPP1N2/PP1B2P1/R3K2R","stockfishScores":{"bn":0.5072023809523809}},{"fenStr":"1rb1k1nr/1pp1qpb1/p1np4/6p1/2B1Pp2/NQPP1N2/PP1B2P1/R3K2R","stockfishScores":{"wn":0.4739285714285714}},{"fenStr":"1rb1k1nr/1pp1qpb1/p1np4/6p1/2B1Pp2/NQPP1N2/PP1B2P1/2KR3R","stockfishScores":{"bn":0.4926785714285714}},{"fenStr":"1rb1k2r/1pp1qpb1/p1np3n/6p1/2B1Pp2/NQPP1N2/PP1B2P1/2KR3R","stockfishScores":{"wn":0.4928571428571429}},{"fenStr":"1rb1k2r/1pp1qpb1/p1np3n/6p1/2B1Pp2/NQPP1NP1/PP1B4/2KR3R","stockfishScores":{"bn":0.4880952380952381}},{"fenStr":"1r2k2r/1pp1qpb1/p1np3n/6p1/2B1Ppb1/NQPP1NP1/PP1B4/2KR3R","stockfishScores":{"wn":0.48654761904761906}},{"fenStr":"1r2k2r/1pp1qpb1/p1np3n/6p1/2B1Ppb1/NQPP1NP1/PP1B4/2K2R1R","stockfishScores":{"bn":0.48779761904761904}},{"fenStr":"1r2k2r/1pp1qpb1/p1np3n/6p1/2B1Pp2/NQPP1bP1/PP1B4/2K2R1R","stockfishScores":{"wn":0.4663690476190476}},{"fenStr":"1r2k2r/1pp1qpb1/p1np3n/6p1/2B1Pp2/NQPP1RP1/PP1B4/2K4R","stockfishScores":{"bn":0.4919642857142857}},{"fenStr":"1r2k2r/1pp1qpb1/p2p3n/4n1p1/2B1Pp2/NQPP1RP1/PP1B4/2K4R","stockfishScores":{"wn":0.4911309523809524}},{"fenStr":"1r2k2r/1pp1qpb1/p2p3n/4n1p1/2B1Pp2/NQPP2P1/PP1B4/2K2R1R","stockfishScores":{"bn":0.49375}},{"fenStr":"1r2k2r/1pp1qpb1/p2p3n/4n1p1/2B1P3/NQPP2p1/PP1B4/2K2R1R","stockfishScores":{"wn":0.4936904761904762}},{"fenStr":"1r2k2r/1pp1qpb1/p2p3n/4n1p1/2B1P3/NQPP2p1/PP1B4/2K2RR1","stockfishScores":{"bn":0.49970238095238095}},{"fenStr":"1r2k2r/2p1qpb1/p2p3n/1p2n1p1/2B1P3/NQPP2p1/PP1B4/2K2RR1","stockfishScores":{"wn":0.48386904761904764}},{"fenStr":"1r2k2r/2p1qpb1/p2p3n/1p2n1p1/2B1P3/NQPP2R1/PP1B4/2K2R2","stockfishScores":{"bn":0.49357142857142855}},{"fenStr":"1r2k2r/2p1qpb1/p2p3n/1p2n3/2B1P1p1/NQPP2R1/PP1B4/2K2R2","stockfishScores":{"wn":0.4955357142857143}},{"fenStr":"1r2k2r/2p1qpb1/p2p3n/1p2n3/2BPP1p1/NQP3R1/PP1B4/2K2R2","stockfishScores":{"bn":0.4988690476190476}},{"fenStr":"1r2k2r/2p1qpb1/p2p3n/4n3/2pPP1p1/NQP3R1/PP1B4/2K2R2","stockfishScores":{"wn":0.4764285714285714}},{"fenStr":"1Q2k2r/2p1qpb1/p2p3n/4n3/2pPP1p1/N1P3R1/PP1B4/2K2R2","stockfishScores":{"bn":0.5182142857142857}},{"fenStr":"1Q5r/2pkqpb1/p2p3n/4n3/2pPP1p1/N1P3R1/PP1B4/2K2R2","stockfishScores":{"wn":0.5038690476190476}},{"fenStr":"7r/2pkqpb1/p2p3n/4n3/1QpPP1p1/N1P3R1/PP1B4/2K2R2","stockfishScores":{"bn":0.5172619047619048}},{"fenStr":"7r/2pkqpb1/p2p3n/8/1QpPP1p1/N1Pn2R1/PP1B4/2K2R2","stockfishScores":{"wn":0.5126190476190476}},{"fenStr":"7r/2pkqpb1/p2p3n/8/1QpPP1p1/N1PR4/PP1B4/2K2R2","stockfishScores":{"bn":0.5394642857142857}},{"fenStr":"7r/2pkqpb1/p2p3n/8/1Q1PP1p1/N1Pp4/PP1B4/2K2R2","stockfishScores":{"wn":0.4963690476190476}},{"fenStr":"7r/2pkqpb1/p2p3n/8/Q2PP1p1/N1Pp4/PP1B4/2K2R2","stockfishScores":{"bn":0.49315476190476193}},{"fenStr":"3k3r/2p1qpb1/p2p3n/8/Q2PP1p1/N1Pp4/PP1B4/2K2R2","stockfishScores":{"wn":0.49660714285714286}},{"fenStr":"3k3r/2p1qpb1/Q2p3n/8/3PP1p1/N1Pp4/PP1B4/2K2R2","stockfishScores":{"bn":0.5095238095238095}},{"fenStr":"3k3r/2pq1pb1/Q2p3n/8/3PP1p1/N1Pp4/PP1B4/2K2R2","stockfishScores":{"wn":0.5132142857142857}},{"fenStr":"3k3r/2pq1pb1/Q2p3n/8/2NPP1p1/2Pp4/PP1B4/2K2R2","stockfishScores":{"bn":0.5155357142857143}},{"fenStr":"3k3r/2pq2b1/Q2p1p1n/8/2NPP1p1/2Pp4/PP1B4/2K2R2","stockfishScores":{"wn":0.51125}},{"fenStr":"3k3r/2pq2b1/Q2p1p1n/8/3PP1p1/2PpN3/PP1B4/2K2R2","stockfishScores":{"bn":0.5091071428571429}},{"fenStr":"7r/2pqk1b1/Q2p1p1n/8/3PP1p1/2PpN3/PP1B4/2K2R2","stockfishScores":{"wn":0.5091666666666667}},{"fenStr":"7r/2pqk1b1/3p1p1n/8/3PP1p1/2PQN3/PP1B4/2K2R2","stockfishScores":{"bn":0.5167261904761905}},{"fenStr":"1r6/2pqk1b1/3p1p1n/8/3PP1p1/2PQN3/PP1B4/2K2R2","stockfishScores":{"wn":0.5167857142857143}},{"fenStr":"1r6/2pqk1b1/3p1p1n/4P3/3P2p1/2PQN3/PP1B4/2K2R2","stockfishScores":{"bn":0.5158333333333334}},{"fenStr":"1r6/2pqk1b1/5p1n/4p3/3P2p1/2PQN3/PP1B4/2K2R2","stockfishScores":{"wn":0.5023214285714286}},{"fenStr":"1r6/2pqk1b1/5pQn/4p3/3P2p1/2P1N3/PP1B4/2K2R2","stockfishScores":{"bn":0.5144047619047619}},{"fenStr":"6r1/2pqk1b1/5pQn/4p3/3P2p1/2P1N3/PP1B4/2K2R2","stockfishScores":{"wn":0.5069047619047619}},{"fenStr":"6r1/2pqk1b1/5pQn/4P3/6p1/2P1N3/PP1B4/2K2R2","stockfishScores":{"bn":0.5102380952380953}},{"fenStr":"6r1/2pqk1b1/6Qn/4p3/6p1/2P1N3/PP1B4/2K2R2","stockfishScores":{"wn":0.5233928571428571}},{"fenStr":"6r1/2pqk1b1/6Qn/4pN2/6p1/2P5/PP1B4/2K2R2","stockfishScores":{"bn":0.5224404761904762}},{"fenStr":"6r1/2pqk1b1/6Q1/4pn2/6p1/2P5/PP1B4/2K2R2","stockfishScores":{"wn":0.4897619047619048}},{"fenStr":"6r1/2pqk1b1/6Q1/4pnB1/6p1/2P5/PP6/2K2R2","stockfishScores":{"bn":0.4788095238095238}},{"fenStr":"6r1/2pqk3/5bQ1/4pnB1/6p1/2P5/PP6/2K2R2","stockfishScores":{"wn":0.4899404761904762}},{"fenStr":"6r1/2pqk3/5Q2/4pnB1/6p1/2P5/PP6/2K2R2","stockfishScores":{"bn":0.5136904761904761}},{"fenStr":"4k1r1/2pq4/5Q2/4pnB1/6p1/2P5/PP6/2K2R2","stockfishScores":{"wn":0.5160714285714286}},{"fenStr":"4k1r1/2pq4/5Q2/4pRB1/6p1/2P5/PP6/2K5","stockfishScores":{"bn":0.5561904761904762}},{"fenStr":"4k1r1/2p5/5Q2/4pRB1/6p1/2Pq4/PP6/2K5","stockfishScores":{"wn":0.5608333333333333}},{"fenStr":"4k1r1/2p1Q3/8/4pRB1/6p1/2Pq4/PP6/2K5","stockfishScores":{"bn":0.5470833333333334}}],"result":{"ww":true}}