{"fens":[{"fenStr":"rnbqkbnr/pppppppp/8/8/8/5N2/PPPPPPPP/RNBQKB1R","stockfishScores":{"bn":0.5038690476190476}},{"fenStr":"rnbqkbnr/ppp1pppp/8/3p4/8/5N2/PPPPPPPP/RNBQKB1R","stockfishScores":{"wn":0.49952380952380954}},{"fenStr":"rnbqkbnr/ppp1pppp/8/3p4/8/5NP1/PPPPPP1P/RNBQKB1R","stockfishScores":{"bn":0.5001190476190476}},{"fenStr":"rnbqkbnr/pp2pppp/2p5/3p4/8/5NP1/PPPPPP1P/RNBQKB1R","stockfishScores":{"wn":0.49875}},{"fenStr":"rnbqkbnr/pp2pppp/2p5/3p4/8/5NP1/PPPPPPBP/RNBQK2R","stockfishScores":{"bn":0.49988095238095237}},{"fenStr":"rnbqkbnr/pp2p1pp/2p5/3p1p2/8/5NP1/PPPPPPBP/RNBQK2R","stockfishScores":{"wn":0.5042261904761904}},{"fenStr":"rnbqkbnr/pp2p1pp/2p5/3p1p2/8/1P3NP1/P1PPPPBP/RNBQK2R","stockfishScores":{"bn":0.5051785714285715}},{"fenStr":"rnbqkbnr/pp4pp/2p1p3/3p1p2/8/1P3NP1/P1PPPPBP/RNBQK2R","stockfishScores":{"wn":0.5024404761904762}},{"fenStr":"rnbqkbnr/pp4pp/2p1p3/3p1p2/8/1P3NP1/PBPPPPBP/RN1QK2R","stockfishScores":{"bn":0.5057142857142857}},{"fenStr":"rnbqkb1r/pp4pp/2p1pn2/3p1p2/8/1P3NP1/PBPPPPBP/RN1QK2R","stockfishScores":{"wn":0.503095238095238}},{"fenStr":"rnbqkb1r/pp4pp/2p1pn2/3p1p2/8/1P3NP1/PBPPPPBP/RN1Q1RK1","stockfishScores":{"bn":0.5113095238095238}},{"fenStr":"rnbqk2r/pp2b1pp/2p1pn2/3p1p2/8/1P3NP1/PBPPPPBP/RN1Q1RK1","stockfishScores":{"wn":0.5117261904761905}},{"fenStr":"rnbqk2r/pp2b1pp/2p1pn2/3p1p2/2P5/1P3NP1/PB1PPPBP/RN1Q1RK1","stockfishScores":{"bn":0.513095238095238}},{"fenStr":"rnbq1rk1/pp2b1pp/2p1pn2/3p1p2/2P5/1P3NP1/PB1PPPBP/RN1Q1RK1","stockfishScores":{"wn":0.5027380952380952}},{"fenStr":"rnbq1rk1/pp2b1pp/2p1pn2/3p1p2/2PP4/1P3NP1/PB2PPBP/RN1Q1RK1","stockfishScores":{"bn":0.5020833333333333}},{"fenStr":"rnbq1rk1/pp2b1pp/2p1p3/3p1p2/2PPn3/1P3NP1/PB2PPBP/RN1Q1RK1","stockfishScores":{"wn":0.501547619047619}},{"fenStr":"rnbq1rk1/pp2b1pp/2p1p3/3p1p2/2PPn3/1PN2NP1/PB2PPBP/R2Q1RK1","stockfishScores":{"bn":0.5043452380952381}},{"fenStr":"r1bq1rk1/pp1nb1pp/2p1p3/3p1p2/2PPn3/1PN2NP1/PB2PPBP/R2Q1RK1","stockfishScores":{"wn":0.5024404761904762}},{"fenStr":"r1bq1rk1/pp1nb1pp/2p1p3/3p1p2/2PPn3/1PN3P1/PB1NPPBP/R2Q1RK1","stockfishScores":{"bn":0.49952380952380954}},{"fenStr":"r1b1qrk1/pp1nb1pp/2p1p3/3p1p2/2PPn3/1PN3P1/PB1NPPBP/R2Q1RK1","stockfishScores":{"wn":0.5002380952380953}},{"fenStr":"r1b1qrk1/pp1nb1pp/2p1p3/3p1p2/2PPn3/1PN2PP1/PB1NP1BP/R2Q1RK1","stockfishScores":{"bn":0.49976190476190474}},{"fenStr":"r1b1qrk1/pp1nb1pp/2p1p3/3p1p2/2PP4/1Pn2PP1/PB1NP1BP/R2Q1RK1","stockfishScores":{"wn":0.4735714285714286}},{"fenStr":"r1b1qrk1/pp1nb1pp/2p1p3/3p1p2/2PP4/1PB2PP1/P2NP1BP/R2Q1RK1","stockfishScores":{"bn":0.4992857142857143}},{"fenStr":"r1b1qrk1/pp1nb1pp/2p1p3/3p4/2PP1p2/1PB2PP1/P2NP1BP/R2Q1RK1","stockfishScores":{"wn":0.49970238095238095}},{"fenStr":"r1b1qrk1/pp1nb1pp/2p1p3/3p4/2PP1p2/1PB2PP1/P2NP1BP/R3QRK1","stockfishScores":{"bn":0.49857142857142855}},{"fenStr":"r1b1qrk1/pp1n2pp/2pbp3/3p4/2PP1p2/1PB2PP1/P2NP1BP/R3QRK1","stockfishScores":{"wn":0.5005952380952381}},{"fenStr":"r1b1qrk1/pp1n2pp/2pbp3/3p4/2PPPp2/1PB2PP1/P2N2BP/R3QRK1","stockfishScores":{"bn":0.5021428571428571}},{"fenStr":"r1b1qrk1/pp1n2pp/2pbp3/3p4/2PPP3/1PB2Pp1/P2N2BP/R3QRK1","stockfishScores":{"wn":0.4853571428571429}},{"fenStr":"r1b1qrk1/pp1n2pp/2pbp3/3p4/2PPP3/1PB2PP1/P2N2B1/R3QRK1","stockfishScores":{"bn":0.5014880952380952}},{"fenStr":"r1b2rk1/pp1n2pp/2pbp1q1/3p4/2PPP3/1PB2PP1/P2N2B1/R3QRK1","stockfishScores":{"wn":0.49916666666666665}},{"fenStr":"r1b2rk1/pp1n2pp/2pbp1q1/3pP3/2PP4/1PB2PP1/P2N2B1/R3QRK1","stockfishScores":{"bn":0.5091071428571429}},{"fenStr":"r1b2rk1/pp1nb1pp/2p1p1q1/3pP3/2PP4/1PB2PP1/P2N2B1/R3QRK1","stockfishScores":{"wn":0.5029761904761905}},{"fenStr":"r1b2rk1/pp1nb1pp/2p1p1q1/3pP3/2PP1P2/1PB3P1/P2N2B1/R3QRK1","stockfishScores":{"bn":0.5058928571428571}},{"fenStr":"r1b2rk1/p2nb1pp/1pp1p1q1/3pP3/2PP1P2/1PB3P1/P2N2B1/R3QRK1","stockfishScores":{"wn":0.5058333333333334}},{"fenStr":"r1b2rk1/p2nb1pp/1pp1p1q1/3pP3/2PP1P2/1PB1Q1P1/P2N2B1/R4RK1","stockfishScores":{"bn":0.5051785714285715}},{"fenStr":"r4rk1/pb1nb1pp/1pp1p1q1/3pP3/2PP1P2/1PB1Q1P1/P2N2B1/R4RK1","stockfishScores":{"wn":0.5044642857142857}},{"fenStr":"r4rk1/pb1nb1pp/1pp1p1q1/3pP3/2PP1P2/1PB1Q1P1/P2N1RB1/R5K1","stockfishScores":{"bn":0.5028571428571429}},{"fenStr":"3r1rk1/pb1nb1pp/1pp1p1q1/3pP3/2PP1P2/1PB1Q1P1/P2N1RB1/R5K1","stockfishScores":{"wn":0.5029761904761905}},{"fenStr":"3r1rk1/pb1nb1pp/1pp1p1q1/3pP3/2PP1P2/1P2Q1P1/PB1N1RB1/R5K1","stockfishScores":{"bn":0.5021428571428571}},{"fenStr":"3r1rk1/pb1nb1pp/1p2p1q1/2ppP3/2PP1P2/1P2Q1P1/PB1N1RB1/R5K1","stockfishScores":{"wn":0.5026190476190476}},{"fenStr":"3r1rk1/pb1nb1pp/1p2p1q1/2pPP3/3P1P2/1P2Q1P1/PB1N1RB1/R5K1","stockfishScores":{"bn":0.5147619047619048}},{"fenStr":"3r1rk1/pb1nb1pp/1p4q1/2ppP3/3P1P2/1P2Q1P1/PB1N1RB1/R5K1","stockfishScores":{"wn":0.5032738095238095}},{"fenStr":"3r1rk1/pb1nb1pp/1p4q1/2ppP3/3P1P2/1P2Q1P1/PB1N1RB1/5RK1","stockfishScores":{"bn":0.5036309523809523}},{"fenStr":"3r1rk1/pb1nb1pp/1p4q1/3pP3/3p1P2/1P2Q1P1/PB1N1RB1/5RK1","stockfishScores":{"wn":0.49976190476190474}},{"fenStr":"3r1rk1/pb1nb1pp/1p4q1/3pP3/3B1P2/1P2Q1P1/P2N1RB1/5RK1","stockfishScores":{"bn":0.5069642857142858}},{"fenStr":"3r1rk1/pb1n2pp/1p4q1/2bpP3/3B1P2/1P2Q1P1/P2N1RB1/5RK1","stockfishScores":{"wn":0.5072023809523809}},{"fenStr":"3r1rk1/pb1n2pp/1p4q1/2BpP3/5P2/1P2Q1P1/P2N1RB1/5RK1","stockfishScores":{"bn":0.5282738095238095}},{"fenStr":"3r1rk1/pb4pp/1p4q1/2npP3/5P2/1P2Q1P1/P2N1RB1/5RK1","stockfishScores":{"wn":0.503452380952381}},{"fenStr":"3r1rk1/pb4pp/1p4q1/2npPP2/8/1P2Q1P1/P2N1RB1/5RK1","stockfishScores":{"bn":0.5120238095238095}},{"fenStr":"3r1rk1/pb4pp/1p6/2npPP2/6q1/1P2Q1P1/P2N1RB1/5RK1","stockfishScores":{"wn":0.5081547619047619}},{"fenStr":"3r1rk1/pb4pp/1p6/2npPP2/5Rq1/1P2Q1P1/P2N2B1/5RK1","stockfishScores":{"bn":0.5150595238095238}},{"fenStr":"3r1rk1/pb4pp/1p6/2npPPq1/5R2/1P2Q1P1/P2N2B1/5RK1","stockfishScores":{"wn":0.5117261904761905}},{"fenStr":"3r1rk1/pb4pp/1p6/2npPPq1/3Q1R2/1P4P1/P2N2B1/5RK1","stockfishScores":{"bn":0.5093452380952381}},{"fenStr":"3r1rk1/pb4pp/1p6/2npPP2/3Q1R2/1P4q1/P2N2B1/5RK1","stockfishScores":{"wn":0.4914880952380952}},{"fenStr":"3r1rk1/pb4pp/1p2P3/2np1P2/3Q1R2/1P4q1/P2N2B1/5RK1","stockfishScores":{"bn":0.49541666666666667}},{"fenStr":"3rr1k1/pb4pp/1p2P3/2np1P2/3Q1R2/1P4q1/P2N2B1/5RK1","stockfishScores":{"wn":0.49166666666666664}},{"fenStr":"3rr1k1/pb4pp/1p2P3/2np1P2/3Q2R1/1P4q1/P2N2B1/5RK1","stockfishScores":{"bn":0.5376785714285715}},{"fenStr":"3rr1k1/pbq3pp/1p2P3/2np1P2/3Q2R1/1P6/P2N2B1/5RK1","stockfishScores":{"wn":0.5049404761904762}},{"fenStr":"3rr1k1/pbq3pp/1p2PP2/2np4/3Q2R1/1P6/P2N2B1/5RK1","stockfishScores":{"bn":0.5219047619047619}},{"fenStr":"3rr1k1/pbq3pp/1p2nP2/3p4/3Q2R1/1P6/P2N2B1/5RK1","stockfishScores":{"wn":0.495}},{"fenStr":"3rr1k1/pbq2Ppp/1p2n3/3p4/3Q2R1/1P6/P2N2B1/5RK1","stockfishScores":{"bn":0.5008333333333334}},{"fenStr":"3rr1k1/pb3qpp/1p2n3/3p4/3Q2R1/1P6/P2N2B1/5RK1","stockfishScores":{"wn":0.4922619047619048}},{"fenStr":"3rr1k1/pb3Rpp/1p2n3/3p4/3Q2R1/1P6/P2N2B1/6K1","stockfishScores":{"bn":0.5592857142857143}},{"fenStr":"3rr1k1/pb3Rpp/1p6/3p4/3n2R1/1P6/P2N2B1/6K1","stockfishScores":{"wn":0.48714285714285716}},{"fenStr":"3rr1k1/pb3RRp/1p6/3p4/3n4/1P6/P2N2B1/6K1","stockfishScores":{"bn":0.4975}},{"fenStr":"3rr2k/pb3RRp/1p6/3p4/3n4/1P6/P2N2B1/6K1","stockfishScores":{"wn":0.5022619047619048}},{"fenStr":"3rr2k/pb3R1R/1p6/3p4/3n4/1P6/P2N2B1/6K1","stockfishScores":{"bn":0.5022619047619048}},{"fenStr":"3rr1k1/pb3R1R/1p6/3p4/3n4/1P6/P2N2B1/6K1","stockfishScores":{"wn":0.5110714285714286}},{"fenStr":"3rr1k1/pb4RR/1p6/3p4/3n4/1P6/P2N2B1/6K1","stockfishScores":{"bn":0.5053571428571428}},{"fenStr":"3rrk2/pb4RR/1p6/3p4/3n4/1P6/P2N2B1/6K1","stockfishScores":{"wn":0.5072023809523809}},{"fenStr":"3rrk2/pR5R/1p6/3p4/3n4/1P6/P2N2B1/6K1","stockfishScores":{"bn":0.5230952380952381}},{"fenStr":"3rrk2/pR5R/1p2n3/3p4/8/1P6/P2N2B1/6K1","stockfishScores":{"wn":0.5236309523809524}},{"fenStr":"3rrk1R/pR6/1p2n3/3p4/8/1P6/P2N2B1/6K1","stockfishScores":{"bn":0.517797619047619}}],"result":{"ww":true}}