{"fens":[{"fenStr":"rnbqkbnr/pppppppp/8/8/4P3/8/PPPP1PPP/RNBQKBNR","stockfishScores":{"bn":0.5049404761904762}},{"fenStr":"rnbqkbnr/ppp1pppp/3p4/8/4P3/8/PPPP1PPP/RNBQKBNR","stockfishScores":{"wn":0.5013690476190477}},{"fenStr":"rnbqkbnr/ppp1pppp/3p4/8/3PP3/8/PPP2PPP/RNBQKBNR","stockfishScores":{"bn":0.5064285714285715}},{"fenStr":"rnbqkb1r/ppp1pppp/3p1n2/8/3PP3/8/PPP2PPP/RNBQKBNR","stockfishScores":{"wn":0.4999404761904762}},{"fenStr":"rnbqkb1r/ppp1pppp/3p1n2/8/3PP3/5P2/PPP3PP/RNBQKBNR","stockfishScores":{"bn":0.5022023809523809}},{"fenStr":"rnbqkb1r/ppp2ppp/3p1n2/4p3/3PP3/5P2/PPP3PP/RNBQKBNR","stockfishScores":{"wn":0.4994047619047619}},{"fenStr":"rnbqkb1r/ppp2ppp/3p1n2/3Pp3/4P3/5P2/PPP3PP/RNBQKBNR","stockfishScores":{"bn":0.5025}},{"fenStr":"rnbqk2r/ppp1bppp/3p1n2/3Pp3/4P3/5P2/PPP3PP/RNBQKBNR","stockfishScores":{"wn":0.5028571428571429}},{"fenStr":"rnbqk2r/ppp1bppp/3p1n2/3Pp3/2P1P3/5P2/PP4PP/RNBQKBNR","stockfishScores":{"bn":0.5067261904761905}},{"fenStr":"r1bqk2r/pppnbppp/3p1n2/3Pp3/2P1P3/5P2/PP4PP/RNBQKBNR","stockfishScores":{"wn":0.4986309523809524}},{"fenStr":"r1bqk2r/pppnbppp/3p1n2/3Pp3/2P1P3/2N2P2/PP4PP/R1BQKBNR","stockfishScores":{"bn":0.5013095238095238}},{"fenStr":"r1bq1rk1/pppnbppp/3p1n2/3Pp3/2P1P3/2N2P2/PP4PP/R1BQKBNR","stockfishScores":{"wn":0.4906547619047619}},{"fenStr":"r1bq1rk1/pppnbppp/3p1n2/3Pp3/2P1P3/2N1BP2/PP4PP/R2QKBNR","stockfishScores":{"bn":0.49142857142857144}},{"fenStr":"r1bq1rk1/pp1nbppp/2pp1n2/3Pp3/2P1P3/2N1BP2/PP4PP/R2QKBNR","stockfishScores":{"wn":0.49047619047619045}},{"fenStr":"r1bq1rk1/pp1nbppp/2pp1n2/3Pp3/2P1P3/2N1BP2/PP1Q2PP/R3KBNR","stockfishScores":{"bn":0.48964285714285716}},{"fenStr":"r1bq1rk1/pp1nbppp/3p1n2/3pp3/2P1P3/2N1BP2/PP1Q2PP/R3KBNR","stockfishScores":{"wn":0.4801190476190476}},{"fenStr":"r1bq1rk1/pp1nbppp/3p1n2/3Pp3/2P5/2N1BP2/PP1Q2PP/R3KBNR","stockfishScores":{"bn":0.48892857142857143}},{"fenStr":"r1bq1rk1/pp1nbppp/3p4/3Pp2n/2P5/2N1BP2/PP1Q2PP/R3KBNR","stockfishScores":{"wn":0.4913095238095238}},{"fenStr":"r1bq1rk1/pp1nbppp/3p4/3Pp2n/2P5/2N1BP1N/PP1Q2PP/R3KB1R","stockfishScores":{"bn":0.4930952380952381}},{"fenStr":"r1bq1rk1/pp2bppp/1n1p4/3Pp2n/2P5/2N1BP1N/PP1Q2PP/R3KB1R","stockfishScores":{"wn":0.49410714285714286}},{"fenStr":"r1bq1rk1/pp2bppp/1n1p4/3Pp2n/2P3P1/2N1BP1N/PP1Q3P/R3KB1R","stockfishScores":{"bn":0.5007142857142857}},{"fenStr":"r1bq1rk1/pp3ppp/1n1p4/3Pp2n/2P3Pb/2N1BP1N/PP1Q3P/R3KB1R","stockfishScores":{"wn":0.5020238095238095}},{"fenStr":"r1bq1rk1/pp3ppp/1n1p4/3Pp2n/2P3Pb/2N1BP1N/PP1Q3P/R2K1B1R","stockfishScores":{"bn":0.49952380952380954}},{"fenStr":"r1bq1rk1/pp3ppp/1n1p1n2/3Pp3/2P3Pb/2N1BP1N/PP1Q3P/R2K1B1R","stockfishScores":{"wn":0.4955357142857143}},{"fenStr":"r1bq1rk1/pp3ppp/1n1p1n2/3Pp1B1/2P3Pb/2N2P1N/PP1Q3P/R2K1B1R","stockfishScores":{"bn":0.4955952380952381}},{"fenStr":"r1bq1rk1/pp3ppp/1n1p1n2/3Pp1b1/2P3P1/2N2P1N/PP1Q3P/R2K1B1R","stockfishScores":{"wn":0.45875}},{"fenStr":"r1bq1rk1/pp3ppp/1n1p1n2/3Pp1Q1/2P3P1/2N2P1N/PP5P/R2K1B1R","stockfishScores":{"bn":0.49101190476190476}},{"fenStr":"r1bqr1k1/pp3ppp/1n1p1n2/3Pp1Q1/2P3P1/2N2P1N/PP5P/R2K1B1R","stockfishScores":{"wn":0.49005952380952383}},{"fenStr":"r1bqr1k1/pp3ppp/1n1p1n2/3Pp1Q1/2P3P1/2N2P2/PP3N1P/R2K1B1R","stockfishScores":{"bn":0.4906547619047619}},{"fenStr":"r1bqr1k1/pp3ppp/1n1p4/3np1Q1/2P3P1/2N2P2/PP3N1P/R2K1B1R","stockfishScores":{"wn":0.4839880952380952}},{"fenStr":"r1bqr1k1/pp3ppp/1n1p4/3np3/2P3P1/2N2P2/PP1Q1N1P/R2K1B1R","stockfishScores":{"bn":0.4855952380952381}},{"fenStr":"r1bqr1k1/pp3ppp/1n1p4/4p3/2P3P1/2n2P2/PP1Q1N1P/R2K1B1R","stockfishScores":{"wn":0.46071428571428574}},{"fenStr":"r1bqr1k1/pp3ppp/1n1p4/4p3/2P3P1/2Q2P2/PP3N1P/R2K1B1R","stockfishScores":{"bn":0.4832738095238095}},{"fenStr":"r2qr1k1/pp3ppp/1n1pb3/4p3/2P3P1/2Q2P2/PP3N1P/R2K1B1R","stockfishScores":{"wn":0.4807142857142857}},{"fenStr":"r2qr1k1/pp3ppp/1n1pb3/4p3/2P3P1/1PQ2P2/P4N1P/R2K1B1R","stockfishScores":{"bn":0.48214285714285715}},{"fenStr":"r2qr1k1/pp3ppp/1n2b3/3pp3/2P3P1/1PQ2P2/P4N1P/R2K1B1R","stockfishScores":{"wn":0.48196428571428573}},{"fenStr":"r2qr1k1/pp3ppp/1n2b3/2Ppp3/6P1/1PQ2P2/P4N1P/R2K1B1R","stockfishScores":{"bn":0.4833928571428571}},{"fenStr":"r2qr1k1/pp3ppp/1n2b3/2P1p3/3p2P1/1PQ2P2/P4N1P/R2K1B1R","stockfishScores":{"wn":0.4725}},{"fenStr":"r2qr1k1/pp3ppp/1n2b3/Q1P1p3/3p2P1/1P3P2/P4N1P/R2K1B1R","stockfishScores":{"bn":0.4761309523809524}},{"fenStr":"r3r1k1/pp3ppp/1n2b3/Q1Pqp3/3p2P1/1P3P2/P4N1P/R2K1B1R","stockfishScores":{"wn":0.46851190476190474}},{"fenStr":"r3r1k1/pp3ppp/1n2b3/Q1Pqp3/3p2P1/1P3P2/P3BN1P/R2K3R","stockfishScores":{"bn":0.47827380952380955}},{"fenStr":"r3r1k1/pp1n1ppp/4b3/Q1Pqp3/3p2P1/1P3P2/P3BN1P/R2K3R","stockfishScores":{"wn":0.47422619047619047}},{"fenStr":"r3r1k1/pp1n1ppp/4b3/Q1Pqp3/1P1p2P1/5P2/P3BN1P/R2K3R","stockfishScores":{"bn":0.47172619047619047}},{"fenStr":"r3r1k1/pp1n1ppp/4b3/Q1Pqp3/1P4P1/3p1P2/P3BN1P/R2K3R","stockfishScores":{"wn":0.4635714285714286}},{"fenStr":"r3r1k1/pp1n1ppp/4b3/Q1Pqp3/1P4P1/3N1P2/P3B2P/R2K3R","stockfishScores":{"bn":0.4822619047619048}},{"fenStr":"r3r1k1/pp1n1ppp/4b3/Q1Pq4/1P2p1P1/3N1P2/P3B2P/R2K3R","stockfishScores":{"wn":0.47404761904761905}},{"fenStr":"r3r1k1/pp1n1ppp/4b3/Q1Pq4/1P2P1P1/3N4/P3B2P/R2K3R","stockfishScores":{"bn":0.48583333333333334}},{"fenStr":"r3r1k1/pp1n1ppp/4b3/Q1P5/1P2q1P1/3N4/P3B2P/R2K3R","stockfishScores":{"wn":0.47351190476190474}},{"fenStr":"r3r1k1/pp1n1ppp/4b3/Q1P5/1P2q1P1/3N4/P2KB2P/R6R","stockfishScores":{"bn":0.48904761904761906}},{"fenStr":"3rr1k1/pp1n1ppp/4b3/Q1P5/1P2q1P1/3N4/P2KB2P/R6R","stockfishScores":{"wn":0.49107142857142855}},{"fenStr":"3rr1k1/pp1n1ppp/2P1b3/Q7/1P2q1P1/3N4/P2KB2P/R6R","stockfishScores":{"bn":0.4975595238095238}},{"fenStr":"3rr1k1/pp3ppp/2P1b3/Q3n3/1P2q1P1/3N4/P2KB2P/R6R","stockfishScores":{"wn":0.42952380952380953}},{"fenStr":"3rr1k1/Qp3ppp/2P1b3/4n3/1P2q1P1/3N4/P2KB2P/R6R","stockfishScores":{"bn":0.4374404761904762}},{"fenStr":"3rr1k1/Qp3ppp/2P1b3/8/1P2q1P1/3n4/P2KB2P/R6R","stockfishScores":{"wn":0.4498809523809524}},{"fenStr":"3rr1k1/QpP2ppp/4b3/8/1P2q1P1/3n4/P2KB2P/R6R","stockfishScores":{"bn":0.4518452380952381}},{"fenStr":"3rr1k1/QpP2ppp/4b3/8/1q4P1/3n4/P2KB2P/R6R","stockfishScores":{"wn":0.4521428571428571}},{"fenStr":"3rr1k1/QpP2ppp/4b3/8/1q4P1/3nK3/P3B2P/R6R","stockfishScores":{"bn":0.4255952380952381}},{"fenStr":"3rr1k1/QpP2ppp/4b3/8/5qP1/3nK3/P3B2P/R6R","stockfishScores":{"wn":0.4278571428571429}}],"result":{"bw":true}}