{"fens":[{"fenStr":"rnbqkbnr/pppppppp/8/8/4P3/8/PPPP1PPP/RNBQKBNR","stockfishScores":{"bn":0.5049404761904762}},{"fenStr":"rnbqkbnr/pppp1ppp/4p3/8/4P3/8/PPPP1PPP/RNBQKBNR","stockfishScores":{"wn":0.5002380952380953}},{"fenStr":"rnbqkbnr/pppp1ppp/4p3/8/3PP3/8/PPP2PPP/RNBQKBNR","stockfishScores":{"bn":0.5058928571428571}},{"fenStr":"rnbqkbnr/ppp2ppp/4p3/3p4/3PP3/8/PPP2PPP/RNBQKBNR","stockfishScores":{"wn":0.5010119047619047}},{"fenStr":"rnbqkbnr/ppp2ppp/4p3/3p4/3PP3/2N5/PPP2PPP/R1BQKBNR","stockfishScores":{"bn":0.5042857142857143}},{"fenStr":"rnbqk1nr/ppp2ppp/4p3/3p4/1b1PP3/2N5/PPP2PPP/R1BQKBNR","stockfishScores":{"wn":0.5006547619047619}},{"fenStr":"rnbqk1nr/ppp2ppp/4p3/3pP3/1b1P4/2N5/PPP2PPP/R1BQKBNR","stockfishScores":{"bn":0.5044642857142857}},{"fenStr":"rnbqk1nr/pp3ppp/4p3/2ppP3/1b1P4/2N5/PPP2PPP/R1BQKBNR","stockfishScores":{"wn":0.5058928571428571}},{"fenStr":"rnbqk1nr/pp3ppp/4p3/2ppP3/1b1P4/P1N5/1PP2PPP/R1BQKBNR","stockfishScores":{"bn":0.5088095238095238}},{"fenStr":"rnbqk1nr/pp3ppp/4p3/2ppP3/3P4/P1b5/1PP2PPP/R1BQKBNR","stockfishScores":{"wn":0.4875}},{"fenStr":"rnbqk1nr/pp3ppp/4p3/2ppP3/3P4/P1P5/2P2PPP/R1BQKBNR","stockfishScores":{"bn":0.5094642857142857}},{"fenStr":"rnbqk2r/pp2nppp/4p3/2ppP3/3P4/P1P5/2P2PPP/R1BQKBNR","stockfishScores":{"wn":0.5056547619047619}},{"fenStr":"rnbqk2r/pp2nppp/4p3/2ppP3/3P2Q1/P1P5/2P2PPP/R1B1KBNR","stockfishScores":{"bn":0.5045833333333334}},{"fenStr":"rnb1k2r/ppq1nppp/4p3/2ppP3/3P2Q1/P1P5/2P2PPP/R1B1KBNR","stockfishScores":{"wn":0.5032738095238095}},{"fenStr":"rnb1k2r/ppq1npQp/4p3/2ppP3/3P4/P1P5/2P2PPP/R1B1KBNR","stockfishScores":{"bn":0.5357738095238095}},{"fenStr":"rnb1k1r1/ppq1npQp/4p3/2ppP3/3P4/P1P5/2P2PPP/R1B1KBNR","stockfishScores":{"wn":0.5092857142857143}},{"fenStr":"rnb1k1r1/ppq1np1Q/4p3/2ppP3/3P4/P1P5/2P2PPP/R1B1KBNR","stockfishScores":{"bn":0.5166071428571428}},{"fenStr":"rnb1k1r1/ppq1np1Q/4p3/3pP3/3p4/P1P5/2P2PPP/R1B1KBNR","stockfishScores":{"wn":0.5008928571428571}},{"fenStr":"rnb1k1r1/ppq1np1Q/4p3/3pP3/3p4/P1P5/2P2PPP/R1BK1BNR","stockfishScores":{"bn":0.5055357142857143}},{"fenStr":"r1b1k1r1/ppq1np1Q/2n1p3/3pP3/3p4/P1P5/2P2PPP/R1BK1BNR","stockfishScores":{"wn":0.4963690476190476}},{"fenStr":"r1b1k1r1/ppq1np1Q/2n1p3/3pP3/3p4/P1P2N2/2P2PPP/R1BK1B1R","stockfishScores":{"bn":0.5016071428571428}},{"fenStr":"r1b1k1r1/ppq1np1Q/2n1p3/3pP3/8/P1p2N2/2P2PPP/R1BK1B1R","stockfishScores":{"wn":0.4969642857142857}},{"fenStr":"r1b1k1r1/ppq1np1Q/2n1p3/3pP1N1/8/P1p5/2P2PPP/R1BK1B1R","stockfishScores":{"bn":0.5105357142857143}},{"fenStr":"r1b1k1r1/ppq1np1Q/4p3/3pn1N1/8/P1p5/2P2PPP/R1BK1B1R","stockfishScores":{"wn":0.4832738095238095}},{"fenStr":"r1b1k1r1/ppq1np1Q/4p3/3pn1N1/5P2/P1p5/2P3PP/R1BK1B1R","stockfishScores":{"bn":0.4893452380952381}},{"fenStr":"r1b1k3/ppq1np1Q/4p3/3pn1r1/5P2/P1p5/2P3PP/R1BK1B1R","stockfishScores":{"wn":0.4781547619047619}},{"fenStr":"r1b1k3/ppq1np1Q/4p3/3pn1P1/8/P1p5/2P3PP/R1BK1B1R","stockfishScores":{"bn":0.5069047619047619}},{"fenStr":"r1b1k3/ppq1np1Q/4p1n1/3p2P1/8/P1p5/2P3PP/R1BK1B1R","stockfishScores":{"wn":0.5004761904761905}},{"fenStr":"r1b1k3/ppq1np1Q/4p1n1/3p2P1/8/P1pB4/2P3PP/R1BK3R","stockfishScores":{"bn":0.5024404761904762}},{"fenStr":"r1b1k3/ppq1np1Q/6n1/3pp1P1/8/P1pB4/2P3PP/R1BK3R","stockfishScores":{"wn":0.4963095238095238}},{"fenStr":"r1b1k3/ppq1np1Q/6B1/3pp1P1/8/P1p5/2P3PP/R1BK3R","stockfishScores":{"bn":0.532797619047619}},{"fenStr":"r1b1k3/ppq2p1Q/6n1/3pp1P1/8/P1p5/2P3PP/R1BK3R","stockfishScores":{"wn":0.4969047619047619}},{"fenStr":"r1b1k3/ppq2p1Q/6n1/3pp1P1/7P/P1p5/2P3P1/R1BK3R","stockfishScores":{"bn":0.5005952380952381}},{"fenStr":"r3k3/ppq2p1Q/6n1/3pp1P1/6bP/P1p5/2P3P1/R1BK3R","stockfishScores":{"wn":0.4970833333333333}},{"fenStr":"r3k3/ppq2p1Q/6n1/3pp1P1/6bP/P1p5/2P3P1/R1B1K2R","stockfishScores":{"bn":0.49726190476190474}},{"fenStr":"2kr4/ppq2p1Q/6n1/3pp1P1/6bP/P1p5/2P3P1/R1B1K2R","stockfishScores":{"wn":0.4907738095238095}},{"fenStr":"2kr4/ppq2p1Q/6n1/3pp1P1/6bP/P1p5/2P3P1/R1B1KR2","stockfishScores":{"bn":0.49214285714285716}},{"fenStr":"2kr4/pp3p1Q/6n1/3pp1P1/2q3bP/P1p5/2P3P1/R1B1KR2","stockfishScores":{"wn":0.4751190476190476}},{"fenStr":"2kr4/pp3p1Q/6n1/3pp1P1/2q3bP/P1p5/2P2RP1/R1B1K3","stockfishScores":{"bn":0.48125}},{"fenStr":"2k4r/pp3p1Q/6n1/3pp1P1/2q3bP/P1p5/2P2RP1/R1B1K3","stockfishScores":{"wn":0.47654761904761905}},{"fenStr":"2k4r/pp3Q2/6n1/3pp1P1/2q3bP/P1p5/2P2RP1/R1B1K3","stockfishScores":{"bn":0.48839285714285713}},{"fenStr":"2k4r/pp3Q2/8/3pp1P1/2q3bn/P1p5/2P2RP1/R1B1K3","stockfishScores":{"wn":0.47785714285714287}},{"fenStr":"2k4r/pp3Q2/8/3pp1P1/2q3bn/P1p2R2/2P3P1/R1B1K3","stockfishScores":{"bn":0.4643452380952381}},{"fenStr":"2k4r/pp3Q2/8/3pp1P1/2q3b1/P1p2n2/2P3P1/R1B1K3","stockfishScores":{"wn":0.428452380952381}},{"fenStr":"2k4r/pp3Q2/8/3pp1P1/2q3b1/P1p2n2/2P2KP1/R1B5","stockfishScores":{"bn":0.44273809523809526}},{"fenStr":"2k4r/pp3Q2/8/3pp1P1/2q3b1/P1p5/2P2KP1/R1B1n3","stockfishScores":{"wn":0.44285714285714284}},{"fenStr":"2k4r/pp3Q2/8/3pp1P1/2q3b1/P1p5/2P2KP1/1RB1n3","stockfishScores":{"bn":0.4519642857142857}},{"fenStr":"2k4r/pp3Q2/8/3pp1P1/6b1/P1p5/2P1qKP1/1RB1n3","stockfishScores":{"wn":0.46226190476190476}},{"fenStr":"2k4r/pp3Q2/8/3pp1P1/6b1/P1p3K1/2P1q1P1/1RB1n3","stockfishScores":{"bn":0.42791666666666667}},{"fenStr":"2k4r/pp3Q2/8/3pp1P1/6b1/P1p3K1/2P3q1/1RB1n3","stockfishScores":{"wn":0.3963690476190476}}],"result":{"bw":true}}