{"fens":[{"fenStr":"rnbqkbnr/pppppppp/8/8/2P5/8/PP1PPPPP/RNBQKBNR","stockfishScores":{"bn":0.5016666666666667}},{"fenStr":"rnbqkb1r/pppppppp/5n2/8/2P5/8/PP1PPPPP/RNBQKBNR","stockfishScores":{"wn":0.4988690476190476}},{"fenStr":"rnbqkb1r/pppppppp/5n2/8/2P5/2N5/PP1PPPPP/R1BQKBNR","stockfishScores":{"bn":0.5022023809523809}},{"fenStr":"rnbqkb1r/pppppp1p/5np1/8/2P5/2N5/PP1PPPPP/R1BQKBNR","stockfishScores":{"wn":0.5007738095238096}},{"fenStr":"rnbqkb1r/pppppp1p/5np1/8/2P1P3/2N5/PP1P1PPP/R1BQKBNR","stockfishScores":{"bn":0.5050595238095238}},{"fenStr":"rnbqkb1r/ppp1pp1p/3p1np1/8/2P1P3/2N5/PP1P1PPP/R1BQKBNR","stockfishScores":{"wn":0.4980357142857143}},{"fenStr":"rnbqkb1r/ppp1pp1p/3p1np1/8/2PPP3/2N5/PP3PPP/R1BQKBNR","stockfishScores":{"bn":0.5043452380952381}},{"fenStr":"rnbqk2r/ppp1ppbp/3p1np1/8/2PPP3/2N5/PP3PPP/R1BQKBNR","stockfishScores":{"wn":0.5032142857142857}},{"fenStr":"rnbqk2r/ppp1ppbp/3p1np1/8/2PPP3/2N2P2/PP4PP/R1BQKBNR","stockfishScores":{"bn":0.5041666666666667}},{"fenStr":"rnbq1rk1/ppp1ppbp/3p1np1/8/2PPP3/2N2P2/PP4PP/R1BQKBNR","stockfishScores":{"wn":0.4951785714285714}},{"fenStr":"rnbq1rk1/ppp1ppbp/3p1np1/8/2PPP3/2N1BP2/PP4PP/R2QKBNR","stockfishScores":{"bn":0.49583333333333335}},{"fenStr":"rnbq1rk1/p1p1ppbp/1p1p1np1/8/2PPP3/2N1BP2/PP4PP/R2QKBNR","stockfishScores":{"wn":0.49654761904761907}},{"fenStr":"rnbq1rk1/p1p1ppbp/1p1p1np1/8/2PPP3/2NBBP2/PP4PP/R2QK1NR","stockfishScores":{"bn":0.4969047619047619}},{"fenStr":"rn1q1rk1/pbp1ppbp/1p1p1np1/8/2PPP3/2NBBP2/PP4PP/R2QK1NR","stockfishScores":{"wn":0.49547619047619046}},{"fenStr":"rn1q1rk1/pbp1ppbp/1p1p1np1/8/2PPP3/2NBBP1N/PP4PP/R2QK2R","stockfishScores":{"bn":0.49702380952380953}},{"fenStr":"rn1q1rk1/pbp2pbp/1p1p1np1/4p3/2PPP3/2NBBP1N/PP4PP/R2QK2R","stockfishScores":{"wn":0.49523809523809526}},{"fenStr":"rn1q1rk1/pbp2pbp/1p1p1np1/3Pp3/2P1P3/2NBBP1N/PP4PP/R2QK2R","stockfishScores":{"bn":0.4963690476190476}},{"fenStr":"r2q1rk1/pbpn1pbp/1p1p1np1/3Pp3/2P1P3/2NBBP1N/PP4PP/R2QK2R","stockfishScores":{"wn":0.49273809523809525}},{"fenStr":"r2q1rk1/pbpn1pbp/1p1p1np1/3Pp3/2P1P1P1/2NBBP1N/PP5P/R2QK2R","stockfishScores":{"bn":0.4926190476190476}},{"fenStr":"r2q1rk1/1bpn1pbp/1p1p1np1/p2Pp3/2P1P1P1/2NBBP1N/PP5P/R2QK2R","stockfishScores":{"wn":0.49297619047619046}},{"fenStr":"r2q1rk1/1bpn1pbp/1p1p1np1/p2Pp3/2P1P1P1/2NBBP2/PP3N1P/R2QK2R","stockfishScores":{"bn":0.493452380952381}},{"fenStr":"r2q1rk1/1bp2pbp/1p1p1np1/p1nPp3/2P1P1P1/2NBBP2/PP3N1P/R2QK2R","stockfishScores":{"wn":0.4913095238095238}},{"fenStr":"r2q1rk1/1bp2pbp/1p1p1np1/p1nPp3/2P1P1P1/2N1BP2/PPB2N1P/R2QK2R","stockfishScores":{"bn":0.4926785714285714}},{"fenStr":"r4rk1/1bpq1pbp/1p1p1np1/p1nPp3/2P1P1P1/2N1BP2/PPB2N1P/R2QK2R","stockfishScores":{"wn":0.4961904761904762}},{"fenStr":"r4rk1/1bpq1pbp/1p1p1np1/p1nPp3/2P1P1P1/2N1BP2/PPBQ1N1P/R3K2R","stockfishScores":{"bn":0.4961309523809524}},{"fenStr":"r4rk1/1b1q1pbp/1ppp1np1/p1nPp3/2P1P1P1/2N1BP2/PPBQ1N1P/R3K2R","stockfishScores":{"wn":0.4951785714285714}},{"fenStr":"r4rk1/1b1q1pbp/1pPp1np1/p1n1p3/2P1P1P1/2N1BP2/PPBQ1N1P/R3K2R","stockfishScores":{"bn":0.5029761904761905}},{"fenStr":"r4rk1/3q1pbp/1pbp1np1/p1n1p3/2P1P1P1/2N1BP2/PPBQ1N1P/R3K2R","stockfishScores":{"wn":0.49315476190476193}},{"fenStr":"r4rk1/3q1pbp/1pbp1np1/p1n1p3/2P1P1PP/2N1BP2/PPBQ1N2/R3K2R","stockfishScores":{"bn":0.4969047619047619}},{"fenStr":"r4rk1/3q1pbp/1pbpnnp1/p3p3/2P1P1PP/2N1BP2/PPBQ1N2/R3K2R","stockfishScores":{"wn":0.4982142857142857}},{"fenStr":"r4rk1/3q1pbp/1pbpnnp1/p3p2P/2P1P1P1/2N1BP2/PPBQ1N2/R3K2R","stockfishScores":{"bn":0.5001190476190476}},{"fenStr":"1r3rk1/3q1pbp/1pbpnnp1/p3p2P/2P1P1P1/2N1BP2/PPBQ1N2/R3K2R","stockfishScores":{"wn":0.4999404761904762}},{"fenStr":"1r3rk1/3q1pbp/1pbpnnp1/p3p2P/P1P1P1P1/2N1BP2/1PBQ1N2/R3K2R","stockfishScores":{"bn":0.49797619047619046}},{"fenStr":"1r1r2k1/3q1pbp/1pbpnnp1/p3p2P/P1P1P1P1/2N1BP2/1PBQ1N2/R3K2R","stockfishScores":{"wn":0.4986904761904762}},{"fenStr":"1r1r2k1/3q1pbp/1pbpnnp1/p3p2P/P1P1P1P1/4BP2/1PBQNN2/R3K2R","stockfishScores":{"bn":0.4950595238095238}},{"fenStr":"1r1r2k1/4qpbp/1pbpnnp1/p3p2P/P1P1P1P1/4BP2/1PBQNN2/R3K2R","stockfishScores":{"wn":0.4928571428571429}},{"fenStr":"1r1r2k1/4qpbp/1pbpnnp1/p3p2P/P1P1P1P1/4BP2/1PBQNN2/R4K1R","stockfishScores":{"bn":0.4944642857142857}},{"fenStr":"1r1r2k1/4qpbp/1pb1nnp1/p2pp2P/P1P1P1P1/4BP2/1PBQNN2/R4K1R","stockfishScores":{"wn":0.49107142857142855}},{"fenStr":"1r1r2k1/4qpbp/1pb1nnp1/p2Pp2P/P3P1P1/4BP2/1PBQNN2/R4K1R","stockfishScores":{"bn":0.5182738095238095}},{"fenStr":"1r1r2k1/4qpbp/1pb1n1p1/p2np2P/P3P1P1/4BP2/1PBQNN2/R4K1R","stockfishScores":{"wn":0.4906547619047619}},{"fenStr":"1r1r2k1/4qpbp/1pb1n1p1/p2Pp2P/P5P1/4BP2/1PBQNN2/R4K1R","stockfishScores":{"bn":0.5285714285714286}},{"fenStr":"1r1r2k1/4qpbp/1p2n1p1/p2bp2P/P5P1/4BP2/1PBQNN2/R4K1R","stockfishScores":{"wn":0.5053571428571428}},{"fenStr":"1r1r2k1/4qpbp/1p2n1P1/p2bp3/P5P1/4BP2/1PBQNN2/R4K1R","stockfishScores":{"bn":0.517797619047619}},{"fenStr":"1r1r2k1/4qpb1/1p2n1p1/p2bp3/P5P1/4BP2/1PBQNN2/R4K1R","stockfishScores":{"wn":0.5130357142857143}},{"fenStr":"1r1r2k1/4qpb1/1p2n1p1/p2bp3/P5P1/4BP2/1PB1NN2/R3QK1R","stockfishScores":{"bn":0.5126190476190476}},{"fenStr":"1r1r2k1/4qpb1/1p2n1p1/p3p3/P5P1/4Bb2/1PB1NN2/R3QK1R","stockfishScores":{"wn":0.49839285714285714}},{"fenStr":"1r1r2k1/4qpb1/1p2n1p1/p3p3/P5P1/4Bb1R/1PB1NN2/R3QK2","stockfishScores":{"bn":0.5051785714285715}},{"fenStr":"1r1r2k1/1q3pb1/1p2n1p1/p3p3/P5P1/4Bb1R/1PB1NN2/R3QK2","stockfishScores":{"wn":0.5059523809523809}},{"fenStr":"1r1r2k1/1q3pb1/1p2n1p1/p3p3/P5P1/4Bb1R/1PB1NN2/R3Q1K1","stockfishScores":{"bn":0.5079761904761905}},{"fenStr":"2rr2k1/1q3pb1/1p2n1p1/p3p3/P5P1/4Bb1R/1PB1NN2/R3Q1K1","stockfishScores":{"wn":0.5030357142857143}},{"fenStr":"2rr2k1/1q3pb1/1p2n1p1/p3p3/P5P1/2N1Bb1R/1PB2N2/R3Q1K1","stockfishScores":{"bn":0.507797619047619}},{"fenStr":"2rr2k1/1q3pb1/1p4p1/p3p3/P2n2P1/2N1Bb1R/1PB2N2/R3Q1K1","stockfishScores":{"wn":0.4986309523809524}},{"fenStr":"2rr2k1/1q3pb1/1p4p1/p3p3/P2B2P1/2N2b1R/1PB2N2/R3Q1K1","stockfishScores":{"bn":0.5291666666666667}},{"fenStr":"2rr2k1/1q3pb1/1p4p1/p7/P2p2P1/2N2b1R/1PB2N2/R3Q1K1","stockfishScores":{"wn":0.5008928571428571}},{"fenStr":"2rr2k1/1q3pb1/1p4p1/p7/P2pB1P1/2N2b1R/1P3N2/R3Q1K1","stockfishScores":{"bn":0.5075}},{"fenStr":"2rr2k1/1q3pb1/1p4p1/p7/P2pb1P1/2N4R/1P3N2/R3Q1K1","stockfishScores":{"wn":0.4750595238095238}},{"fenStr":"2rr2k1/1q3pb1/1p4p1/p7/P2pN1P1/7R/1P3N2/R3Q1K1","stockfishScores":{"bn":0.5103571428571428}},{"fenStr":"2r1r1k1/1q3pb1/1p4p1/p7/P2pN1P1/7R/1P3N2/R3Q1K1","stockfishScores":{"wn":0.504702380952381}},{"fenStr":"2r1r1k1/1q3pb1/1p4p1/p7/P2pN1P1/7R/1P3N2/RQ4K1","stockfishScores":{"bn":0.5057738095238096}},{"fenStr":"2r1r1k1/3q1pb1/1p4p1/p7/P2pN1P1/7R/1P3N2/RQ4K1","stockfishScores":{"wn":0.5092857142857143}},{"fenStr":"2r1r1k1/3q1pb1/1p4p1/p7/P2pN1P1/3Q3R/1P3N2/R5K1","stockfishScores":{"bn":0.5108928571428571}},{"fenStr":"4r1k1/3q1pb1/1pr3p1/p7/P2pN1P1/3Q3R/1P3N2/R5K1","stockfishScores":{"wn":0.5113690476190477}},{"fenStr":"4r1k1/3q1pb1/1pr3p1/p5P1/P2pN3/3Q3R/1P3N2/R5K1","stockfishScores":{"bn":0.5126190476190476}},{"fenStr":"4r1k1/3q1pb1/1p2r1p1/p5P1/P2pN3/3Q3R/1P3N2/R5K1","stockfishScores":{"wn":0.5116071428571428}},{"fenStr":"4r1k1/3q1pb1/1p2r1p1/p5P1/P2pN3/3Q3R/1P3N2/4R1K1","stockfishScores":{"bn":0.5105357142857143}},{"fenStr":"4r1k1/5pb1/1p2r1p1/p5P1/q2pN3/3Q3R/1P3N2/4R1K1","stockfishScores":{"wn":0.5104166666666666}},{"fenStr":"4r1k1/5pb1/1p2r1p1/p5P1/q2pN1N1/3Q3R/1P6/4R1K1","stockfishScores":{"bn":0.5197619047619048}},{"fenStr":"4r1k1/5pb1/1p2r1p1/p5P1/1q1pN1N1/3Q3R/1P6/4R1K1","stockfishScores":{"wn":0.5157142857142857}},{"fenStr":"4r1k1/5pb1/1p2rNp1/p5P1/1q1pN3/3Q3R/1P6/4R1K1","stockfishScores":{"bn":0.5204761904761904}},{"fenStr":"4rk2/5pb1/1p2rNp1/p5P1/1q1pN3/3Q3R/1P6/4R1K1","stockfishScores":{"wn":0.5225}},{"fenStr":"4rk2/5pb1/1p2rNp1/p5P1/1q1pN3/3Q3R/1P2R3/6K1","stockfishScores":{"bn":0.5244047619047619}},{"fenStr":"4rk2/5p2/1p2rbp1/p5P1/1q1pN3/3Q3R/1P2R3/6K1","stockfishScores":{"wn":0.4874404761904762}},{"fenStr":"4rk2/5p2/1p2rPp1/p7/1q1pN3/3Q3R/1P2R3/6K1","stockfishScores":{"bn":0.5138690476190476}},{"fenStr":"4rk2/5p2/1p3Pp1/p3r3/1q1pN3/3Q3R/1P2R3/6K1","stockfishScores":{"wn":0.5163690476190477}},{"fenStr":"4rk1R/5p2/1p3Pp1/p3r3/1q1pN3/3Q4/1P2R3/6K1","stockfishScores":{"bn":0.5108333333333334}}],"result":{"ww":true}}