{"fens":[{"fenStr":"rnbqkbnr/pppppppp/8/8/4P3/8/PPPP1PPP/RNBQKBNR","stockfishScores":{"bn":0.5049404761904762}},{"fenStr":"rnbqkbnr/pp1ppppp/8/2p5/4P3/8/PPPP1PPP/RNBQKBNR","stockfishScores":{"wn":0.5038095238095238}},{"fenStr":"rnbqkbnr/pp1ppppp/8/2p5/4P3/5N2/PPPP1PPP/RNBQKB1R","stockfishScores":{"bn":0.5058928571428571}},{"fenStr":"rnbqkbnr/pp2pppp/3p4/2p5/4P3/5N2/PPPP1PPP/RNBQKB1R","stockfishScores":{"wn":0.5020833333333333}},{"fenStr":"rnbqkbnr/pp2pppp/3p4/2p5/3PP3/5N2/PPP2PPP/RNBQKB1R","stockfishScores":{"bn":0.5076785714285714}},{"fenStr":"rnbqkb1r/pp2pppp/3p1n2/2p5/3PP3/5N2/PPP2PPP/RNBQKB1R","stockfishScores":{"wn":0.5028571428571429}},{"fenStr":"rnbqkb1r/pp2pppp/3p1n2/2p5/3PP3/2N2N2/PPP2PPP/R1BQKB1R","stockfishScores":{"bn":0.5068452380952381}},{"fenStr":"rnbqkb1r/pp2pppp/3p1n2/8/3pP3/2N2N2/PPP2PPP/R1BQKB1R","stockfishScores":{"wn":0.4999404761904762}},{"fenStr":"rnbqkb1r/pp2pppp/3p1n2/8/3NP3/2N5/PPP2PPP/R1BQKB1R","stockfishScores":{"bn":0.5076190476190476}},{"fenStr":"rnbqkb1r/1p2pppp/p2p1n2/8/3NP3/2N5/PPP2PPP/R1BQKB1R","stockfishScores":{"wn":0.5050595238095238}},{"fenStr":"rnbqkb1r/1p2pppp/p2p1n2/6B1/3NP3/2N5/PPP2PPP/R2QKB1R","stockfishScores":{"bn":0.5054761904761905}},{"fenStr":"rnbqkb1r/1p3ppp/p2ppn2/6B1/3NP3/2N5/PPP2PPP/R2QKB1R","stockfishScores":{"wn":0.5088095238095238}},{"fenStr":"rnbqkb1r/1p3ppp/p2ppn2/6B1/3NPP2/2N5/PPP3PP/R2QKB1R","stockfishScores":{"bn":0.5075}},{"fenStr":"rnb1kb1r/1p3ppp/pq1ppn2/6B1/3NPP2/2N5/PPP3PP/R2QKB1R","stockfishScores":{"wn":0.5052380952380953}},{"fenStr":"rnb1kb1r/1p3ppp/pq1ppn2/6B1/4PP2/1NN5/PPP3PP/R2QKB1R","stockfishScores":{"bn":0.49404761904761907}},{"fenStr":"rnb1kb1r/1p3ppp/p2ppn2/6B1/4PP2/1NN1q3/PPP3PP/R2QKB1R","stockfishScores":{"wn":0.5045833333333334}},{"fenStr":"rnb1kb1r/1p3ppp/p2ppn2/6B1/4PP2/1NN1q3/PPP1Q1PP/R3KB1R","stockfishScores":{"bn":0.5010119047619047}},{"fenStr":"rnb1kb1r/1p3ppp/p2ppn2/6B1/4PP2/1NN5/PPP1q1PP/R3KB1R","stockfishScores":{"wn":0.42488095238095236}},{"fenStr":"rnb1kb1r/1p3ppp/p2ppn2/6B1/4PP2/1NN5/PPP1B1PP/R3K2R","stockfishScores":{"bn":0.5036904761904762}},{"fenStr":"rnb1k2r/1p2bppp/p2ppn2/6B1/4PP2/1NN5/PPP1B1PP/R3K2R","stockfishScores":{"wn":0.5029761904761905}},{"fenStr":"rnb1k2r/1p2bppp/p2ppn2/6B1/4PP2/1NN5/PPP1B1PP/2KR3R","stockfishScores":{"bn":0.5123214285714286}},{"fenStr":"r1b1k2r/1p2bppp/p1nppn2/6B1/4PP2/1NN5/PPP1B1PP/2KR3R","stockfishScores":{"wn":0.5091071428571429}},{"fenStr":"r1b1k2r/1p2bppp/p1nppn2/6B1/4PP2/1NN2B2/PPP3PP/2KR3R","stockfishScores":{"bn":0.508095238095238}},{"fenStr":"r3k2r/1p1bbppp/p1nppn2/6B1/4PP2/1NN2B2/PPP3PP/2KR3R","stockfishScores":{"wn":0.5070238095238095}},{"fenStr":"r3k2r/1p1bbppp/p1nppn2/6B1/N3PP2/1N3B2/PPP3PP/2KR3R","stockfishScores":{"bn":0.5035119047619048}},{"fenStr":"2kr3r/1p1bbppp/p1nppn2/6B1/N3PP2/1N3B2/PPP3PP/2KR3R","stockfishScores":{"wn":0.5005357142857143}},{"fenStr":"2kr3r/1p1bbppp/p1nppn2/4P1B1/N4P2/1N3B2/PPP3PP/2KR3R","stockfishScores":{"bn":0.509702380952381}},{"fenStr":"2kr3r/1p1bbppp/p1n1pn2/4p1B1/N4P2/1N3B2/PPP3PP/2KR3R","stockfishScores":{"wn":0.49565476190476193}},{"fenStr":"2kr3r/1p1bbppp/pNn1pn2/4p1B1/5P2/1N3B2/PPP3PP/2KR3R","stockfishScores":{"bn":0.5008333333333334}},{"fenStr":"3r3r/1pkbbppp/pNn1pn2/4p1B1/5P2/1N3B2/PPP3PP/2KR3R","stockfishScores":{"wn":0.49660714285714286}},{"fenStr":"3r3r/1pkNbppp/p1n1pn2/4p1B1/5P2/1N3B2/PPP3PP/2KR3R","stockfishScores":{"bn":0.5123214285714286}},{"fenStr":"3r3r/1pknbppp/p1n1p3/4p1B1/5P2/1N3B2/PPP3PP/2KR3R","stockfishScores":{"wn":0.49315476190476193}},{"fenStr":"3r3r/1pknbppp/p1B1p3/4p1B1/5P2/1N6/PPP3PP/2KR3R","stockfishScores":{"bn":0.5176785714285714}},{"fenStr":"3r3r/1pkn1ppp/p1B1p3/4p1b1/5P2/1N6/PPP3PP/2KR3R","stockfishScores":{"wn":0.4919047619047619}},{"fenStr":"3r3r/1pkn1ppp/p1B1p3/4p1P1/8/1N6/PPP3PP/2KR3R","stockfishScores":{"bn":0.5183333333333333}},{"fenStr":"3r3r/1p1n1ppp/p1k1p3/4p1P1/8/1N6/PPP3PP/2KR3R","stockfishScores":{"wn":0.4919642857142857}},{"fenStr":"3r3r/1p1n1ppp/p1k1p3/N3p1P1/8/8/PPP3PP/2KR3R","stockfishScores":{"bn":0.4875}},{"fenStr":"3r3r/1pkn1ppp/p3p3/N3p1P1/8/8/PPP3PP/2KR3R","stockfishScores":{"wn":0.4881547619047619}},{"fenStr":"3r3r/1pkn1ppp/p3p3/N3p1P1/8/3R4/PPP3PP/2K4R","stockfishScores":{"bn":0.48875}},{"fenStr":"3r3r/1pk2ppp/pn2p3/N3p1P1/8/3R4/PPP3PP/2K4R","stockfishScores":{"wn":0.49029761904761904}},{"fenStr":"3r3r/1pk2ppp/pn2p3/N3p1P1/8/2R5/PPP3PP/2K4R","stockfishScores":{"bn":0.4911904761904762}},{"fenStr":"1k1r3r/1p3ppp/pn2p3/N3p1P1/8/2R5/PPP3PP/2K4R","stockfishScores":{"wn":0.49238095238095236}},{"fenStr":"1k1r3r/1p3ppp/pn2p3/N3p1P1/8/2R5/PPP3PP/2K2R2","stockfishScores":{"bn":0.49416666666666664}},{"fenStr":"1k5r/1p1r1ppp/pn2p3/N3p1P1/8/2R5/PPP3PP/2K2R2","stockfishScores":{"wn":0.49392857142857144}},{"fenStr":"1k5r/1p1r1ppp/pn2p3/N3p1P1/8/1R6/PPP3PP/2K2R2","stockfishScores":{"bn":0.4949404761904762}},{"fenStr":"7r/kp1r1ppp/pn2p3/N3p1P1/8/1R6/PPP3PP/2K2R2","stockfishScores":{"wn":0.4932142857142857}},{"fenStr":"7r/kp1r1ppp/pn2p3/N3p1P1/8/4R3/PPP3PP/2K2R2","stockfishScores":{"bn":0.49357142857142855}},{"fenStr":"7r/kp1r1pp1/pn2p2p/N3p1P1/8/4R3/PPP3PP/2K2R2","stockfishScores":{"wn":0.49297619047619046}},{"fenStr":"7r/kp1r1pp1/pn2p2p/N3R1P1/8/8/PPP3PP/2K2R2","stockfishScores":{"bn":0.49666666666666665}},{"fenStr":"7r/kp1r1pp1/pn2p3/N3R1p1/8/8/PPP3PP/2K2R2","stockfishScores":{"wn":0.4895833333333333}},{"fenStr":"7r/kp1r1pp1/pn2p3/N5R1/8/8/PPP3PP/2K2R2","stockfishScores":{"bn":0.49476190476190474}},{"fenStr":"7r/kp1r2p1/pn2pp2/N5R1/8/8/PPP3PP/2K2R2","stockfishScores":{"wn":0.49023809523809525}},{"fenStr":"7r/kp1r2p1/pn2pp2/N7/8/6R1/PPP3PP/2K2R2","stockfishScores":{"bn":0.49357142857142855}},{"fenStr":"8/kp1r2p1/pn2pp2/N7/8/6R1/PPP3Pr/2K2R2","stockfishScores":{"wn":0.48779761904761904}},{"fenStr":"8/kp1r2p1/pn2pp2/8/8/1N4R1/PPP3Pr/2K2R2","stockfishScores":{"bn":0.4880952380952381}},{"fenStr":"8/kp1r2p1/pn2pp2/7r/8/1N4R1/PPP3P1/2K2R2","stockfishScores":{"wn":0.49107142857142855}},{"fenStr":"8/kp1r2p1/pn2pp2/7r/8/1N4R1/PPP3P1/2K1R3","stockfishScores":{"bn":0.4922619047619048}},{"fenStr":"8/kp1r2p1/pn2pp2/3r4/8/1N4R1/PPP3P1/2K1R3","stockfishScores":{"wn":0.49220238095238095}},{"fenStr":"8/kp1r2p1/pn2pp2/3r4/8/1NP3R1/PP4P1/2K1R3","stockfishScores":{"bn":0.4903571428571429}},{"fenStr":"8/kp1r2p1/pn3p2/3rp3/8/1NP3R1/PP4P1/2K1R3","stockfishScores":{"wn":0.48892857142857143}},{"fenStr":"8/kp1r2p1/pn3p2/3rp3/4R3/1NP3R1/PP4P1/2K5","stockfishScores":{"bn":0.4864880952380952}},{"fenStr":"8/kp1r2p1/1n3p2/p2rp3/4R3/1NP3R1/PP4P1/2K5","stockfishScores":{"wn":0.4868452380952381}},{"fenStr":"8/kp1r2p1/1n3p2/p2rp3/2P1R3/1N4R1/PP4P1/2K5","stockfishScores":{"bn":0.48845238095238097}},{"fenStr":"8/kp1r2p1/1n3p2/p3p3/2P1R3/1N4R1/PP4P1/2Kr4","stockfishScores":{"wn":0.4907142857142857}},{"fenStr":"8/kp1r2p1/1n3p2/p3p3/2P1R3/1N4R1/PPK3P1/3r4","stockfishScores":{"bn":0.49005952380952383}},{"fenStr":"8/kp1r2p1/1n3p2/4p3/p1P1R3/1N4R1/PPK3P1/3r4","stockfishScores":{"wn":0.4867261904761905}},{"fenStr":"8/kp1r2p1/1n3p2/2N1p3/p1P1R3/6R1/PPK3P1/3r4","stockfishScores":{"bn":0.48642857142857143}},{"fenStr":"8/kp4p1/1n3p2/2N1p3/p1P1R3/6R1/PPKr2P1/3r4","stockfishScores":{"wn":0.48601190476190476}},{"fenStr":"8/kp4p1/1n3p2/2N1p3/p1P1R3/2K3R1/PP1r2P1/3r4","stockfishScores":{"bn":0.4761309523809524}},{"fenStr":"8/kp6/1n3p2/2N1p1p1/p1P1R3/2K3R1/PP1r2P1/3r4","stockfishScores":{"wn":0.47410714285714284}},{"fenStr":"8/kp6/1n3p2/2N1p1p1/p1P1R3/2K2R2/PP1r2P1/3r4","stockfishScores":{"bn":0.4772619047619048}},{"fenStr":"8/kp6/1n3p2/2N1p1p1/p1P1R3/2K2R2/PP4r1/3r4","stockfishScores":{"wn":0.4711309523809524}},{"fenStr":"8/kp6/1n3R2/2N1p1p1/p1P1R3/2K5/PP4r1/3r4","stockfishScores":{"bn":0.4851190476190476}},{"fenStr":"8/kp6/1n3R2/2N1p1p1/p1P1R3/2K5/PP4r1/2r5","stockfishScores":{"wn":0.4888095238095238}},{"fenStr":"8/kp6/1n3R2/2N1p1p1/p1P1R3/3K4/PP4r1/2r5","stockfishScores":{"bn":0.48791666666666667}},{"fenStr":"8/kp6/5R2/2N1p1p1/p1n1R3/3K4/PP4r1/2r5","stockfishScores":{"wn":0.47833333333333333}},{"fenStr":"8/kp6/5R2/4p1p1/N1n1R3/3K4/PP4r1/2r5","stockfishScores":{"bn":0.48738095238095236}},{"fenStr":"8/kp6/5R2/4p1p1/N1n1R3/3K4/PP1r4/2r5","stockfishScores":{"wn":0.4930952380952381}}],"result":{"bw":true}}