{"fens":[{"fenStr":"rnbqkbnr/pppppppp/8/8/4P3/8/PPPP1PPP/RNBQKBNR","stockfishScores":{"bn":0.5049404761904762}},{"fenStr":"rnbqkb1r/pppppppp/5n2/8/4P3/8/PPPP1PPP/RNBQKBNR","stockfishScores":{"wn":0.5017261904761905}},{"fenStr":"rnbqkb1r/pppppppp/5n2/4P3/8/8/PPPP1PPP/RNBQKBNR","stockfishScores":{"bn":0.5063690476190477}},{"fenStr":"rnbqkb1r/pppppppp/8/3nP3/8/8/PPPP1PPP/RNBQKBNR","stockfishScores":{"wn":0.5029761904761905}},{"fenStr":"rnbqkb1r/pppppppp/8/3nP3/3P4/8/PPP2PPP/RNBQKBNR","stockfishScores":{"bn":0.5073809523809524}},{"fenStr":"rnbqkb1r/ppp1pppp/3p4/3nP3/3P4/8/PPP2PPP/RNBQKBNR","stockfishScores":{"wn":0.5050595238095238}},{"fenStr":"rnbqkb1r/ppp1pppp/3p4/3nP3/2PP4/8/PP3PPP/RNBQKBNR","stockfishScores":{"bn":0.5151785714285714}},{"fenStr":"rnbqkb1r/ppp1pppp/1n1p4/4P3/2PP4/8/PP3PPP/RNBQKBNR","stockfishScores":{"wn":0.506547619047619}},{"fenStr":"rnbqkb1r/ppp1pppp/1n1P4/8/2PP4/8/PP3PPP/RNBQKBNR","stockfishScores":{"bn":0.512797619047619}},{"fenStr":"rnbqkb1r/ppp2ppp/1n1p4/8/2PP4/8/PP3PPP/RNBQKBNR","stockfishScores":{"wn":0.5010119047619047}},{"fenStr":"rnbqkb1r/ppp2ppp/1n1p4/8/2PP4/2N5/PP3PPP/R1BQKBNR","stockfishScores":{"bn":0.5045833333333334}},{"fenStr":"r1bqkb1r/ppp2ppp/1nnp4/8/2PP4/2N5/PP3PPP/R1BQKBNR","stockfishScores":{"wn":0.5032738095238095}},{"fenStr":"r1bqkb1r/ppp2ppp/1nnp4/8/2PP4/2N1B3/PP3PPP/R2QKBNR","stockfishScores":{"bn":0.5036904761904762}},{"fenStr":"r1bqk2r/ppp1bppp/1nnp4/8/2PP4/2N1B3/PP3PPP/R2QKBNR","stockfishScores":{"wn":0.5040476190476191}},{"fenStr":"r1bqk2r/ppp1bppp/1nnp4/8/2PP4/2N1BQ2/PP3PPP/R3KBNR","stockfishScores":{"bn":0.5027380952380952}},{"fenStr":"r2qk2r/ppp1bppp/1nnpb3/8/2PP4/2N1BQ2/PP3PPP/R3KBNR","stockfishScores":{"wn":0.5025595238095238}},{"fenStr":"r2qk2r/ppp1bppp/1nnpb3/8/2PP4/1PN1BQ2/P4PPP/R3KBNR","stockfishScores":{"bn":0.503452380952381}},{"fenStr":"r2qk2r/ppp2ppp/1nnpbb2/8/2PP4/1PN1BQ2/P4PPP/R3KBNR","stockfishScores":{"wn":0.5032738095238095}},{"fenStr":"r2qk2r/ppp2ppp/1nnpbb2/8/2PP4/1PN1BQ2/P4PPP/2KR1BNR","stockfishScores":{"bn":0.508095238095238}},{"fenStr":"r2qk2r/ppp2ppp/1nn1bb2/3p4/2PP4/1PN1BQ2/P4PPP/2KR1BNR","stockfishScores":{"wn":0.5069642857142858}},{"fenStr":"r2qk2r/ppp2ppp/1nn1bb2/2Pp4/3P4/1PN1BQ2/P4PPP/2KR1BNR","stockfishScores":{"bn":0.5089285714285714}},{"fenStr":"r1nqk2r/ppp2ppp/2n1bb2/2Pp4/3P4/1PN1BQ2/P4PPP/2KR1BNR","stockfishScores":{"wn":0.5083928571428571}},{"fenStr":"r1nqk2r/ppp2ppp/2n1bb2/1BPp4/3P4/1PN1BQ2/P4PPP/2KR2NR","stockfishScores":{"bn":0.5138095238095238}},{"fenStr":"r2qk2r/ppp1nppp/2n1bb2/1BPp4/3P4/1PN1BQ2/P4PPP/2KR2NR","stockfishScores":{"wn":0.5105357142857143}},{"fenStr":"r2qk2r/ppp1nppp/2n1bb2/1BPp4/3P2P1/1PN1BQ2/P4P1P/2KR2NR","stockfishScores":{"bn":0.5105357142857143}},{"fenStr":"r2qk2r/ppp1npp1/2n1bb1p/1BPp4/3P2P1/1PN1BQ2/P4P1P/2KR2NR","stockfishScores":{"wn":0.5079166666666667}},{"fenStr":"r2qk2r/ppp1npp1/2n1bb1p/1BPp4/3P2P1/1PN1BQ2/P3NP1P/2KR3R","stockfishScores":{"bn":0.5106547619047619}},{"fenStr":"r3k2r/pppqnpp1/2n1bb1p/1BPp4/3P2P1/1PN1BQ2/P3NP1P/2KR3R","stockfishScores":{"wn":0.5078571428571429}},{"fenStr":"r3k2r/pppqnpp1/2n1bb1p/1BPp4/3P2P1/1PN1BQ2/P3NP1P/2KR2R1","stockfishScores":{"bn":0.5078571428571429}},{"fenStr":"r3k2r/1ppqnpp1/p1n1bb1p/1BPp4/3P2P1/1PN1BQ2/P3NP1P/2KR2R1","stockfishScores":{"wn":0.5040476190476191}},{"fenStr":"r3k2r/1ppqnpp1/p1n1bb1p/2Pp4/3P2P1/1PNBBQ2/P3NP1P/2KR2R1","stockfishScores":{"bn":0.5054761904761905}},{"fenStr":"2kr3r/1ppqnpp1/p1n1bb1p/2Pp4/3P2P1/1PNBBQ2/P3NP1P/2KR2R1","stockfishScores":{"wn":0.5009523809523809}},{"fenStr":"2kr3r/1ppqnpp1/p1n1bb1p/2Pp4/3P2P1/1PNBB1Q1/P3NP1P/2KR2R1","stockfishScores":{"bn":0.5005952380952381}},{"fenStr":"2kr3r/1ppqnp2/p1n1bb1p/2Pp2p1/3P2P1/1PNBB1Q1/P3NP1P/2KR2R1","stockfishScores":{"wn":0.5009523809523809}},{"fenStr":"2kr3r/1ppqnp2/p1n1bb1p/2Pp2p1/3P2P1/1PN1B1Q1/P1B1NP1P/2KR2R1","stockfishScores":{"bn":0.49898809523809523}},{"fenStr":"1k1r3r/1ppqnp2/p1n1bb1p/2Pp2p1/3P2P1/1PN1B1Q1/P1B1NP1P/2KR2R1","stockfishScores":{"wn":0.49488095238095237}},{"fenStr":"1k1r3r/1ppqnp2/p1n1bb1p/2Pp2p1/3P1PP1/1PN1B1Q1/P1B1N2P/2KR2R1","stockfishScores":{"bn":0.49875}},{"fenStr":"1k1r3r/1ppqnp2/p1n1bb1p/2Pp4/3P1pP1/1PN1B1Q1/P1B1N2P/2KR2R1","stockfishScores":{"wn":0.4936904761904762}},{"fenStr":"1k1r3r/1ppqnp2/p1n1bb1p/2Pp4/3P1NP1/1PN1B1Q1/P1B4P/2KR2R1","stockfishScores":{"bn":0.503095238095238}},{"fenStr":"1k4rr/1ppqnp2/p1n1bb1p/2Pp4/3P1NP1/1PN1B1Q1/P1B4P/2KR2R1","stockfishScores":{"wn":0.5001785714285715}},{"fenStr":"1k4rr/1ppqnp2/p1n1bb1p/2Pp3N/3P2P1/1PN1B1Q1/P1B4P/2KR2R1","stockfishScores":{"bn":0.49988095238095237}},{"fenStr":"1k4rr/1ppqnp2/p1n1b2p/2Pp2bN/3P2P1/1PN1B1Q1/P1B4P/2KR2R1","stockfishScores":{"wn":0.5010119047619047}},{"fenStr":"1k4rr/1ppqnp2/p1n1b2p/2Pp2BN/3P2P1/1PN3Q1/P1B4P/2KR2R1","stockfishScores":{"bn":0.5213095238095238}},{"fenStr":"1k5r/1ppqnp2/p1n1b2p/2Pp2rN/3P2P1/1PN3Q1/P1B4P/2KR2R1","stockfishScores":{"wn":0.4995833333333333}},{"fenStr":"1k5r/1ppqnp2/p1n1b2p/2Pp2rN/3P2PP/1PN3Q1/P1B5/2KR2R1","stockfishScores":{"bn":0.5032142857142857}},{"fenStr":"1k5r/1ppqnp2/p1n1b2p/2Pp3r/3P2PP/1PN3Q1/P1B5/2KR2R1","stockfishScores":{"wn":0.4835714285714286}},{"fenStr":"1k5r/1ppqnp2/p1n1b2p/2Pp3P/3P3P/1PN3Q1/P1B5/2KR2R1","stockfishScores":{"bn":0.5083928571428571}},{"fenStr":"1k5r/1ppq1p2/p1n1b2p/2Pp1n1P/3P3P/1PN3Q1/P1B5/2KR2R1","stockfishScores":{"wn":0.5089285714285714}},{"fenStr":"1k5r/1ppq1p2/p1n1b2p/2Pp1B1P/3P3P/1PN3Q1/P7/2KR2R1","stockfishScores":{"bn":0.535952380952381}},{"fenStr":"1k5r/1ppq1p2/p1n4p/2Pp1b1P/3P3P/1PN3Q1/P7/2KR2R1","stockfishScores":{"wn":0.5092261904761904}},{"fenStr":"1k5r/1ppq1p2/p1n4p/2Pp1b1P/3P3P/1PN2Q2/P7/2KR2R1","stockfishScores":{"bn":0.5064880952380952}},{"fenStr":"1k5r/1ppq1p2/p1n1b2p/2Pp3P/3P3P/1PN2Q2/P7/2KR2R1","stockfishScores":{"wn":0.5106547619047619}},{"fenStr":"1k5r/1ppq1p2/p1n1bQ1p/2Pp3P/3P3P/1PN5/P7/2KR2R1","stockfishScores":{"bn":0.5141666666666667}},{"fenStr":"1k2r3/1ppq1p2/p1n1bQ1p/2Pp3P/3P3P/1PN5/P7/2KR2R1","stockfishScores":{"wn":0.5088690476190476}},{"fenStr":"1k2r3/1ppq1p2/p1n1b2Q/2Pp3P/3P3P/1PN5/P7/2KR2R1","stockfishScores":{"bn":0.5118452380952381}},{"fenStr":"1k2r3/1ppq1p2/p1n4Q/2Pp3P/3P2bP/1PN5/P7/2KR2R1","stockfishScores":{"wn":0.510297619047619}},{"fenStr":"1k2r3/1ppq1p2/p1n4Q/2Pp3P/3P2bP/1PN5/P2R4/2K3R1","stockfishScores":{"bn":0.5117261904761905}},{"fenStr":"1k2r3/1ppq4/p1n4Q/2Pp1p1P/3P2bP/1PN5/P2R4/2K3R1","stockfishScores":{"wn":0.5095833333333334}},{"fenStr":"1k2r3/1ppq4/p1n5/2Pp1pQP/3P2bP/1PN5/P2R4/2K3R1","stockfishScores":{"bn":0.5123809523809524}},{"fenStr":"1k2r3/1pp5/p1n1q3/2Pp1pQP/3P2bP/1PN5/P2R4/2K3R1","stockfishScores":{"wn":0.5113095238095238}},{"fenStr":"1k2r3/1pp5/p1n1q2P/2Pp1pQ1/3P2bP/1PN5/P2R4/2K3R1","stockfishScores":{"bn":0.5169642857142858}},{"fenStr":"1k5r/1pp5/p1n1q2P/2Pp1pQ1/3P2bP/1PN5/P2R4/2K3R1","stockfishScores":{"wn":0.5174404761904762}},{"fenStr":"1k5r/1pp5/p1n1q2P/2Pp1p2/3P1QbP/1PN5/P2R4/2K3R1","stockfishScores":{"bn":0.52}},{"fenStr":"1k5r/1pp5/p1n4q/2Pp1p2/3P1QbP/1PN5/P2R4/2K3R1","stockfishScores":{"wn":0.5098214285714285}},{"fenStr":"1k5r/1pp5/p1n4Q/2Pp1p2/3P2bP/1PN5/P2R4/2K3R1","stockfishScores":{"bn":0.5855952380952381}},{"fenStr":"1k6/1pp5/p1n4r/2Pp1p2/3P2bP/1PN5/P2R4/2K3R1","stockfishScores":{"wn":0.5136309523809524}},{"fenStr":"1k6/1pp5/p1n4r/2PN1p2/3P2bP/1P6/P2R4/2K3R1","stockfishScores":{"bn":0.5198809523809523}},{"fenStr":"1k6/1pp5/p1n5/2PN1p2/3P2br/1P6/P2R4/2K3R1","stockfishScores":{"wn":0.5141666666666667}},{"fenStr":"1k6/1pp5/p1n5/2PN1p2/3P2br/1P6/P2R4/2K1R3","stockfishScores":{"bn":0.5150595238095238}},{"fenStr":"2k5/1pp5/p1n5/2PN1p2/3P2br/1P6/P2R4/2K1R3","stockfishScores":{"wn":0.51625}},{"fenStr":"2k1R3/1pp5/p1n5/2PN1p2/3P2br/1P6/P2R4/2K5","stockfishScores":{"bn":0.5154166666666666}},{"fenStr":"4R3/1ppk4/p1n5/2PN1p2/3P2br/1P6/P2R4/2K5","stockfishScores":{"wn":0.5179166666666667}},{"fenStr":"4R3/1ppk4/p1n2N2/2P2p2/3P2br/1P6/P2R4/2K5","stockfishScores":{"bn":0.5160714285714286}}],"result":{"ww":true}}