{"fens":[{"fenStr":"rnbqkbnr/pppppppp/8/8/3P4/8/PPP1PPPP/RNBQKBNR","stockfishScores":{"bn":0.5048809523809524}},{"fenStr":"rnbqkb1r/pppppppp/5n2/8/3P4/8/PPP1PPPP/RNBQKBNR","stockfishScores":{"wn":0.5016071428571428}},{"fenStr":"rnbqkb1r/pppppppp/5n2/8/2PP4/8/PP2PPPP/RNBQKBNR","stockfishScores":{"bn":0.5041071428571429}},{"fenStr":"rnbqkb1r/pp1ppppp/5n2/2p5/2PP4/8/PP2PPPP/RNBQKBNR","stockfishScores":{"wn":0.5042261904761904}},{"fenStr":"rnbqkb1r/pp1ppppp/5n2/2pP4/2P5/8/PP2PPPP/RNBQKBNR","stockfishScores":{"bn":0.5044047619047619}},{"fenStr":"rnbqkb1r/pp1p1ppp/4pn2/2pP4/2P5/8/PP2PPPP/RNBQKBNR","stockfishScores":{"wn":0.5004166666666666}},{"fenStr":"rnbqkb1r/pp1p1ppp/4pn2/2pP4/2P5/2N5/PP2PPPP/R1BQKBNR","stockfishScores":{"bn":0.5030357142857143}},{"fenStr":"rnbqkb1r/pp1p1ppp/5n2/2pp4/2P5/2N5/PP2PPPP/R1BQKBNR","stockfishScores":{"wn":0.48964285714285716}},{"fenStr":"rnbqkb1r/pp1p1ppp/5n2/2pP4/8/2N5/PP2PPPP/R1BQKBNR","stockfishScores":{"bn":0.5031547619047619}},{"fenStr":"rnbqkb1r/pp3ppp/3p1n2/2pP4/8/2N5/PP2PPPP/R1BQKBNR","stockfishScores":{"wn":0.5024404761904762}},{"fenStr":"rnbqkb1r/pp3ppp/3p1n2/2pP4/8/2N2N2/PP2PPPP/R1BQKB1R","stockfishScores":{"bn":0.5058928571428571}},{"fenStr":"rnbqkb1r/pp3p1p/3p1np1/2pP4/8/2N2N2/PP2PPPP/R1BQKB1R","stockfishScores":{"wn":0.5057738095238096}},{"fenStr":"rnbqkb1r/pp3p1p/3p1np1/2pP4/4P3/2N2N2/PP3PPP/R1BQKB1R","stockfishScores":{"bn":0.5186904761904761}},{"fenStr":"rnbqk2r/pp3pbp/3p1np1/2pP4/4P3/2N2N2/PP3PPP/R1BQKB1R","stockfishScores":{"wn":0.5176190476190476}},{"fenStr":"rnbqk2r/pp3pbp/3p1np1/2pP4/4PB2/2N2N2/PP3PPP/R2QKB1R","stockfishScores":{"bn":0.5247619047619048}},{"fenStr":"rnbq1rk1/pp3pbp/3p1np1/2pP4/4PB2/2N2N2/PP3PPP/R2QKB1R","stockfishScores":{"wn":0.49720238095238095}},{"fenStr":"rnbq1rk1/pp3pbp/3p1np1/2pP4/4PB2/2N2N2/PP2BPPP/R2QK2R","stockfishScores":{"bn":0.49607142857142855}},{"fenStr":"r1bq1rk1/pp3pbp/n2p1np1/2pP4/4PB2/2N2N2/PP2BPPP/R2QK2R","stockfishScores":{"wn":0.49785714285714283}},{"fenStr":"r1bq1rk1/pp3pbp/n2p1np1/2pP4/4PB2/2N2N2/PP2BPPP/R2Q1RK1","stockfishScores":{"bn":0.509702380952381}},{"fenStr":"r1bq1rk1/pp3pbp/n2p2p1/2pP3n/4PB2/2N2N2/PP2BPPP/R2Q1RK1","stockfishScores":{"wn":0.5041071428571429}},{"fenStr":"r1bq1rk1/pp3pbp/n2p2p1/2pP2Bn/4P3/2N2N2/PP2BPPP/R2Q1RK1","stockfishScores":{"bn":0.50875}},{"fenStr":"r1bq1rk1/pp4bp/n2p1pp1/2pP2Bn/4P3/2N2N2/PP2BPPP/R2Q1RK1","stockfishScores":{"wn":0.5104166666666666}},{"fenStr":"r1bq1rk1/pp4bp/n2p1pp1/2pP3n/4P3/2N2N2/PP2BPPP/R1BQ1RK1","stockfishScores":{"bn":0.5110119047619047}},{"fenStr":"r1bq1rkb/pp5p/n2p1pp1/2pP3n/4P3/2N2N2/PP2BPPP/R1BQ1RK1","stockfishScores":{"wn":0.5157142857142857}},{"fenStr":"r1bq1rkb/pp5p/n2p1pp1/2pP3n/4P3/2N5/PP2BPPP/R1BQNRK1","stockfishScores":{"bn":0.5154166666666666}},{"fenStr":"r1bq1rkb/pp4np/n2p1pp1/2pP4/4P3/2N5/PP2BPPP/R1BQNRK1","stockfishScores":{"wn":0.5122023809523809}},{"fenStr":"r1bq1rkb/pp4np/n2p1pp1/2pP4/4PP2/2N5/PP2B1PP/R1BQNRK1","stockfishScores":{"bn":0.5120833333333333}},{"fenStr":"r1bq1rkb/ppn3np/3p1pp1/2pP4/4PP2/2N5/PP2B1PP/R1BQNRK1","stockfishScores":{"wn":0.5106547619047619}},{"fenStr":"r1bq1rkb/ppn3np/3p1pp1/2pP4/4PP2/2N2N2/PP2B1PP/R1BQ1RK1","stockfishScores":{"bn":0.512797619047619}},{"fenStr":"r1bq1rkb/1pn3np/p2p1pp1/2pP4/4PP2/2N2N2/PP2B1PP/R1BQ1RK1","stockfishScores":{"wn":0.5129761904761905}},{"fenStr":"r1bq1rkb/1pn3np/p2p1pp1/2pP4/P3PP2/2N2N2/1P2B1PP/R1BQ1RK1","stockfishScores":{"bn":0.5120833333333333}},{"fenStr":"r2q1rkb/1pnb2np/p2p1pp1/2pP4/P3PP2/2N2N2/1P2B1PP/R1BQ1RK1","stockfishScores":{"wn":0.5110119047619047}},{"fenStr":"r2q1rkb/1pnb2np/p2p1pp1/2pP4/P3PP2/2N2N2/1P2B1PP/R1BQ1R1K","stockfishScores":{"bn":0.5082738095238095}},{"fenStr":"r2qnrkb/1pnb3p/p2p1pp1/2pP4/P3PP2/2N2N2/1P2B1PP/R1BQ1R1K","stockfishScores":{"wn":0.5119047619047619}},{"fenStr":"r2qnrkb/1pnb3p/p2p1pp1/2pPP3/P4P2/2N2N2/1P2B1PP/R1BQ1R1K","stockfishScores":{"bn":0.513154761904762}},{"fenStr":"r2qnrkb/1pnb3p/p2p2p1/2pPp3/P4P2/2N2N2/1P2B1PP/R1BQ1R1K","stockfishScores":{"wn":0.4961904761904762}},{"fenStr":"r2qnrkb/1pnb3p/p2p2p1/2pPP3/P7/2N2N2/1P2B1PP/R1BQ1R1K","stockfishScores":{"bn":0.5122619047619048}},{"fenStr":"r2qnrkb/1pnb3p/p5p1/2pPp3/P7/2N2N2/1P2B1PP/R1BQ1R1K","stockfishScores":{"wn":0.5033333333333333}},{"fenStr":"r2qnrkb/1pnb3p/p2P2p1/2p1p3/P7/2N2N2/1P2B1PP/R1BQ1R1K","stockfishScores":{"bn":0.5224404761904762}},{"fenStr":"r2qnrkb/1p1b3p/p2Pn1p1/2p1p3/P7/2N2N2/1P2B1PP/R1BQ1R1K","stockfishScores":{"wn":0.5007738095238096}},{"fenStr":"r2qnrkb/1p1b3p/p2Pn1p1/2p1p3/P1B5/2N2N2/1P4PP/R1BQ1R1K","stockfishScores":{"bn":0.5091666666666667}},{"fenStr":"r2qnrk1/1p1b3p/p2Pnbp1/2p1p3/P1B5/2N2N2/1P4PP/R1BQ1R1K","stockfishScores":{"wn":0.5082738095238095}},{"fenStr":"r2qnrk1/1p1b3p/p2PnbpB/2p1p3/P1B5/2N2N2/1P4PP/R2Q1R1K","stockfishScores":{"bn":0.513452380952381}},{"fenStr":"r2qnrk1/1p1b2bp/p2Pn1pB/2p1p3/P1B5/2N2N2/1P4PP/R2Q1R1K","stockfishScores":{"wn":0.5063690476190477}},{"fenStr":"r2qnrk1/1p1b2bp/p2Pn1p1/2p1p1B1/P1B5/2N2N2/1P4PP/R2Q1R1K","stockfishScores":{"bn":0.5109523809523809}},{"fenStr":"r2qnrk1/1p1b3p/p2Pnbp1/2p1p1B1/P1B5/2N2N2/1P4PP/R2Q1R1K","stockfishScores":{"wn":0.51375}},{"fenStr":"r2qnrk1/1p1b3p/p2PnBp1/2p1p3/P1B5/2N2N2/1P4PP/R2Q1R1K","stockfishScores":{"bn":0.5388690476190476}},{"fenStr":"r2qn1k1/1p1b3p/p2Pnrp1/2p1p3/P1B5/2N2N2/1P4PP/R2Q1R1K","stockfishScores":{"wn":0.51}},{"fenStr":"r2qn1k1/1p1b3p/p2Pnrp1/2p1p3/P1B1N3/5N2/1P4PP/R2Q1R1K","stockfishScores":{"bn":0.51875}},{"fenStr":"r2qn1k1/1p1b3p/p2Pn1p1/2p1p3/P1B1Nr2/5N2/1P4PP/R2Q1R1K","stockfishScores":{"wn":0.5127380952380952}},{"fenStr":"r2qn1k1/1p1b3p/p2Pn1p1/2p1p1N1/P1B1Nr2/8/1P4PP/R2Q1R1K","stockfishScores":{"bn":0.5192857142857142}},{"fenStr":"r2q2k1/1p1b2np/p2Pn1p1/2p1p1N1/P1B1Nr2/8/1P4PP/R2Q1R1K","stockfishScores":{"wn":0.5175595238095239}},{"fenStr":"r2q2k1/1p1b2np/p2Pn1p1/2p1p1N1/P1B1NR2/8/1P4PP/R2Q3K","stockfishScores":{"bn":0.5907142857142857}},{"fenStr":"r2q2k1/1p1b2np/p2Pn1p1/2p3N1/P1B1Np2/8/1P4PP/R2Q3K","stockfishScores":{"wn":0.5200595238095238}},{"fenStr":"r2q2k1/1p1b2np/p2Pn1p1/2p3N1/P1B1Np2/1Q6/1P4PP/R6K","stockfishScores":{"bn":0.5193452380952381}},{"fenStr":"r1q3k1/1p1b2np/p2Pn1p1/2p3N1/P1B1Np2/1Q6/1P4PP/R6K","stockfishScores":{"wn":0.5297619047619048}},{"fenStr":"r1q3k1/1p1b2np/p2PnNp1/2p3N1/P1B2p2/1Q6/1P4PP/R6K","stockfishScores":{"bn":0.5151190476190476}},{"fenStr":"r1q4k/1p1b2np/p2PnNp1/2p3N1/P1B2p2/1Q6/1P4PP/R6K","stockfishScores":{"wn":0.5163690476190477}},{"fenStr":"r1q4k/1p1b1Nnp/p2PnNp1/2p5/P1B2p2/1Q6/1P4PP/R6K","stockfishScores":{"bn":0.5054761904761905}}],"result":{"ww":true}}