{"fens":[{"fenStr":"rnbqkbnr/pppppppp/8/8/4P3/8/PPPP1PPP/RNBQKBNR","stockfishScores":{"bn":0.5049404761904762}},{"fenStr":"rnbqkbnr/pppp1ppp/4p3/8/4P3/8/PPPP1PPP/RNBQKBNR","stockfishScores":{"wn":0.5002380952380953}},{"fenStr":"rnbqkbnr/pppp1ppp/4p3/8/3PP3/8/PPP2PPP/RNBQKBNR","stockfishScores":{"bn":0.5058928571428571}},{"fenStr":"rnbqkbnr/ppp2ppp/4p3/3p4/3PP3/8/PPP2PPP/RNBQKBNR","stockfishScores":{"wn":0.5010119047619047}},{"fenStr":"rnbqkbnr/ppp2ppp/4p3/3p4/3PP3/2N5/PPP2PPP/R1BQKBNR","stockfishScores":{"bn":0.5042857142857143}},{"fenStr":"rnbqkb1r/ppp2ppp/4pn2/3p4/3PP3/2N5/PPP2PPP/R1BQKBNR","stockfishScores":{"wn":0.5033333333333333}},{"fenStr":"rnbqkb1r/ppp2ppp/4pn2/3p2B1/3PP3/2N5/PPP2PPP/R2QKBNR","stockfishScores":{"bn":0.5073214285714286}},{"fenStr":"rnbqk2r/ppp1bppp/4pn2/3p2B1/3PP3/2N5/PPP2PPP/R2QKBNR","stockfishScores":{"wn":0.506547619047619}},{"fenStr":"rnbqk2r/ppp1bppp/4pn2/3pP1B1/3P4/2N5/PPP2PPP/R2QKBNR","stockfishScores":{"bn":0.5117857142857143}},{"fenStr":"rnbqk2r/pppnbppp/4p3/3pP1B1/3P4/2N5/PPP2PPP/R2QKBNR","stockfishScores":{"wn":0.5018452380952381}},{"fenStr":"rnbqk2r/pppnbppp/4p3/3pP1B1/3P3P/2N5/PPP2PP1/R2QKBNR","stockfishScores":{"bn":0.5077380952380952}},{"fenStr":"rnbqk2r/pp1nbppp/4p3/2ppP1B1/3P3P/2N5/PPP2PP1/R2QKBNR","stockfishScores":{"wn":0.5069642857142858}},{"fenStr":"rnbqk2r/pp1nbppp/4p3/2ppP1B1/3P3P/2N2N2/PPP2PP1/R2QKB1R","stockfishScores":{"bn":0.5086309523809524}},{"fenStr":"r1bqk2r/pp1nbppp/2n1p3/2ppP1B1/3P3P/2N2N2/PPP2PP1/R2QKB1R","stockfishScores":{"wn":0.5051785714285715}},{"fenStr":"r1bqk2r/pp1nbppp/2n1p3/1NppP1B1/3P3P/5N2/PPP2PP1/R2QKB1R","stockfishScores":{"bn":0.5119047619047619}},{"fenStr":"r1bqk2r/pp1nb1pp/2n1pp2/1NppP1B1/3P3P/5N2/PPP2PP1/R2QKB1R","stockfishScores":{"wn":0.5070833333333333}},{"fenStr":"r1bqk2r/pp1nb1pp/2n1pP2/1Npp2B1/3P3P/5N2/PPP2PP1/R2QKB1R","stockfishScores":{"bn":0.5332738095238095}},{"fenStr":"r1bqk2r/pp2b1pp/2n1pn2/1Npp2B1/3P3P/5N2/PPP2PP1/R2QKB1R","stockfishScores":{"wn":0.5082142857142857}},{"fenStr":"r1bqk2r/pp2b1pp/2n1pn2/1Npp4/3P1B1P/5N2/PPP2PP1/R2QKB1R","stockfishScores":{"bn":0.516547619047619}},{"fenStr":"r1bq1rk1/pp2b1pp/2n1pn2/1Npp4/3P1B1P/5N2/PPP2PP1/R2QKB1R","stockfishScores":{"wn":0.49529761904761904}},{"fenStr":"r1bq1rk1/pp2b1pp/2n1pn2/1Npp2N1/3P1B1P/8/PPP2PP1/R2QKB1R","stockfishScores":{"bn":0.4942261904761905}},{"fenStr":"r1bq1rk1/pp2b1pp/2n1pn2/1N1p2N1/3p1B1P/8/PPP2PP1/R2QKB1R","stockfishScores":{"wn":0.4770833333333333}},{"fenStr":"r1bq1rk1/pp2b1pp/2n1pn2/3p2N1/3N1B1P/8/PPP2PP1/R2QKB1R","stockfishScores":{"bn":0.49255952380952384}},{"fenStr":"r1bq1rk1/pp2b1pp/4pn2/3p2N1/3n1B1P/8/PPP2PP1/R2QKB1R","stockfishScores":{"wn":0.4554166666666667}},{"fenStr":"r1bq1rk1/pp2b1pp/4pn2/3p2N1/3Q1B1P/8/PPP2PP1/R3KB1R","stockfishScores":{"bn":0.4939880952380952}},{"fenStr":"r1bq1rk1/pp2b1pp/4p3/3p2N1/3QnB1P/8/PPP2PP1/R3KB1R","stockfishScores":{"wn":0.48505952380952383}},{"fenStr":"r1bq1rk1/pp2b1pp/4p3/3p2N1/3QnB1P/6P1/PPP2P2/R3KB1R","stockfishScores":{"bn":0.48904761904761906}},{"fenStr":"r1bq1rk1/pp4pp/4p3/2bp2N1/3QnB1P/6P1/PPP2P2/R3KB1R","stockfishScores":{"wn":0.48125}},{"fenStr":"r1bq1rk1/pp4pp/4p3/2bp2N1/4nB1P/3Q2P1/PPP2P2/R3KB1R","stockfishScores":{"bn":0.4716666666666667}},{"fenStr":"r1b2rk1/pp4pp/4p3/q1bp2N1/4nB1P/3Q2P1/PPP2P2/R3KB1R","stockfishScores":{"wn":0.46535714285714286}},{"fenStr":"r1b2rk1/pp4pp/4p3/q1bp2N1/4nB1P/3Q2P1/PPP1KP2/R4B1R","stockfishScores":{"bn":0.4857738095238095}},{"fenStr":"r1b2rk1/p5pp/1p2p3/q1bp2N1/4nB1P/3Q2P1/PPP1KP2/R4B1R","stockfishScores":{"wn":0.4772619047619048}},{"fenStr":"r1b2rk1/p5pp/1p2p3/q1bp2N1/2P1nB1P/3Q2P1/PP2KP2/R4B1R","stockfishScores":{"bn":0.4855357142857143}},{"fenStr":"r4rk1/pb4pp/1p2p3/q1bp2N1/2P1nB1P/3Q2P1/PP2KP2/R4B1R","stockfishScores":{"wn":0.48488095238095236}},{"fenStr":"r4rk1/pb4pp/1p2p3/q1bp2N1/2P1nB1P/3Q2PB/PP2KP2/R6R","stockfishScores":{"bn":0.490952380952381}},{"fenStr":"r4rk1/pb4pp/1p6/q1bpp1N1/2P1nB1P/3Q2PB/PP2KP2/R6R","stockfishScores":{"wn":0.49083333333333334}},{"fenStr":"r4rk1/pb4pp/1p2B3/q1bpp1N1/2P1nB1P/3Q2P1/PP2KP2/R6R","stockfishScores":{"bn":0.4895238095238095}},{"fenStr":"r4r1k/pb4pp/1p2B3/q1bpp1N1/2P1nB1P/3Q2P1/PP2KP2/R6R","stockfishScores":{"wn":0.4903571428571429}},{"fenStr":"r4r1k/pb4pp/1p6/q1bBp1N1/2P1nB1P/3Q2P1/PP2KP2/R6R","stockfishScores":{"bn":0.5029166666666667}},{"fenStr":"r4r1k/p5pp/1p6/q1bbp1N1/2P1nB1P/3Q2P1/PP2KP2/R6R","stockfishScores":{"wn":0.47339285714285717}},{"fenStr":"r4r1k/p5pp/1p6/q1bQp1N1/2P1nB1P/6P1/PP2KP2/R6R","stockfishScores":{"bn":0.5019642857142858}},{"fenStr":"r4r1k/p5pp/1p3n2/q1bQp1N1/2P2B1P/6P1/PP2KP2/R6R","stockfishScores":{"wn":0.5017261904761905}},{"fenStr":"r4r1k/p4Npp/1p3n2/q1bQp3/2P2B1P/6P1/PP2KP2/R6R","stockfishScores":{"bn":0.4981547619047619}},{"fenStr":"r6k/p4rpp/1p3n2/q1bQp3/2P2B1P/6P1/PP2KP2/R6R","stockfishScores":{"wn":0.48446428571428574}},{"fenStr":"r6k/p4Qpp/1p3n2/q1b1p3/2P2B1P/6P1/PP2KP2/R6R","stockfishScores":{"bn":0.517797619047619}},{"fenStr":"r6k/p4Qpp/1p3n2/q1b5/2P2p1P/6P1/PP2KP2/R6R","stockfishScores":{"wn":0.47696428571428573}},{"fenStr":"r6k/p4Qpp/1p3n2/q1b5/2P2P1P/8/PP2KP2/R6R","stockfishScores":{"bn":0.48077380952380955}},{"fenStr":"4r2k/p4Qpp/1p3n2/q1b5/2P2P1P/8/PP2KP2/R6R","stockfishScores":{"wn":0.47172619047619047}},{"fenStr":"4r2k/p4Qpp/1p3n2/q1b5/2P2P1P/5K2/PP3P2/R6R","stockfishScores":{"bn":0.47214285714285714}},{"fenStr":"4r2k/p4Qpp/1p3n2/2b5/2P2P1P/5K2/PP1q1P2/R6R","stockfishScores":{"wn":0.4381547619047619}},{"fenStr":"4r2k/p4Qpp/1p3n2/2b5/2P2P1P/5K2/PP1q1P1R/R7","stockfishScores":{"bn":0.43892857142857145}},{"fenStr":"4r2k/p4Qpp/1p3n2/2b5/2P2P1P/5K2/PP2qP1R/R7","stockfishScores":{"wn":0.446547619047619}},{"fenStr":"4r2k/p4Qpp/1p3n2/2b5/2P2P1P/6K1/PP2qP1R/R7","stockfishScores":{"bn":0.44470238095238096}},{"fenStr":"4r2k/p4Qpp/1p3n2/2b5/2P2PqP/6K1/PP3P1R/R7","stockfishScores":{"wn":0.46375}}],"result":{"bw":true}}