{"fens":[{"fenStr":"rnbqkbnr/pppppppp/8/8/3P4/8/PPP1PPPP/RNBQKBNR","stockfishScores":{"bn":0.5048809523809524}},{"fenStr":"rnbqkbnr/ppp1pppp/8/3p4/3P4/8/PPP1PPPP/RNBQKBNR","stockfishScores":{"wn":0.5005952380952381}},{"fenStr":"rnbqkbnr/ppp1pppp/8/3p4/3P4/5N2/PPP1PPPP/RNBQKB1R","stockfishScores":{"bn":0.5038690476190476}},{"fenStr":"rnbqkb1r/ppp1pppp/5n2/3p4/3P4/5N2/PPP1PPPP/RNBQKB1R","stockfishScores":{"wn":0.5005952380952381}},{"fenStr":"rnbqkb1r/ppp1pppp/5n2/3p4/3P4/4PN2/PPP2PPP/RNBQKB1R","stockfishScores":{"bn":0.5022023809523809}},{"fenStr":"rnbqkb1r/pp2pppp/5n2/2pp4/3P4/4PN2/PPP2PPP/RNBQKB1R","stockfishScores":{"wn":0.5020238095238095}},{"fenStr":"rnbqkb1r/pp2pppp/5n2/2pp4/3P4/2P1PN2/PP3PPP/RNBQKB1R","stockfishScores":{"bn":0.5027380952380952}},{"fenStr":"rnbqkb1r/pp3ppp/4pn2/2pp4/3P4/2P1PN2/PP3PPP/RNBQKB1R","stockfishScores":{"wn":0.4998214285714286}},{"fenStr":"rnbqkb1r/pp3ppp/4pn2/2ppN3/3P4/2P1P3/PP3PPP/RNBQKB1R","stockfishScores":{"bn":0.5211904761904762}},{"fenStr":"rnbqk2r/pp2bppp/4pn2/2ppN3/3P4/2P1P3/PP3PPP/RNBQKB1R","stockfishScores":{"wn":0.5216071428571428}},{"fenStr":"rnbqk2r/pp2bppp/4pn2/2ppN3/3P4/2PBP3/PP3PPP/RNBQK2R","stockfishScores":{"bn":0.520952380952381}},{"fenStr":"rnbq1rk1/pp2bppp/4pn2/2ppN3/3P4/2PBP3/PP3PPP/RNBQK2R","stockfishScores":{"wn":0.49315476190476193}},{"fenStr":"rnbq1rk1/pp2bppp/4pn2/2ppN3/3P4/2PBP3/PP3PPP/RNBQ1RK1","stockfishScores":{"bn":0.5033333333333333}},{"fenStr":"r1bq1rk1/pp2bppp/2n1pn2/2ppN3/3P4/2PBP3/PP3PPP/RNBQ1RK1","stockfishScores":{"wn":0.5002380952380953}},{"fenStr":"r1bq1rk1/pp2bppp/2n1pn2/2ppN3/3P1P2/2PBP3/PP4PP/RNBQ1RK1","stockfishScores":{"bn":0.49779761904761904}},{"fenStr":"r1bq1rk1/pp2bppp/2n1p3/2ppN3/3PnP2/2PBP3/PP4PP/RNBQ1RK1","stockfishScores":{"wn":0.49416666666666664}},{"fenStr":"r1bq1rk1/pp2bppp/2N1p3/2pp4/3PnP2/2PBP3/PP4PP/RNBQ1RK1","stockfishScores":{"bn":0.5191666666666667}},{"fenStr":"r1bq1rk1/p3bppp/2p1p3/2pp4/3PnP2/2PBP3/PP4PP/RNBQ1RK1","stockfishScores":{"wn":0.49476190476190474}},{"fenStr":"r1bq1rk1/p3bppp/2p1p3/2pp4/3PnP2/2PBP3/PPQ3PP/RNB2RK1","stockfishScores":{"bn":0.4928571428571429}},{"fenStr":"r1bq1rk1/p3b1pp/2p1p3/2pp1p2/3PnP2/2PBP3/PPQ3PP/RNB2RK1","stockfishScores":{"wn":0.4943452380952381}},{"fenStr":"r1bq1rk1/p3b1pp/2p1p3/2pp1p2/3PnP2/2PBP3/PPQN2PP/R1B2RK1","stockfishScores":{"bn":0.49523809523809526}},{"fenStr":"r1b2rk1/p3b1pp/1qp1p3/2pp1p2/3PnP2/2PBP3/PPQN2PP/R1B2RK1","stockfishScores":{"wn":0.4961904761904762}},{"fenStr":"r1b2rk1/p3b1pp/1qp1p3/2pp1p2/3PnP2/2PBPN2/PPQ3PP/R1B2RK1","stockfishScores":{"bn":0.49892857142857144}},{"fenStr":"r4rk1/p3b1pp/bqp1p3/2pp1p2/3PnP2/2PBPN2/PPQ3PP/R1B2RK1","stockfishScores":{"wn":0.49851190476190477}},{"fenStr":"r4rk1/p3b1pp/bqp1p3/2pp1p2/3PnP2/2PBPN2/PPQ3PP/1RB2RK1","stockfishScores":{"bn":0.49910714285714286}},{"fenStr":"r4rk1/p3b1pp/1qp1p3/2pp1p2/3PnP2/2PbPN2/PPQ3PP/1RB2RK1","stockfishScores":{"wn":0.4580952380952381}},{"fenStr":"r4rk1/p3b1pp/1qp1p3/2pp1p2/3PnP2/2PQPN2/PP4PP/1RB2RK1","stockfishScores":{"bn":0.4936309523809524}},{"fenStr":"r4rk1/p3b1pp/2p1p3/q1pp1p2/3PnP2/2PQPN2/PP4PP/1RB2RK1","stockfishScores":{"wn":0.49160714285714285}},{"fenStr":"r4rk1/p3b1pp/2p1p3/q1pp1p2/3PnP2/2PQPN2/PP4PP/R1B2RK1","stockfishScores":{"bn":0.49315476190476193}},{"fenStr":"r4rk1/p3b1pp/2p1p3/q2p1p2/2pPnP2/2PQPN2/PP4PP/R1B2RK1","stockfishScores":{"wn":0.4881547619047619}},{"fenStr":"r4rk1/p3b1pp/2p1p3/q2p1p2/2pPnP2/2P1PN2/PP2Q1PP/R1B2RK1","stockfishScores":{"bn":0.49351190476190476}},{"fenStr":"1r3rk1/p3b1pp/2p1p3/q2p1p2/2pPnP2/2P1PN2/PP2Q1PP/R1B2RK1","stockfishScores":{"wn":0.4930357142857143}},{"fenStr":"1r3rk1/p3b1pp/2p1p3/q2pNp2/2pPnP2/2P1P3/PP2Q1PP/R1B2RK1","stockfishScores":{"bn":0.49660714285714286}},{"fenStr":"1r3rk1/p1q1b1pp/2p1p3/3pNp2/2pPnP2/2P1P3/PP2Q1PP/R1B2RK1","stockfishScores":{"wn":0.49297619047619046}},{"fenStr":"1r3rk1/p1q1b1pp/2p1p3/3pNp2/2pPnPP1/2P1P3/PP2Q2P/R1B2RK1","stockfishScores":{"bn":0.48928571428571427}},{"fenStr":"1r3rk1/p1q3pp/2p1pb2/3pNp2/2pPnPP1/2P1P3/PP2Q2P/R1B2RK1","stockfishScores":{"wn":0.48892857142857143}},{"fenStr":"1r3rk1/p1q3pp/2p1pb2/3pNP2/2pPnP2/2P1P3/PP2Q2P/R1B2RK1","stockfishScores":{"bn":0.4936309523809524}},{"fenStr":"1r3rk1/p1q3pp/2p1p3/3pbP2/2pPnP2/2P1P3/PP2Q2P/R1B2RK1","stockfishScores":{"wn":0.47101190476190474}},{"fenStr":"1r3rk1/p1q3pp/2p1p3/3pPP2/2pPn3/2P1P3/PP2Q2P/R1B2RK1","stockfishScores":{"bn":0.5}},{"fenStr":"1r4k1/p1q3pp/2p1p3/3pPr2/2pPn3/2P1P3/PP2Q2P/R1B2RK1","stockfishScores":{"wn":0.47791666666666666}},{"fenStr":"1r4k1/p1q3pp/2p1p3/3pPR2/2pPn3/2P1P3/PP2Q2P/R1B3K1","stockfishScores":{"bn":0.5235714285714286}},{"fenStr":"1r4k1/p1q3pp/2p5/3pPp2/2pPn3/2P1P3/PP2Q2P/R1B3K1","stockfishScores":{"wn":0.49220238095238095}},{"fenStr":"1r4k1/p1q3pp/2p5/3pPp1Q/2pPn3/2P1P3/PP5P/R1B3K1","stockfishScores":{"bn":0.49023809523809525}},{"fenStr":"1r4k1/p4qpp/2p5/3pPp1Q/2pPn3/2P1P3/PP5P/R1B3K1","stockfishScores":{"wn":0.48732142857142857}},{"fenStr":"1r4k1/p4Qpp/2p5/3pPp2/2pPn3/2P1P3/PP5P/R1B3K1","stockfishScores":{"bn":0.5758928571428571}},{"fenStr":"1r6/p4kpp/2p5/3pPp2/2pPn3/2P1P3/PP5P/R1B3K1","stockfishScores":{"wn":0.4838095238095238}},{"fenStr":"1r6/p4kpp/2p5/3pPp2/2pPn3/1PP1P3/P6P/R1B3K1","stockfishScores":{"bn":0.4830952380952381}},{"fenStr":"1r6/p4kpp/2p5/3pPp2/2pP4/1Pn1P3/P6P/R1B3K1","stockfishScores":{"wn":0.4789285714285714}},{"fenStr":"1r6/p4kpp/2p5/3pPp2/2PP4/2n1P3/P6P/R1B3K1","stockfishScores":{"bn":0.4870833333333333}},{"fenStr":"1r6/p4kpp/2p5/4Pp2/2pP4/2n1P3/P6P/R1B3K1","stockfishScores":{"wn":0.4814880952380952}},{"fenStr":"1r6/p4kpp/2p5/4Pp2/2pP4/2n1P3/P4K1P/R1B5","stockfishScores":{"bn":0.4844047619047619}},{"fenStr":"1r6/p5pp/2p1k3/4Pp2/2pP4/2n1P3/P4K1P/R1B5","stockfishScores":{"wn":0.4819047619047619}},{"fenStr":"1r6/p5pp/2p1k3/4Pp2/2pP4/2n1PK2/P6P/R1B5","stockfishScores":{"bn":0.48101190476190475}},{"fenStr":"1r6/p6p/2p1k3/4Ppp1/2pP4/2n1PK2/P6P/R1B5","stockfishScores":{"wn":0.4797619047619048}},{"fenStr":"1r6/p6p/2p1k3/4Ppp1/2pP4/B1n1PK2/P6P/R7","stockfishScores":{"bn":0.4831547619047619}},{"fenStr":"1r6/p6p/2p1k3/4Ppp1/2pPn3/B3PK2/P6P/R7","stockfishScores":{"wn":0.4789285714285714}},{"fenStr":"1r6/p6p/2p1k3/4Ppp1/2pPn3/B3PK2/P6P/2R5","stockfishScores":{"bn":0.4822619047619048}},{"fenStr":"1r6/p6p/2p1k3/4Ppp1/3Pn3/B1p1PK2/P6P/2R5","stockfishScores":{"wn":0.47982142857142857}},{"fenStr":"1r6/p6p/2p1k3/4Ppp1/3Pn3/B1p1P3/P3K2P/2R5","stockfishScores":{"bn":0.4824404761904762}},{"fenStr":"8/p6p/2p1k3/4Ppp1/3Pn3/B1p1P3/Pr2K2P/2R5","stockfishScores":{"wn":0.47970238095238094}},{"fenStr":"8/p6p/2p1k3/4Ppp1/3Pn3/B1pKP3/Pr5P/2R5","stockfishScores":{"bn":0.4798809523809524}},{"fenStr":"8/p6p/2p1k3/4Ppp1/3Pn3/B1pKP3/r6P/2R5","stockfishScores":{"wn":0.4723809523809524}},{"fenStr":"8/p6p/2p1k3/4Ppp1/1B1Pn3/2pKP3/r6P/2R5","stockfishScores":{"bn":0.47410714285714284}},{"fenStr":"8/p6p/2p5/3kPpp1/1B1Pn3/2pKP3/r6P/2R5","stockfishScores":{"wn":0.4751190476190476}},{"fenStr":"8/p6p/2p5/3kPpp1/3Pn3/2BKP3/r6P/2R5","stockfishScores":{"bn":0.48369047619047617}},{"fenStr":"8/p6p/2p5/3kPpp1/3P4/2BKP3/r4n1P/2R5","stockfishScores":{"wn":0.49279761904761904}}],"result":{"bw":true}}