{"fens":[{"fenStr":"rnbqkbnr/pppppppp/8/8/3P4/8/PPP1PPPP/RNBQKBNR","stockfishScores":{"bn":0.5048809523809524}},{"fenStr":"rnbqkb1r/pppppppp/5n2/8/3P4/8/PPP1PPPP/RNBQKBNR","stockfishScores":{"wn":0.5016071428571428}},{"fenStr":"rnbqkb1r/pppppppp/5n2/8/2PP4/8/PP2PPPP/RNBQKBNR","stockfishScores":{"bn":0.5041071428571429}},{"fenStr":"rnbqkb1r/ppp1pppp/3p1n2/8/2PP4/8/PP2PPPP/RNBQKBNR","stockfishScores":{"wn":0.49970238095238095}},{"fenStr":"rnbqkb1r/ppp1pppp/3p1n2/8/2PP4/5N2/PP2PPPP/RNBQKB1R","stockfishScores":{"bn":0.5029761904761905}},{"fenStr":"rnbqkb1r/ppp1pp1p/3p1np1/8/2PP4/5N2/PP2PPPP/RNBQKB1R","stockfishScores":{"wn":0.5023809523809524}},{"fenStr":"rnbqkb1r/ppp1pp1p/3p1np1/8/2PP4/2N2N2/PP2PPPP/R1BQKB1R","stockfishScores":{"bn":0.5055357142857143}},{"fenStr":"rnbqk2r/ppp1ppbp/3p1np1/8/2PP4/2N2N2/PP2PPPP/R1BQKB1R","stockfishScores":{"wn":0.5044047619047619}},{"fenStr":"rnbqk2r/ppp1ppbp/3p1np1/8/2PPP3/2N2N2/PP3PPP/R1BQKB1R","stockfishScores":{"bn":0.5078571428571429}},{"fenStr":"rnbq1rk1/ppp1ppbp/3p1np1/8/2PPP3/2N2N2/PP3PPP/R1BQKB1R","stockfishScores":{"wn":0.4988690476190476}},{"fenStr":"rnbq1rk1/ppp1ppbp/3p1np1/8/2PPP3/2N2N2/PP2BPPP/R1BQK2R","stockfishScores":{"bn":0.49779761904761904}},{"fenStr":"rnbq1rk1/ppp2pbp/3p1np1/4p3/2PPP3/2N2N2/PP2BPPP/R1BQK2R","stockfishScores":{"wn":0.49601190476190476}},{"fenStr":"rnbq1rk1/ppp2pbp/3p1np1/4p3/2PPP3/2N2N2/PP2BPPP/R1BQ1RK1","stockfishScores":{"bn":0.5067857142857143}},{"fenStr":"r1bq1rk1/ppp2pbp/2np1np1/4p3/2PPP3/2N2N2/PP2BPPP/R1BQ1RK1","stockfishScores":{"wn":0.5053571428571428}},{"fenStr":"r1bq1rk1/ppp2pbp/2np1np1/3Pp3/2P1P3/2N2N2/PP2BPPP/R1BQ1RK1","stockfishScores":{"bn":0.5082142857142857}},{"fenStr":"r1bq1rk1/ppp1npbp/3p1np1/3Pp3/2P1P3/2N2N2/PP2BPPP/R1BQ1RK1","stockfishScores":{"wn":0.5069642857142858}},{"fenStr":"r1bq1rk1/ppp1npbp/3p1np1/3Pp3/1PP1P3/2N2N2/P3BPPP/R1BQ1RK1","stockfishScores":{"bn":0.5069642857142858}},{"fenStr":"r1bq1rk1/ppp1npbp/3p2p1/3Pp2n/1PP1P3/2N2N2/P3BPPP/R1BQ1RK1","stockfishScores":{"wn":0.5094642857142857}},{"fenStr":"r1bq1rk1/ppp1npbp/3p2p1/3Pp2n/1PP1P3/2N2N2/P3BPPP/R1BQR1K1","stockfishScores":{"bn":0.5085119047619048}},{"fenStr":"r1bq1rk1/1pp1npbp/3p2p1/p2Pp2n/1PP1P3/2N2N2/P3BPPP/R1BQR1K1","stockfishScores":{"wn":0.5081547619047619}},{"fenStr":"r1bq1rk1/1pp1npbp/3p2p1/P2Pp2n/2P1P3/2N2N2/P3BPPP/R1BQR1K1","stockfishScores":{"bn":0.5083333333333333}},{"fenStr":"r1bq1rk1/1pp1n1bp/3p2p1/P2Ppp1n/2P1P3/2N2N2/P3BPPP/R1BQR1K1","stockfishScores":{"wn":0.5096428571428572}},{"fenStr":"r1bq1rk1/1pp1n1bp/3p2p1/P2Ppp1n/2P1P3/2N5/P2NBPPP/R1BQR1K1","stockfishScores":{"bn":0.5095238095238095}},{"fenStr":"r1bq1rk1/1pp1n1bp/3p1np1/P2Ppp2/2P1P3/2N5/P2NBPPP/R1BQR1K1","stockfishScores":{"wn":0.5059523809523809}},{"fenStr":"r1bq1rk1/1pp1n1bp/3p1np1/P2Ppp2/2P1P3/2N5/P2N1PPP/R1BQRBK1","stockfishScores":{"bn":0.5049404761904762}},{"fenStr":"2bq1rk1/1pp1n1bp/3p1np1/r2Ppp2/2P1P3/2N5/P2N1PPP/R1BQRBK1","stockfishScores":{"wn":0.5025}},{"fenStr":"2bq1rk1/1pp1n1bp/3p1np1/r2Ppp2/P1P1P3/2N5/3N1PPP/R1BQRBK1","stockfishScores":{"bn":0.5017857142857143}},{"fenStr":"2bq1rk1/2p1n1bp/1p1p1np1/r2Ppp2/P1P1P3/2N5/3N1PPP/R1BQRBK1","stockfishScores":{"wn":0.5019642857142858}},{"fenStr":"2bq1rk1/2p1n1bp/1p1p1np1/r2Ppp2/P1P1P3/R1N5/3N1PPP/2BQRBK1","stockfishScores":{"bn":0.5009523809523809}},{"fenStr":"r1bq1rk1/2p1n1bp/1p1p1np1/3Ppp2/P1P1P3/R1N5/3N1PPP/2BQRBK1","stockfishScores":{"wn":0.5021428571428571}},{"fenStr":"r1bq1rk1/2p1n1bp/1p1p1np1/3Ppp2/P1P1P3/R1N5/2QN1PPP/2B1RBK1","stockfishScores":{"bn":0.5017857142857143}},{"fenStr":"r1bq1rk1/2p1n2p/1p1p1npb/3Ppp2/P1P1P3/R1N5/2QN1PPP/2B1RBK1","stockfishScores":{"wn":0.5020238095238095}},{"fenStr":"r1bq1rk1/2p1n2p/1p1p1npb/3Ppp2/P1P1P3/R1N5/Q2N1PPP/2B1RBK1","stockfishScores":{"bn":0.4998214285714286}},{"fenStr":"r1bq1rk1/2p1n2p/1p1p1npb/3Pp3/P1P1p3/R1N5/Q2N1PPP/2B1RBK1","stockfishScores":{"wn":0.4943452380952381}},{"fenStr":"r1bq1rk1/2p1n2p/1p1p1npb/3Pp3/P1P1N3/R7/Q2N1PPP/2B1RBK1","stockfishScores":{"bn":0.5032738095238095}},{"fenStr":"r1bq1rk1/2p1n2p/1p1p2pb/3Pp3/P1P1n3/R7/Q2N1PPP/2B1RBK1","stockfishScores":{"wn":0.47482142857142856}},{"fenStr":"r1bq1rk1/2p1n2p/1p1p2pb/3Pp3/P1P1N3/R7/Q4PPP/2B1RBK1","stockfishScores":{"bn":0.5113095238095238}},{"fenStr":"r1bq1rk1/2p1n2p/1p1p2p1/3Pp3/P1P1N3/R7/Q4PPP/2b1RBK1","stockfishScores":{"wn":0.4813095238095238}},{"fenStr":"r1bq1rk1/2p1n2p/1p1p2p1/3Pp3/P1P1N3/R7/Q4PPP/2R2BK1","stockfishScores":{"bn":0.5044047619047619}},{"fenStr":"r1bq1rk1/2p4p/1p1p2p1/3Ppn2/P1P1N3/R7/Q4PPP/2R2BK1","stockfishScores":{"wn":0.5036904761904762}},{"fenStr":"r1bq1rk1/2p4p/1p1p2p1/P2Ppn2/2P1N3/R7/Q4PPP/2R2BK1","stockfishScores":{"bn":0.5063095238095238}},{"fenStr":"r1bq1rk1/2p4p/3p2p1/p2Ppn2/2P1N3/R7/Q4PPP/2R2BK1","stockfishScores":{"wn":0.5018452380952381}},{"fenStr":"r1bq1rk1/2p4p/3p2p1/p1PPpn2/4N3/R7/Q4PPP/2R2BK1","stockfishScores":{"bn":0.5033333333333333}},{"fenStr":"r1bq1rk1/2p4p/3p2p1/p1PPp3/3nN3/R7/Q4PPP/2R2BK1","stockfishScores":{"wn":0.49892857142857144}},{"fenStr":"r1bq1rk1/2p4p/3p2p1/p1PPp3/2BnN3/R7/Q4PPP/2R3K1","stockfishScores":{"bn":0.4980952380952381}},{"fenStr":"r1b2rk1/2p4p/3p2p1/p1PPp3/2BnN2q/R7/Q4PPP/2R3K1","stockfishScores":{"wn":0.49}},{"fenStr":"r1b2rk1/2p4p/3p2p1/p1PPp3/2BnN2q/R4P2/Q5PP/2R3K1","stockfishScores":{"bn":0.4925}},{"fenStr":"r4rk1/2p4p/3p2p1/p1PPpb2/2BnN2q/R4P2/Q5PP/2R3K1","stockfishScores":{"wn":0.495}},{"fenStr":"r4rk1/2p4p/3P2p1/p2Ppb2/2BnN2q/R4P2/Q5PP/2R3K1","stockfishScores":{"bn":0.5063690476190477}},{"fenStr":"r4rk1/2p4p/3P2p1/p2Pp3/2Bnb2q/R4P2/Q5PP/2R3K1","stockfishScores":{"wn":0.4785714285714286}},{"fenStr":"r4rk1/2P4p/6p1/p2Pp3/2Bnb2q/R4P2/Q5PP/2R3K1","stockfishScores":{"bn":0.4893452380952381}},{"fenStr":"r4rk1/2P4p/6p1/p2Pp3/2B1b2q/R4n2/Q5PP/2R3K1","stockfishScores":{"wn":0.4730952380952381}},{"fenStr":"r4rk1/2P4p/6p1/p2Pp3/2B1b2q/R4P2/Q6P/2R3K1","stockfishScores":{"bn":0.5018452380952381}},{"fenStr":"r4rk1/2P4p/6p1/p2Pp1q1/2B1b3/R4P2/Q6P/2R3K1","stockfishScores":{"wn":0.5055952380952381}},{"fenStr":"r4rk1/2P4p/6p1/p2Pp1q1/2B1b3/R4P2/Q4K1P/2R5","stockfishScores":{"bn":0.4926190476190476}},{"fenStr":"r4rk1/2P4p/6p1/p2Pp3/2B1b3/R4P2/Q4K1P/2q5","stockfishScores":{"wn":0.46589285714285716}},{"fenStr":"r4rk1/2P4p/3P2p1/p3p3/2B1b3/R4P2/Q4K1P/2q5","stockfishScores":{"bn":0.47732142857142856}},{"fenStr":"r4r2/2P3kp/3P2p1/p3p3/2B1b3/R4P2/Q4K1P/2q5","stockfishScores":{"wn":0.47464285714285714}},{"fenStr":"r4r2/2PP2kp/6p1/p3p3/2B1b3/R4P2/Q4K1P/2q5","stockfishScores":{"bn":0.4907142857142857}},{"fenStr":"r4r2/2PP2kp/6p1/p3pb2/2B5/R4P2/Q4K1P/2q5","stockfishScores":{"wn":0.49202380952380953}},{"fenStr":"r1Q2r2/3P2kp/6p1/p3pb2/2B5/R4P2/Q4K1P/2q5","stockfishScores":{"bn":0.5354166666666667}},{"fenStr":"2r2r2/3P2kp/6p1/p3pb2/2B5/R4P2/Q4K1P/2q5","stockfishScores":{"wn":0.4519642857142857}},{"fenStr":"2Q2r2/6kp/6p1/p3pb2/2B5/R4P2/Q4K1P/2q5","stockfishScores":{"bn":0.564047619047619}},{"fenStr":"2r5/6kp/6p1/p3pb2/2B5/R4P2/Q4K1P/2q5","stockfishScores":{"wn":0.48160714285714284}},{"fenStr":"2r5/6kp/6p1/p3pb2/8/R4P2/Q3BK1P/2q5","stockfishScores":{"bn":0.4748809523809524}},{"fenStr":"2r5/6kp/6p1/p3pb2/5q2/R4P2/Q3BK1P/8","stockfishScores":{"wn":0.4768452380952381}},{"fenStr":"2r5/6kp/6p1/R3pb2/5q2/5P2/Q3BK1P/8","stockfishScores":{"bn":0.4870833333333333}},{"fenStr":"2r5/6kp/6p1/R3pb2/8/5P2/Q3BK1q/8","stockfishScores":{"wn":0.4824404761904762}},{"fenStr":"2r5/6kp/6p1/R3pb2/8/4KP2/Q3B2q/8","stockfishScores":{"bn":0.4616071428571429}},{"fenStr":"2r5/6kp/6p1/R3pb2/8/4KP2/Q3B3/6q1","stockfishScores":{"wn":0.4642857142857143}},{"fenStr":"2r5/6kp/6p1/R3pb2/8/5P2/Q2KB3/6q1","stockfishScores":{"bn":0.44339285714285714}},{"fenStr":"2r5/6kp/6p1/R3pb2/8/5P2/Q2KB3/2q5","stockfishScores":{"wn":0.4555952380952381}}],"result":{"bw":true}}