{"fens":[{"fenStr":"rnbqkbnr/pppppppp/8/8/8/6P1/PPPPPP1P/RNBQKBNR","stockfishScores":{"bn":0.5014880952380952}},{"fenStr":"rnbqkbnr/ppp1pppp/8/3p4/8/6P1/PPPPPP1P/RNBQKBNR","stockfishScores":{"wn":0.49654761904761907}},{"fenStr":"rnbqkbnr/ppp1pppp/8/3p4/8/5NP1/PPPPPP1P/RNBQKB1R","stockfishScores":{"bn":0.5001190476190476}},{"fenStr":"rnbqkbnr/pp2pppp/2p5/3p4/8/5NP1/PPPPPP1P/RNBQKB1R","stockfishScores":{"wn":0.49875}},{"fenStr":"rnbqkbnr/pp2pppp/2p5/3p4/8/5NP1/PPPPPPBP/RNBQK2R","stockfishScores":{"bn":0.49988095238095237}},{"fenStr":"rn1qkbnr/pp2pppp/2p5/3p1b2/8/5NP1/PPPPPPBP/RNBQK2R","stockfishScores":{"wn":0.49976190476190474}},{"fenStr":"rn1qkbnr/pp2pppp/2p5/3p1b2/8/5NP1/PPPPPPBP/RNBQ1RK1","stockfishScores":{"bn":0.5083333333333333}},{"fenStr":"rn1qkbnr/pp3ppp/2p1p3/3p1b2/8/5NP1/PPPPPPBP/RNBQ1RK1","stockfishScores":{"wn":0.5052380952380953}},{"fenStr":"rn1qkbnr/pp3ppp/2p1p3/3p1b2/8/3P1NP1/PPP1PPBP/RNBQ1RK1","stockfishScores":{"bn":0.5120238095238095}},{"fenStr":"rn1qk1nr/pp3ppp/2pbp3/3p1b2/8/3P1NP1/PPP1PPBP/RNBQ1RK1","stockfishScores":{"wn":0.5119047619047619}},{"fenStr":"rn1qk1nr/pp3ppp/2pbp3/3p1b2/8/3P1NP1/PPPNPPBP/R1BQ1RK1","stockfishScores":{"bn":0.51125}},{"fenStr":"rn1qk2r/pp2nppp/2pbp3/3p1b2/8/3P1NP1/PPPNPPBP/R1BQ1RK1","stockfishScores":{"wn":0.5082738095238095}},{"fenStr":"rn1qk2r/pp2nppp/2pbp3/3p1b2/4P3/3P1NP1/PPPN1PBP/R1BQ1RK1","stockfishScores":{"bn":0.5154761904761904}},{"fenStr":"rn1qk2r/pp2nppp/2pbp1b1/3p4/4P3/3P1NP1/PPPN1PBP/R1BQ1RK1","stockfishScores":{"wn":0.5132738095238095}},{"fenStr":"rn1qk2r/pp2nppp/2pbp1b1/3p4/4P2N/3P2P1/PPPN1PBP/R1BQ1RK1","stockfishScores":{"bn":0.5118452380952381}},{"fenStr":"r2qk2r/pp1nnppp/2pbp1b1/3p4/4P2N/3P2P1/PPPN1PBP/R1BQ1RK1","stockfishScores":{"wn":0.5090476190476191}},{"fenStr":"r2qk2r/pp1nnppp/2pbp1b1/3p4/4PP1N/3P2P1/PPPN2BP/R1BQ1RK1","stockfishScores":{"bn":0.5111309523809524}},{"fenStr":"r2qk2r/pp1nn1pp/2pbppb1/3p4/4PP1N/3P2P1/PPPN2BP/R1BQ1RK1","stockfishScores":{"wn":0.5108928571428571}},{"fenStr":"r2qk2r/pp1nn1pp/2pbppN1/3p4/4PP2/3P2P1/PPPN2BP/R1BQ1RK1","stockfishScores":{"bn":0.5358928571428572}},{"fenStr":"r2qk2r/pp1nn1p1/2pbppp1/3p4/4PP2/3P2P1/PPPN2BP/R1BQ1RK1","stockfishScores":{"wn":0.49107142857142855}},{"fenStr":"r2qk2r/pp1nn1p1/2pbppp1/3p4/4PP2/3P1NP1/PPP3BP/R1BQ1RK1","stockfishScores":{"bn":0.49589285714285714}},{"fenStr":"r3k2r/pp1nn1p1/1qpbppp1/3p4/4PP2/3P1NP1/PPP3BP/R1BQ1RK1","stockfishScores":{"wn":0.49333333333333335}},{"fenStr":"r3k2r/pp1nn1p1/1qpbppp1/3p4/4PP2/3P1NP1/PPP3BP/R1BQ1R1K","stockfishScores":{"bn":0.505}},{"fenStr":"2kr3r/pp1nn1p1/1qpbppp1/3p4/4PP2/3P1NP1/PPP3BP/R1BQ1R1K","stockfishScores":{"wn":0.5005952380952381}},{"fenStr":"2kr3r/pp1nn1p1/1qpbppp1/3p4/4PP2/3P1NP1/PPP1Q1BP/R1B2R1K","stockfishScores":{"bn":0.5023809523809524}},{"fenStr":"2kr3r/pp1nn1p1/1qpbppp1/8/4pP2/3P1NP1/PPP1Q1BP/R1B2R1K","stockfishScores":{"wn":0.49339285714285713}},{"fenStr":"2kr3r/pp1nn1p1/1qpbppp1/8/4PP2/5NP1/PPP1Q1BP/R1B2R1K","stockfishScores":{"bn":0.5026190476190476}},{"fenStr":"2kr3r/pp1nn1p1/1qpb1pp1/4p3/4PP2/5NP1/PPP1Q1BP/R1B2R1K","stockfishScores":{"wn":0.5016071428571428}},{"fenStr":"2kr3r/pp1nn1p1/1qpb1pp1/4p3/4PP2/4BNP1/PPP1Q1BP/R4R1K","stockfishScores":{"bn":0.5047619047619047}},{"fenStr":"2kr3r/pp1nn1p1/1qp2pp1/2b1p3/4PP2/4BNP1/PPP1Q1BP/R4R1K","stockfishScores":{"wn":0.5052380952380953}},{"fenStr":"2kr3r/pp1nn1p1/1qp2pp1/2B1p3/4PP2/5NP1/PPP1Q1BP/R4R1K","stockfishScores":{"bn":0.5326785714285714}},{"fenStr":"2kr3r/pp1nn1p1/2p2pp1/2q1p3/4PP2/5NP1/PPP1Q1BP/R4R1K","stockfishScores":{"wn":0.5007738095238096}},{"fenStr":"2kr3r/pp1nn1p1/2p2pp1/2q1p3/1P2PP2/5NP1/P1P1Q1BP/R4R1K","stockfishScores":{"bn":0.49797619047619046}},{"fenStr":"2kr3r/pp1nn1p1/2pq1pp1/4p3/1P2PP2/5NP1/P1P1Q1BP/R4R1K","stockfishScores":{"wn":0.5014285714285714}},{"fenStr":"2kr3r/pp1nn1p1/2pq1pp1/4p3/1P2PP2/5NP1/P1P1Q1BP/3R1R1K","stockfishScores":{"bn":0.51125}},{"fenStr":"2kr3r/ppqnn1p1/2p2pp1/4p3/1P2PP2/5NP1/P1P1Q1BP/3R1R1K","stockfishScores":{"wn":0.5074404761904762}},{"fenStr":"2kr3r/ppqnn1p1/2p2pp1/4p3/1P2PP2/4QNP1/P1P3BP/3R1R1K","stockfishScores":{"bn":0.5088095238095238}},{"fenStr":"2kr3r/ppqnn1p1/2p2pp1/8/1P2Pp2/4QNP1/P1P3BP/3R1R1K","stockfishScores":{"wn":0.4930357142857143}},{"fenStr":"2kr3r/ppqnn1p1/2p2pp1/8/1P2PP2/4QN2/P1P3BP/3R1R1K","stockfishScores":{"bn":0.5072023809523809}},{"fenStr":"2kr3r/ppq1n1p1/1np2pp1/8/1P2PP2/4QN2/P1P3BP/3R1R1K","stockfishScores":{"wn":0.505297619047619}},{"fenStr":"2kr3r/ppq1n1p1/1np2pp1/8/1P1NPP2/4Q3/P1P3BP/3R1R1K","stockfishScores":{"bn":0.502797619047619}},{"fenStr":"2kr3r/pp2n1p1/1npq1pp1/8/1P1NPP2/4Q3/P1P3BP/3R1R1K","stockfishScores":{"wn":0.49970238095238095}},{"fenStr":"2kr3r/pp2n1p1/1npq1pp1/8/1P1NPP2/1Q6/P1P3BP/3R1R1K","stockfishScores":{"bn":0.4990476190476191}},{"fenStr":"2kr3r/pp1qn1p1/1np2pp1/8/1P1NPP2/1Q6/P1P3BP/3R1R1K","stockfishScores":{"wn":0.49952380952380954}},{"fenStr":"2kr3r/pp1qn1p1/1np2pp1/8/1PPNPP2/1Q6/P5BP/3R1R1K","stockfishScores":{"bn":0.5017857142857143}},{"fenStr":"2kr3r/pp2n1p1/1np2pp1/8/1PPNPPq1/1Q6/P5BP/3R1R1K","stockfishScores":{"wn":0.5035119047619048}},{"fenStr":"2kr3r/pp2n1p1/1np2pp1/2P5/1P1NPPq1/1Q6/P5BP/3R1R1K","stockfishScores":{"bn":0.5073809523809524}},{"fenStr":"2kr3r/pp1nn1p1/2p2pp1/2P5/1P1NPPq1/1Q6/P5BP/3R1R1K","stockfishScores":{"wn":0.507797619047619}},{"fenStr":"2kr3r/pp1nn1p1/2p2pp1/2P5/1P1NPPq1/1Q1R4/P5BP/5R1K","stockfishScores":{"bn":0.5088690476190476}},{"fenStr":"2kr3r/pp1nn1p1/2p2p2/2P3p1/1P1NPPq1/1Q1R4/P5BP/5R1K","stockfishScores":{"wn":0.5060119047619047}},{"fenStr":"2kr3r/pp1nn1p1/2p1Qp2/2P3p1/1P1NPPq1/3R4/P5BP/5R1K","stockfishScores":{"bn":0.5125595238095239}},{"fenStr":"2kr3r/pp1nn1p1/2p1qp2/2P3p1/1P1NPP2/3R4/P5BP/5R1K","stockfishScores":{"wn":0.4233928571428571}},{"fenStr":"2kr3r/pp1nn1p1/2p1Np2/2P3p1/1P2PP2/3R4/P5BP/5R1K","stockfishScores":{"bn":0.5070833333333333}},{"fenStr":"2k3rr/pp1nn1p1/2p1Np2/2P3p1/1P2PP2/3R4/P5BP/5R1K","stockfishScores":{"wn":0.5081547619047619}},{"fenStr":"2k3rr/pp1nn1p1/2p1Np2/2P3p1/1P2PP2/3R4/P5BP/3R3K","stockfishScores":{"bn":0.5120833333333333}},{"fenStr":"1nk3rr/pp2n1p1/2p1Np2/2P3p1/1P2PP2/3R4/P5BP/3R3K","stockfishScores":{"wn":0.513095238095238}},{"fenStr":"1nk3rr/pp2n1p1/2p1Np2/2P3p1/1P2PP2/3R3B/P6P/3R3K","stockfishScores":{"bn":0.5116071428571428}},{"fenStr":"1nk3rr/p3n1p1/1pp1Np2/2P3p1/1P2PP2/3R3B/P6P/3R3K","stockfishScores":{"wn":0.51375}},{"fenStr":"1nk3rr/p3n1p1/1pp1Np2/2P3P1/1P2P3/3R3B/P6P/3R3K","stockfishScores":{"bn":0.5189285714285714}},{"fenStr":"1n4rr/pk2n1p1/1pp1Np2/2P3P1/1P2P3/3R3B/P6P/3R3K","stockfishScores":{"wn":0.5122023809523809}},{"fenStr":"1n4rr/pk2n1p1/1pp1Np2/2P3P1/1P2P1B1/3R4/P6P/3R3K","stockfishScores":{"bn":0.5133333333333333}},{"fenStr":"1n4rr/pk4p1/1pp1Npn1/2P3P1/1P2P1B1/3R4/P6P/3R3K","stockfishScores":{"wn":0.5136904761904761}},{"fenStr":"1n1N2rr/pk4p1/1pp2pn1/2P3P1/1P2P1B1/3R4/P6P/3R3K","stockfishScores":{"bn":0.5076190476190476}},{"fenStr":"kn1N2rr/p5p1/1pp2pn1/2P3P1/1P2P1B1/3R4/P6P/3R3K","stockfishScores":{"wn":0.5091071428571429}},{"fenStr":"kn1N2rr/p5p1/1Pp2pn1/6P1/1P2P1B1/3R4/P6P/3R3K","stockfishScores":{"bn":0.5235714285714286}},{"fenStr":"kn1N2rr/6p1/pPp2pn1/6P1/1P2P1B1/3R4/P6P/3R3K","stockfishScores":{"wn":0.5272023809523809}},{"fenStr":"knBN2rr/6p1/pPp2pn1/6P1/1P2P3/3R4/P6P/3R3K","stockfishScores":{"bn":0.526547619047619}},{"fenStr":"knBN2rr/6p1/pPp2p2/4n1P1/1P2P3/3R4/P6P/3R3K","stockfishScores":{"wn":0.5201785714285714}},{"fenStr":"kn1N2rr/1B4p1/pPp2p2/4n1P1/1P2P3/3R4/P6P/3R3K","stockfishScores":{"bn":0.5145833333333333}}],"result":{"ww":true}}