{"fens":[{"fenStr":"rnbqkbnr/pppppppp/8/8/4P3/8/PPPP1PPP/RNBQKBNR","stockfishScores":{"bn":0.5049404761904762}},{"fenStr":"rnbqkbnr/pp1ppppp/8/2p5/4P3/8/PPPP1PPP/RNBQKBNR","stockfishScores":{"wn":0.5038095238095238}},{"fenStr":"rnbqkbnr/pp1ppppp/8/2p5/4P3/5N2/PPPP1PPP/RNBQKB1R","stockfishScores":{"bn":0.5058928571428571}},{"fenStr":"rnbqkbnr/pp1p1ppp/4p3/2p5/4P3/5N2/PPPP1PPP/RNBQKB1R","stockfishScores":{"wn":0.5020238095238095}},{"fenStr":"rnbqkbnr/pp1p1ppp/4p3/2p5/3PP3/5N2/PPP2PPP/RNBQKB1R","stockfishScores":{"bn":0.5095833333333334}},{"fenStr":"rnbqkbnr/pp1p1ppp/4p3/8/3pP3/5N2/PPP2PPP/RNBQKB1R","stockfishScores":{"wn":0.4922619047619048}},{"fenStr":"rnbqkbnr/pp1p1ppp/4p3/8/3NP3/8/PPP2PPP/RNBQKB1R","stockfishScores":{"bn":0.5060119047619047}},{"fenStr":"rnbqkbnr/1p1p1ppp/p3p3/8/3NP3/8/PPP2PPP/RNBQKB1R","stockfishScores":{"wn":0.5073214285714286}},{"fenStr":"rnbqkbnr/1p1p1ppp/p3p3/8/3NP3/3B4/PPP2PPP/RNBQK2R","stockfishScores":{"bn":0.5064285714285715}},{"fenStr":"rnbqkb1r/1p1p1ppp/p3pn2/8/3NP3/3B4/PPP2PPP/RNBQK2R","stockfishScores":{"wn":0.5053571428571428}},{"fenStr":"rnbqkb1r/1p1p1ppp/p3pn2/8/3NP3/3B4/PPP2PPP/RNBQ1RK1","stockfishScores":{"bn":0.5150595238095238}},{"fenStr":"rnb1kb1r/1pqp1ppp/p3pn2/8/3NP3/3B4/PPP2PPP/RNBQ1RK1","stockfishScores":{"wn":0.513452380952381}},{"fenStr":"rnb1kb1r/1pqp1ppp/p3pn2/8/3NP3/3B4/PPP1QPPP/RNB2RK1","stockfishScores":{"bn":0.5127380952380952}},{"fenStr":"rnb1kb1r/1pq2ppp/p2ppn2/8/3NP3/3B4/PPP1QPPP/RNB2RK1","stockfishScores":{"wn":0.5135714285714286}},{"fenStr":"rnb1kb1r/1pq2ppp/p2ppn2/8/3NP3/3B4/PPP1QPPP/RNB2R1K","stockfishScores":{"bn":0.5107738095238096}},{"fenStr":"r1b1kb1r/1pqn1ppp/p2ppn2/8/3NP3/3B4/PPP1QPPP/RNB2R1K","stockfishScores":{"wn":0.5080357142857143}},{"fenStr":"r1b1kb1r/1pqn1ppp/p2ppn2/8/3NPP2/3B4/PPP1Q1PP/RNB2R1K","stockfishScores":{"bn":0.5094642857142857}},{"fenStr":"r1b1kb1r/1pq2ppp/p2ppn2/2n5/3NPP2/3B4/PPP1Q1PP/RNB2R1K","stockfishScores":{"wn":0.5088095238095238}},{"fenStr":"r1b1kb1r/1pq2ppp/p2ppn2/2n5/3NPP2/2NB4/PPP1Q1PP/R1B2R1K","stockfishScores":{"bn":0.5104166666666666}},{"fenStr":"r1b1k2r/1pq1bppp/p2ppn2/2n5/3NPP2/2NB4/PPP1Q1PP/R1B2R1K","stockfishScores":{"wn":0.5098809523809524}},{"fenStr":"r1b1k2r/1pq1bppp/p2ppn2/2n1P3/3N1P2/2NB4/PPP1Q1PP/R1B2R1K","stockfishScores":{"bn":0.5145238095238095}},{"fenStr":"r1b1k2r/1pqnbppp/p2pp3/2n1P3/3N1P2/2NB4/PPP1Q1PP/R1B2R1K","stockfishScores":{"wn":0.5116666666666667}},{"fenStr":"r1b1k2r/1pqnbppp/p2pp3/2n1P3/5P2/2NB1N2/PPP1Q1PP/R1B2R1K","stockfishScores":{"bn":0.5094642857142857}},{"fenStr":"r1b2rk1/1pqnbppp/p2pp3/2n1P3/5P2/2NB1N2/PPP1Q1PP/R1B2R1K","stockfishScores":{"wn":0.502797619047619}},{"fenStr":"r1b2rk1/1pqnbppp/p2pp3/2n1P3/5P2/2NB1N2/PPPBQ1PP/R4R1K","stockfishScores":{"bn":0.5042261904761904}},{"fenStr":"r1b2rk1/2qnbppp/p2pp3/1pn1P3/5P2/2NB1N2/PPPBQ1PP/R4R1K","stockfishScores":{"wn":0.5011309523809524}},{"fenStr":"r1b2rk1/2qnbppp/p2pp3/1pn1P3/4NP2/3B1N2/PPPBQ1PP/R4R1K","stockfishScores":{"bn":0.503095238095238}},{"fenStr":"r4rk1/1bqnbppp/p2pp3/1pn1P3/4NP2/3B1N2/PPPBQ1PP/R4R1K","stockfishScores":{"wn":0.4986904761904762}},{"fenStr":"r4rk1/1bqnbppp/p2Pp3/1pn5/4NP2/3B1N2/PPPBQ1PP/R4R1K","stockfishScores":{"bn":0.5171428571428571}},{"fenStr":"r4rk1/1bqn1ppp/p2bp3/1pn5/4NP2/3B1N2/PPPBQ1PP/R4R1K","stockfishScores":{"wn":0.49702380952380953}},{"fenStr":"r4rk1/1bqn1ppp/p2bp3/1pn3N1/5P2/3B1N2/PPPBQ1PP/R4R1K","stockfishScores":{"bn":0.5006547619047619}},{"fenStr":"r4rk1/1bqn1pp1/p2bp2p/1pn3N1/5P2/3B1N2/PPPBQ1PP/R4R1K","stockfishScores":{"wn":0.4957142857142857}},{"fenStr":"r4rk1/1bqn1pp1/p2bp2p/1pn5/5P2/3B1N1N/PPPBQ1PP/R4R1K","stockfishScores":{"bn":0.4914880952380952}},{"fenStr":"r4rk1/1bqn1pp1/p2bp2p/1p6/5P2/3n1N1N/PPPBQ1PP/R4R1K","stockfishScores":{"wn":0.4600595238095238}},{"fenStr":"r4rk1/1bqn1pp1/p2bp2p/1p6/5P2/3P1N1N/PP1BQ1PP/R4R1K","stockfishScores":{"bn":0.4923214285714286}},{"fenStr":"r4rk1/1b1n1pp1/p2bp2p/1p6/5P2/3P1N1N/PPqBQ1PP/R4R1K","stockfishScores":{"wn":0.49333333333333335}},{"fenStr":"r4rk1/1b1n1pp1/p2bp2p/1p6/5P2/3P1N1N/PPqB2PP/R3QR1K","stockfishScores":{"bn":0.48916666666666664}},{"fenStr":"r4rk1/1b3pp1/p2bp2p/1pn5/5P2/3P1N1N/PPqB2PP/R3QR1K","stockfishScores":{"wn":0.4898214285714286}},{"fenStr":"r4rk1/1b3pp1/p2bp2p/1pn5/5P2/2BP1N1N/PPq3PP/R3QR1K","stockfishScores":{"bn":0.4911309523809524}},{"fenStr":"r2r2k1/1b3pp1/p2bp2p/1pn5/5P2/2BP1N1N/PPq3PP/R3QR1K","stockfishScores":{"wn":0.49089285714285713}},{"fenStr":"r2r2k1/1b3pp1/p2bp2p/1pn5/5P2/2BP1NQN/PPq3PP/R4R1K","stockfishScores":{"bn":0.5025595238095238}},{"fenStr":"r2r1bk1/1b3pp1/p3p2p/1pn5/5P2/2BP1NQN/PPq3PP/R4R1K","stockfishScores":{"wn":0.49476190476190474}},{"fenStr":"r2r1bk1/1b3pp1/p3p2p/1pn2P2/8/2BP1NQN/PPq3PP/R4R1K","stockfishScores":{"bn":0.49291666666666667}},{"fenStr":"r2r1bk1/1b3pp1/p3p2p/1pn2P2/8/2Bq1NQN/PP4PP/R4R1K","stockfishScores":{"wn":0.4875}},{"fenStr":"r2r1bk1/1b3pp1/p3P2p/1pn5/8/2Bq1NQN/PP4PP/R4R1K","stockfishScores":{"bn":0.4963095238095238}},{"fenStr":"r2r1bk1/1b3pp1/p3n2p/1p6/8/2Bq1NQN/PP4PP/R4R1K","stockfishScores":{"wn":0.48464285714285715}},{"fenStr":"r2r1bk1/1b3pp1/p3n2p/1p6/8/2Bq1NQN/PP4PP/4RR1K","stockfishScores":{"bn":0.48625}},{"fenStr":"r2r1bk1/1b3pp1/p3n2p/8/1p6/2Bq1NQN/PP4PP/4RR1K","stockfishScores":{"wn":0.48392857142857143}},{"fenStr":"r2r1bk1/1b3pp1/p3n2p/8/1p6/2Bq1NQ1/PP3NPP/4RR1K","stockfishScores":{"bn":0.48547619047619045}},{"fenStr":"r2r1bk1/1b3pp1/p3n2p/5q2/1p6/2B2NQ1/PP3NPP/4RR1K","stockfishScores":{"wn":0.48291666666666666}},{"fenStr":"r2r1bk1/1b3pp1/p3n2p/4Bq2/1p6/5NQ1/PP3NPP/4RR1K","stockfishScores":{"bn":0.4863095238095238}},{"fenStr":"r2r1bk1/5pp1/p3n2p/4Bq2/1p6/5bQ1/PP3NPP/4RR1K","stockfishScores":{"wn":0.4658333333333333}},{"fenStr":"r2r1bk1/5pp1/p3n2p/4Bq2/1p6/5PQ1/PP3N1P/4RR1K","stockfishScores":{"bn":0.4888095238095238}},{"fenStr":"2rr1bk1/5pp1/p3n2p/4Bq2/1p6/5PQ1/PP3N1P/4RR1K","stockfishScores":{"wn":0.4872619047619048}},{"fenStr":"2rr1bk1/5pp1/p3n2p/4Bq2/1p2N3/5PQ1/PP5P/4RR1K","stockfishScores":{"bn":0.4907142857142857}},{"fenStr":"2r2bk1/5pp1/p3n2p/4Bq2/1p2N3/3r1PQ1/PP5P/4RR1K","stockfishScores":{"wn":0.48910714285714285}},{"fenStr":"2r2bk1/5pp1/p3n2p/4Bq2/1p2N3/3r1PQ1/PP5P/3R1R1K","stockfishScores":{"bn":0.49107142857142855}},{"fenStr":"3r1bk1/5pp1/p3n2p/4Bq2/1p2N3/3r1PQ1/PP5P/3R1R1K","stockfishScores":{"wn":0.4880952380952381}},{"fenStr":"3r1bk1/5pp1/p3n2p/4Bq2/1p2N3/3r1PQ1/PP5P/4RR1K","stockfishScores":{"bn":0.4870833333333333}},{"fenStr":"3r1b2/5ppk/p3n2p/4Bq2/1p2N3/3r1PQ1/PP5P/4RR1K","stockfishScores":{"wn":0.48875}},{"fenStr":"3r1b2/5ppk/p3n2p/4Bq2/1p2N3/1P1r1PQ1/P6P/4RR1K","stockfishScores":{"bn":0.4876785714285714}},{"fenStr":"5b2/5ppk/p3n2p/3rBq2/1p2N3/1P1r1PQ1/P6P/4RR1K","stockfishScores":{"wn":0.48482142857142857}},{"fenStr":"5b2/5ppk/p3n2p/3r1q2/1p2N3/1P1r1PQ1/PB5P/4RR1K","stockfishScores":{"bn":0.4857142857142857}},{"fenStr":"5b2/5ppk/p3n2p/3r4/1p2Nq2/1P1r1PQ1/PB5P/4RR1K","stockfishScores":{"wn":0.4880952380952381}},{"fenStr":"5b2/5ppk/p3n2p/3r4/1p2Nq2/1P1r1P2/PB4QP/4RR1K","stockfishScores":{"bn":0.48833333333333334}},{"fenStr":"5b2/5ppk/p3n2p/5r2/1p2Nq2/1P1r1P2/PB4QP/4RR1K","stockfishScores":{"wn":0.4928571428571429}},{"fenStr":"5b2/5ppk/p3n2p/5r2/1p2Nq2/1P1r1P2/P5QP/2B1RR1K","stockfishScores":{"bn":0.4919047619047619}},{"fenStr":"5b2/5ppk/p3n2p/5r2/1p2N2q/1P1r1P2/P5QP/2B1RR1K","stockfishScores":{"wn":0.4847619047619048}},{"fenStr":"5b2/5ppk/p3n2p/5r2/1p5q/1P1r1PN1/P5QP/2B1RR1K","stockfishScores":{"bn":0.4872619047619048}},{"fenStr":"5b2/5ppk/p3n2p/3r4/1p5q/1P1r1PN1/P5QP/2B1RR1K","stockfishScores":{"wn":0.4816666666666667}},{"fenStr":"5b2/5ppk/p3n2p/3r4/1p5q/1P1r1PN1/P3Q2P/2B1RR1K","stockfishScores":{"bn":0.48023809523809524}},{"fenStr":"8/5ppk/p2bn2p/3r4/1p5q/1P1r1PN1/P3Q2P/2B1RR1K","stockfishScores":{"wn":0.47470238095238093}},{"fenStr":"8/5ppk/p2bn2p/3r4/1p2Q2q/1P1r1PN1/P6P/2B1RR1K","stockfishScores":{"bn":0.4732142857142857}},{"fenStr":"8/5ppk/p2bn2p/3r4/1p2q3/1P1r1PN1/P6P/2B1RR1K","stockfishScores":{"wn":0.4124404761904762}},{"fenStr":"8/5ppk/p2bn2p/3r4/1p2P3/1P1r2N1/P6P/2B1RR1K","stockfishScores":{"bn":0.48625}},{"fenStr":"8/5ppk/p2bn2p/r7/1p2P3/1P1r2N1/P6P/2B1RR1K","stockfishScores":{"wn":0.4845238095238095}},{"fenStr":"8/5Rpk/p2bn2p/r7/1p2P3/1P1r2N1/P6P/2B1R2K","stockfishScores":{"bn":0.4913690476190476}},{"fenStr":"8/5Rpk/p3n2p/r7/1p2P3/1P1r2b1/P6P/2B1R2K","stockfishScores":{"wn":0.46726190476190477}},{"fenStr":"8/5Rpk/p3n2p/r7/1p2P3/1P1r2P1/P7/2B1R2K","stockfishScores":{"bn":0.4926190476190476}},{"fenStr":"8/5Rpk/p3n2p/r7/1p2P3/1P4r1/P7/2B1R2K","stockfishScores":{"wn":0.48964285714285716}},{"fenStr":"8/4R1pk/p3n2p/r7/1p2P3/1P4r1/P7/2B1R2K","stockfishScores":{"bn":0.4898214285714286}},{"fenStr":"8/4R1pk/p3n2p/7r/1p2P3/1P4r1/P7/2B1R2K","stockfishScores":{"wn":0.48738095238095236}}],"result":{"bw":true}}