{"fens":[{"fenStr":"rnbqkbnr/pppppppp/8/8/4P3/8/PPPP1PPP/RNBQKBNR","stockfishScores":{"bn":0.5049404761904762}},{"fenStr":"rnbqkbnr/pp1ppppp/8/2p5/4P3/8/PPPP1PPP/RNBQKBNR","stockfishScores":{"wn":0.5038095238095238}},{"fenStr":"rnbqkbnr/pp1ppppp/8/2p5/4P3/5N2/PPPP1PPP/RNBQKB1R","stockfishScores":{"bn":0.5058928571428571}},{"fenStr":"rnbqkbnr/pp2pppp/3p4/2p5/4P3/5N2/PPPP1PPP/RNBQKB1R","stockfishScores":{"wn":0.5020833333333333}},{"fenStr":"rnbqkbnr/pp2pppp/3p4/2p5/3PP3/5N2/PPP2PPP/RNBQKB1R","stockfishScores":{"bn":0.5076785714285714}},{"fenStr":"rnbqkbnr/pp2pppp/3p4/8/3pP3/5N2/PPP2PPP/RNBQKB1R","stockfishScores":{"wn":0.4976190476190476}},{"fenStr":"rnbqkbnr/pp2pppp/3p4/8/3NP3/8/PPP2PPP/RNBQKB1R","stockfishScores":{"bn":0.51}},{"fenStr":"rnbqkb1r/pp2pppp/3p1n2/8/3NP3/8/PPP2PPP/RNBQKB1R","stockfishScores":{"wn":0.5031547619047619}},{"fenStr":"rnbqkb1r/pp2pppp/3p1n2/8/3NP3/2N5/PPP2PPP/R1BQKB1R","stockfishScores":{"bn":0.5076190476190476}},{"fenStr":"rnbqkb1r/1p2pppp/p2p1n2/8/3NP3/2N5/PPP2PPP/R1BQKB1R","stockfishScores":{"wn":0.5050595238095238}},{"fenStr":"rnbqkb1r/1p2pppp/p2p1n2/8/3NP3/2N5/PPP1BPPP/R1BQK2R","stockfishScores":{"bn":0.5053571428571428}},{"fenStr":"rnbqkb1r/1p3ppp/p2p1n2/4p3/3NP3/2N5/PPP1BPPP/R1BQK2R","stockfishScores":{"wn":0.5011309523809524}},{"fenStr":"rnbqkb1r/1p3ppp/p2p1n2/4p3/4P3/1NN5/PPP1BPPP/R1BQK2R","stockfishScores":{"bn":0.503452380952381}},{"fenStr":"rnbqk2r/1p2bppp/p2p1n2/4p3/4P3/1NN5/PPP1BPPP/R1BQK2R","stockfishScores":{"wn":0.5040476190476191}},{"fenStr":"rnbqk2r/1p2bppp/p2p1n2/4p3/4P3/1NN5/PPP1BPPP/R1BQ1RK1","stockfishScores":{"bn":0.5136904761904761}},{"fenStr":"rnbq1rk1/1p2bppp/p2p1n2/4p3/4P3/1NN5/PPP1BPPP/R1BQ1RK1","stockfishScores":{"wn":0.5032738095238095}},{"fenStr":"rnbq1rk1/1p2bppp/p2p1n2/4p3/4P3/1NN5/PPP1BPPP/R1BQR1K1","stockfishScores":{"bn":0.5024404761904762}},{"fenStr":"rn1q1rk1/1p2bppp/p2pbn2/4p3/4P3/1NN5/PPP1BPPP/R1BQR1K1","stockfishScores":{"wn":0.49964285714285717}},{"fenStr":"rn1q1rk1/1p2bppp/p2pbn2/4p3/4P3/1NN2B2/PPP2PPP/R1BQR1K1","stockfishScores":{"bn":0.4975595238095238}},{"fenStr":"r2q1rk1/1p1nbppp/p2pbn2/4p3/4P3/1NN2B2/PPP2PPP/R1BQR1K1","stockfishScores":{"wn":0.49476190476190474}},{"fenStr":"r2q1rk1/1p1nbppp/p2pbn2/4p3/P3P3/1NN2B2/1PP2PPP/R1BQR1K1","stockfishScores":{"bn":0.49410714285714286}},{"fenStr":"r4rk1/1pqnbppp/p2pbn2/4p3/P3P3/1NN2B2/1PP2PPP/R1BQR1K1","stockfishScores":{"wn":0.49523809523809526}},{"fenStr":"r4rk1/1pqnbppp/p2pbn2/4p3/P3P3/2N2B2/1PPN1PPP/R1BQR1K1","stockfishScores":{"bn":0.49488095238095237}},{"fenStr":"2r2rk1/1pqnbppp/p2pbn2/4p3/P3P3/2N2B2/1PPN1PPP/R1BQR1K1","stockfishScores":{"wn":0.4942857142857143}},{"fenStr":"2r2rk1/1pqnbppp/p2pbn2/4p3/P3P3/2N2B2/1PP2PPP/R1BQRNK1","stockfishScores":{"bn":0.49333333333333335}},{"fenStr":"1qr2rk1/1p1nbppp/p2pbn2/4p3/P3P3/2N2B2/1PP2PPP/R1BQRNK1","stockfishScores":{"wn":0.49583333333333335}},{"fenStr":"1qr2rk1/1p1nbppp/p2pbn2/4p3/P3P3/2N1NB2/1PP2PPP/R1BQR1K1","stockfishScores":{"bn":0.49875}},{"fenStr":"1qrb1rk1/1p1n1ppp/p2pbn2/4p3/P3P3/2N1NB2/1PP2PPP/R1BQR1K1","stockfishScores":{"wn":0.5014880952380952}},{"fenStr":"1qrb1rk1/1p1n1ppp/p2pbn2/4p3/P3P3/2N1NB2/1PPB1PPP/R2QR1K1","stockfishScores":{"bn":0.5020238095238095}},{"fenStr":"1qr2rk1/1p1n1ppp/pb1pbn2/4p3/P3P3/2N1NB2/1PPB1PPP/R2QR1K1","stockfishScores":{"wn":0.49898809523809523}},{"fenStr":"1qr2rk1/1p1n1ppp/pb1pbn2/P3p3/4P3/2N1NB2/1PPB1PPP/R2QR1K1","stockfishScores":{"bn":0.5033928571428572}},{"fenStr":"1qr2rk1/bp1n1ppp/p2pbn2/P3p3/4P3/2N1NB2/1PPB1PPP/R2QR1K1","stockfishScores":{"wn":0.5016666666666667}},{"fenStr":"1qr2rk1/bp1n1ppp/p2pbn2/P3p3/4P3/2N1NB2/1PPB1PPP/2RQR1K1","stockfishScores":{"bn":0.49964285714285717}},{"fenStr":"1qr1r1k1/bp1n1ppp/p2pbn2/P3p3/4P3/2N1NB2/1PPB1PPP/2RQR1K1","stockfishScores":{"wn":0.5001190476190476}},{"fenStr":"1qr1r1k1/bp1n1ppp/p2pbn2/P3p3/4P3/1PN1NB2/2PB1PPP/2RQR1K1","stockfishScores":{"bn":0.4975}},{"fenStr":"1qr1r1k1/b2n1ppp/p2pbn2/Pp2p3/4P3/1PN1NB2/2PB1PPP/2RQR1K1","stockfishScores":{"wn":0.4963690476190476}},{"fenStr":"1qr1r1k1/b2n1ppp/pP1pbn2/4p3/4P3/1PN1NB2/2PB1PPP/2RQR1K1","stockfishScores":{"bn":0.51125}},{"fenStr":"1qr1r1k1/3n1ppp/pb1pbn2/4p3/4P3/1PN1NB2/2PB1PPP/2RQR1K1","stockfishScores":{"wn":0.49785714285714283}},{"fenStr":"1qr1r1k1/3n1ppp/pb1pbn2/3Np3/4P3/1P2NB2/2PB1PPP/2RQR1K1","stockfishScores":{"bn":0.5041666666666667}},{"fenStr":"1qr1r1k1/3n1ppp/pb1p1n2/3bp3/4P3/1P2NB2/2PB1PPP/2RQR1K1","stockfishScores":{"wn":0.4844047619047619}},{"fenStr":"1qr1r1k1/3n1ppp/pb1p1n2/3Pp3/8/1P2NB2/2PB1PPP/2RQR1K1","stockfishScores":{"bn":0.5001785714285715}},{"fenStr":"2r1r1k1/q2n1ppp/pb1p1n2/3Pp3/8/1P2NB2/2PB1PPP/2RQR1K1","stockfishScores":{"wn":0.5009523809523809}},{"fenStr":"2r1r1k1/q2n1ppp/pb1p1n2/3Pp3/8/1P2NB2/2PB1PPP/2RQ1RK1","stockfishScores":{"bn":0.4988690476190476}},{"fenStr":"2r1r1k1/q2n1ppp/pb1p1n2/3P4/4p3/1P2NB2/2PB1PPP/2RQ1RK1","stockfishScores":{"wn":0.49589285714285714}},{"fenStr":"2r1r1k1/q2n1ppp/pb1p1n2/3P4/4p3/1P2N3/2PBBPPP/2RQ1RK1","stockfishScores":{"bn":0.5006547619047619}},{"fenStr":"2r3k1/q2n1ppp/pb1p1n2/3Pr3/4p3/1P2N3/2PBBPPP/2RQ1RK1","stockfishScores":{"wn":0.5024404761904762}},{"fenStr":"2r3k1/q2n1ppp/pb1p1n2/3Pr3/4p3/1P2N3/2PBBPPP/R2Q1RK1","stockfishScores":{"bn":0.5061309523809524}},{"fenStr":"2r3k1/q2n1ppp/pb1p4/3nr3/4p3/1P2N3/2PBBPPP/R2Q1RK1","stockfishScores":{"wn":0.500297619047619}},{"fenStr":"2r3k1/q2n1ppp/Bb1p4/3nr3/4p3/1P2N3/2PB1PPP/R2Q1RK1","stockfishScores":{"bn":0.5067857142857143}},{"fenStr":"2r3k1/q2n1ppp/Bb1p4/4r3/4p3/1P2n3/2PB1PPP/R2Q1RK1","stockfishScores":{"wn":0.48428571428571426}},{"fenStr":"2r3k1/q2n1ppp/Bb1p4/4r3/4p3/1P2B3/2P2PPP/R2Q1RK1","stockfishScores":{"bn":0.5095833333333334}},{"fenStr":"3r2k1/q2n1ppp/Bb1p4/4r3/4p3/1P2B3/2P2PPP/R2Q1RK1","stockfishScores":{"wn":0.5078571428571429}},{"fenStr":"3r2k1/q2n1ppp/Bb1p4/4r3/4pB2/1P6/2P2PPP/R2Q1RK1","stockfishScores":{"bn":0.5055357142857143}},{"fenStr":"3r2k1/q2n1ppp/Bb1p4/5r2/4pB2/1P6/2P2PPP/R2Q1RK1","stockfishScores":{"wn":0.5020238095238095}},{"fenStr":"3r2k1/q2n1ppp/Bb1p4/5r2/4p3/1P4B1/2P2PPP/R2Q1RK1","stockfishScores":{"bn":0.5022619047619048}},{"fenStr":"3r2k1/q2n1ppp/B2p4/5r2/4p3/1P4B1/2P2bPP/R2Q1RK1","stockfishScores":{"wn":0.49988095238095237}},{"fenStr":"3r2k1/q2n1ppp/B2p4/5r2/4p3/1P4B1/2P2RPP/R2Q2K1","stockfishScores":{"bn":0.5152976190476191}},{"fenStr":"3r2k1/q2n1ppp/B2p4/8/4p3/1P4B1/2P2rPP/R2Q2K1","stockfishScores":{"wn":0.48755952380952383}},{"fenStr":"3r2k1/q2n1ppp/3p4/8/4p3/1P4B1/2P1BrPP/R2Q2K1","stockfishScores":{"bn":0.49101190476190476}},{"fenStr":"3r2k1/3n1ppp/3p4/8/4p3/1P4B1/2P1BrPP/q2Q2K1","stockfishScores":{"wn":0.44976190476190475}},{"fenStr":"3r2k1/3n1ppp/3p4/8/4p3/1P4B1/2P1BrPP/Q5K1","stockfishScores":{"bn":0.5235119047619048}},{"fenStr":"3r2k1/3n1ppp/3p4/8/4p3/1P4B1/2P1r1PP/Q5K1","stockfishScores":{"wn":0.48892857142857143}},{"fenStr":"3r2k1/3n1ppp/3p4/8/4p3/1PQ3B1/2P1r1PP/6K1","stockfishScores":{"bn":0.4911904761904762}},{"fenStr":"3r2k1/3n1ppp/3p4/8/8/1PQ1p1B1/2P1r1PP/6K1","stockfishScores":{"wn":0.4901785714285714}},{"fenStr":"3r2k1/3n1ppp/3p4/8/8/1PQ1p1B1/2P1r1PP/5K2","stockfishScores":{"bn":0.4924404761904762}},{"fenStr":"3r2k1/3n1ppp/3p4/8/8/1PQ1p1B1/2Pr2PP/5K2","stockfishScores":{"wn":0.48523809523809525}},{"fenStr":"3r2k1/3n1ppp/3p4/8/8/1PQ1p3/2Pr2PP/4BK2","stockfishScores":{"bn":0.48738095238095236}},{"fenStr":"3r2k1/3n1ppp/3p4/8/8/1PQ5/2Prp1PP/4BK2","stockfishScores":{"wn":0.4893452380952381}},{"fenStr":"3r2k1/3n1ppp/3p4/8/8/1PQ5/2PrpKPP/4B3","stockfishScores":{"bn":0.4917261904761905}},{"fenStr":"3r2k1/3n1ppp/3p4/3r4/8/1PQ5/2P1pKPP/4B3","stockfishScores":{"wn":0.49023809523809525}},{"fenStr":"3r2k1/2Qn1ppp/3p4/3r4/8/1P6/2P1pKPP/4B3","stockfishScores":{"bn":0.4907142857142857}},{"fenStr":"3r2k1/2Qn1ppp/3p4/5r2/8/1P6/2P1pKPP/4B3","stockfishScores":{"wn":0.4922619047619048}},{"fenStr":"3r2k1/2Qn1ppp/3p4/5r2/8/1P4K1/2P1p1PP/4B3","stockfishScores":{"bn":0.4851190476190476}},{"fenStr":"5rk1/2Qn1ppp/3p4/5r2/8/1P4K1/2P1p1PP/4B3","stockfishScores":{"wn":0.48714285714285716}},{"fenStr":"5rk1/3Q1ppp/3p4/5r2/8/1P4K1/2P1p1PP/4B3","stockfishScores":{"bn":0.5155952380952381}},{"fenStr":"5rk1/3Q1ppp/3p4/8/8/1P4K1/2P1p1PP/4Br2","stockfishScores":{"wn":0.5141666666666667}},{"fenStr":"5rk1/5ppp/3Q4/8/8/1P4K1/2P1p1PP/4Br2","stockfishScores":{"bn":0.5178571428571429}},{"fenStr":"5rk1/5ppp/3Q4/8/8/1P4K1/2P1p1PP/4r3","stockfishScores":{"wn":0.49470238095238095}},{"fenStr":"5rk1/5ppp/8/8/8/1P4K1/2PQp1PP/4r3","stockfishScores":{"bn":0.49416666666666664}},{"fenStr":"5rk1/5ppp/8/8/8/1P4K1/2PQp1PP/5r2","stockfishScores":{"wn":0.4911904761904762}},{"fenStr":"5rk1/5ppp/8/8/8/1P4K1/2P1Q1PP/5r2","stockfishScores":{"bn":0.506547619047619}},{"fenStr":"5rk1/5ppp/5r2/8/8/1P4K1/2P1Q1PP/8","stockfishScores":{"wn":0.5060119047619047}},{"fenStr":"5rk1/5ppp/5r2/8/2Q5/1P4K1/2P3PP/8","stockfishScores":{"bn":0.50625}},{"fenStr":"4r1k1/5ppp/5r2/8/2Q5/1P4K1/2P3PP/8","stockfishScores":{"wn":0.5042261904761904}},{"fenStr":"4r1k1/5ppp/5r2/8/2Q5/1P4KP/2P3P1/8","stockfishScores":{"bn":0.503452380952381}},{"fenStr":"4r1k1/5pp1/5r2/7p/2Q5/1P4KP/2P3P1/8","stockfishScores":{"wn":0.5032738095238095}},{"fenStr":"4r1k1/5pp1/5r2/7p/1PQ5/6KP/2P3P1/8","stockfishScores":{"bn":0.5040476190476191}},{"fenStr":"4r1k1/5p2/5r2/6pp/1PQ5/6KP/2P3P1/8","stockfishScores":{"wn":0.5026190476190476}},{"fenStr":"4r1k1/5p2/5r2/1P4pp/2Q5/6KP/2P3P1/8","stockfishScores":{"bn":0.503452380952381}},{"fenStr":"4r1k1/5p2/5r2/1P4p1/2Q4p/6KP/2P3P1/8","stockfishScores":{"wn":0.5008928571428571}},{"fenStr":"4r1k1/5p2/5r2/1P4p1/2Q4p/7P/2P3PK/8","stockfishScores":{"bn":0.5027380952380952}},{"fenStr":"4r3/5pk1/5r2/1P4p1/2Q4p/7P/2P3PK/8","stockfishScores":{"wn":0.5023214285714286}},{"fenStr":"4r3/5pk1/5r2/1P4p1/3Q3p/7P/2P3PK/8","stockfishScores":{"bn":0.5119642857142858}},{"fenStr":"4r3/5p2/5rk1/1P4p1/3Q3p/7P/2P3PK/8","stockfishScores":{"wn":0.5074404761904762}},{"fenStr":"4r3/5p2/1P3rk1/6p1/3Q3p/7P/2P3PK/8","stockfishScores":{"bn":0.5110119047619047}},{"fenStr":"8/5p2/1P3rk1/6p1/3Q3p/7P/2P3PK/4r3","stockfishScores":{"wn":0.5151190476190476}},{"fenStr":"8/1P3p2/5rk1/6p1/3Q3p/7P/2P3PK/4r3","stockfishScores":{"bn":0.524702380952381}},{"fenStr":"8/1P3p2/5rk1/6p1/3Q3p/7P/2P3PK/1r6","stockfishScores":{"wn":0.51375}},{"fenStr":"8/1P3p2/5rk1/6p1/2PQ3p/7P/6PK/1r6","stockfishScores":{"bn":0.5138690476190476}},{"fenStr":"8/1P3pk1/5r2/6p1/2PQ3p/7P/6PK/1r6","stockfishScores":{"wn":0.5219642857142857}},{"fenStr":"8/1P3pk1/5r2/2P3p1/3Q3p/7P/6PK/1r6","stockfishScores":{"bn":0.5236309523809524}},{"fenStr":"8/1r3pk1/5r2/2P3p1/3Q3p/7P/6PK/8","stockfishScores":{"wn":0.5044642857142857}},{"fenStr":"8/1r3pk1/5r2/2PQ2p1/7p/7P/6PK/8","stockfishScores":{"bn":0.5006547619047619}},{"fenStr":"8/r4pk1/5r2/2PQ2p1/7p/7P/6PK/8","stockfishScores":{"wn":0.5008333333333334}},{"fenStr":"8/r4pk1/5r2/2P3Q1/7p/7P/6PK/8","stockfishScores":{"bn":0.5014880952380952}},{"fenStr":"8/r4pk1/6r1/2P3Q1/7p/7P/6PK/8","stockfishScores":{"wn":0.5051785714285715}},{"fenStr":"8/r4pk1/6r1/2P1Q3/7p/7P/6PK/8","stockfishScores":{"bn":0.5000595238095238}},{"fenStr":"8/r4p1k/6r1/2P1Q3/7p/7P/6PK/8","stockfishScores":{"wn":0.5042857142857143}},{"fenStr":"8/r4p1k/6r1/2P5/5Q1p/7P/6PK/8","stockfishScores":{"bn":0.5052380952380953}},{"fenStr":"8/5p1k/r5r1/2P5/5Q1p/7P/6PK/8","stockfishScores":{"wn":0.5063690476190477}},{"fenStr":"8/5Q1k/r5r1/2P5/7p/7P/6PK/8","stockfishScores":{"bn":0.5054166666666666}},{"fenStr":"8/5Q2/r5rk/2P5/7p/7P/6PK/8","stockfishScores":{"wn":0.5082738095238095}},{"fenStr":"5Q2/8/r5rk/2P5/7p/7P/6PK/8","stockfishScores":{"bn":0.50625}},{"fenStr":"5Q2/8/r5r1/2P4k/7p/7P/6PK/8","stockfishScores":{"wn":0.5077380952380952}},{"fenStr":"7Q/8/r5r1/2P4k/7p/7P/6PK/8","stockfishScores":{"bn":0.5053571428571428}},{"fenStr":"7Q/8/r5r1/2P3k1/7p/7P/6PK/8","stockfishScores":{"wn":0.5072023809523809}},{"fenStr":"8/8/r5r1/2P3k1/3Q3p/7P/6PK/8","stockfishScores":{"bn":0.5107142857142857}},{"fenStr":"8/8/r5r1/2P4k/3Q3p/7P/6PK/8","stockfishScores":{"wn":0.5116666666666667}},{"fenStr":"8/8/r5r1/2P4k/4Q2p/7P/6PK/8","stockfishScores":{"bn":0.5116666666666667}},{"fenStr":"8/8/5rr1/2P4k/4Q2p/7P/6PK/8","stockfishScores":{"wn":0.5114285714285715}},{"fenStr":"8/8/5rr1/2P4k/4Q2p/7P/6P1/6K1","stockfishScores":{"bn":0.5097619047619047}},{"fenStr":"8/8/r5r1/2P4k/4Q2p/7P/6P1/6K1","stockfishScores":{"wn":0.5120238095238095}},{"fenStr":"8/8/r5r1/2PQ3k/7p/7P/6P1/6K1","stockfishScores":{"bn":0.5098214285714285}},{"fenStr":"8/8/r7/2PQ2rk/7p/7P/6P1/6K1","stockfishScores":{"wn":0.5120238095238095}},{"fenStr":"8/8/r7/2P3rk/7p/5Q1P/6P1/6K1","stockfishScores":{"bn":0.5070238095238095}},{"fenStr":"8/8/r6k/2P3r1/7p/5Q1P/6P1/6K1","stockfishScores":{"wn":0.5071428571428571}},{"fenStr":"8/8/r1P4k/6r1/7p/5Q1P/6P1/6K1","stockfishScores":{"bn":0.5163690476190477}},{"fenStr":"8/8/2P4k/6r1/7p/5Q1P/6P1/r5K1","stockfishScores":{"wn":0.5158333333333334}},{"fenStr":"8/8/2P4k/6r1/7p/5Q1P/6PK/r7","stockfishScores":{"bn":0.5163690476190477}},{"fenStr":"8/8/2P4k/6r1/7p/5Q1P/6PK/2r5","stockfishScores":{"wn":0.5107142857142857}},{"fenStr":"8/8/2P2Q1k/6r1/7p/7P/6PK/2r5","stockfishScores":{"bn":0.5098214285714285}},{"fenStr":"8/8/2P2Q2/6rk/7p/7P/6PK/2r5","stockfishScores":{"wn":0.5114880952380952}},{"fenStr":"8/5Q2/2P5/6rk/7p/7P/6PK/2r5","stockfishScores":{"bn":0.5098809523809524}},{"fenStr":"8/5Q2/2P4k/6r1/7p/7P/6PK/2r5","stockfishScores":{"wn":0.5101190476190476}},{"fenStr":"8/8/2P1Q2k/6r1/7p/7P/6PK/2r5","stockfishScores":{"bn":0.5098214285714285}},{"fenStr":"8/8/2P1Q3/6rk/7p/7P/6PK/2r5","stockfishScores":{"wn":0.5110714285714286}},{"fenStr":"4Q3/8/2P5/6rk/7p/7P/6PK/2r5","stockfishScores":{"bn":0.5072619047619048}},{"fenStr":"4Q3/8/2P4k/6r1/7p/7P/6PK/2r5","stockfishScores":{"wn":0.5082738095238095}},{"fenStr":"7Q/8/2P4k/6r1/7p/7P/6PK/2r5","stockfishScores":{"bn":0.506547619047619}},{"fenStr":"7Q/8/2P3k1/6r1/7p/7P/6PK/2r5","stockfishScores":{"wn":0.5078571428571429}},{"fenStr":"6Q1/8/2P3k1/6r1/7p/7P/6PK/2r5","stockfishScores":{"bn":0.5050595238095238}},{"fenStr":"6Q1/8/2P4k/6r1/7p/7P/6PK/2r5","stockfishScores":{"wn":0.5041666666666667}},{"fenStr":"7Q/8/2P4k/6r1/7p/7P/6PK/2r5","stockfishScores":{"bn":0.506547619047619}},{"fenStr":"7Q/8/2P3k1/6r1/7p/7P/6PK/2r5","stockfishScores":{"wn":0.5078571428571429}},{"fenStr":"8/8/2P3k1/6r1/7Q/7P/6PK/2r5","stockfishScores":{"bn":0.5141071428571429}},{"fenStr":"8/8/2P3k1/2r5/7Q/7P/6PK/2r5","stockfishScores":{"wn":0.5158928571428572}},{"fenStr":"8/8/2P3k1/2r5/4Q3/7P/6PK/2r5","stockfishScores":{"bn":0.5163690476190477}},{"fenStr":"8/8/2P4k/2r5/4Q3/7P/6PK/2r5","stockfishScores":{"wn":0.5206547619047619}},{"fenStr":"8/8/2P4k/2r5/4Q2P/8/6PK/2r5","stockfishScores":{"bn":0.5194642857142857}},{"fenStr":"8/8/2r4k/8/4Q2P/8/6PK/2r5","stockfishScores":{"wn":0.5079761904761905}},{"fenStr":"8/8/2r4k/8/4Q2P/6P1/7K/2r5","stockfishScores":{"bn":0.5076190476190476}},{"fenStr":"8/8/2r4k/8/2r1Q2P/6P1/7K/8","stockfishScores":{"wn":0.5068452380952381}},{"fenStr":"8/8/2r4k/4Q3/2r4P/6P1/7K/8","stockfishScores":{"bn":0.5088095238095238}},{"fenStr":"8/7k/2r5/4Q3/2r4P/6P1/7K/8","stockfishScores":{"wn":0.5092261904761904}},{"fenStr":"8/4Q2k/2r5/8/2r4P/6P1/7K/8","stockfishScores":{"bn":0.5082142857142857}},{"fenStr":"7k/4Q3/2r5/8/2r4P/6P1/7K/8","stockfishScores":{"wn":0.5106547619047619}},{"fenStr":"5Q1k/8/2r5/8/2r4P/6P1/7K/8","stockfishScores":{"bn":0.5064880952380952}},{"fenStr":"5Q2/7k/2r5/8/2r4P/6P1/7K/8","stockfishScores":{"wn":0.5088095238095238}},{"fenStr":"5Q2/7k/2r5/8/2r4P/6PK/8/8","stockfishScores":{"bn":0.5086309523809524}},{"fenStr":"5Q2/2r4k/8/8/2r4P/6PK/8/8","stockfishScores":{"wn":0.5100595238095238}},{"fenStr":"5Q2/2r4k/8/7P/2r5/6PK/8/8","stockfishScores":{"bn":0.5104166666666666}},{"fenStr":"5Q2/2r4k/8/2r4P/8/6PK/8/8","stockfishScores":{"wn":0.5061904761904762}},{"fenStr":"8/2r4k/8/2r4P/8/5QPK/8/8","stockfishScores":{"bn":0.5073809523809524}},{"fenStr":"8/2r4k/8/6rP/8/5QPK/8/8","stockfishScores":{"wn":0.5094047619047619}},{"fenStr":"8/2r4k/8/6rP/7K/5QP1/8/8","stockfishScores":{"bn":0.5125}},{"fenStr":"8/6rk/8/6rP/7K/5QP1/8/8","stockfishScores":{"wn":0.51125}},{"fenStr":"8/6rk/8/6rP/7K/3Q2P1/8/8","stockfishScores":{"bn":0.5059523809523809}},{"fenStr":"8/6r1/7k/6rP/7K/3Q2P1/8/8","stockfishScores":{"wn":0.5019642857142858}},{"fenStr":"8/6r1/7k/6rP/7K/4Q1P1/8/8","stockfishScores":{"bn":0.5158928571428572}},{"fenStr":"6r1/8/7k/6rP/7K/4Q1P1/8/8","stockfishScores":{"wn":0.5169047619047619}},{"fenStr":"6r1/8/7k/6rP/5Q1K/6P1/8/8","stockfishScores":{"bn":0.5183333333333333}},{"fenStr":"8/6r1/7k/6rP/5Q1K/6P1/8/8","stockfishScores":{"wn":0.5188690476190476}},{"fenStr":"8/6r1/5Q1k/6rP/7K/6P1/8/8","stockfishScores":{"bn":0.5032738095238095}},{"fenStr":"8/8/5Qrk/6rP/7K/6P1/8/8","stockfishScores":{"wn":0.5135119047619048}},{"fenStr":"7Q/8/6rk/6rP/7K/6P1/8/8","stockfishScores":{"bn":0.500297619047619}}],"result":{"ww":true}}