{"fens":[{"fenStr":"rnbqkbnr/pppppppp/8/8/3P4/8/PPP1PPPP/RNBQKBNR","stockfishScores":{"bn":0.5048809523809524}},{"fenStr":"rnbqkbnr/ppp1pppp/8/3p4/3P4/8/PPP1PPPP/RNBQKBNR","stockfishScores":{"wn":0.5005952380952381}},{"fenStr":"rnbqkbnr/ppp1pppp/8/3p4/3P4/5N2/PPP1PPPP/RNBQKB1R","stockfishScores":{"bn":0.5038690476190476}},{"fenStr":"rnbqkb1r/ppp1pppp/5n2/3p4/3P4/5N2/PPP1PPPP/RNBQKB1R","stockfishScores":{"wn":0.5005952380952381}},{"fenStr":"rnbqkb1r/ppp1pppp/5n2/3p2B1/3P4/5N2/PPP1PPPP/RN1QKB1R","stockfishScores":{"bn":0.5008928571428571}},{"fenStr":"rnbqkb1r/ppp2ppp/4pn2/3p2B1/3P4/5N2/PPP1PPPP/RN1QKB1R","stockfishScores":{"wn":0.5007738095238096}},{"fenStr":"rnbqkb1r/ppp2ppp/4pn2/3p2B1/3P4/4PN2/PPP2PPP/RN1QKB1R","stockfishScores":{"bn":0.5047619047619047}},{"fenStr":"rnbqkb1r/pp3ppp/4pn2/2pp2B1/3P4/4PN2/PPP2PPP/RN1QKB1R","stockfishScores":{"wn":0.5031547619047619}},{"fenStr":"rnbqkb1r/pp3ppp/4pn2/2pp2B1/3P4/2P1PN2/PP3PPP/RN1QKB1R","stockfishScores":{"bn":0.5142857142857142}},{"fenStr":"r1bqkb1r/pp3ppp/2n1pn2/2pp2B1/3P4/2P1PN2/PP3PPP/RN1QKB1R","stockfishScores":{"wn":0.5001785714285715}},{"fenStr":"r1bqkb1r/pp3ppp/2n1pn2/2pp2B1/3P4/2P1PN2/PP1N1PPP/R2QKB1R","stockfishScores":{"bn":0.5026190476190476}},{"fenStr":"r1bqkb1r/pp3pp1/2n1pn1p/2pp2B1/3P4/2P1PN2/PP1N1PPP/R2QKB1R","stockfishScores":{"wn":0.4976785714285714}},{"fenStr":"r1bqkb1r/pp3pp1/2n1pn1p/2pp4/3P3B/2P1PN2/PP1N1PPP/R2QKB1R","stockfishScores":{"bn":0.4986309523809524}},{"fenStr":"r1bqkb1r/pp3pp1/2n1pn1p/3p4/3p3B/2P1PN2/PP1N1PPP/R2QKB1R","stockfishScores":{"wn":0.4930357142857143}},{"fenStr":"r1bqkb1r/pp3pp1/2n1pn1p/3p4/3P3B/2P2N2/PP1N1PPP/R2QKB1R","stockfishScores":{"bn":0.49952380952380954}},{"fenStr":"r1bqk2r/pp2bpp1/2n1pn1p/3p4/3P3B/2P2N2/PP1N1PPP/R2QKB1R","stockfishScores":{"wn":0.4986904761904762}},{"fenStr":"r1bqk2r/pp2bpp1/2n1pn1p/1B1p4/3P3B/2P2N2/PP1N1PPP/R2QK2R","stockfishScores":{"bn":0.5007738095238096}},{"fenStr":"r1bq1rk1/pp2bpp1/2n1pn1p/1B1p4/3P3B/2P2N2/PP1N1PPP/R2QK2R","stockfishScores":{"wn":0.4894047619047619}},{"fenStr":"r1bq1rk1/pp2bpp1/2n1pn1p/1B1p4/3P3B/2P2N2/PP1NQPPP/R3K2R","stockfishScores":{"bn":0.48851190476190476}},{"fenStr":"r1bq1rk1/1p2bpp1/p1n1pn1p/1B1p4/3P3B/2P2N2/PP1NQPPP/R3K2R","stockfishScores":{"wn":0.48541666666666666}},{"fenStr":"r1bq1rk1/1p2bpp1/p1B1pn1p/3p4/3P3B/2P2N2/PP1NQPPP/R3K2R","stockfishScores":{"bn":0.5063690476190477}},{"fenStr":"r1bq1rk1/4bpp1/p1p1pn1p/3p4/3P3B/2P2N2/PP1NQPPP/R3K2R","stockfishScores":{"wn":0.4856547619047619}},{"fenStr":"r1bq1rk1/4bpp1/p1p1pn1p/3pN3/3P3B/2P5/PP1NQPPP/R3K2R","stockfishScores":{"bn":0.4911309523809524}},{"fenStr":"r1b2rk1/4bpp1/pqp1pn1p/3pN3/3P3B/2P5/PP1NQPPP/R3K2R","stockfishScores":{"wn":0.48738095238095236}},{"fenStr":"r1b2rk1/4bpp1/pqp1pn1p/3pN3/3P3B/2P5/PP1NQPPP/R4RK1","stockfishScores":{"bn":0.4988690476190476}},{"fenStr":"r1b2rk1/4bpp1/pq2pn1p/2ppN3/3P3B/2P5/PP1NQPPP/R4RK1","stockfishScores":{"wn":0.4979166666666667}},{"fenStr":"r1b2rk1/4bpp1/pq2pn1p/2ppN3/1P1P3B/2P5/P2NQPPP/R4RK1","stockfishScores":{"bn":0.49773809523809526}},{"fenStr":"r1b2rk1/4bpp1/pq2pn1p/3pN3/1P1p3B/2P5/P2NQPPP/R4RK1","stockfishScores":{"wn":0.4898214285714286}},{"fenStr":"r1b2rk1/4bpp1/pq2pn1p/3pN3/1P1P3B/8/P2NQPPP/R4RK1","stockfishScores":{"bn":0.49279761904761904}},{"fenStr":"r1b2rk1/4bpp1/p3pn1p/3pN3/1P1q3B/8/P2NQPPP/R4RK1","stockfishScores":{"wn":0.4880357142857143}},{"fenStr":"r1b2rk1/4bpp1/p1N1pn1p/3p4/1P1q3B/8/P2NQPPP/R4RK1","stockfishScores":{"bn":0.4994047619047619}},{"fenStr":"r1b2rk1/4bpp1/p1N1pn1p/3p4/1P5q/8/P2NQPPP/R4RK1","stockfishScores":{"wn":0.46851190476190474}},{"fenStr":"r1b2rk1/4Npp1/p3pn1p/3p4/1P5q/8/P2NQPPP/R4RK1","stockfishScores":{"bn":0.4901190476190476}},{"fenStr":"r1b2r1k/4Npp1/p3pn1p/3p4/1P5q/8/P2NQPPP/R4RK1","stockfishScores":{"wn":0.49178571428571427}},{"fenStr":"r1N2r1k/5pp1/p3pn1p/3p4/1P5q/8/P2NQPPP/R4RK1","stockfishScores":{"bn":0.5076785714285714}},{"fenStr":"r1r4k/5pp1/p3pn1p/3p4/1P5q/8/P2NQPPP/R4RK1","stockfishScores":{"wn":0.4870833333333333}},{"fenStr":"r1r4k/5pp1/p3pn1p/3p4/1P3P1q/8/P2NQ1PP/R4RK1","stockfishScores":{"bn":0.4876785714285714}},{"fenStr":"r6k/5pp1/p3pn1p/3p4/1P3P1q/8/P1rNQ1PP/R4RK1","stockfishScores":{"wn":0.48464285714285715}},{"fenStr":"r6k/5pp1/p3pn1p/3p4/1P3P1q/3Q4/P1rN2PP/R4RK1","stockfishScores":{"bn":0.4870833333333333}},{"fenStr":"2r4k/5pp1/p3pn1p/3p4/1P3P1q/3Q4/P1rN2PP/R4RK1","stockfishScores":{"wn":0.4839880952380952}},{"fenStr":"2r4k/5pp1/Q3pn1p/3p4/1P3P1q/8/P1rN2PP/R4RK1","stockfishScores":{"bn":0.4858928571428571}},{"fenStr":"2r4k/5pp1/Q3p2p/3p4/1P3Pnq/8/P1rN2PP/R4RK1","stockfishScores":{"wn":0.47982142857142857}},{"fenStr":"2r4k/5pp1/Q3p2p/3p4/1P3Pnq/7P/P1rN2P1/R4RK1","stockfishScores":{"bn":0.48916666666666664}},{"fenStr":"2r4k/5pp1/Q3p2p/3p4/1P3Pn1/6qP/P1rN2P1/R4RK1","stockfishScores":{"wn":0.47625}},{"fenStr":"2Q4k/5pp1/4p2p/3p4/1P3Pn1/6qP/P1rN2P1/R4RK1","stockfishScores":{"bn":0.5230952380952381}},{"fenStr":"2r4k/5pp1/4p2p/3p4/1P3Pn1/6qP/P2N2P1/R4RK1","stockfishScores":{"wn":0.4532738095238095}},{"fenStr":"2r4k/5pp1/4p2p/3p4/1P3PP1/6q1/P2N2P1/R4RK1","stockfishScores":{"bn":0.47785714285714287}},{"fenStr":"2r4k/5pp1/4p2p/3p4/1P3PP1/4q3/P2N2P1/R4RK1","stockfishScores":{"wn":0.48529761904761903}},{"fenStr":"2r4k/5pp1/4p2p/3p4/1P3PP1/4q3/P2N1RP1/R5K1","stockfishScores":{"bn":0.47345238095238096}},{"fenStr":"7k/5pp1/4p2p/3p4/1P3PP1/4q3/P1rN1RP1/R5K1","stockfishScores":{"wn":0.4711904761904762}},{"fenStr":"7k/5pp1/4p2p/3p4/1P3PP1/4q3/P1rN1RP1/3R2K1","stockfishScores":{"bn":0.4706547619047619}},{"fenStr":"7k/5pp1/4p2p/3p4/1P3PP1/4q3/r2N1RP1/3R2K1","stockfishScores":{"wn":0.46785714285714286}},{"fenStr":"7k/5pp1/4p2p/3p4/1P3PP1/4q3/r2N1RP1/3R1K2","stockfishScores":{"bn":0.4692857142857143}},{"fenStr":"7k/5pp1/4p2p/3p4/1P3PP1/4q3/1r1N1RP1/3R1K2","stockfishScores":{"wn":0.4682142857142857}},{"fenStr":"7k/5pp1/4p2p/3p1P2/1P4P1/4q3/1r1N1RP1/3R1K2","stockfishScores":{"bn":0.4668452380952381}},{"fenStr":"7k/5pp1/7p/3ppP2/1P4P1/4q3/1r1N1RP1/3R1K2","stockfishScores":{"wn":0.4666666666666667}},{"fenStr":"7k/5pp1/7p/1P1ppP2/6P1/4q3/1r1N1RP1/3R1K2","stockfishScores":{"bn":0.46690476190476193}},{"fenStr":"7k/5pp1/7p/1P1p1P2/4p1P1/4q3/1r1N1RP1/3R1K2","stockfishScores":{"wn":0.4667857142857143}},{"fenStr":"7k/5pp1/7p/1P1p1P2/4N1P1/4q3/1r3RP1/3R1K2","stockfishScores":{"bn":0.49}},{"fenStr":"7k/5pp1/7p/1r1p1P2/4N1P1/4q3/5RP1/3R1K2","stockfishScores":{"wn":0.48220238095238094}},{"fenStr":"7k/5pp1/7p/1r1p1P2/4N1P1/4q3/4R1P1/3R1K2","stockfishScores":{"bn":0.47660714285714284}},{"fenStr":"7k/5pp1/7p/1r1p1P2/4NqP1/8/4R1P1/3R1K2","stockfishScores":{"wn":0.48119047619047617}},{"fenStr":"7k/5pp1/7p/1r1p1P2/5qP1/8/4RNP1/3R1K2","stockfishScores":{"bn":0.4786309523809524}},{"fenStr":"8/5ppk/7p/1r1p1P2/5qP1/8/4RNP1/3R1K2","stockfishScores":{"wn":0.47827380952380955}},{"fenStr":"8/5ppk/7p/1r1p1P2/5qP1/8/3R1NP1/3R1K2","stockfishScores":{"bn":0.47267857142857145}},{"fenStr":"8/5ppk/7p/1r1pqP2/6P1/8/3R1NP1/3R1K2","stockfishScores":{"wn":0.4832142857142857}},{"fenStr":"8/5ppk/7p/1r1pqP2/6P1/8/4RNP1/3R1K2","stockfishScores":{"bn":0.4826785714285714}},{"fenStr":"8/5ppk/7p/1r1p1P2/6P1/2q5/4RNP1/3R1K2","stockfishScores":{"wn":0.4831547619047619}},{"fenStr":"8/5ppk/7p/1r1p1P2/6P1/2q5/3R1NP1/3R1K2","stockfishScores":{"bn":0.4779761904761905}},{"fenStr":"8/5ppk/7p/1r1p1P2/6P1/1q6/3R1NP1/3R1K2","stockfishScores":{"wn":0.4798809523809524}},{"fenStr":"8/5ppk/7p/1r1p1P2/3R2P1/1q6/5NP1/3R1K2","stockfishScores":{"bn":0.48220238095238094}},{"fenStr":"6k1/5pp1/7p/1r1p1P2/3R2P1/1q6/5NP1/3R1K2","stockfishScores":{"wn":0.4839880952380952}},{"fenStr":"6k1/5pp1/7p/1r1p1P2/3R2P1/1q1R4/5NP1/5K2","stockfishScores":{"bn":0.4866666666666667}},{"fenStr":"6k1/5pp1/7p/1r1p1P2/3R2P1/3R4/q4NP1/5K2","stockfishScores":{"wn":0.47398809523809526}},{"fenStr":"6k1/5pp1/7p/1r1p1P2/3R2P1/8/q2R1NP1/5K2","stockfishScores":{"bn":0.48660714285714285}},{"fenStr":"q5k1/5pp1/7p/1r1p1P2/3R2P1/8/3R1NP1/5K2","stockfishScores":{"wn":0.4847619047619048}},{"fenStr":"q5k1/5pp1/7p/1r1p1P2/3R2P1/8/3RKNP1/8","stockfishScores":{"bn":0.4820238095238095}},{"fenStr":"4q1k1/5pp1/7p/1r1p1P2/3R2P1/8/3RKNP1/8","stockfishScores":{"wn":0.4786309523809524}},{"fenStr":"4q1k1/5pp1/7p/1r1p1P2/3R2P1/5K2/3R1NP1/8","stockfishScores":{"bn":0.4782142857142857}},{"fenStr":"4q1k1/5pp1/7p/3p1P2/3R2P1/1r3K2/3R1NP1/8","stockfishScores":{"wn":0.47125}},{"fenStr":"4q1k1/5pp1/7p/3p1P2/6P1/1r1R1K2/3R1NP1/8","stockfishScores":{"bn":0.48547619047619045}},{"fenStr":"6k1/5pp1/7p/1q1p1P2/6P1/1r1R1K2/3R1NP1/8","stockfishScores":{"wn":0.4804761904761905}},{"fenStr":"6k1/5pp1/7p/1q1p1P2/6P1/1R3K2/3R1NP1/8","stockfishScores":{"bn":0.52375}},{"fenStr":"6k1/5pp1/7p/3p1P2/6P1/1q3K2/3R1NP1/8","stockfishScores":{"wn":0.4867261904761905}},{"fenStr":"6k1/5pp1/7p/3p1P2/6P1/1q1R1K2/5NP1/8","stockfishScores":{"bn":0.4857738095238095}},{"fenStr":"6k1/5pp1/7p/3p1P2/2q3P1/3R1K2/5NP1/8","stockfishScores":{"wn":0.4857738095238095}},{"fenStr":"6k1/5pp1/7p/3p1P2/2q3P1/3R2K1/5NP1/8","stockfishScores":{"bn":0.4822619047619048}},{"fenStr":"5k2/5pp1/7p/3p1P2/2q3P1/3R2K1/5NP1/8","stockfishScores":{"wn":0.48220238095238094}},{"fenStr":"5k2/5pp1/7p/3p1P2/2q3P1/5RK1/5NP1/8","stockfishScores":{"bn":0.4798809523809524}},{"fenStr":"8/4kpp1/7p/3p1P2/2q3P1/5RK1/5NP1/8","stockfishScores":{"wn":0.47898809523809527}},{"fenStr":"8/4kpp1/7p/3p1P2/2q3P1/3N1RK1/6P1/8","stockfishScores":{"bn":0.47958333333333336}},{"fenStr":"8/5pp1/3k3p/3p1P2/2q3P1/3N1RK1/6P1/8","stockfishScores":{"wn":0.4804761904761905}},{"fenStr":"8/5pp1/3k3p/3p1P2/2q2NP1/5RK1/6P1/8","stockfishScores":{"bn":0.4780357142857143}},{"fenStr":"8/5pp1/7p/3pkP2/2q2NP1/5RK1/6P1/8","stockfishScores":{"wn":0.47970238095238094}},{"fenStr":"8/5pp1/7p/3pkP2/2q3P1/3N1RK1/6P1/8","stockfishScores":{"bn":0.4825595238095238}},{"fenStr":"8/5pp1/7p/3p1P2/2qk2P1/3N1RK1/6P1/8","stockfishScores":{"wn":0.4788095238095238}},{"fenStr":"8/5pp1/7p/3p1P2/2qk2P1/5RK1/5NP1/8","stockfishScores":{"bn":0.47869047619047617}},{"fenStr":"8/2q2pp1/7p/3p1P2/3k2P1/5RK1/5NP1/8","stockfishScores":{"wn":0.4791666666666667}},{"fenStr":"8/2q2pp1/7p/3p1P2/3k2P1/5R1K/5NP1/8","stockfishScores":{"bn":0.47672619047619047}},{"fenStr":"8/2q2pp1/7p/3p1P2/2k3P1/5R1K/5NP1/8","stockfishScores":{"wn":0.47619047619047616}},{"fenStr":"8/2q2pp1/7p/3p1P2/2k3P1/3N1R1K/6P1/8","stockfishScores":{"bn":0.47672619047619047}},{"fenStr":"8/2q2pp1/7p/5P2/2kp2P1/3N1R1K/6P1/8","stockfishScores":{"wn":0.4745238095238095}},{"fenStr":"8/2q2pp1/7p/5P2/2kp1NP1/5R1K/6P1/8","stockfishScores":{"bn":0.47333333333333333}},{"fenStr":"8/5pp1/7p/4qP2/2kp1NP1/5R1K/6P1/8","stockfishScores":{"wn":0.4725595238095238}},{"fenStr":"8/5pp1/7p/4qP2/2kp2P1/3N1R1K/6P1/8","stockfishScores":{"bn":0.4775}},{"fenStr":"8/5pp1/7p/5P2/2kp2P1/3N1R1K/4q1P1/8","stockfishScores":{"wn":0.4738095238095238}},{"fenStr":"8/5pp1/7p/5P2/2kp1NP1/5R1K/4q1P1/8","stockfishScores":{"bn":0.47678571428571426}},{"fenStr":"8/5pp1/7p/5P2/2kpqNP1/5R1K/6P1/8","stockfishScores":{"wn":0.47232142857142856}},{"fenStr":"8/5pp1/7p/5P2/2kpqNPK/5R2/6P1/8","stockfishScores":{"bn":0.46845238095238095}},{"fenStr":"8/5p2/7p/5Pp1/2kpqNPK/5R2/6P1/8","stockfishScores":{"wn":0.46482142857142855}},{"fenStr":"8/5p2/6Pp/8/2kpqNPK/5R2/6P1/8","stockfishScores":{"bn":0.49107142857142855}},{"fenStr":"8/8/6pp/8/2kpqNPK/5R2/6P1/8","stockfishScores":{"wn":0.47172619047619047}},{"fenStr":"8/8/6pp/8/2kpq1PK/5R1N/6P1/8","stockfishScores":{"bn":0.4699404761904762}},{"fenStr":"8/8/6pp/8/2k1q1PK/3p1R1N/6P1/8","stockfishScores":{"wn":0.4613690476190476}},{"fenStr":"8/8/6pp/8/2k1q1PK/3p1R2/5NP1/8","stockfishScores":{"bn":0.4698809523809524}},{"fenStr":"8/8/6pp/8/2k3PK/3p1R2/5NP1/4q3","stockfishScores":{"wn":0.4582738095238095}},{"fenStr":"8/8/6pp/8/2k3P1/3p1R1K/5NP1/4q3","stockfishScores":{"bn":0.4691666666666667}},{"fenStr":"8/8/6pp/8/2k3P1/5R1K/3p1NP1/4q3","stockfishScores":{"wn":0.46827380952380954}},{"fenStr":"8/8/5Rpp/8/2k3P1/7K/3p1NP1/4q3","stockfishScores":{"bn":0.46589285714285716}},{"fenStr":"8/8/5R1p/6p1/2k3P1/7K/3p1NP1/4q3","stockfishScores":{"wn":0.46648809523809526}},{"fenStr":"8/8/7p/6p1/2k3P1/5R1K/3p1NP1/4q3","stockfishScores":{"bn":0.4657142857142857}},{"fenStr":"8/8/7p/6p1/2k3P1/5R1K/5NP1/3qq3","stockfishScores":{"wn":0.41172619047619047}},{"fenStr":"8/8/7p/6p1/2k3P1/5R1K/6P1/3Nq3","stockfishScores":{"bn":0.4901785714285714}},{"fenStr":"8/8/7p/6p1/2k3Pq/5R1K/6P1/3N4","stockfishScores":{"wn":0.4992261904761905}}],"result":{"bw":true}}