{"fens":[{"fenStr":"rnbqkbnr/pppppppp/8/8/4P3/8/PPPP1PPP/RNBQKBNR","stockfishScores":{"bn":0.5049404761904762}},{"fenStr":"rnbqkbnr/pppp1ppp/8/4p3/4P3/8/PPPP1PPP/RNBQKBNR","stockfishScores":{"wn":0.5005952380952381}},{"fenStr":"rnbqkbnr/pppp1ppp/8/4p3/4P3/5N2/PPPP1PPP/RNBQKB1R","stockfishScores":{"bn":0.5044047619047619}},{"fenStr":"r1bqkbnr/pppp1ppp/2n5/4p3/4P3/5N2/PPPP1PPP/RNBQKB1R","stockfishScores":{"wn":0.5004166666666666}},{"fenStr":"r1bqkbnr/pppp1ppp/2n5/1B2p3/4P3/5N2/PPPP1PPP/RNBQK2R","stockfishScores":{"bn":0.5002380952380953}},{"fenStr":"r1bqkbnr/1ppp1ppp/p1n5/1B2p3/4P3/5N2/PPPP1PPP/RNBQK2R","stockfishScores":{"wn":0.49535714285714283}},{"fenStr":"r1bqkbnr/1ppp1ppp/p1n5/4p3/B3P3/5N2/PPPP1PPP/RNBQK2R","stockfishScores":{"bn":0.49654761904761907}},{"fenStr":"r1bqkb1r/1ppp1ppp/p1n2n2/4p3/B3P3/5N2/PPPP1PPP/RNBQK2R","stockfishScores":{"wn":0.49273809523809525}},{"fenStr":"r1bqkb1r/1ppp1ppp/p1n2n2/4p3/B2PP3/5N2/PPP2PPP/RNBQK2R","stockfishScores":{"bn":0.4998214285714286}},{"fenStr":"r1bqkb1r/1ppp1ppp/p1n2n2/8/B2pP3/5N2/PPP2PPP/RNBQK2R","stockfishScores":{"wn":0.4886904761904762}},{"fenStr":"r1bqkb1r/1ppp1ppp/p1n2n2/8/B2pP3/5N2/PPP2PPP/RNBQ1RK1","stockfishScores":{"bn":0.5006547619047619}},{"fenStr":"r1bqk2r/1pppbppp/p1n2n2/8/B2pP3/5N2/PPP2PPP/RNBQ1RK1","stockfishScores":{"wn":0.501547619047619}},{"fenStr":"r1bqk2r/1pppbppp/p1n2n2/8/B2pP3/5N2/PPP2PPP/RNBQR1K1","stockfishScores":{"bn":0.5028571428571429}},{"fenStr":"r1bqk2r/2ppbppp/p1n2n2/1p6/B2pP3/5N2/PPP2PPP/RNBQR1K1","stockfishScores":{"wn":0.4963690476190476}},{"fenStr":"r1bqk2r/2ppbppp/p1n2n2/1p6/3pP3/1B3N2/PPP2PPP/RNBQR1K1","stockfishScores":{"bn":0.5053571428571428}},{"fenStr":"r1bqk2r/2p1bppp/p1np1n2/1p6/3pP3/1B3N2/PPP2PPP/RNBQR1K1","stockfishScores":{"wn":0.5028571428571429}},{"fenStr":"r1bqk2r/2p1bppp/p1np1n2/1p1B4/3pP3/5N2/PPP2PPP/RNBQR1K1","stockfishScores":{"bn":0.5077380952380952}},{"fenStr":"r1bqk2r/2p1bppp/p1np4/1p1n4/3pP3/5N2/PPP2PPP/RNBQR1K1","stockfishScores":{"wn":0.4774404761904762}},{"fenStr":"r1bqk2r/2p1bppp/p1np4/1p1P4/3p4/5N2/PPP2PPP/RNBQR1K1","stockfishScores":{"bn":0.5110119047619047}},{"fenStr":"r1bqk2r/2p1bppp/p2p4/1p1Pn3/3p4/5N2/PPP2PPP/RNBQR1K1","stockfishScores":{"wn":0.5030357142857143}},{"fenStr":"r1bqk2r/2p1bppp/p2p4/1p1Pn3/3N4/8/PPP2PPP/RNBQR1K1","stockfishScores":{"bn":0.5088690476190476}},{"fenStr":"r1bq1rk1/2p1bppp/p2p4/1p1Pn3/3N4/8/PPP2PPP/RNBQR1K1","stockfishScores":{"wn":0.4993452380952381}},{"fenStr":"r1bq1rk1/2p1bppp/p2p4/1p1Pn3/P2N4/8/1PP2PPP/RNBQR1K1","stockfishScores":{"bn":0.49839285714285714}},{"fenStr":"r2q1rk1/2p1bppp/p2p4/1p1Pn3/P2N2b1/8/1PP2PPP/RNBQR1K1","stockfishScores":{"wn":0.4976190476190476}},{"fenStr":"r2q1rk1/2p1bppp/p2p4/1p1Pn3/P2N2b1/8/1PPQ1PPP/RNB1R1K1","stockfishScores":{"bn":0.4992261904761905}},{"fenStr":"r2qr1k1/2p1bppp/p2p4/1p1Pn3/P2N2b1/8/1PPQ1PPP/RNB1R1K1","stockfishScores":{"wn":0.4992261904761905}},{"fenStr":"r2qr1k1/2p1bppp/p2p4/1p1Pn3/P2N2b1/2N5/1PPQ1PPP/R1B1R1K1","stockfishScores":{"bn":0.5001785714285715}},{"fenStr":"r2qr1k1/2p1bppp/p2p4/3Pn3/Pp1N2b1/2N5/1PPQ1PPP/R1B1R1K1","stockfishScores":{"wn":0.49851190476190477}},{"fenStr":"r2qr1k1/2p1bppp/p2p4/3Pn3/Pp1NN1b1/8/1PPQ1PPP/R1B1R1K1","stockfishScores":{"bn":0.5033333333333333}},{"fenStr":"rq2r1k1/2p1bppp/p2p4/3Pn3/Pp1NN1b1/8/1PPQ1PPP/R1B1R1K1","stockfishScores":{"wn":0.5019642857142858}},{"fenStr":"rq2r1k1/2p1bppp/p2p4/3Pn3/Pp1NNPb1/8/1PPQ2PP/R1B1R1K1","stockfishScores":{"bn":0.5027380952380952}},{"fenStr":"rq2r1k1/2p1bppp/p2p4/3P4/PpnNNPb1/8/1PPQ2PP/R1B1R1K1","stockfishScores":{"wn":0.49892857142857144}},{"fenStr":"rq2r1k1/2p1bppp/p2p4/3P4/PpnNNPb1/3Q4/1PP3PP/R1B1R1K1","stockfishScores":{"bn":0.5016071428571428}},{"fenStr":"rq2r1k1/2p1bppp/p2p4/n2P4/Pp1NNPb1/3Q4/1PP3PP/R1B1R1K1","stockfishScores":{"wn":0.5038690476190476}},{"fenStr":"rq2r1k1/2p1bppp/p2p4/n2P4/Pp1NNPb1/6Q1/1PP3PP/R1B1R1K1","stockfishScores":{"bn":0.5041071428571429}},{"fenStr":"rq2r1k1/2pbbppp/p2p4/n2P4/Pp1NNP2/6Q1/1PP3PP/R1B1R1K1","stockfishScores":{"wn":0.5039285714285714}},{"fenStr":"rq2r1k1/2pbbppp/p2p4/n2P4/Pp1NNP2/1P4Q1/2P3PP/R1B1R1K1","stockfishScores":{"bn":0.5059523809523809}},{"fenStr":"r2qr1k1/2pbbppp/p2p4/n2P4/Pp1NNP2/1P4Q1/2P3PP/R1B1R1K1","stockfishScores":{"wn":0.5077380952380952}},{"fenStr":"r2qr1k1/2pbbppp/p2p4/n2P4/Pp1NNP2/1P1Q4/2P3PP/R1B1R1K1","stockfishScores":{"bn":0.5041666666666667}},{"fenStr":"r2qr1k1/1npbbppp/p2p4/3P4/Pp1NNP2/1P1Q4/2P3PP/R1B1R1K1","stockfishScores":{"wn":0.5041071428571429}},{"fenStr":"r2qr1k1/1npbbppp/p2p4/3P4/Pp1NNP2/1P1Q4/1BP3PP/R3R1K1","stockfishScores":{"bn":0.5052380952380953}},{"fenStr":"r2qr1k1/2pbbppp/p2p4/2nP4/Pp1NNP2/1P1Q4/1BP3PP/R3R1K1","stockfishScores":{"wn":0.5024404761904762}},{"fenStr":"r2qr1k1/2pbbppp/p2p4/2NP4/Pp1N1P2/1P1Q4/1BP3PP/R3R1K1","stockfishScores":{"bn":0.5316666666666666}},{"fenStr":"r2qr1k1/2pbbppp/p7/2pP4/Pp1N1P2/1P1Q4/1BP3PP/R3R1K1","stockfishScores":{"wn":0.5019642857142858}},{"fenStr":"r2qr1k1/2pbbppp/p7/2pP4/Pp3P2/1P1Q1N2/1BP3PP/R3R1K1","stockfishScores":{"bn":0.5058928571428571}},{"fenStr":"r2qr1k1/2pbb1pp/p4p2/2pP4/Pp3P2/1P1Q1N2/1BP3PP/R3R1K1","stockfishScores":{"wn":0.5053571428571428}},{"fenStr":"r2qr1k1/2pbb1pp/p4p2/2pP4/Pp3P2/1P1Q1NP1/1BP4P/R3R1K1","stockfishScores":{"bn":0.5022619047619048}},{"fenStr":"r2qr1k1/2pb2pp/p2b1p2/2pP4/Pp3P2/1P1Q1NP1/1BP4P/R3R1K1","stockfishScores":{"wn":0.50125}},{"fenStr":"r2qr1k1/2pb2pp/p2b1p2/2pP4/Pp3P2/1P1Q1NP1/1BP2K1P/R3R3","stockfishScores":{"bn":0.498452380952381}},{"fenStr":"r1q1r1k1/2pb2pp/p2b1p2/2pP4/Pp3P2/1P1Q1NP1/1BP2K1P/R3R3","stockfishScores":{"wn":0.500297619047619}},{"fenStr":"r1q1r1k1/2pb2pp/p2b1p2/2pP4/Pp3P2/1P1Q2P1/1BPN1K1P/R3R3","stockfishScores":{"bn":0.49898809523809523}},{"fenStr":"r1q3k1/2pb2pp/p2b1p2/2pP4/Pp3P2/1P1Q2P1/1BPN1K1P/R3r3","stockfishScores":{"wn":0.4579761904761905}},{"fenStr":"r1q3k1/2pb2pp/p2b1p2/2pP4/Pp3P2/1P1Q2P1/1BPN1K1P/4R3","stockfishScores":{"bn":0.5025}},{"fenStr":"r1q1b1k1/2p3pp/p2b1p2/2pP4/Pp3P2/1P1Q2P1/1BPN1K1P/4R3","stockfishScores":{"wn":0.5031547619047619}},{"fenStr":"r1q1b1k1/2p3pp/p2b1p2/2pP4/PpP2P2/1P1Q2P1/1B1N1K1P/4R3","stockfishScores":{"bn":0.5041071428571429}},{"fenStr":"r1q1b1k1/2p3pp/p2b1p2/2pP4/P4P2/1PpQ2P1/1B1N1K1P/4R3","stockfishScores":{"wn":0.49333333333333335}},{"fenStr":"r1q1b1k1/2p3pp/p2b1p2/2pP4/P4P2/1PQ3P1/1B1N1K1P/4R3","stockfishScores":{"bn":0.5023809523809524}},{"fenStr":"r1q3k1/2p2bpp/p2b1p2/2pP4/P4P2/1PQ3P1/1B1N1K1P/4R3","stockfishScores":{"wn":0.4992857142857143}},{"fenStr":"r1q3k1/2p2bpp/p2b1p2/2pP4/P3NP2/1PQ3P1/1B3K1P/4R3","stockfishScores":{"bn":0.49910714285714286}},{"fenStr":"r1q3k1/2p3pp/p2b1p2/2pb4/P3NP2/1PQ3P1/1B3K1P/4R3","stockfishScores":{"wn":0.49404761904761907}},{"fenStr":"r1q3k1/2p3pp/p2b1N2/2pb4/P4P2/1PQ3P1/1B3K1P/4R3","stockfishScores":{"bn":0.5055952380952381}},{"fenStr":"r1q3k1/2p4p/p2b1p2/2pb4/P4P2/1PQ3P1/1B3K1P/4R3","stockfishScores":{"wn":0.4775}},{"fenStr":"r1q3k1/2p4p/p2b1Q2/2pb4/P4P2/1P4P1/1B3K1P/4R3","stockfishScores":{"bn":0.5033333333333333}},{"fenStr":"r5k1/2pq3p/p2b1Q2/2pb4/P4P2/1P4P1/1B3K1P/4R3","stockfishScores":{"wn":0.4992261904761905}},{"fenStr":"r5kQ/2pq3p/p2b4/2pb4/P4P2/1P4P1/1B3K1P/4R3","stockfishScores":{"bn":0.4776190476190476}},{"fenStr":"r6Q/2pq1k1p/p2b4/2pb4/P4P2/1P4P1/1B3K1P/4R3","stockfishScores":{"wn":0.49666666666666665}},{"fenStr":"r7/2pq1kQp/p2b4/2pb4/P4P2/1P4P1/1B3K1P/4R3","stockfishScores":{"bn":0.5004166666666666}}],"result":{"ww":true}}