{"fens":[{"fenStr":"rnbqkbnr/pppppppp/8/8/4P3/8/PPPP1PPP/RNBQKBNR","stockfishScores":{"bn":0.5049404761904762}},{"fenStr":"rnbqkbnr/pp1ppppp/8/2p5/4P3/8/PPPP1PPP/RNBQKBNR","stockfishScores":{"wn":0.5038095238095238}},{"fenStr":"rnbqkbnr/pp1ppppp/8/2p5/4P3/5N2/PPPP1PPP/RNBQKB1R","stockfishScores":{"bn":0.5058928571428571}},{"fenStr":"r1bqkbnr/pp1ppppp/2n5/2p5/4P3/5N2/PPPP1PPP/RNBQKB1R","stockfishScores":{"wn":0.5025}},{"fenStr":"r1bqkbnr/pp1ppppp/2n5/2p5/3PP3/5N2/PPP2PPP/RNBQKB1R","stockfishScores":{"bn":0.5116666666666667}},{"fenStr":"r1bqkbnr/pp1ppppp/2n5/8/3pP3/5N2/PPP2PPP/RNBQKB1R","stockfishScores":{"wn":0.4961309523809524}},{"fenStr":"r1bqkbnr/pp1ppppp/2n5/8/3NP3/8/PPP2PPP/RNBQKB1R","stockfishScores":{"bn":0.5067261904761905}},{"fenStr":"r1bqkbnr/pp1p1ppp/2n5/4p3/3NP3/8/PPP2PPP/RNBQKB1R","stockfishScores":{"wn":0.4975}},{"fenStr":"r1bqkbnr/pp1p1ppp/2n5/1N2p3/4P3/8/PPP2PPP/RNBQKB1R","stockfishScores":{"bn":0.5056547619047619}},{"fenStr":"r1bqkbnr/pp3ppp/2np4/1N2p3/4P3/8/PPP2PPP/RNBQKB1R","stockfishScores":{"wn":0.5044047619047619}},{"fenStr":"r1bqkbnr/pp3ppp/2np4/1N2p3/2P1P3/8/PP3PPP/RNBQKB1R","stockfishScores":{"bn":0.5024404761904762}},{"fenStr":"r1bqk1nr/pp2bppp/2np4/1N2p3/2P1P3/8/PP3PPP/RNBQKB1R","stockfishScores":{"wn":0.5023809523809524}},{"fenStr":"r1bqk1nr/pp2bppp/2np4/4p3/2P1P3/2N5/PP3PPP/RNBQKB1R","stockfishScores":{"bn":0.5013690476190477}},{"fenStr":"r1bqk1nr/pp2b1pp/2np4/4pp2/2P1P3/2N5/PP3PPP/RNBQKB1R","stockfishScores":{"wn":0.5067857142857143}},{"fenStr":"r1bqk1nr/pp2b1pp/2np4/4pP2/2P5/2N5/PP3PPP/RNBQKB1R","stockfishScores":{"bn":0.5142261904761904}},{"fenStr":"r2qk1nr/pp2b1pp/2np4/4pb2/2P5/2N5/PP3PPP/RNBQKB1R","stockfishScores":{"wn":0.505}},{"fenStr":"r2qk1nr/pp2b1pp/2np4/4pb2/2P5/2NB4/PP3PPP/RNBQK2R","stockfishScores":{"bn":0.5026785714285714}},{"fenStr":"r2qk1nr/pp2b1pp/2npb3/4p3/2P5/2NB4/PP3PPP/RNBQK2R","stockfishScores":{"wn":0.5014285714285714}},{"fenStr":"r2qk1nr/pp2b1pp/2npb3/4p3/2P5/2NB4/PP3PPP/RNBQ1RK1","stockfishScores":{"bn":0.5108333333333334}},{"fenStr":"r2qk2r/pp2b1pp/2npbn2/4p3/2P5/2NB4/PP3PPP/RNBQ1RK1","stockfishScores":{"wn":0.504702380952381}},{"fenStr":"r2qk2r/pp2b1pp/2npbn2/4p1B1/2P5/2NB4/PP3PPP/RN1Q1RK1","stockfishScores":{"bn":0.5058928571428571}},{"fenStr":"r2q1rk1/pp2b1pp/2npbn2/4p1B1/2P5/2NB4/PP3PPP/RN1Q1RK1","stockfishScores":{"wn":0.4963095238095238}},{"fenStr":"r2q1rk1/pp2b1pp/2npbn2/4p1B1/2P5/2NB4/PP1N1PPP/R2Q1RK1","stockfishScores":{"bn":0.49916666666666665}},{"fenStr":"2rq1rk1/pp2b1pp/2npbn2/4p1B1/2P5/2NB4/PP1N1PPP/R2Q1RK1","stockfishScores":{"wn":0.4992857142857143}},{"fenStr":"2rq1rk1/pp2b1pp/2npbn2/4p1B1/2P5/2NB4/PP1N1PPP/2RQ1RK1","stockfishScores":{"bn":0.4988690476190476}},{"fenStr":"2rq1rk1/pp2b2p/2npbnp1/4p1B1/2P5/2NB4/PP1N1PPP/2RQ1RK1","stockfishScores":{"wn":0.5033928571428572}},{"fenStr":"2rq1rk1/pp2b2p/2npbBp1/4p3/2P5/2NB4/PP1N1PPP/2RQ1RK1","stockfishScores":{"bn":0.5273809523809524}},{"fenStr":"2rq1rk1/pp5p/2npbbp1/4p3/2P5/2NB4/PP1N1PPP/2RQ1RK1","stockfishScores":{"wn":0.4980357142857143}},{"fenStr":"2rq1rk1/pp5p/2npbbp1/4p3/2P1N3/2NB4/PP3PPP/2RQ1RK1","stockfishScores":{"bn":0.5028571428571429}},{"fenStr":"2rq1rk1/pp4bp/2npb1p1/4p3/2P1N3/2NB4/PP3PPP/2RQ1RK1","stockfishScores":{"wn":0.49970238095238095}},{"fenStr":"2rq1rk1/pp4bp/2npb1p1/1N2p3/2P1N3/3B4/PP3PPP/2RQ1RK1","stockfishScores":{"bn":0.4961904761904762}},{"fenStr":"2rq1rk1/pp4bp/2n1b1p1/1N1pp3/2P1N3/3B4/PP3PPP/2RQ1RK1","stockfishScores":{"wn":0.48857142857142855}},{"fenStr":"2rq1rk1/pp4bp/2n1b1p1/1NNpp3/2P5/3B4/PP3PPP/2RQ1RK1","stockfishScores":{"bn":0.49375}},{"fenStr":"2rq1rk1/pp3bbp/2n3p1/1NNpp3/2P5/3B4/PP3PPP/2RQ1RK1","stockfishScores":{"wn":0.49404761904761907}},{"fenStr":"2rq1rk1/pN3bbp/2n3p1/1N1pp3/2P5/3B4/PP3PPP/2RQ1RK1","stockfishScores":{"bn":0.4980357142857143}},{"fenStr":"2r2rk1/pN2qbbp/2n3p1/1N1pp3/2P5/3B4/PP3PPP/2RQ1RK1","stockfishScores":{"wn":0.4945833333333333}},{"fenStr":"2r2rk1/p3qbbp/2nN2p1/1N1pp3/2P5/3B4/PP3PPP/2RQ1RK1","stockfishScores":{"bn":0.5039880952380953}},{"fenStr":"2r2rk1/p3qbbp/2nN2p1/1N1p4/2P1p3/3B4/PP3PPP/2RQ1RK1","stockfishScores":{"wn":0.49785714285714283}},{"fenStr":"2N2rk1/p3qbbp/2n3p1/1N1p4/2P1p3/3B4/PP3PPP/2RQ1RK1","stockfishScores":{"bn":0.5230952380952381}},{"fenStr":"2r3k1/p3qbbp/2n3p1/1N1p4/2P1p3/3B4/PP3PPP/2RQ1RK1","stockfishScores":{"wn":0.5024404761904762}},{"fenStr":"2r3k1/p3qbbp/2n3p1/1N1P4/4p3/3B4/PP3PPP/2RQ1RK1","stockfishScores":{"bn":0.5169047619047619}},{"fenStr":"2r3k1/p3qbbp/2n3p1/1N1P4/8/3p4/PP3PPP/2RQ1RK1","stockfishScores":{"wn":0.49297619047619046}},{"fenStr":"2r3k1/p3qbbp/2R3p1/1N1P4/8/3p4/PP3PPP/3Q1RK1","stockfishScores":{"bn":0.5251785714285714}},{"fenStr":"3r2k1/p3qbbp/2R3p1/1N1P4/8/3p4/PP3PPP/3Q1RK1","stockfishScores":{"wn":0.5207142857142857}},{"fenStr":"3r2k1/p3qbbp/2R3p1/1N1P4/8/3Q4/PP3PPP/5RK1","stockfishScores":{"bn":0.5264880952380953}},{"fenStr":"6k1/p3qbbp/2R3p1/1N1r4/8/3Q4/PP3PPP/5RK1","stockfishScores":{"wn":0.5152976190476191}},{"fenStr":"2R3k1/p3qbbp/6p1/1N1r4/8/3Q4/PP3PPP/5RK1","stockfishScores":{"bn":0.5096428571428572}},{"fenStr":"2R2bk1/p3qb1p/6p1/1N1r4/8/3Q4/PP3PPP/5RK1","stockfishScores":{"wn":0.5178571428571429}},{"fenStr":"2R2bk1/p3qb1p/6p1/1N1r4/8/Q7/PP3PPP/5RK1","stockfishScores":{"bn":0.5192857142857142}},{"fenStr":"2R2bk1/p4b1p/6p1/1N1r4/8/q7/PP3PPP/5RK1","stockfishScores":{"wn":0.44452380952380954}},{"fenStr":"2R2bk1/p4b1p/6p1/3r4/8/N7/PP3PPP/5RK1","stockfishScores":{"bn":0.5236309523809524}},{"fenStr":"2R2bk1/p4b1p/6p1/8/8/N7/PP1r1PPP/5RK1","stockfishScores":{"wn":0.5178571428571429}},{"fenStr":"5bk1/p4b1p/6p1/8/8/N7/PPRr1PPP/5RK1","stockfishScores":{"bn":0.5132142857142857}},{"fenStr":"5bk1/p2r1b1p/6p1/8/8/N7/PPR2PPP/5RK1","stockfishScores":{"wn":0.5158333333333334}},{"fenStr":"5bk1/p2r1b1p/6p1/8/2N5/8/PPR2PPP/5RK1","stockfishScores":{"bn":0.5177380952380952}},{"fenStr":"6k1/p2r1bbp/6p1/8/2N5/8/PPR2PPP/5RK1","stockfishScores":{"wn":0.5178571428571429}},{"fenStr":"6k1/p2r1bbp/6p1/8/2N5/1P6/P1R2PPP/5RK1","stockfishScores":{"bn":0.518154761904762}},{"fenStr":"6k1/p2r2bp/4b1p1/8/2N5/1P6/P1R2PPP/5RK1","stockfishScores":{"wn":0.5180357142857143}},{"fenStr":"6k1/p2r2bp/4b1p1/8/2N5/1P5P/P1R2PP1/5RK1","stockfishScores":{"bn":0.517797619047619}},{"fenStr":"6k1/p2r3p/4b1pb/8/2N5/1P5P/P1R2PP1/5RK1","stockfishScores":{"wn":0.5204166666666666}},{"fenStr":"6k1/p2r3p/4b1pb/8/2N5/1P5P/P1R2PP1/4R1K1","stockfishScores":{"bn":0.5251785714285714}},{"fenStr":"6k1/p2r3p/6pb/5b2/2N5/1P5P/P1R2PP1/4R1K1","stockfishScores":{"wn":0.5222619047619048}},{"fenStr":"6k1/p2r3p/6pb/5b2/2N5/1P5P/P3RPP1/4R1K1","stockfishScores":{"bn":0.5267857142857143}},{"fenStr":"6k1/p2r3p/6p1/5bb1/2N5/1P5P/P3RPP1/4R1K1","stockfishScores":{"wn":0.5270833333333333}},{"fenStr":"6k1/p2r3p/6p1/4Rbb1/2N5/1P5P/P4PP1/4R1K1","stockfishScores":{"bn":0.5257738095238095}},{"fenStr":"6k1/p2r3p/5bp1/4Rb2/2N5/1P5P/P4PP1/4R1K1","stockfishScores":{"wn":0.5233333333333333}},{"fenStr":"4R1k1/p2r3p/5bp1/5b2/2N5/1P5P/P4PP1/4R1K1","stockfishScores":{"bn":0.5263690476190476}},{"fenStr":"4R3/p2r2kp/5bp1/5b2/2N5/1P5P/P4PP1/4R1K1","stockfishScores":{"wn":0.5257142857142857}},{"fenStr":"4R3/p2r2kp/5bp1/5b2/8/1P2N2P/P4PP1/4R1K1","stockfishScores":{"bn":0.5241666666666667}},{"fenStr":"4R3/p2r2kp/5bp1/8/8/1P1bN2P/P4PP1/4R1K1","stockfishScores":{"wn":0.5223214285714286}},{"fenStr":"4R3/p2r2kp/5bp1/8/6N1/1P1b3P/P4PP1/4R1K1","stockfishScores":{"bn":0.5251785714285714}},{"fenStr":"4R3/p2r2k1/5bp1/7p/6N1/1P1b3P/P4PP1/4R1K1","stockfishScores":{"wn":0.5241071428571429}},{"fenStr":"6R1/p2r2k1/5bp1/7p/6N1/1P1b3P/P4PP1/4R1K1","stockfishScores":{"bn":0.5163690476190477}},{"fenStr":"6R1/p2r1k2/5bp1/7p/6N1/1P1b3P/P4PP1/4R1K1","stockfishScores":{"wn":0.5261309523809524}},{"fenStr":"6R1/p2r1k2/5bpN/7p/8/1P1b3P/P4PP1/4R1K1","stockfishScores":{"bn":0.5198214285714285}}],"result":{"ww":true}}