{"fens":[{"fenStr":"rnbqkbnr/pppppppp/8/8/4P3/8/PPPP1PPP/RNBQKBNR","stockfishScores":{"bn":0.5049404761904762}},{"fenStr":"rnbqkbnr/pp1ppppp/8/2p5/4P3/8/PPPP1PPP/RNBQKBNR","stockfishScores":{"wn":0.5038095238095238}},{"fenStr":"rnbqkbnr/pp1ppppp/8/2p5/4P3/5N2/PPPP1PPP/RNBQKB1R","stockfishScores":{"bn":0.5058928571428571}},{"fenStr":"rnbqkbnr/pp2pppp/3p4/2p5/4P3/5N2/PPPP1PPP/RNBQKB1R","stockfishScores":{"wn":0.5020833333333333}},{"fenStr":"rnbqkbnr/pp2pppp/3p4/2p5/3PP3/5N2/PPP2PPP/RNBQKB1R","stockfishScores":{"bn":0.5076785714285714}},{"fenStr":"rnbqkbnr/pp2pppp/3p4/8/3pP3/5N2/PPP2PPP/RNBQKB1R","stockfishScores":{"wn":0.4976190476190476}},{"fenStr":"rnbqkbnr/pp2pppp/3p4/8/3NP3/8/PPP2PPP/RNBQKB1R","stockfishScores":{"bn":0.51}},{"fenStr":"rnbqkb1r/pp2pppp/3p1n2/8/3NP3/8/PPP2PPP/RNBQKB1R","stockfishScores":{"wn":0.5031547619047619}},{"fenStr":"rnbqkb1r/pp2pppp/3p1n2/8/3NP3/2N5/PPP2PPP/R1BQKB1R","stockfishScores":{"bn":0.5076190476190476}},{"fenStr":"rnbqkb1r/1p2pppp/p2p1n2/8/3NP3/2N5/PPP2PPP/R1BQKB1R","stockfishScores":{"wn":0.5050595238095238}},{"fenStr":"rnbqkb1r/1p2pppp/p2p1n2/8/3NP3/2N5/PPP1BPPP/R1BQK2R","stockfishScores":{"bn":0.5053571428571428}},{"fenStr":"rnbqkb1r/1p3ppp/p2p1n2/4p3/3NP3/2N5/PPP1BPPP/R1BQK2R","stockfishScores":{"wn":0.5011309523809524}},{"fenStr":"rnbqkb1r/1p3ppp/p2p1n2/4p3/4P3/1NN5/PPP1BPPP/R1BQK2R","stockfishScores":{"bn":0.503452380952381}},{"fenStr":"rnbqk2r/1p2bppp/p2p1n2/4p3/4P3/1NN5/PPP1BPPP/R1BQK2R","stockfishScores":{"wn":0.5040476190476191}},{"fenStr":"rnbqk2r/1p2bppp/p2p1n2/4p1B1/4P3/1NN5/PPP1BPPP/R2QK2R","stockfishScores":{"bn":0.5047619047619047}},{"fenStr":"rn1qk2r/1p2bppp/p2pbn2/4p1B1/4P3/1NN5/PPP1BPPP/R2QK2R","stockfishScores":{"wn":0.5016666666666667}},{"fenStr":"rn1qk2r/1p2bppp/p2pbB2/4p3/4P3/1NN5/PPP1BPPP/R2QK2R","stockfishScores":{"bn":0.5274404761904762}},{"fenStr":"rn1qk2r/1p3ppp/p2pbb2/4p3/4P3/1NN5/PPP1BPPP/R2QK2R","stockfishScores":{"wn":0.5001190476190476}},{"fenStr":"rn1qk2r/1p3ppp/p2pbb2/4p3/4P3/1NNQ4/PPP1BPPP/R3K2R","stockfishScores":{"bn":0.5008928571428571}},{"fenStr":"rn1q1rk1/1p3ppp/p2pbb2/4p3/4P3/1NNQ4/PPP1BPPP/R3K2R","stockfishScores":{"wn":0.48928571428571427}},{"fenStr":"rn1q1rk1/1p3ppp/p2pbb2/4p3/4P3/1NNQ4/PPP1BPPP/2KR3R","stockfishScores":{"bn":0.49964285714285717}},{"fenStr":"rn3rk1/1p3ppp/pq1pbb2/4p3/4P3/1NNQ4/PPP1BPPP/2KR3R","stockfishScores":{"wn":0.4986904761904762}},{"fenStr":"rn3rk1/1p3ppp/pq1pbb2/4p3/4P3/1NNQ4/PPP1BPPP/2KR1R2","stockfishScores":{"bn":0.49970238095238095}},{"fenStr":"r4rk1/1p3ppp/pqnpbb2/4p3/4P3/1NNQ4/PPP1BPPP/2KR1R2","stockfishScores":{"wn":0.49535714285714283}},{"fenStr":"r4rk1/1p3ppp/pqnQbb2/4p3/4P3/1NN5/PPP1BPPP/2KR1R2","stockfishScores":{"bn":0.49773809523809526}},{"fenStr":"r4rk1/1p3ppp/pqnQ1b2/4p3/4P3/1bN5/PPP1BPPP/2KR1R2","stockfishScores":{"wn":0.4758928571428571}},{"fenStr":"r4rk1/1p3ppp/pqnQ1b2/4p3/4P3/1PN5/1PP1BPPP/2KR1R2","stockfishScores":{"bn":0.5033333333333333}},{"fenStr":"3r1rk1/1p3ppp/pqnQ1b2/4p3/4P3/1PN5/1PP1BPPP/2KR1R2","stockfishScores":{"wn":0.4968452380952381}},{"fenStr":"3r1rk1/1p3ppp/pqn2b2/4p3/4P3/QPN5/1PP1BPPP/2KR1R2","stockfishScores":{"bn":0.49857142857142855}},{"fenStr":"3r1rk1/1p2bppp/pqn5/4p3/4P3/QPN5/1PP1BPPP/2KR1R2","stockfishScores":{"wn":0.4923214285714286}},{"fenStr":"3r1rk1/1p2bppp/pqn5/4p3/Q3P3/1PN5/1PP1BPPP/2KR1R2","stockfishScores":{"bn":0.49541666666666667}},{"fenStr":"3r1rk1/1p2bppp/pq6/4p3/Q2nP3/1PN5/1PP1BPPP/2KR1R2","stockfishScores":{"wn":0.4780952380952381}},{"fenStr":"3r1rk1/1p2bppp/pq6/4p3/Q2nP3/1PNB4/1PP2PPP/2KR1R2","stockfishScores":{"bn":0.48125}},{"fenStr":"3r1rk1/1p2bppp/p6q/4p3/Q2nP3/1PNB4/1PP2PPP/2KR1R2","stockfishScores":{"wn":0.47970238095238094}},{"fenStr":"3r1rk1/1p2bppp/p6q/4p3/Q2nP3/1PNB4/1PP2PPP/1K1R1R2","stockfishScores":{"bn":0.4939880952380952}},{"fenStr":"3r1rk1/1p2bppp/p7/4p3/Q2nP3/1PNB4/1PP2PPq/1K1R1R2","stockfishScores":{"wn":0.49476190476190474}},{"fenStr":"3r1rk1/1p2bppp/p7/3Np3/Q2nP3/1P1B4/1PP2PPq/1K1R1R2","stockfishScores":{"bn":0.5067261904761905}},{"fenStr":"3r1rk1/1p3ppp/p7/3Np1b1/Q2nP3/1P1B4/1PP2PPq/1K1R1R2","stockfishScores":{"wn":0.5010714285714286}},{"fenStr":"3r1rk1/1p3ppp/p7/3Np1b1/Q2nP3/1P1B4/1PP2PPq/1K1R3R","stockfishScores":{"bn":0.5070238095238095}},{"fenStr":"3r1rk1/1p3ppp/p7/3Np1b1/Q2nP3/1P1B4/1PP2Pq1/1K1R3R","stockfishScores":{"wn":0.49839285714285714}},{"fenStr":"3r1rk1/1p3ppp/p7/3Np1b1/Q2nP3/1P1B4/1PP2Pq1/1K4RR","stockfishScores":{"bn":0.5045238095238095}},{"fenStr":"3r1rk1/1p3ppp/p7/3Np1b1/Q2nP3/1P1B1q2/1PP2P2/1K4RR","stockfishScores":{"wn":0.49976190476190474}},{"fenStr":"3r1rk1/1p3ppp/p7/3Np1b1/Q2nP3/1P1B1q2/1PP2P1R/1K4R1","stockfishScores":{"bn":0.49952380952380954}},{"fenStr":"3r1rk1/1p3ppp/p3n3/3Np1b1/Q3P3/1P1B1q2/1PP2P1R/1K4R1","stockfishScores":{"wn":0.4973214285714286}},{"fenStr":"3r1rk1/1p3ppp/p3n3/3Np1b1/1Q2P3/1P1B1q2/1PP2P1R/1K4R1","stockfishScores":{"bn":0.5025}},{"fenStr":"3r1rk1/1p3pp1/p3n2p/3Np1b1/1Q2P3/1P1B1q2/1PP2P1R/1K4R1","stockfishScores":{"wn":0.49773809523809526}},{"fenStr":"3r1rk1/1p3pp1/p3n2p/3Np1b1/4P3/1P1B1q2/1PP2P1R/1K2Q1R1","stockfishScores":{"bn":0.49464285714285716}},{"fenStr":"5rk1/1p3pp1/p3n2p/3rp1b1/4P3/1P1B1q2/1PP2P1R/1K2Q1R1","stockfishScores":{"wn":0.47327380952380954}},{"fenStr":"5rk1/1p3pp1/p3n2p/3Pp1b1/8/1P1B1q2/1PP2P1R/1K2Q1R1","stockfishScores":{"bn":0.5077380952380952}},{"fenStr":"5rk1/1p3pp1/p3n2p/3qp1b1/8/1P1B4/1PP2P1R/1K2Q1R1","stockfishScores":{"wn":0.5004761904761905}},{"fenStr":"5rk1/1p3pp1/p3n2p/3qp1b1/2B5/1P6/1PP2P1R/1K2Q1R1","stockfishScores":{"bn":0.49964285714285717}},{"fenStr":"5rk1/1p3pp1/p2qn2p/4p1b1/2B5/1P6/1PP2P1R/1K2Q1R1","stockfishScores":{"wn":0.49547619047619046}},{"fenStr":"5rk1/1p3pp1/p2qn2p/4p1b1/2B1Q3/1P6/1PP2P1R/1K4R1","stockfishScores":{"bn":0.49720238095238095}},{"fenStr":"5rk1/1p3pp1/p2q3p/2n1p1b1/2B1Q3/1P6/1PP2P1R/1K4R1","stockfishScores":{"wn":0.4976785714285714}},{"fenStr":"5rk1/1p3pp1/p2q3p/2n1pQb1/2B5/1P6/1PP2P1R/1K4R1","stockfishScores":{"bn":0.4990476190476191}},{"fenStr":"5rk1/5pp1/p2q3p/1pn1pQb1/2B5/1P6/1PP2P1R/1K4R1","stockfishScores":{"wn":0.4969642857142857}},{"fenStr":"5rk1/5pp1/p2q3p/1pn1pQR1/2B5/1P6/1PP2P1R/1K6","stockfishScores":{"bn":0.5271428571428571}},{"fenStr":"5rk1/5pp1/p2q3p/2n1pQR1/2p5/1P6/1PP2P1R/1K6","stockfishScores":{"wn":0.49648809523809523}},{"fenStr":"5rk1/5pp1/p2q3p/2n1pQR1/1Pp5/8/1PP2P1R/1K6","stockfishScores":{"bn":0.4955357142857143}},{"fenStr":"5rk1/5pp1/p2qn2p/4pQR1/1Pp5/8/1PP2P1R/1K6","stockfishScores":{"wn":0.4836309523809524}},{"fenStr":"5rk1/5pp1/p2qn2p/4pQ2/1Pp5/8/1PP2P1R/1K4R1","stockfishScores":{"bn":0.49470238095238095}},{"fenStr":"5rk1/5pp1/p2q3p/4pQ2/1Ppn4/8/1PP2P1R/1K4R1","stockfishScores":{"wn":0.4951785714285714}},{"fenStr":"5rk1/5pp1/p2q3p/4p3/1Ppn2Q1/8/1PP2P1R/1K4R1","stockfishScores":{"bn":0.518154761904762}},{"fenStr":"5rk1/5pp1/p4q1p/4p3/1Ppn2Q1/8/1PP2P1R/1K4R1","stockfishScores":{"wn":0.5013690476190477}},{"fenStr":"5rk1/5pp1/p4q1p/4p3/1Ppn2Q1/8/1PP2PR1/1K4R1","stockfishScores":{"bn":0.5001190476190476}},{"fenStr":"5rk1/5p2/p4qpp/4p3/1Ppn2Q1/8/1PP2PR1/1K4R1","stockfishScores":{"wn":0.49601190476190476}},{"fenStr":"5rk1/5p2/p4qpp/4p3/1PpnQ3/8/1PP2PR1/1K4R1","stockfishScores":{"bn":0.5001190476190476}},{"fenStr":"5r2/5pk1/p4qpp/4p3/1PpnQ3/8/1PP2PR1/1K4R1","stockfishScores":{"wn":0.49952380952380954}},{"fenStr":"5r2/5pk1/p4qpp/4p3/1PpnQ3/8/1PP2PR1/1K1R4","stockfishScores":{"bn":0.4973214285714286}},{"fenStr":"5r2/5pk1/p4qpp/4p3/1P1nQ3/2p5/1PP2PR1/1K1R4","stockfishScores":{"wn":0.4975}},{"fenStr":"5r2/5pk1/p4qpp/4p3/1P1nQ3/2P5/2P2PR1/1K1R4","stockfishScores":{"bn":0.5067261904761905}},{"fenStr":"5r2/5pk1/p4qpp/1n2p3/1P2Q3/2P5/2P2PR1/1K1R4","stockfishScores":{"wn":0.49898809523809523}},{"fenStr":"5r2/5pk1/p4qpp/1n2p3/1P2Q3/2PR4/2P2PR1/1K6","stockfishScores":{"bn":0.5017857142857143}},{"fenStr":"2r5/5pk1/p4qpp/1n2p3/1P2Q3/2PR4/2P2PR1/1K6","stockfishScores":{"wn":0.49892857142857144}},{"fenStr":"2r5/5pk1/p4qpp/1n2p3/1P2Q3/2PR4/1KP2PR1/8","stockfishScores":{"bn":0.5031547619047619}},{"fenStr":"2r5/5pk1/p2n1qpp/4p3/1P2Q3/2PR4/1KP2PR1/8","stockfishScores":{"wn":0.49851190476190477}},{"fenStr":"2r5/5pk1/p2n1qpp/3Qp3/1P6/2PR4/1KP2PR1/8","stockfishScores":{"bn":0.5028571428571429}},{"fenStr":"2r5/5pk1/p2n1qpp/3Q4/1P2p3/2PR4/1KP2PR1/8","stockfishScores":{"wn":0.4970833333333333}},{"fenStr":"2r5/5pk1/p2n1qpp/3Q4/1P2p3/2P3R1/1KP2PR1/8","stockfishScores":{"bn":0.49273809523809525}},{"fenStr":"2r5/5pk1/p4qpp/3Q1n2/1P2p3/2P3R1/1KP2PR1/8","stockfishScores":{"wn":0.49714285714285716}},{"fenStr":"2r5/3Q1pk1/p4qpp/5n2/1P2p3/2P3R1/1KP2PR1/8","stockfishScores":{"bn":0.49648809523809523}},{"fenStr":"2r5/3Qnpk1/p4qpp/8/1P2p3/2P3R1/1KP2PR1/8","stockfishScores":{"wn":0.5017857142857143}},{"fenStr":"2r5/4npk1/p4qpp/8/1P1Qp3/2P3R1/1KP2PR1/8","stockfishScores":{"bn":0.5103571428571428}},{"fenStr":"2r5/4npk1/p5pp/8/1P1qp3/2P3R1/1KP2PR1/8","stockfishScores":{"wn":0.42839285714285713}},{"fenStr":"2r5/4npk1/p5pp/8/1P1Pp3/6R1/1KP2PR1/8","stockfishScores":{"bn":0.5073809523809524}},{"fenStr":"2r5/5pk1/p5pp/5n2/1P1Pp3/6R1/1KP2PR1/8","stockfishScores":{"wn":0.5039285714285714}},{"fenStr":"2r5/5pk1/p5pp/5n2/1P1Pp3/2R5/1KP2PR1/8","stockfishScores":{"bn":0.507797619047619}},{"fenStr":"3r4/5pk1/p5pp/5n2/1P1Pp3/2R5/1KP2PR1/8","stockfishScores":{"wn":0.5064880952380952}},{"fenStr":"3r4/5pk1/p1R3pp/5n2/1P1Pp3/8/1KP2PR1/8","stockfishScores":{"bn":0.5088690476190476}},{"fenStr":"8/5pk1/p1R3pp/5n2/1P1rp3/8/1KP2PR1/8","stockfishScores":{"wn":0.50375}},{"fenStr":"8/5pk1/p1R3pp/5n2/1P1rp3/2K5/2P2PR1/8","stockfishScores":{"bn":0.504702380952381}},{"fenStr":"8/5pk1/p1R3pp/5n2/1P2p3/2K5/2P2PR1/3r4","stockfishScores":{"wn":0.5044642857142857}},{"fenStr":"8/5pk1/R5pp/5n2/1P2p3/2K5/2P2PR1/3r4","stockfishScores":{"bn":0.5117261904761905}},{"fenStr":"8/5pk1/R5p1/5n1p/1P2p3/2K5/2P2PR1/3r4","stockfishScores":{"wn":0.5091071428571429}},{"fenStr":"8/5pk1/R5p1/1P3n1p/4p3/2K5/2P2PR1/3r4","stockfishScores":{"bn":0.5125}},{"fenStr":"8/5pk1/R5p1/1P3n1p/4p3/2K5/2P2PR1/1r6","stockfishScores":{"wn":0.5089285714285714}},{"fenStr":"8/5pk1/RP4p1/5n1p/4p3/2K5/2P2PR1/1r6","stockfishScores":{"bn":0.5108333333333334}},{"fenStr":"8/5pk1/RP4p1/5n2/4p2p/2K5/2P2PR1/1r6","stockfishScores":{"wn":0.5089285714285714}},{"fenStr":"8/5pk1/1P4p1/5n2/R3p2p/2K5/2P2PR1/1r6","stockfishScores":{"bn":0.5095238095238095}},{"fenStr":"8/5pk1/1r4p1/5n2/R3p2p/2K5/2P2PR1/8","stockfishScores":{"wn":0.4942261904761905}},{"fenStr":"8/5pk1/1r4p1/5n2/4R2p/2K5/2P2PR1/8","stockfishScores":{"bn":0.4992261904761905}},{"fenStr":"8/5p2/1r4pk/5n2/4R2p/2K5/2P2PR1/8","stockfishScores":{"wn":0.5010714285714286}},{"fenStr":"8/5p2/1r4pk/5n2/1R5p/2K5/2P2PR1/8","stockfishScores":{"bn":0.5014285714285714}},{"fenStr":"8/5p2/4r1pk/5n2/1R5p/2K5/2P2PR1/8","stockfishScores":{"wn":0.5020833333333333}},{"fenStr":"8/5p2/4r1pk/5n2/1R5p/3K4/2P2PR1/8","stockfishScores":{"bn":0.5001785714285715}},{"fenStr":"8/5p2/3r2pk/5n2/1R5p/3K4/2P2PR1/8","stockfishScores":{"wn":0.5025595238095238}},{"fenStr":"8/5p2/3r2pk/5n2/1R2K2p/8/2P2PR1/8","stockfishScores":{"bn":0.4976785714285714}},{"fenStr":"8/5p2/6pk/5n2/1R2K2p/8/2Pr1PR1/8","stockfishScores":{"wn":0.4938690476190476}},{"fenStr":"8/5p2/6pk/5n2/1RP1K2p/8/3r1PR1/8","stockfishScores":{"bn":0.4963690476190476}},{"fenStr":"8/5p2/6pk/5n2/1RPrK2p/8/5PR1/8","stockfishScores":{"wn":0.5026190476190476}},{"fenStr":"8/5p2/6pk/4Kn2/1RPr3p/8/5PR1/8","stockfishScores":{"bn":0.5018452380952381}},{"fenStr":"8/5pk1/6p1/4Kn2/1RPr3p/8/5PR1/8","stockfishScores":{"wn":0.5004166666666666}},{"fenStr":"8/5pk1/6p1/4Kn2/1RPr3p/5P2/6R1/8","stockfishScores":{"bn":0.5025}},{"fenStr":"8/6k1/5pp1/4Kn2/1RPr3p/5P2/6R1/8","stockfishScores":{"wn":0.502797619047619}},{"fenStr":"8/6k1/4Kpp1/5n2/1RPr3p/5P2/6R1/8","stockfishScores":{"bn":0.5008928571428571}},{"fenStr":"8/6k1/3rKpp1/5n2/1RP4p/5P2/6R1/8","stockfishScores":{"wn":0.5025595238095238}}],"result":{"bw":true}}