{"fens":[{"fenStr":"rnbqkbnr/pppppppp/8/8/2P5/8/PP1PPPPP/RNBQKBNR","stockfishScores":{"bn":0.5016666666666667}},{"fenStr":"rnbqkbnr/pp1ppppp/2p5/8/2P5/8/PP1PPPPP/RNBQKBNR","stockfishScores":{"wn":0.50125}},{"fenStr":"rnbqkbnr/pp1ppppp/2p5/8/2P5/5N2/PP1PPPPP/RNBQKB1R","stockfishScores":{"bn":0.5045238095238095}},{"fenStr":"rnbqkbnr/pp2pppp/2p5/3p4/2P5/5N2/PP1PPPPP/RNBQKB1R","stockfishScores":{"wn":0.49785714285714283}},{"fenStr":"rnbqkbnr/pp2pppp/2p5/3p4/2P5/5NP1/PP1PPP1P/RNBQKB1R","stockfishScores":{"bn":0.498452380952381}},{"fenStr":"rnbqkb1r/pp2pppp/2p2n2/3p4/2P5/5NP1/PP1PPP1P/RNBQKB1R","stockfishScores":{"wn":0.49535714285714283}},{"fenStr":"rnbqkb1r/pp2pppp/2p2n2/3p4/2P5/5NP1/PP1PPPBP/RNBQK2R","stockfishScores":{"bn":0.49642857142857144}},{"fenStr":"rnbqkb1r/pp2pppp/2p2n2/8/2p5/5NP1/PP1PPPBP/RNBQK2R","stockfishScores":{"wn":0.4922619047619048}},{"fenStr":"rnbqkb1r/pp2pppp/2p2n2/8/2p5/5NP1/PP1PPPBP/RNBQ1RK1","stockfishScores":{"bn":0.5001785714285715}},{"fenStr":"r1bqkb1r/pp1npppp/2p2n2/8/2p5/5NP1/PP1PPPBP/RNBQ1RK1","stockfishScores":{"wn":0.5008333333333334}},{"fenStr":"r1bqkb1r/pp1npppp/2p2n2/8/2p5/5NP1/PPQPPPBP/RNB2RK1","stockfishScores":{"bn":0.5026785714285714}},{"fenStr":"r1bqkb1r/pp2pppp/1np2n2/8/2p5/5NP1/PPQPPPBP/RNB2RK1","stockfishScores":{"wn":0.49964285714285717}},{"fenStr":"r1bqkb1r/pp2pppp/1np2n2/8/2p5/N4NP1/PPQPPPBP/R1B2RK1","stockfishScores":{"bn":0.4992857142857143}},{"fenStr":"r2qkb1r/pp2pppp/1np1bn2/8/2p5/N4NP1/PPQPPPBP/R1B2RK1","stockfishScores":{"wn":0.4995833333333333}},{"fenStr":"r2qkb1r/pp2pppp/1np1bn2/8/2p5/NP3NP1/P1QPPPBP/R1B2RK1","stockfishScores":{"bn":0.5013095238095238}},{"fenStr":"r2qkb1r/pp2pppp/1np1bn2/8/8/Np3NP1/P1QPPPBP/R1B2RK1","stockfishScores":{"wn":0.48601190476190476}},{"fenStr":"r2qkb1r/pp2pppp/1np1bn2/8/8/NP3NP1/2QPPPBP/R1B2RK1","stockfishScores":{"bn":0.5026785714285714}},{"fenStr":"r2qkb1r/pp2pp1p/1np1bnp1/8/8/NP3NP1/2QPPPBP/R1B2RK1","stockfishScores":{"wn":0.5004166666666666}},{"fenStr":"r2qkb1r/pp2pp1p/1np1bnp1/8/2N5/1P3NP1/2QPPPBP/R1B2RK1","stockfishScores":{"bn":0.5033333333333333}},{"fenStr":"r2qk2r/pp2ppbp/1np1bnp1/8/2N5/1P3NP1/2QPPPBP/R1B2RK1","stockfishScores":{"wn":0.5022619047619048}},{"fenStr":"r2qk2r/pp2ppbp/1np1bnp1/N7/8/1P3NP1/2QPPPBP/R1B2RK1","stockfishScores":{"bn":0.501547619047619}},{"fenStr":"r1q1k2r/pp2ppbp/1np1bnp1/N7/8/1P3NP1/2QPPPBP/R1B2RK1","stockfishScores":{"wn":0.5014880952380952}},{"fenStr":"r1q1k2r/pp2ppbp/1np1bnp1/N7/8/1P3NP1/1BQPPPBP/R4RK1","stockfishScores":{"bn":0.5064285714285715}},{"fenStr":"r1q2rk1/pp2ppbp/1np1bnp1/N7/8/1P3NP1/1BQPPPBP/R4RK1","stockfishScores":{"wn":0.49607142857142855}},{"fenStr":"r1q2rk1/pp2ppbp/1np1bnp1/N7/4P3/1P3NP1/1BQP1PBP/R4RK1","stockfishScores":{"bn":0.4982738095238095}},{"fenStr":"r1qr2k1/pp2ppbp/1np1bnp1/N7/4P3/1P3NP1/1BQP1PBP/R4RK1","stockfishScores":{"wn":0.49851190476190477}},{"fenStr":"r1qr2k1/pp2ppbp/1np1bnp1/N7/4P3/1P3NP1/1BQP1PBP/R3R1K1","stockfishScores":{"bn":0.49892857142857144}},{"fenStr":"r1qrn1k1/pp2ppbp/1np1b1p1/N7/4P3/1P3NP1/1BQP1PBP/R3R1K1","stockfishScores":{"wn":0.4982142857142857}},{"fenStr":"r1qrn1k1/pp2ppBp/1np1b1p1/N7/4P3/1P3NP1/2QP1PBP/R3R1K1","stockfishScores":{"bn":0.5269047619047619}},{"fenStr":"r1qr2k1/pp2ppnp/1np1b1p1/N7/4P3/1P3NP1/2QP1PBP/R3R1K1","stockfishScores":{"wn":0.4980357142857143}},{"fenStr":"r1qr2k1/pp2ppnp/1np1b1p1/N7/3PP3/1P3NP1/2Q2PBP/R3R1K1","stockfishScores":{"bn":0.5007738095238096}},{"fenStr":"1rqr2k1/pp2ppnp/1np1b1p1/N7/3PP3/1P3NP1/2Q2PBP/R3R1K1","stockfishScores":{"wn":0.5016071428571428}},{"fenStr":"1rqr2k1/pp2ppnp/1np1b1p1/N7/3PP3/1P3NP1/3Q1PBP/R3R1K1","stockfishScores":{"bn":0.49970238095238095}},{"fenStr":"1rqr2k1/pp2p1np/1np1bpp1/N7/3PP3/1P3NP1/3Q1PBP/R3R1K1","stockfishScores":{"wn":0.5006547619047619}},{"fenStr":"1rqr2k1/pp2p1np/1np1bpp1/N7/1Q1PP3/1P3NP1/5PBP/R3R1K1","stockfishScores":{"bn":0.5010714285714286}},{"fenStr":"1rqr4/pp2pknp/1np1bpp1/N7/1Q1PP3/1P3NP1/5PBP/R3R1K1","stockfishScores":{"wn":0.5036904761904762}},{"fenStr":"1rqr4/pp2pknp/1np1bpp1/N7/1Q1PP3/1P3NP1/5PBP/2R1R1K1","stockfishScores":{"bn":0.5046428571428572}},{"fenStr":"1r1r4/pp1qpknp/1np1bpp1/N7/1Q1PP3/1P3NP1/5PBP/2R1R1K1","stockfishScores":{"wn":0.5007738095238096}},{"fenStr":"1r1r4/pp1qpknp/1np1bpp1/8/1QNPP3/1P3NP1/5PBP/2R1R1K1","stockfishScores":{"bn":0.5041071428571429}},{"fenStr":"1r1r4/pp1qpknp/2p1bpp1/8/1QnPP3/1P3NP1/5PBP/2R1R1K1","stockfishScores":{"wn":0.4798809523809524}},{"fenStr":"1r1r4/pp1qpknp/2p1bpp1/8/1QPPP3/5NP1/5PBP/2R1R1K1","stockfishScores":{"bn":0.4999404761904762}},{"fenStr":"1r1r4/pp1qpknp/2p2pp1/8/1QPPP1b1/5NP1/5PBP/2R1R1K1","stockfishScores":{"wn":0.49898809523809523}},{"fenStr":"1r1r4/pp1qpknp/2p2pp1/3P4/1QP1P1b1/5NP1/5PBP/2R1R1K1","stockfishScores":{"bn":0.49964285714285717}},{"fenStr":"1r1r4/pp1qpknp/2p2pp1/3P4/1QP1P3/5bP1/5PBP/2R1R1K1","stockfishScores":{"wn":0.47535714285714287}},{"fenStr":"1r1r4/pp1qpknp/2p2pp1/3P4/1QP1P3/5BP1/5P1P/2R1R1K1","stockfishScores":{"bn":0.49892857142857144}},{"fenStr":"1r1r4/pp1q1knp/2p2pp1/3Pp3/1QP1P3/5BP1/5P1P/2R1R1K1","stockfishScores":{"wn":0.5004761904761905}},{"fenStr":"1r1r4/pp1q1knp/2p2pp1/2PPp3/1Q2P3/5BP1/5P1P/2R1R1K1","stockfishScores":{"bn":0.49970238095238095}},{"fenStr":"1r1r4/p2q1knp/1pp2pp1/2PPp3/1Q2P3/5BP1/5P1P/2R1R1K1","stockfishScores":{"wn":0.49898809523809523}},{"fenStr":"1r1r4/p2q1knp/1pp2pp1/2PPp3/1Q2P3/5BP1/5P1P/2RR2K1","stockfishScores":{"bn":0.4994642857142857}},{"fenStr":"1r1rn3/p2q1k1p/1pp2pp1/2PPp3/1Q2P3/5BP1/5P1P/2RR2K1","stockfishScores":{"wn":0.5035119047619048}},{"fenStr":"1r1rn3/p2q1k1p/1pp2pp1/2PPp3/Q3P3/5BP1/5P1P/2RR2K1","stockfishScores":{"bn":0.503452380952381}},{"fenStr":"1r1rn3/p2q1k1p/2p2pp1/2pPp3/Q3P3/5BP1/5P1P/2RR2K1","stockfishScores":{"wn":0.5013095238095238}},{"fenStr":"1r1rn3/p2q1k1p/2P2pp1/2p1p3/Q3P3/5BP1/5P1P/2RR2K1","stockfishScores":{"bn":0.5089285714285714}},{"fenStr":"1r1rn3/p3qk1p/2P2pp1/2p1p3/Q3P3/5BP1/5P1P/2RR2K1","stockfishScores":{"wn":0.50375}},{"fenStr":"1r1rn3/p3qk1p/2P2pp1/2p1p3/Q3P1B1/6P1/5P1P/2RR2K1","stockfishScores":{"bn":0.5102380952380953}},{"fenStr":"1r1r4/p3qknp/2P2pp1/2p1p3/Q3P1B1/6P1/5P1P/2RR2K1","stockfishScores":{"wn":0.5089285714285714}},{"fenStr":"1r1r4/p2Rqknp/2P2pp1/2p1p3/Q3P1B1/6P1/5P1P/2R3K1","stockfishScores":{"bn":0.5327380952380952}},{"fenStr":"1r6/p2rqknp/2P2pp1/2p1p3/Q3P1B1/6P1/5P1P/2R3K1","stockfishScores":{"wn":0.4738095238095238}},{"fenStr":"1r6/p2Bqknp/2P2pp1/2p1p3/Q3P3/6P1/5P1P/2R3K1","stockfishScores":{"bn":0.5111309523809524}},{"fenStr":"1r6/p2Bqk1p/2P1npp1/2p1p3/Q3P3/6P1/5P1P/2R3K1","stockfishScores":{"wn":0.49851190476190477}},{"fenStr":"1r6/p3qk1p/2P1Bpp1/2p1p3/Q3P3/6P1/5P1P/2R3K1","stockfishScores":{"bn":0.5222023809523809}},{"fenStr":"1r6/p3q2p/2P1kpp1/2p1p3/Q3P3/6P1/5P1P/2R3K1","stockfishScores":{"wn":0.4998214285714286}},{"fenStr":"1r6/p3q2p/2P1kpp1/2p1p3/2Q1P3/6P1/5P1P/2R3K1","stockfishScores":{"bn":0.5005952380952381}},{"fenStr":"1r6/p3q2p/2Pk1pp1/2p1p3/2Q1P3/6P1/5P1P/2R3K1","stockfishScores":{"wn":0.5149404761904762}},{"fenStr":"1r6/p3q2p/2Pk1pp1/2Q1p3/4P3/6P1/5P1P/2R3K1","stockfishScores":{"bn":0.5283333333333333}},{"fenStr":"1r6/p3q2p/2P1kpp1/2Q1p3/4P3/6P1/5P1P/2R3K1","stockfishScores":{"wn":0.5147619047619048}},{"fenStr":"1r6/p3q2p/2P1kpp1/3Qp3/4P3/6P1/5P1P/2R3K1","stockfishScores":{"bn":0.5066071428571428}}],"result":{"ww":true}}