{"fens":[{"fenStr":"rnbqkbnr/pppppppp/8/8/4P3/8/PPPP1PPP/RNBQKBNR","stockfishScores":{"bn":0.5049404761904762}},{"fenStr":"rnbqkbnr/pppp1ppp/4p3/8/4P3/8/PPPP1PPP/RNBQKBNR","stockfishScores":{"wn":0.5002380952380953}},{"fenStr":"rnbqkbnr/pppp1ppp/4p3/8/3PP3/8/PPP2PPP/RNBQKBNR","stockfishScores":{"bn":0.5058928571428571}},{"fenStr":"rnbqkbnr/ppp2ppp/4p3/3p4/3PP3/8/PPP2PPP/RNBQKBNR","stockfishScores":{"wn":0.5010119047619047}},{"fenStr":"rnbqkbnr/ppp2ppp/4p3/3p4/3PP3/2N5/PPP2PPP/R1BQKBNR","stockfishScores":{"bn":0.5042857142857143}},{"fenStr":"rnbqk1nr/ppp2ppp/4p3/3p4/1b1PP3/2N5/PPP2PPP/R1BQKBNR","stockfishScores":{"wn":0.5006547619047619}},{"fenStr":"rnbqk1nr/ppp2ppp/4p3/3pP3/1b1P4/2N5/PPP2PPP/R1BQKBNR","stockfishScores":{"bn":0.5044642857142857}},{"fenStr":"rnbqk1nr/pp3ppp/4p3/2ppP3/1b1P4/2N5/PPP2PPP/R1BQKBNR","stockfishScores":{"wn":0.5058928571428571}},{"fenStr":"rnbqk1nr/pp3ppp/4p3/2ppP3/1b1P4/2N5/PPPB1PPP/R2QKBNR","stockfishScores":{"bn":0.5061309523809524}},{"fenStr":"rnbqk2r/pp2nppp/4p3/2ppP3/1b1P4/2N5/PPPB1PPP/R2QKBNR","stockfishScores":{"wn":0.5022619047619048}},{"fenStr":"rnbqk2r/pp2nppp/4p3/2ppP3/1b1P4/P1N5/1PPB1PPP/R2QKBNR","stockfishScores":{"bn":0.5055952380952381}},{"fenStr":"rnbqk2r/pp2nppp/4p3/2ppP3/3P4/P1b5/1PPB1PPP/R2QKBNR","stockfishScores":{"wn":0.4741666666666667}},{"fenStr":"rnbqk2r/pp2nppp/4p3/2ppP3/3P4/P1B5/1PP2PPP/R2QKBNR","stockfishScores":{"bn":0.504702380952381}},{"fenStr":"r1bqk2r/pp2nppp/2n1p3/2ppP3/3P4/P1B5/1PP2PPP/R2QKBNR","stockfishScores":{"wn":0.49910714285714286}},{"fenStr":"r1bqk2r/pp2nppp/2n1p3/2ppP3/3P4/P1B2N2/1PP2PPP/R2QKB1R","stockfishScores":{"bn":0.5014285714285714}},{"fenStr":"r1bqk2r/pp2nppp/2n1p3/3pP3/3p4/P1B2N2/1PP2PPP/R2QKB1R","stockfishScores":{"wn":0.4897619047619048}},{"fenStr":"r1bqk2r/pp2nppp/2n1p3/3pP3/3N4/P1B5/1PP2PPP/R2QKB1R","stockfishScores":{"bn":0.503452380952381}},{"fenStr":"r1bqk2r/pp2nppp/4p3/3pn3/3N4/P1B5/1PP2PPP/R2QKB1R","stockfishScores":{"wn":0.49976190476190474}},{"fenStr":"r1bqk2r/pp2nppp/4N3/3pn3/8/P1B5/1PP2PPP/R2QKB1R","stockfishScores":{"bn":0.5249404761904762}},{"fenStr":"r2qk2r/pp2nppp/4b3/3pn3/8/P1B5/1PP2PPP/R2QKB1R","stockfishScores":{"wn":0.4792857142857143}},{"fenStr":"r2qk2r/pp2nppp/4b3/3pB3/8/P7/1PP2PPP/R2QKB1R","stockfishScores":{"bn":0.5055357142857143}},{"fenStr":"r2q1rk1/pp2nppp/4b3/3pB3/8/P7/1PP2PPP/R2QKB1R","stockfishScores":{"wn":0.49202380952380953}},{"fenStr":"r2q1rk1/pp2nppp/4b3/3pB3/8/P2B4/1PP2PPP/R2QK2R","stockfishScores":{"bn":0.49541666666666667}},{"fenStr":"r2q1rk1/pp3ppp/2n1b3/3pB3/8/P2B4/1PP2PPP/R2QK2R","stockfishScores":{"wn":0.4918452380952381}},{"fenStr":"r2q1rk1/pp3ppp/2n1b3/3p4/8/P1BB4/1PP2PPP/R2QK2R","stockfishScores":{"bn":0.49488095238095237}},{"fenStr":"r2q1rk1/pp3ppp/2n1b3/8/3p4/P1BB4/1PP2PPP/R2QK2R","stockfishScores":{"wn":0.48857142857142855}},{"fenStr":"r2q1rk1/pp3ppp/2n1b3/8/3p4/P2B4/1PPB1PPP/R2QK2R","stockfishScores":{"bn":0.4943452380952381}},{"fenStr":"r4rk1/pp3ppp/2n1b3/8/3p3q/P2B4/1PPB1PPP/R2QK2R","stockfishScores":{"wn":0.49392857142857144}},{"fenStr":"r4rk1/pp3ppp/2n1b3/8/3p3q/P2B4/1PPB1PPP/R2Q1RK1","stockfishScores":{"bn":0.5021428571428571}},{"fenStr":"r4rk1/pp3ppp/4b3/4n3/3p3q/P2B4/1PPB1PPP/R2Q1RK1","stockfishScores":{"wn":0.4992857142857143}},{"fenStr":"r4rk1/pp3ppp/4b3/4n3/3p3q/P7/1PPBBPPP/R2Q1RK1","stockfishScores":{"bn":0.49910714285714286}},{"fenStr":"r2r2k1/pp3ppp/4b3/4n3/3p3q/P7/1PPBBPPP/R2Q1RK1","stockfishScores":{"wn":0.49875}},{"fenStr":"r2r2k1/pp3ppp/4b3/4n3/3p3q/P7/1PP1BPPP/R2QBRK1","stockfishScores":{"bn":0.49166666666666664}},{"fenStr":"r2r2k1/pp3ppp/4bq2/4n3/3p4/P7/1PP1BPPP/R2QBRK1","stockfishScores":{"wn":0.49476190476190474}},{"fenStr":"r2r2k1/pp3ppp/4bq2/4n3/3p1P2/P7/1PP1B1PP/R2QBRK1","stockfishScores":{"bn":0.5014880952380952}},{"fenStr":"r2r2k1/pp3ppp/2n1bq2/8/3p1P2/P7/1PP1B1PP/R2QBRK1","stockfishScores":{"wn":0.498452380952381}},{"fenStr":"r2r2k1/pp3ppp/2n1bq2/8/3p1P2/P2B4/1PP3PP/R2QBRK1","stockfishScores":{"bn":0.5043452380952381}},{"fenStr":"r2r2k1/pp3ppp/2n2q2/5b2/3p1P2/P2B4/1PP3PP/R2QBRK1","stockfishScores":{"wn":0.5022023809523809}},{"fenStr":"r2r2k1/pp3ppp/2n2q2/5B2/3p1P2/P7/1PP3PP/R2QBRK1","stockfishScores":{"bn":0.5225}},{"fenStr":"r2r2k1/pp3ppp/2n5/5q2/3p1P2/P7/1PP3PP/R2QBRK1","stockfishScores":{"wn":0.49797619047619046}},{"fenStr":"r2r2k1/pp3ppp/2n5/5q2/3p1P2/P4R2/1PP3PP/R2QB1K1","stockfishScores":{"bn":0.4957738095238095}},{"fenStr":"2rr2k1/pp3ppp/2n5/5q2/3p1P2/P4R2/1PP3PP/R2QB1K1","stockfishScores":{"wn":0.4955357142857143}},{"fenStr":"2rr2k1/pp3ppp/2n5/5q2/3p1P2/P2Q1R2/1PP3PP/R3B1K1","stockfishScores":{"bn":0.4980952380952381}},{"fenStr":"2rr2k1/pp2nppp/8/5q2/3p1P2/P2Q1R2/1PP3PP/R3B1K1","stockfishScores":{"wn":0.49702380952380953}},{"fenStr":"2rr2k1/pp2nppp/8/5q2/3p1P2/P2Q1R2/1PP3PP/2R1B1K1","stockfishScores":{"bn":0.49642857142857144}},{"fenStr":"2rr2k1/pp2npp1/8/5q1p/3p1P2/P2Q1R2/1PP3PP/2R1B1K1","stockfishScores":{"wn":0.49785714285714283}},{"fenStr":"2rr2k1/pp2npp1/8/5Q1p/3p1P2/P4R2/1PP3PP/2R1B1K1","stockfishScores":{"bn":0.5773809523809523}},{"fenStr":"2rr2k1/pp3pp1/8/5n1p/3p1P2/P4R2/1PP3PP/2R1B1K1","stockfishScores":{"wn":0.4961904761904762}},{"fenStr":"2rr2k1/pp3pp1/8/5n1p/3p1P2/P2R4/1PP3PP/2R1B1K1","stockfishScores":{"bn":0.49565476190476193}},{"fenStr":"2r1r1k1/pp3pp1/8/5n1p/3p1P2/P2R4/1PP3PP/2R1B1K1","stockfishScores":{"wn":0.4944047619047619}},{"fenStr":"2r1r1k1/pp3pp1/8/5n1p/3p1P2/P2R4/1PP2BPP/2R3K1","stockfishScores":{"bn":0.4963095238095238}},{"fenStr":"2r3k1/pp3pp1/8/5n1p/3prP2/P2R4/1PP2BPP/2R3K1","stockfishScores":{"wn":0.4963095238095238}},{"fenStr":"2r3k1/pp3pp1/8/5n1p/3prP2/P2R2P1/1PP2B1P/2R3K1","stockfishScores":{"bn":0.49565476190476193}},{"fenStr":"2r3k1/1p3pp1/p7/5n1p/3prP2/P2R2P1/1PP2B1P/2R3K1","stockfishScores":{"wn":0.49666666666666665}},{"fenStr":"2r3k1/1p3pp1/p7/5n1p/3prP2/P5P1/1PPR1B1P/2R3K1","stockfishScores":{"bn":0.4955357142857143}},{"fenStr":"2r3k1/5pp1/p7/1p3n1p/3prP2/P5P1/1PPR1B1P/2R3K1","stockfishScores":{"wn":0.4967857142857143}},{"fenStr":"2r3k1/5pp1/p7/1p3n1p/3prP2/P5P1/1PPR1B1P/3R2K1","stockfishScores":{"bn":0.49666666666666665}},{"fenStr":"6k1/5pp1/p7/1p3n1p/2rprP2/P5P1/1PPR1B1P/3R2K1","stockfishScores":{"wn":0.4988095238095238}},{"fenStr":"6k1/5pp1/p7/1p3n1p/2rprP2/P5P1/1PPR1B1P/3R1K2","stockfishScores":{"bn":0.49738095238095237}},{"fenStr":"6k1/5pp1/p3r3/1p3n1p/2rp1P2/P5P1/1PPR1B1P/3R1K2","stockfishScores":{"wn":0.4975595238095238}},{"fenStr":"6k1/5pp1/p3r3/1p3n1p/2rB1P2/P5P1/1PPR3P/3R1K2","stockfishScores":{"bn":0.49851190476190477}},{"fenStr":"6k1/5pp1/p3r3/1p5p/2rn1P2/P5P1/1PPR3P/3R1K2","stockfishScores":{"wn":0.48142857142857143}},{"fenStr":"6k1/5pp1/p3r3/1p5p/2rR1P2/P5P1/1PP4P/3R1K2","stockfishScores":{"bn":0.5045238095238095}},{"fenStr":"6k1/5pp1/p3r3/1p5p/3R1P2/P5P1/1Pr4P/3R1K2","stockfishScores":{"wn":0.4961904761904762}},{"fenStr":"6k1/5pp1/p3r3/1p5p/5P2/P5P1/1PrR3P/3R1K2","stockfishScores":{"bn":0.4992857142857143}},{"fenStr":"6k1/5pp1/p1r5/1p5p/5P2/P5P1/1PrR3P/3R1K2","stockfishScores":{"wn":0.49970238095238095}},{"fenStr":"6k1/5pp1/p1r5/1p5p/5P2/P5P1/1PrR3P/3R2K1","stockfishScores":{"bn":0.4986309523809524}},{"fenStr":"8/5ppk/p1r5/1p5p/5P2/P5P1/1PrR3P/3R2K1","stockfishScores":{"wn":0.4988690476190476}},{"fenStr":"8/5ppk/p1r5/1p5p/5P2/P5P1/1PrR2KP/3R4","stockfishScores":{"bn":0.49583333333333335}},{"fenStr":"8/5pp1/p1r3k1/1p5p/5P2/P5P1/1PrR2KP/3R4","stockfishScores":{"wn":0.49607142857142855}},{"fenStr":"8/5pp1/p1r3k1/1p5p/5P2/P4KP1/1PrR3P/3R4","stockfishScores":{"bn":0.498452380952381}},{"fenStr":"8/5pp1/2r3k1/pp5p/5P2/P4KP1/1PrR3P/3R4","stockfishScores":{"wn":0.49892857142857144}},{"fenStr":"8/5pp1/2r3k1/pp5p/5P2/P4KPP/1PrR4/3R4","stockfishScores":{"bn":0.49875}},{"fenStr":"8/5pp1/2r3k1/p6p/1p3P2/P4KPP/1PrR4/3R4","stockfishScores":{"wn":0.49910714285714286}},{"fenStr":"8/5pp1/2r3k1/p6p/1P3P2/5KPP/1PrR4/3R4","stockfishScores":{"bn":0.5088095238095238}},{"fenStr":"8/5pp1/2r3k1/7p/1p3P2/5KPP/1PrR4/3R4","stockfishScores":{"wn":0.5006547619047619}},{"fenStr":"8/5pp1/2r3k1/7p/1p3P2/5KPP/1Pr1R3/3R4","stockfishScores":{"bn":0.49910714285714286}},{"fenStr":"8/5pp1/2r3k1/7p/1p3P2/5KPP/1P2r3/3R4","stockfishScores":{"wn":0.4580952380952381}},{"fenStr":"8/5pp1/2r3k1/7p/1p3P2/6PP/1P2K3/3R4","stockfishScores":{"bn":0.4993452380952381}},{"fenStr":"8/5pp1/2r5/5k1p/1p3P2/6PP/1P2K3/3R4","stockfishScores":{"wn":0.500297619047619}},{"fenStr":"8/5pp1/2r5/3R1k1p/1p3P2/6PP/1P2K3/8","stockfishScores":{"bn":0.4994047619047619}},{"fenStr":"8/5pp1/2r5/3R3p/1p2kP2/6PP/1P2K3/8","stockfishScores":{"wn":0.4988095238095238}},{"fenStr":"8/5pp1/2r5/4R2p/1p2kP2/6PP/1P2K3/8","stockfishScores":{"bn":0.4994047619047619}},{"fenStr":"8/5pp1/2r5/4R2p/1p1k1P2/6PP/1P2K3/8","stockfishScores":{"wn":0.49952380952380954}},{"fenStr":"8/5pp1/2r5/7R/1p1k1P2/6PP/1P2K3/8","stockfishScores":{"bn":0.500297619047619}},{"fenStr":"8/5pp1/8/7R/1p1k1P2/6PP/1Pr1K3/8","stockfishScores":{"wn":0.49976190476190474}},{"fenStr":"8/5pp1/8/7R/1p1k1P2/5KPP/1Pr5/8","stockfishScores":{"bn":0.4998214285714286}},{"fenStr":"8/5pp1/8/7R/1p1k1P2/5KPP/1r6/8","stockfishScores":{"wn":0.490952380952381}},{"fenStr":"8/5pp1/8/6R1/1p1k1P2/5KPP/1r6/8","stockfishScores":{"bn":0.49214285714285716}},{"fenStr":"8/5pp1/8/6R1/1p1k1P2/5KPP/2r5/8","stockfishScores":{"wn":0.4926785714285714}},{"fenStr":"8/5pp1/8/1R6/1p1k1P2/5KPP/2r5/8","stockfishScores":{"bn":0.4969642857142857}},{"fenStr":"8/5pp1/8/1R6/1prk1P2/5KPP/8/8","stockfishScores":{"wn":0.49785714285714283}},{"fenStr":"8/5pp1/8/1R6/1prk1P2/6PP/4K3/8","stockfishScores":{"bn":0.4968452380952381}},{"fenStr":"8/5pp1/8/1R6/1pr2P2/2k3PP/4K3/8","stockfishScores":{"wn":0.49601190476190476}},{"fenStr":"8/5pp1/8/1R6/1pr2P2/2k3PP/8/3K4","stockfishScores":{"bn":0.49488095238095237}},{"fenStr":"8/5pp1/8/1R6/1pr2P2/6PP/1k6/3K4","stockfishScores":{"wn":0.49714285714285716}},{"fenStr":"8/1R3pp1/8/8/1pr2P2/6PP/1k6/3K4","stockfishScores":{"bn":0.49857142857142855}},{"fenStr":"8/1R3pp1/8/8/1p1r1P2/6PP/1k6/3K4","stockfishScores":{"wn":0.49916666666666665}},{"fenStr":"8/1R3pp1/8/8/1p1r1P2/6PP/1k2K3/8","stockfishScores":{"bn":0.5005952380952381}},{"fenStr":"8/1R3pp1/8/8/3r1P2/1p4PP/1k2K3/8","stockfishScores":{"wn":0.4955357142857143}},{"fenStr":"8/5Rp1/8/8/3r1P2/1p4PP/1k2K3/8","stockfishScores":{"bn":0.49839285714285714}},{"fenStr":"8/5Rp1/8/8/1r3P2/1p4PP/1k2K3/8","stockfishScores":{"wn":0.5018452380952381}},{"fenStr":"8/5Rp1/8/8/1r3P2/1p4PP/1k1K4/8","stockfishScores":{"bn":0.5017261904761905}},{"fenStr":"8/5Rp1/8/8/3r1P2/1p4PP/1k1K4/8","stockfishScores":{"wn":0.5010119047619047}},{"fenStr":"8/5Rp1/8/8/3r1P2/1p4PP/1k2K3/8","stockfishScores":{"bn":0.49839285714285714}},{"fenStr":"8/5Rp1/8/8/3r1P2/kp4PP/4K3/8","stockfishScores":{"wn":0.4942261904761905}},{"fenStr":"8/R5p1/8/8/3r1P2/kp4PP/4K3/8","stockfishScores":{"bn":0.495}},{"fenStr":"8/R5p1/8/8/r4P2/kp4PP/4K3/8","stockfishScores":{"wn":0.49642857142857144}},{"fenStr":"8/1R4p1/8/8/r4P2/kp4PP/4K3/8","stockfishScores":{"bn":0.5026785714285714}},{"fenStr":"8/1R4p1/8/8/r4P2/k5PP/1p2K3/8","stockfishScores":{"wn":0.49988095238095237}},{"fenStr":"8/6p1/8/8/r4P2/k5PP/1R2K3/8","stockfishScores":{"bn":0.5132738095238095}},{"fenStr":"8/6p1/8/8/r4P2/6PP/1k2K3/8","stockfishScores":{"wn":0.4810714285714286}},{"fenStr":"8/6p1/8/8/r4P2/5KPP/1k6/8","stockfishScores":{"bn":0.48095238095238096}},{"fenStr":"8/6p1/8/8/r4P2/2k2KPP/8/8","stockfishScores":{"wn":0.48017857142857145}},{"fenStr":"8/6p1/8/8/r4PK1/2k3PP/8/8","stockfishScores":{"bn":0.47875}},{"fenStr":"8/6p1/8/8/r2k1PK1/6PP/8/8","stockfishScores":{"wn":0.47767857142857145}},{"fenStr":"8/6p1/8/5K2/r2k1P2/6PP/8/8","stockfishScores":{"bn":0.47785714285714287}},{"fenStr":"8/6p1/r7/5K2/3k1P2/6PP/8/8","stockfishScores":{"wn":0.477797619047619}},{"fenStr":"8/6p1/r7/5K2/3k1PP1/7P/8/8","stockfishScores":{"bn":0.47678571428571426}},{"fenStr":"8/6p1/r7/5K2/5PP1/4k2P/8/8","stockfishScores":{"wn":0.47696428571428573}},{"fenStr":"8/6p1/r7/6K1/5PP1/4k2P/8/8","stockfishScores":{"bn":0.4756547619047619}},{"fenStr":"8/6p1/r7/6K1/5PP1/5k1P/8/8","stockfishScores":{"wn":0.4775}},{"fenStr":"8/6p1/r7/5PK1/6P1/5k1P/8/8","stockfishScores":{"bn":0.4792261904761905}},{"fenStr":"8/6p1/r7/5PK1/6P1/6kP/8/8","stockfishScores":{"wn":0.4783928571428571}},{"fenStr":"8/6p1/r7/5P1K/6P1/6kP/8/8","stockfishScores":{"bn":0.4756547619047619}},{"fenStr":"8/6p1/r7/5P1K/5kP1/7P/8/8","stockfishScores":{"wn":0.47785714285714287}},{"fenStr":"8/6p1/r7/5P1K/5kPP/8/8/8","stockfishScores":{"bn":0.47535714285714287}},{"fenStr":"8/6p1/7r/5P1K/5kPP/8/8/8","stockfishScores":{"wn":0.47875}}],"result":{"bw":true}}