{"fens":[{"fenStr":"rnbqkbnr/pppppppp/8/8/4P3/8/PPPP1PPP/RNBQKBNR","stockfishScores":{"bn":0.5049404761904762}},{"fenStr":"rnbqkbnr/pppp1ppp/8/4p3/4P3/8/PPPP1PPP/RNBQKBNR","stockfishScores":{"wn":0.5005952380952381}},{"fenStr":"rnbqkbnr/pppp1ppp/8/4p3/4P3/2N5/PPPP1PPP/R1BQKBNR","stockfishScores":{"bn":0.502797619047619}},{"fenStr":"rnbqkbnr/pppp2pp/8/4pp2/4P3/2N5/PPPP1PPP/R1BQKBNR","stockfishScores":{"wn":0.5046428571428572}},{"fenStr":"rnbqkbnr/pppp2pp/8/4pP2/8/2N5/PPPP1PPP/R1BQKBNR","stockfishScores":{"bn":0.5173809523809524}},{"fenStr":"rnbqkb1r/pppp2pp/5n2/4pP2/8/2N5/PPPP1PPP/R1BQKBNR","stockfishScores":{"wn":0.5079166666666667}},{"fenStr":"rnbqkb1r/pppp2pp/5n2/4pP2/3P4/2N5/PPP2PPP/R1BQKBNR","stockfishScores":{"bn":0.5133333333333333}},{"fenStr":"rnbqkb1r/pppp2pp/5n2/5P2/3Pp3/2N5/PPP2PPP/R1BQKBNR","stockfishScores":{"wn":0.5113690476190477}},{"fenStr":"rnbqkb1r/pppp2pp/5n2/5P2/3Pp3/2N5/PPP1BPPP/R1BQK1NR","stockfishScores":{"bn":0.5109523809523809}},{"fenStr":"rnbqk2r/pppp2pp/5n2/5P2/1b1Pp3/2N5/PPP1BPPP/R1BQK1NR","stockfishScores":{"wn":0.5074404761904762}},{"fenStr":"rnbqk2r/pppp2pp/5n2/5P1B/1b1Pp3/2N5/PPP2PPP/R1BQK1NR","stockfishScores":{"bn":0.5048214285714285}},{"fenStr":"rnbq1k1r/pppp2pp/5n2/5P1B/1b1Pp3/2N5/PPP2PPP/R1BQK1NR","stockfishScores":{"wn":0.5044642857142857}},{"fenStr":"rnbq1k1r/pppp2pp/5n2/5P1B/1b1Pp3/2N5/PPPB1PPP/R2QK1NR","stockfishScores":{"bn":0.507797619047619}},{"fenStr":"rnbq1k1r/pppp2pp/5n2/5P1B/3Pp3/2b5/PPPB1PPP/R2QK1NR","stockfishScores":{"wn":0.47654761904761905}},{"fenStr":"rnbq1k1r/pppp2pp/5n2/5P1B/3Pp3/2B5/PPP2PPP/R2QK1NR","stockfishScores":{"bn":0.513452380952381}},{"fenStr":"rnbq1k1r/ppp3pp/5n2/3p1P1B/3Pp3/2B5/PPP2PPP/R2QK1NR","stockfishScores":{"wn":0.503452380952381}},{"fenStr":"rnbq1k1r/ppp3pp/5n2/3p1P2/3Pp3/2B5/PPP1BPPP/R2QK1NR","stockfishScores":{"bn":0.4994047619047619}},{"fenStr":"rn1q1k1r/ppp3pp/5n2/3p1b2/3Pp3/2B5/PPP1BPPP/R2QK1NR","stockfishScores":{"wn":0.4936904761904762}},{"fenStr":"rn1q1k1r/ppp3pp/5n2/3p1b2/3Pp3/2B5/PPPQBPPP/R3K1NR","stockfishScores":{"bn":0.49339285714285713}},{"fenStr":"rn1q3r/ppp2kpp/5n2/3p1b2/3Pp3/2B5/PPPQBPPP/R3K1NR","stockfishScores":{"wn":0.4895833333333333}},{"fenStr":"rn1q3r/ppp2kpp/5n2/3p1b2/3Pp3/2B5/PPPQBPPP/2KR2NR","stockfishScores":{"bn":0.49875}},{"fenStr":"rn1qr3/ppp2kpp/5n2/3p1b2/3Pp3/2B5/PPPQBPPP/2KR2NR","stockfishScores":{"wn":0.49892857142857144}},{"fenStr":"rn1qr3/ppp2kpp/5n2/3p1b2/3PpQ2/2B5/PPP1BPPP/2KR2NR","stockfishScores":{"bn":0.4993452380952381}},{"fenStr":"rn1qr3/ppp2kpp/4bn2/3p4/3PpQ2/2B5/PPP1BPPP/2KR2NR","stockfishScores":{"wn":0.5064880952380952}},{"fenStr":"rn1qr3/ppp2kpp/4bn2/3p4/3PpQP1/2B5/PPP1BP1P/2KR2NR","stockfishScores":{"bn":0.5016666666666667}},{"fenStr":"rn1qr1k1/ppp3pp/4bn2/3p4/3PpQP1/2B5/PPP1BP1P/2KR2NR","stockfishScores":{"wn":0.4967261904761905}},{"fenStr":"rn1qr1k1/ppp3pp/4bn2/3p4/3PpQPP/2B5/PPP1BP2/2KR2NR","stockfishScores":{"bn":0.4980952380952381}},{"fenStr":"rn1qr1k1/1pp3pp/4bn2/p2p4/3PpQPP/2B5/PPP1BP2/2KR2NR","stockfishScores":{"wn":0.49785714285714283}},{"fenStr":"rn1qr1k1/1pp3pp/4bn2/p2p4/3PpQPP/2B4N/PPP1BP2/2KR3R","stockfishScores":{"bn":0.49851190476190477}},{"fenStr":"rn1q1rk1/1pp3pp/4bn2/p2p4/3PpQPP/2B4N/PPP1BP2/2KR3R","stockfishScores":{"wn":0.49648809523809523}},{"fenStr":"rn1q1rk1/1pp3pp/4bn2/p2p4/3Pp1PP/2B3QN/PPP1BP2/2KR3R","stockfishScores":{"bn":0.4982738095238095}},{"fenStr":"rn1q1rk1/2p3pp/4bn2/pp1p4/3Pp1PP/2B3QN/PPP1BP2/2KR3R","stockfishScores":{"wn":0.49988095238095237}},{"fenStr":"rn1q1rk1/2p3pp/4bn2/pp1p3P/3Pp1P1/2B3QN/PPP1BP2/2KR3R","stockfishScores":{"bn":0.49976190476190474}},{"fenStr":"rn1q1rk1/2p3pp/4bn2/p2p3P/1p1Pp1P1/2B3QN/PPP1BP2/2KR3R","stockfishScores":{"wn":0.49410714285714286}},{"fenStr":"rn1q1rk1/2p3pp/4bn2/p2p3P/1p1Pp1P1/6QN/PPPBBP2/2KR3R","stockfishScores":{"bn":0.4999404761904762}},{"fenStr":"r2q1rk1/2p3pp/2n1bn2/p2p3P/1p1Pp1P1/6QN/PPPBBP2/2KR3R","stockfishScores":{"wn":0.4943452380952381}},{"fenStr":"r2q1rk1/2p3pp/2n1bn2/p2p3P/1p1Pp1P1/4B1QN/PPP1BP2/2KR3R","stockfishScores":{"bn":0.49648809523809523}},{"fenStr":"r2q1rk1/2p3pp/2n1bn2/3p3P/pp1Pp1P1/4B1QN/PPP1BP2/2KR3R","stockfishScores":{"wn":0.4961904761904762}},{"fenStr":"r2q1rk1/2p3pp/2n1bn2/3p3P/pp1PpNP1/4B1Q1/PPP1BP2/2KR3R","stockfishScores":{"bn":0.5033928571428572}},{"fenStr":"r3qrk1/2p3pp/2n1bn2/3p3P/pp1PpNP1/4B1Q1/PPP1BP2/2KR3R","stockfishScores":{"wn":0.5018452380952381}},{"fenStr":"r3qrk1/2p3pp/2n1bn2/3p3P/pp1PpNP1/4B1Q1/PPP1BP2/1K1R3R","stockfishScores":{"bn":0.5033928571428572}},{"fenStr":"r3qrk1/2pn2pp/2n1b3/3p3P/pp1PpNP1/4B1Q1/PPP1BP2/1K1R3R","stockfishScores":{"wn":0.5042261904761904}},{"fenStr":"r3qrk1/2pn2pp/2n1b3/3p3P/pp1PpNP1/4B1Q1/PPP1BP2/1K4RR","stockfishScores":{"bn":0.5026785714285714}},{"fenStr":"r3qrk1/2pn2pp/2n1b3/3p3P/p2PpNP1/1p2B1Q1/PPP1BP2/1K4RR","stockfishScores":{"wn":0.5039285714285714}},{"fenStr":"r3qrk1/2pn2pp/2n1b3/3p3P/p2PpNP1/1P2B1Q1/PP2BP2/1K4RR","stockfishScores":{"bn":0.5105952380952381}},{"fenStr":"r3qrk1/2pn2pp/4b3/3p3P/pn1PpNP1/1P2B1Q1/PP2BP2/1K4RR","stockfishScores":{"wn":0.5095238095238095}},{"fenStr":"r3qrk1/2pn2pp/4b3/3p3P/pn1PpNP1/PP2B1Q1/1P2BP2/1K4RR","stockfishScores":{"bn":0.5120833333333333}},{"fenStr":"r3qrk1/2pn2pp/4b3/3p3P/1n1PpNP1/Pp2B1Q1/1P2BP2/1K4RR","stockfishScores":{"wn":0.5025}},{"fenStr":"r3qrk1/2pn2pp/4b3/3p3P/1P1PpNP1/1p2B1Q1/1P2BP2/1K4RR","stockfishScores":{"bn":0.5189880952380952}},{"fenStr":"r3qrk1/2p3pp/1n2b3/3p3P/1P1PpNP1/1p2B1Q1/1P2BP2/1K4RR","stockfishScores":{"wn":0.5178571428571429}},{"fenStr":"r3qrk1/2p3pp/1n2b3/1P1p3P/3PpNP1/1p2B1Q1/1P2BP2/1K4RR","stockfishScores":{"bn":0.5164285714285715}},{"fenStr":"r3qrk1/2p3pp/4b3/1P1p3P/2nPpNP1/1p2B1Q1/1P2BP2/1K4RR","stockfishScores":{"wn":0.5008333333333334}},{"fenStr":"r3qrk1/2p3pp/4N3/1P1p3P/2nPp1P1/1p2B1Q1/1P2BP2/1K4RR","stockfishScores":{"bn":0.5560714285714285}},{"fenStr":"4qrk1/2p3pp/4N3/1P1p3P/2nPp1P1/1p2B1Q1/1P2BP2/rK4RR","stockfishScores":{"wn":0.5560119047619048}},{"fenStr":"4qrk1/2p3pp/4N3/1P1p3P/2nPp1P1/1p2B1Q1/1P2BP2/K5RR","stockfishScores":{"bn":0.59125}},{"fenStr":"q4rk1/2p3pp/4N3/1P1p3P/2nPp1P1/1p2B1Q1/1P2BP2/K5RR","stockfishScores":{"wn":0.5918452380952381}},{"fenStr":"q4rk1/2p3pp/4N3/1P1p3P/2nPp1P1/1p2B1Q1/1P2BP2/1K4RR","stockfishScores":{"bn":0.5932142857142857}},{"fenStr":"5rk1/2p3pp/4N3/1P1p3P/2nPp1P1/1p2B1Q1/qP2BP2/1K4RR","stockfishScores":{"wn":0.5930357142857143}},{"fenStr":"5rk1/2p3pp/4N3/1P1p3P/2nPp1P1/1p2B1Q1/qP2BP2/2K3RR","stockfishScores":{"bn":0.5928571428571429}},{"fenStr":"5rk1/2p3pp/4N3/1P1p3P/2nPp1P1/1p2B1Q1/1P2BP2/q1K3RR","stockfishScores":{"wn":0.5931547619047619}}],"result":{"bw":true}}