{"fens":[{"fenStr":"rnbqkbnr/pppppppp/8/8/2P5/8/PP1PPPPP/RNBQKBNR","stockfishScores":{"bn":0.5016666666666667}},{"fenStr":"rnbqkb1r/pppppppp/5n2/8/2P5/8/PP1PPPPP/RNBQKBNR","stockfishScores":{"wn":0.4988690476190476}},{"fenStr":"rnbqkb1r/pppppppp/5n2/8/2P5/5N2/PP1PPPPP/RNBQKB1R","stockfishScores":{"bn":0.5021428571428571}},{"fenStr":"rnbqkb1r/pppppp1p/5np1/8/2P5/5N2/PP1PPPPP/RNBQKB1R","stockfishScores":{"wn":0.5007142857142857}},{"fenStr":"rnbqkb1r/pppppp1p/5np1/8/2P5/5NP1/PP1PPP1P/RNBQKB1R","stockfishScores":{"bn":0.5021428571428571}},{"fenStr":"rnbqk2r/ppppppbp/5np1/8/2P5/5NP1/PP1PPP1P/RNBQKB1R","stockfishScores":{"wn":0.5010119047619047}},{"fenStr":"rnbqk2r/ppppppbp/5np1/8/2P5/5NP1/PP1PPPBP/RNBQK2R","stockfishScores":{"bn":0.5021428571428571}},{"fenStr":"rnbqk2r/pp1pppbp/2p2np1/8/2P5/5NP1/PP1PPPBP/RNBQK2R","stockfishScores":{"wn":0.501547619047619}},{"fenStr":"rnbqk2r/pp1pppbp/2p2np1/8/2PP4/5NP1/PP2PPBP/RNBQK2R","stockfishScores":{"bn":0.5078571428571429}},{"fenStr":"rnbqk2r/pp2ppbp/2p2np1/3p4/2PP4/5NP1/PP2PPBP/RNBQK2R","stockfishScores":{"wn":0.49964285714285717}},{"fenStr":"rnbqk2r/pp2ppbp/2p2np1/3P4/3P4/5NP1/PP2PPBP/RNBQK2R","stockfishScores":{"bn":0.5045833333333334}},{"fenStr":"rnbqk2r/pp2ppbp/5np1/3p4/3P4/5NP1/PP2PPBP/RNBQK2R","stockfishScores":{"wn":0.5005952380952381}},{"fenStr":"rnbqk2r/pp2ppbp/5np1/3p4/3P4/2N2NP1/PP2PPBP/R1BQK2R","stockfishScores":{"bn":0.5025595238095238}},{"fenStr":"rnbq1rk1/pp2ppbp/5np1/3p4/3P4/2N2NP1/PP2PPBP/R1BQK2R","stockfishScores":{"wn":0.4930952380952381}},{"fenStr":"rnbq1rk1/pp2ppbp/5np1/3pN3/3P4/2N3P1/PP2PPBP/R1BQK2R","stockfishScores":{"bn":0.49375}},{"fenStr":"rnbq1rk1/pp3pbp/4pnp1/3pN3/3P4/2N3P1/PP2PPBP/R1BQK2R","stockfishScores":{"wn":0.49607142857142855}},{"fenStr":"rnbq1rk1/pp3pbp/4pnp1/3pN3/3P4/2N3P1/PP2PPBP/R1BQ1RK1","stockfishScores":{"bn":0.5060119047619047}},{"fenStr":"rnbq1rk1/pp1n1pbp/4p1p1/3pN3/3P4/2N3P1/PP2PPBP/R1BQ1RK1","stockfishScores":{"wn":0.5050595238095238}},{"fenStr":"rnbq1rk1/pp1n1pbp/4p1p1/3pN3/3P1P2/2N3P1/PP2P1BP/R1BQ1RK1","stockfishScores":{"bn":0.5017261904761905}},{"fenStr":"r1bq1rk1/pp1n1pbp/2n1p1p1/3pN3/3P1P2/2N3P1/PP2P1BP/R1BQ1RK1","stockfishScores":{"wn":0.5013690476190477}},{"fenStr":"r1bq1rk1/pp1n1pbp/2n1p1p1/3pN3/3PPP2/2N3P1/PP4BP/R1BQ1RK1","stockfishScores":{"bn":0.5017261904761905}},{"fenStr":"r1bq1rk1/pp1n1pbp/2n1p1p1/4N3/3PpP2/2N3P1/PP4BP/R1BQ1RK1","stockfishScores":{"wn":0.4951190476190476}},{"fenStr":"r1bq1rk1/pp1n1pbp/2n1p1p1/4N3/3PNP2/6P1/PP4BP/R1BQ1RK1","stockfishScores":{"bn":0.5058928571428571}},{"fenStr":"r1b2rk1/pp1n1pbp/1qn1p1p1/4N3/3PNP2/6P1/PP4BP/R1BQ1RK1","stockfishScores":{"wn":0.5078571428571429}},{"fenStr":"r1b2rk1/pp1n1pbp/1qn1p1p1/4N3/3PNP2/6P1/PP4BP/R1BQ1R1K","stockfishScores":{"bn":0.5053571428571428}},{"fenStr":"r1b2rk1/pp1n1pbp/2n1p1p1/4N3/3qNP2/6P1/PP4BP/R1BQ1R1K","stockfishScores":{"wn":0.49916666666666665}},{"fenStr":"r1b2rk1/pp1n1pbp/2N1p1p1/8/3qNP2/6P1/PP4BP/R1BQ1R1K","stockfishScores":{"bn":0.5242261904761905}},{"fenStr":"r1b2rk1/p2n1pbp/2p1p1p1/8/3qNP2/6P1/PP4BP/R1BQ1R1K","stockfishScores":{"wn":0.4939880952380952}},{"fenStr":"r1b2rk1/p2n1pbp/2p1p1p1/8/3qNP2/6P1/PPQ3BP/R1B2R1K","stockfishScores":{"bn":0.4974404761904762}},{"fenStr":"r1b2rk1/p4pbp/1np1p1p1/8/3qNP2/6P1/PPQ3BP/R1B2R1K","stockfishScores":{"wn":0.4975}},{"fenStr":"r1b2rk1/p4pbp/1np1p1p1/8/3qNP2/6P1/PPQ3BP/R1BR3K","stockfishScores":{"bn":0.5036904761904762}},{"fenStr":"r1b2rk1/p4pbp/1np1p1p1/8/2q1NP2/6P1/PPQ3BP/R1BR3K","stockfishScores":{"wn":0.4986904761904762}},{"fenStr":"r1b2rk1/p4pbp/1np1p1p1/8/2q1NP2/6P1/PP3QBP/R1BR3K","stockfishScores":{"bn":0.500297619047619}},{"fenStr":"r4rk1/p4pbp/bnp1p1p1/8/2q1NP2/6P1/PP3QBP/R1BR3K","stockfishScores":{"wn":0.49916666666666665}},{"fenStr":"r4rk1/p4pbp/bnp1p1p1/8/2q2P2/2N3P1/PP3QBP/R1BR3K","stockfishScores":{"bn":0.4936309523809524}},{"fenStr":"r4rk1/p4p1p/bnp1p1p1/8/2q2P2/2b3P1/PP3QBP/R1BR3K","stockfishScores":{"wn":0.4763095238095238}},{"fenStr":"r4rk1/p4p1p/bnp1p1p1/8/2q2P2/2P3P1/P4QBP/R1BR3K","stockfishScores":{"bn":0.49857142857142855}},{"fenStr":"r4rk1/p4p1p/b1p1p1p1/3n4/2q2P2/2P3P1/P4QBP/R1BR3K","stockfishScores":{"wn":0.49779761904761904}},{"fenStr":"r4rk1/p4p1p/b1p1p1p1/3n1P2/2q5/2P3P1/P4QBP/R1BR3K","stockfishScores":{"bn":0.49857142857142855}},{"fenStr":"r4rk1/p4p1p/b1p3p1/3n1p2/2q5/2P3P1/P4QBP/R1BR3K","stockfishScores":{"wn":0.49142857142857144}},{"fenStr":"r4rk1/p4p1p/b1p3pB/3n1p2/2q5/2P3P1/P4QBP/R2R3K","stockfishScores":{"bn":0.4948214285714286}},{"fenStr":"r3r1k1/p4p1p/b1p3pB/3n1p2/2q5/2P3P1/P4QBP/R2R3K","stockfishScores":{"wn":0.48916666666666664}},{"fenStr":"r3r1k1/p4p1p/b1p3pB/3n1p2/2q5/2P2BP1/P4Q1P/R2R3K","stockfishScores":{"bn":0.48732142857142857}},{"fenStr":"r5k1/p4p1p/b1p1r1pB/3n1p2/2q5/2P2BP1/P4Q1P/R2R3K","stockfishScores":{"wn":0.48910714285714285}},{"fenStr":"r5k1/p4p1p/b1p1r1pB/3n1p2/2qR4/2P2BP1/P4Q1P/R6K","stockfishScores":{"bn":0.490952380952381}},{"fenStr":"r5k1/p4p1p/b1p1r1pB/3n1p2/3R4/2q2BP1/P4Q1P/R6K","stockfishScores":{"wn":0.47470238095238093}},{"fenStr":"r5k1/p4p1p/b1p1r1pB/3n1p2/3R4/2q2BP1/P4Q1P/2R4K","stockfishScores":{"bn":0.48910714285714285}},{"fenStr":"r5k1/p4p1p/b1p1r1pB/3n1p2/3R4/q4BP1/P4Q1P/2R4K","stockfishScores":{"wn":0.48351190476190475}},{"fenStr":"r5k1/p4p1p/b1p1r1pB/3R1p2/8/q4BP1/P4Q1P/2R4K","stockfishScores":{"bn":0.5069047619047619}},{"fenStr":"r5k1/p4p1p/b3r1pB/3p1p2/8/q4BP1/P4Q1P/2R4K","stockfishScores":{"wn":0.4757142857142857}},{"fenStr":"r5k1/p4p1p/b3r1pB/3B1p2/8/q5P1/P4Q1P/2R4K","stockfishScores":{"bn":0.48714285714285716}},{"fenStr":"3r2k1/p4p1p/b3r1pB/3B1p2/8/q5P1/P4Q1P/2R4K","stockfishScores":{"wn":0.47845238095238096}},{"fenStr":"3r2k1/p4p1p/b3r1pB/3B1p2/3Q4/q5P1/P6P/2R4K","stockfishScores":{"bn":0.4922619047619048}},{"fenStr":"3r2k1/p4p1p/b3r1pB/3B1p2/3Q4/6P1/P6P/2q4K","stockfishScores":{"wn":0.4419642857142857}},{"fenStr":"3r2k1/p4p1p/b3r1p1/3B1p2/3Q4/6P1/P6P/2B4K","stockfishScores":{"bn":0.5148809523809523}},{"fenStr":"3r2k1/pb3p1p/4r1p1/3B1p2/3Q4/6P1/P6P/2B4K","stockfishScores":{"wn":0.509702380952381}},{"fenStr":"3r2k1/pb3p1p/4r1pB/3B1p2/3Q4/6P1/P6P/7K","stockfishScores":{"bn":0.5138095238095238}},{"fenStr":"3r2k1/p4p1p/4r1pB/3b1p2/3Q4/6P1/P6P/7K","stockfishScores":{"wn":0.4888690476190476}},{"fenStr":"3r2k1/p4p1p/4r1pB/3b1p2/3Q4/6P1/P6P/6K1","stockfishScores":{"bn":0.48928571428571427}},{"fenStr":"3r2k1/p4p1p/6pB/3b1p2/3Q4/6P1/P6P/4r1K1","stockfishScores":{"wn":0.49083333333333334}},{"fenStr":"3r2k1/p4p1p/6pB/3b1p2/3Q4/6P1/P4K1P/4r3","stockfishScores":{"bn":0.4901785714285714}},{"fenStr":"3r2k1/p4p1p/6pB/3b1p2/3Q4/6P1/P3rK1P/8","stockfishScores":{"wn":0.49273809523809525}},{"fenStr":"3r2k1/p4p1p/6pB/3b1p2/3Q4/6P1/P3r2P/6K1","stockfishScores":{"bn":0.4841666666666667}},{"fenStr":"3r2k1/p4p1p/6pB/3b1p2/3Q4/6P1/P5rP/6K1","stockfishScores":{"wn":0.49333333333333335}},{"fenStr":"3r2k1/p4p1p/6pB/3b1p2/3Q4/6P1/P5rP/5K2","stockfishScores":{"bn":0.4895238095238095}},{"fenStr":"3r2k1/p4p1p/6pB/5p2/2bQ4/6P1/P5rP/5K2","stockfishScores":{"wn":0.4886309523809524}},{"fenStr":"3r2k1/p4p1p/6pB/5p2/2Q5/6P1/P5rP/5K2","stockfishScores":{"bn":0.5086904761904761}},{"fenStr":"3r2k1/p4p1p/6pB/5p2/2Q5/6P1/P6r/5K2","stockfishScores":{"wn":0.5016071428571428}},{"fenStr":"3r2k1/p4p1p/6pB/5p2/2Q5/6P1/P6r/6K1","stockfishScores":{"bn":0.5009523809523809}},{"fenStr":"3r2k1/p4p1p/6pr/5p2/2Q5/6P1/P7/6K1","stockfishScores":{"wn":0.48154761904761906}},{"fenStr":"3r2k1/p1Q2p1p/6pr/5p2/8/6P1/P7/6K1","stockfishScores":{"bn":0.4832142857142857}},{"fenStr":"6k1/p1Q2p1p/6pr/5p2/8/6P1/P7/3r2K1","stockfishScores":{"wn":0.4794047619047619}},{"fenStr":"6k1/p1Q2p1p/6pr/5p2/8/6P1/P5K1/3r4","stockfishScores":{"bn":0.4791666666666667}},{"fenStr":"6k1/p1Q2p1p/6pr/5p2/8/6P1/P2r2K1/8","stockfishScores":{"wn":0.47827380952380955}},{"fenStr":"6k1/p1Q2p1p/6pr/5p2/8/5KP1/P2r4/8","stockfishScores":{"bn":0.4783928571428571}},{"fenStr":"6k1/p1Q2p1p/6p1/5p2/8/5KP1/P2r3r/8","stockfishScores":{"wn":0.4730357142857143}},{"fenStr":"1Q4k1/p4p1p/6p1/5p2/8/5KP1/P2r3r/8","stockfishScores":{"bn":0.4720238095238095}},{"fenStr":"1Q6/p4pkp/6p1/5p2/8/5KP1/P2r3r/8","stockfishScores":{"wn":0.47232142857142856}},{"fenStr":"8/p4pkp/6p1/4Qp2/8/5KP1/P2r3r/8","stockfishScores":{"bn":0.4700595238095238}},{"fenStr":"8/p4p1p/6pk/4Qp2/8/5KP1/P2r3r/8","stockfishScores":{"wn":0.4749404761904762}},{"fenStr":"8/p4p1p/6pk/5p2/5Q2/5KP1/P2r3r/8","stockfishScores":{"bn":0.4699404761904762}},{"fenStr":"8/p4p1p/7k/5pp1/5Q2/5KP1/P2r3r/8","stockfishScores":{"wn":0.46910714285714283}},{"fenStr":"1Q6/p4p1p/7k/5pp1/8/5KP1/P2r3r/8","stockfishScores":{"bn":0.4655952380952381}},{"fenStr":"1Q6/p4p1p/7k/5pp1/8/3r1KP1/P6r/8","stockfishScores":{"wn":0.4694047619047619}}],"result":{"bw":true}}