{"fens":[{"fenStr":"rnbqkbnr/pppppppp/8/8/2P5/8/PP1PPPPP/RNBQKBNR","stockfishScores":{"bn":0.5016666666666667}},{"fenStr":"rnbqkbnr/pppppp1p/6p1/8/2P5/8/PP1PPPPP/RNBQKBNR","stockfishScores":{"wn":0.5007142857142857}},{"fenStr":"rnbqkbnr/pppppp1p/6p1/8/2P5/2N5/PP1PPPPP/R1BQKBNR","stockfishScores":{"bn":0.5040476190476191}},{"fenStr":"rnbqk1nr/ppppppbp/6p1/8/2P5/2N5/PP1PPPPP/R1BQKBNR","stockfishScores":{"wn":0.5001190476190476}},{"fenStr":"rnbqk1nr/ppppppbp/6p1/8/2P5/2N3P1/PP1PPP1P/R1BQKBNR","stockfishScores":{"bn":0.5010714285714286}},{"fenStr":"rnbqk1nr/pppp1pbp/6p1/4p3/2P5/2N3P1/PP1PPP1P/R1BQKBNR","stockfishScores":{"wn":0.5033928571428572}},{"fenStr":"rnbqk1nr/pppp1pbp/6p1/4p3/2P5/2N3P1/PP1PPPBP/R1BQK1NR","stockfishScores":{"bn":0.5054166666666666}},{"fenStr":"rnbqk2r/pppp1pbp/5np1/4p3/2P5/2N3P1/PP1PPPBP/R1BQK1NR","stockfishScores":{"wn":0.5032738095238095}},{"fenStr":"rnbqk2r/pppp1pbp/5np1/4p3/2P5/2N1P1P1/PP1P1PBP/R1BQK1NR","stockfishScores":{"bn":0.5043452380952381}},{"fenStr":"rnbq1rk1/pppp1pbp/5np1/4p3/2P5/2N1P1P1/PP1P1PBP/R1BQK1NR","stockfishScores":{"wn":0.4945833333333333}},{"fenStr":"rnbq1rk1/pppp1pbp/5np1/4p3/2P5/2N1P1P1/PP1PNPBP/R1BQK2R","stockfishScores":{"bn":0.4976190476190476}},{"fenStr":"rnbqr1k1/pppp1pbp/5np1/4p3/2P5/2N1P1P1/PP1PNPBP/R1BQK2R","stockfishScores":{"wn":0.4982142857142857}},{"fenStr":"rnbqr1k1/pppp1pbp/5np1/4p3/2P5/2N1P1P1/PP1PNPBP/R1BQ1RK1","stockfishScores":{"bn":0.5067261904761905}},{"fenStr":"rnbqr1k1/ppp2pbp/3p1np1/4p3/2P5/2N1P1P1/PP1PNPBP/R1BQ1RK1","stockfishScores":{"wn":0.5013095238095238}},{"fenStr":"rnbqr1k1/ppp2pbp/3p1np1/4p3/2PP4/2N1P1P1/PP2NPBP/R1BQ1RK1","stockfishScores":{"bn":0.5046428571428572}},{"fenStr":"rnbqr1k1/ppp2pbp/3p1np1/8/2PPp3/2N1P1P1/PP2NPBP/R1BQ1RK1","stockfishScores":{"wn":0.5025595238095238}},{"fenStr":"rnbqr1k1/ppp2pbp/3p1np1/8/2PPp3/2N1P1P1/PPQ1NPBP/R1B2RK1","stockfishScores":{"bn":0.5018452380952381}},{"fenStr":"rn1qr1k1/ppp2pbp/3p1np1/5b2/2PPp3/2N1P1P1/PPQ1NPBP/R1B2RK1","stockfishScores":{"wn":0.5009523809523809}},{"fenStr":"rn1qr1k1/ppp2pbp/3p1np1/5b2/2PPp3/2N1P1P1/PPQBNPBP/R4RK1","stockfishScores":{"bn":0.5020833333333333}},{"fenStr":"rn1qr1k1/pp3pbp/3p1np1/2p2b2/2PPp3/2N1P1P1/PPQBNPBP/R4RK1","stockfishScores":{"wn":0.5023214285714286}},{"fenStr":"rn1qr1k1/pp3pbp/3p1np1/2p2b2/2PPp3/P1N1P1P1/1PQBNPBP/R4RK1","stockfishScores":{"bn":0.5018452380952381}},{"fenStr":"r2qr1k1/pp3pbp/2np1np1/2p2b2/2PPp3/P1N1P1P1/1PQBNPBP/R4RK1","stockfishScores":{"wn":0.5001190476190476}},{"fenStr":"r2qr1k1/pp3pbp/2np1np1/2pP1b2/2P1p3/P1N1P1P1/1PQBNPBP/R4RK1","stockfishScores":{"bn":0.5017857142857143}},{"fenStr":"r2qr1k1/pp3pbp/3p1np1/2pPnb2/2P1p3/P1N1P1P1/1PQBNPBP/R4RK1","stockfishScores":{"wn":0.49339285714285713}},{"fenStr":"r2qr1k1/pp3pbp/3p1np1/2pPnb2/2P1p3/PPN1P1P1/2QBNPBP/R4RK1","stockfishScores":{"bn":0.49476190476190474}},{"fenStr":"r2qr1k1/pp3pb1/3p1np1/2pPnb1p/2P1p3/PPN1P1P1/2QBNPBP/R4RK1","stockfishScores":{"wn":0.49583333333333335}},{"fenStr":"r2qr1k1/pp3pb1/3p1np1/2pPnb1p/2P1p3/PPN1P1P1/2QBNPBP/R4R1K","stockfishScores":{"bn":0.49476190476190474}},{"fenStr":"r2qr1k1/pp3pb1/3p1np1/2pP1b1p/2P1p3/PPN1PnP1/2QBNPBP/R4R1K","stockfishScores":{"wn":0.49041666666666667}},{"fenStr":"r2qr1k1/pp3pb1/3p1np1/2pP1b1p/2P1p3/PPN1PnP1/2QB1PBP/R4RNK","stockfishScores":{"bn":0.4851785714285714}},{"fenStr":"r3r1k1/pp1q1pb1/3p1np1/2pP1b1p/2P1p3/PPN1PnP1/2QB1PBP/R4RNK","stockfishScores":{"wn":0.48779761904761904}},{"fenStr":"r3r1k1/pp1q1pb1/3p1np1/2pP1b1p/2P1p3/PPN1PnP1/3B1PBP/R2Q1RNK","stockfishScores":{"bn":0.4869047619047619}},{"fenStr":"r3r1k1/pp1q1pb1/3p1np1/2pP1b1p/2P1p3/PPN1P1P1/3B1PBP/R2Q1RnK","stockfishScores":{"wn":0.47875}},{"fenStr":"r3r1k1/pp1q1pb1/3p1np1/2pP1b1p/2P1p3/PPN1P1P1/3B1PBP/R2Q2RK","stockfishScores":{"bn":0.4974404761904762}},{"fenStr":"r3r1k1/pp1q1pb1/3p1np1/2pP3p/2P1p1b1/PPN1P1P1/3B1PBP/R2Q2RK","stockfishScores":{"wn":0.49625}},{"fenStr":"r3r1k1/pp1q1pb1/3p1np1/2pP3p/2P1p1b1/PPN1PPP1/3B2BP/R2Q2RK","stockfishScores":{"bn":0.4995833333333333}},{"fenStr":"r3r1k1/pp1q1pb1/3p1np1/2pP3p/2P3b1/PPN1PpP1/3B2BP/R2Q2RK","stockfishScores":{"wn":0.4692857142857143}},{"fenStr":"r3r1k1/pp1q1pb1/3p1np1/2pP3p/2P3b1/PPN1PBP1/3B3P/R2Q2RK","stockfishScores":{"bn":0.4920833333333333}},{"fenStr":"r3r1k1/pp1q1pb1/3p1np1/2pP3p/2P5/PPN1PbP1/3B3P/R2Q2RK","stockfishScores":{"wn":0.46416666666666667}},{"fenStr":"r3r1k1/pp1q1pb1/3p1np1/2pP3p/2P5/PPN1PQP1/3B3P/R5RK","stockfishScores":{"bn":0.495952380952381}},{"fenStr":"r3r1k1/pp1q1pb1/3p2p1/2pP3p/2P3n1/PPN1PQP1/3B3P/R5RK","stockfishScores":{"wn":0.48946428571428574}},{"fenStr":"r3r1k1/pp1q1pb1/3p2p1/2pP3p/2P3n1/PPN1PQP1/3B3P/4R1RK","stockfishScores":{"bn":0.4888690476190476}},{"fenStr":"r3r1k1/1p1q1pb1/p2p2p1/2pP3p/2P3n1/PPN1PQP1/3B3P/4R1RK","stockfishScores":{"wn":0.4886309523809524}},{"fenStr":"r3r1k1/1p1q1pb1/p2p2p1/2pP3p/P1P3n1/1PN1PQP1/3B3P/4R1RK","stockfishScores":{"bn":0.48773809523809525}},{"fenStr":"r5k1/1p1qrpb1/p2p2p1/2pP3p/P1P3n1/1PN1PQP1/3B3P/4R1RK","stockfishScores":{"wn":0.4901785714285714}},{"fenStr":"r5k1/1p1qrpb1/p2p2p1/2pP3p/P1P3n1/1PN1PQP1/3BR2P/6RK","stockfishScores":{"bn":0.49101190476190476}},{"fenStr":"4r1k1/1p1qrpb1/p2p2p1/2pP3p/P1P3n1/1PN1PQP1/3BR2P/6RK","stockfishScores":{"wn":0.4901785714285714}},{"fenStr":"4r1k1/1p1qrpb1/p2p2p1/2pP3p/P1P3n1/1PN1PQP1/3BR2P/4R2K","stockfishScores":{"bn":0.4894047619047619}},{"fenStr":"4r1k1/1p1qrpb1/p2p2p1/2pPn2p/P1P5/1PN1PQP1/3BR2P/4R2K","stockfishScores":{"wn":0.48797619047619045}},{"fenStr":"4r1k1/1p1qrpb1/p2p2p1/2pPn2p/P1P5/1PN1P1P1/3BR2P/4RQ1K","stockfishScores":{"bn":0.4907142857142857}},{"fenStr":"4r1k1/1p2rpb1/p2p2p1/2pPn2p/P1P3q1/1PN1P1P1/3BR2P/4RQ1K","stockfishScores":{"wn":0.49178571428571427}},{"fenStr":"4r1k1/1p2rpb1/p2p2p1/2pPn2p/P1P3q1/1PN1P1P1/3B1R1P/4RQ1K","stockfishScores":{"bn":0.49351190476190476}},{"fenStr":"4r1k1/1p1qrpb1/p2p2p1/2pPn2p/P1P5/1PN1P1P1/3B1R1P/4RQ1K","stockfishScores":{"wn":0.49339285714285713}},{"fenStr":"4r1k1/1p1qrpb1/p2p2p1/2pPn2p/P1P5/1PN1P1PP/3B1R2/4RQ1K","stockfishScores":{"bn":0.49297619047619046}},{"fenStr":"4r1k1/1pq1rpb1/p2p2p1/2pPn2p/P1P5/1PN1P1PP/3B1R2/4RQ1K","stockfishScores":{"wn":0.4945833333333333}},{"fenStr":"4r1k1/1pq1rpb1/p2p2p1/2pPn2p/P1P1P3/1PN3PP/3B1R2/4RQ1K","stockfishScores":{"bn":0.49601190476190476}},{"fenStr":"4r1k1/1p2rpb1/pq1p2p1/2pPn2p/P1P1P3/1PN3PP/3B1R2/4RQ1K","stockfishScores":{"wn":0.4963095238095238}},{"fenStr":"4r1k1/1p2rpb1/pq1p2p1/2pPn1Bp/P1P1P3/1PN3PP/5R2/4RQ1K","stockfishScores":{"bn":0.498452380952381}},{"fenStr":"4r1k1/1p2rpb1/p2p2p1/2pPn1Bp/P1P1P3/1qN3PP/5R2/4RQ1K","stockfishScores":{"wn":0.49154761904761907}},{"fenStr":"4r1k1/1p2Bpb1/p2p2p1/2pPn2p/P1P1P3/1qN3PP/5R2/4RQ1K","stockfishScores":{"bn":0.5210119047619047}},{"fenStr":"6k1/1p2rpb1/p2p2p1/2pPn2p/P1P1P3/1qN3PP/5R2/4RQ1K","stockfishScores":{"wn":0.4981547619047619}},{"fenStr":"6k1/1p2rpb1/p2p2p1/2pPn2p/P1P1P3/1qN1R1PP/5R2/5Q1K","stockfishScores":{"bn":0.49898809523809523}},{"fenStr":"6k1/1p2rpb1/p2p2p1/2pP3p/P1n1P3/1qN1R1PP/5R2/5Q1K","stockfishScores":{"wn":0.48547619047619045}},{"fenStr":"6k1/1p2rpb1/p2p2p1/2pP3p/P1n1P3/1qN2RPP/5R2/5Q1K","stockfishScores":{"bn":0.49005952380952383}},{"fenStr":"6k1/1p2rpb1/p2p2p1/2pPn2p/P3P3/1qN2RPP/5R2/5Q1K","stockfishScores":{"wn":0.49202380952380953}},{"fenStr":"6k1/1p2rpb1/p2p2p1/2pPn2p/P3P3/1qN1R1PP/5R2/5Q1K","stockfishScores":{"bn":0.49178571428571427}},{"fenStr":"6k1/1p2rp2/p2p2pb/2pPn2p/P3P3/1qN1R1PP/5R2/5Q1K","stockfishScores":{"wn":0.49041666666666667}},{"fenStr":"6k1/1p2rp2/p2p2pb/2pPn2p/P3P3/1qN2RPP/5R2/5Q1K","stockfishScores":{"bn":0.49220238095238095}},{"fenStr":"6k1/1p2rp2/p2p2pb/2pP3p/P3P3/1qN2nPP/5R2/5Q1K","stockfishScores":{"wn":0.45708333333333334}},{"fenStr":"6k1/1p2rp2/p2p2pb/2pP3p/P3P3/1qN2RPP/8/5Q1K","stockfishScores":{"bn":0.48369047619047617}},{"fenStr":"6k1/1p2rp2/p2p2pb/2pP3p/Pq2P3/2N2RPP/8/5Q1K","stockfishScores":{"wn":0.48369047619047617}},{"fenStr":"6k1/1p2rp2/p2p2pb/2pP3p/Pq2P3/2N2RPP/8/1Q5K","stockfishScores":{"bn":0.4819047619047619}},{"fenStr":"6k1/1p2rp2/p2p2pb/2pP3p/P3P3/2N2RPP/8/1q5K","stockfishScores":{"wn":0.4105357142857143}},{"fenStr":"6k1/1p2rp2/p2p2pb/2pP3p/P3P3/5RPP/8/1N5K","stockfishScores":{"bn":0.47767857142857145}},{"fenStr":"6k1/1p3p2/p2p2pb/2pP3p/P3r3/5RPP/8/1N5K","stockfishScores":{"wn":0.4694047619047619}},{"fenStr":"6k1/1p3p2/p2p2pb/2pP3p/P3r3/1R4PP/8/1N5K","stockfishScores":{"bn":0.4673809523809524}},{"fenStr":"6k1/1p3p2/p2p2pb/2pP3p/r7/1R4PP/8/1N5K","stockfishScores":{"wn":0.46404761904761904}},{"fenStr":"6k1/1R3p2/p2p2pb/2pP3p/r7/6PP/8/1N5K","stockfishScores":{"bn":0.47422619047619047}},{"fenStr":"6k1/1R3p2/p2p2pb/2pP3p/1r6/6PP/8/1N5K","stockfishScores":{"wn":0.46714285714285714}},{"fenStr":"6k1/5p2/p2p2pb/2pP3p/1R6/6PP/8/1N5K","stockfishScores":{"bn":0.5100595238095238}},{"fenStr":"6k1/5p2/p2p2pb/3P3p/1p6/6PP/8/1N5K","stockfishScores":{"wn":0.4669642857142857}},{"fenStr":"6k1/5p2/p2p2pb/3P3p/1p6/6PP/6K1/1N6","stockfishScores":{"bn":0.4692857142857143}},{"fenStr":"6k1/5p2/3p2pb/p2P3p/1p6/6PP/6K1/1N6","stockfishScores":{"wn":0.4675595238095238}},{"fenStr":"6k1/5p2/3p2pb/p2P3p/1p6/5KPP/8/1N6","stockfishScores":{"bn":0.46875}},{"fenStr":"6k1/5p2/3p2pb/3P3p/pp6/5KPP/8/1N6","stockfishScores":{"wn":0.4657142857142857}},{"fenStr":"6k1/5p2/3p2pb/3P3p/pp2K3/6PP/8/1N6","stockfishScores":{"bn":0.4643452380952381}},{"fenStr":"6k1/5p2/3p2pb/3P3p/1p2K3/p5PP/8/1N6","stockfishScores":{"wn":0.45589285714285716}},{"fenStr":"6k1/5p2/3p2pb/3P3p/1p2K3/N5PP/8/8","stockfishScores":{"bn":0.47869047619047617}},{"fenStr":"6k1/5p2/3p2pb/3P3p/4K3/p5PP/8/8","stockfishScores":{"wn":0.44916666666666666}},{"fenStr":"6k1/5p2/3p2pb/3P3p/8/p2K2PP/8/8","stockfishScores":{"bn":0.4508333333333333}},{"fenStr":"6k1/5p2/3p2pb/3P3p/8/3K2PP/p7/8","stockfishScores":{"wn":0.44297619047619047}},{"fenStr":"6k1/5p2/3p2pb/3P3p/2K5/6PP/p7/8","stockfishScores":{"bn":0.44125000000000003}},{"fenStr":"6k1/5p2/3p2pb/3P3p/2K5/6PP/8/q7","stockfishScores":{"wn":0.3924404761904762}},{"fenStr":"6k1/5p2/3p2pb/3P3p/2K3P1/7P/8/q7","stockfishScores":{"bn":0.3924404761904762}},{"fenStr":"6k1/5p2/3p2pb/3P4/2K3p1/7P/8/q7","stockfishScores":{"wn":0.3869642857142857}},{"fenStr":"6k1/5p2/3p2pb/3P4/2K3P1/8/8/q7","stockfishScores":{"bn":0.3929761904761905}},{"fenStr":"6k1/5p2/3p2pb/3P4/q1K3P1/8/8/8","stockfishScores":{"wn":0.39226190476190476}},{"fenStr":"6k1/5p2/3p2pb/3P4/q5P1/3K4/8/8","stockfishScores":{"bn":0.3921428571428571}},{"fenStr":"6k1/5pb1/3p2p1/3P4/q5P1/3K4/8/8","stockfishScores":{"wn":0.39166666666666666}},{"fenStr":"6k1/5pb1/3p2p1/3P2P1/q7/3K4/8/8","stockfishScores":{"bn":0.3924404761904762}},{"fenStr":"6k1/5pb1/3p2p1/3P2P1/3q4/3K4/8/8","stockfishScores":{"wn":0.3916071428571428}},{"fenStr":"6k1/5pb1/3p2p1/3P2P1/3q4/8/4K3/8","stockfishScores":{"bn":0.3919642857142857}},{"fenStr":"6k1/5pb1/3p2p1/3P2P1/8/2q5/4K3/8","stockfishScores":{"wn":0.3923809523809524}},{"fenStr":"6k1/5pb1/3p2p1/3P2P1/8/2q5/5K2/8","stockfishScores":{"bn":0.3933333333333333}},{"fenStr":"6k1/5p2/3p2p1/3P2P1/3b4/2q5/5K2/8","stockfishScores":{"wn":0.39267857142857143}},{"fenStr":"6k1/5p2/3p2p1/3P2P1/3b4/2q5/4K3/8","stockfishScores":{"bn":0.3917857142857143}},{"fenStr":"6k1/5p2/3p2p1/3P2P1/3b4/4q3/4K3/8","stockfishScores":{"wn":0.39154761904761903}},{"fenStr":"6k1/5p2/3p2p1/3P2P1/3b4/4q3/8/3K4","stockfishScores":{"bn":0.3911309523809524}},{"fenStr":"6k1/5p2/3p2p1/3P2P1/3b4/8/5q2/3K4","stockfishScores":{"wn":0.39142857142857146}},{"fenStr":"6k1/5p2/3p2p1/3P2P1/3b4/8/5q2/2K5","stockfishScores":{"bn":0.3924404761904762}},{"fenStr":"6k1/5p2/3p2p1/3P2P1/8/2b5/5q2/2K5","stockfishScores":{"wn":0.3931547619047619}},{"fenStr":"6k1/5p2/3p2p1/3P2P1/8/2b5/5q2/3K4","stockfishScores":{"bn":0.3921428571428571}},{"fenStr":"6k1/5p2/3p2p1/3P2P1/8/2b5/3q4/3K4","stockfishScores":{"wn":0.3919642857142857}}],"result":{"bw":true}}