{"fens":[{"fenStr":"rnbqkbnr/pppppppp/8/8/3P4/8/PPP1PPPP/RNBQKBNR","stockfishScores":{"bn":0.5048809523809524}},{"fenStr":"rnbqkbnr/ppp1pppp/8/3p4/3P4/8/PPP1PPPP/RNBQKBNR","stockfishScores":{"wn":0.5005952380952381}},{"fenStr":"rnbqkbnr/ppp1pppp/8/3p2B1/3P4/8/PPP1PPPP/RN1QKBNR","stockfishScores":{"bn":0.5006547619047619}},{"fenStr":"r1bqkbnr/ppp1pppp/2n5/3p2B1/3P4/8/PPP1PPPP/RN1QKBNR","stockfishScores":{"wn":0.49910714285714286}},{"fenStr":"r1bqkbnr/ppp1pppp/2n5/3p2B1/3P4/5N2/PPP1PPPP/RN1QKB1R","stockfishScores":{"bn":0.5026785714285714}},{"fenStr":"r1bqkbnr/ppp1p1pp/2n2p2/3p2B1/3P4/5N2/PPP1PPPP/RN1QKB1R","stockfishScores":{"wn":0.49797619047619046}},{"fenStr":"r1bqkbnr/ppp1p1pp/2n2p2/3p4/3P3B/5N2/PPP1PPPP/RN1QKB1R","stockfishScores":{"bn":0.4993452380952381}},{"fenStr":"r2qkbnr/ppp1p1pp/2n2p2/3p1b2/3P3B/5N2/PPP1PPPP/RN1QKB1R","stockfishScores":{"wn":0.49952380952380954}},{"fenStr":"r2qkbnr/ppp1p1pp/2n2p2/3p1b2/3P3B/4PN2/PPP2PPP/RN1QKB1R","stockfishScores":{"bn":0.5028571428571429}},{"fenStr":"r2qkbnr/ppp3pp/2n1pp2/3p1b2/3P3B/4PN2/PPP2PPP/RN1QKB1R","stockfishScores":{"wn":0.4994047619047619}},{"fenStr":"r2qkbnr/ppp3pp/2n1pp2/3p1b2/3P3B/3BPN2/PPP2PPP/RN1QK2R","stockfishScores":{"bn":0.49976190476190474}},{"fenStr":"r2qkb1r/ppp3pp/2n1pp1n/3p1b2/3P3B/3BPN2/PPP2PPP/RN1QK2R","stockfishScores":{"wn":0.4981547619047619}},{"fenStr":"r2qkb1r/ppp3pp/2n1pp1n/3p1b2/3P3B/3BPN2/PPP2PPP/RN1Q1RK1","stockfishScores":{"bn":0.5110714285714286}},{"fenStr":"r2qk2r/ppp3pp/2nbpp1n/3p1b2/3P3B/3BPN2/PPP2PPP/RN1Q1RK1","stockfishScores":{"wn":0.5098809523809524}},{"fenStr":"r2qk2r/ppp3pp/2nbpp1n/3p1b2/2PP3B/3BPN2/PP3PPP/RN1Q1RK1","stockfishScores":{"bn":0.5130357142857143}},{"fenStr":"r2qk2r/ppp3pp/3bpp1n/3p1b2/1nPP3B/3BPN2/PP3PPP/RN1Q1RK1","stockfishScores":{"wn":0.5163690476190477}},{"fenStr":"r2qk2r/ppp3pp/3bpp1n/3p1B2/1nPP3B/4PN2/PP3PPP/RN1Q1RK1","stockfishScores":{"bn":0.5480357142857143}},{"fenStr":"r2qk2r/ppp3pp/3bpp2/3p1n2/1nPP3B/4PN2/PP3PPP/RN1Q1RK1","stockfishScores":{"wn":0.5116666666666667}},{"fenStr":"r2qk2r/ppp3pp/3bpp2/2Pp1n2/1n1P3B/4PN2/PP3PPP/RN1Q1RK1","stockfishScores":{"bn":0.517797619047619}},{"fenStr":"r2qk2r/ppp1b1pp/4pp2/2Pp1n2/1n1P3B/4PN2/PP3PPP/RN1Q1RK1","stockfishScores":{"wn":0.5155952380952381}},{"fenStr":"r2qk2r/ppp1b1pp/4pp2/2Pp1n2/1n1P3B/1Q2PN2/PP3PPP/RN3RK1","stockfishScores":{"bn":0.5160119047619047}},{"fenStr":"r2qk2r/1pp1b1pp/4pp2/p1Pp1n2/1n1P3B/1Q2PN2/PP3PPP/RN3RK1","stockfishScores":{"wn":0.5144047619047619}},{"fenStr":"r2qk2r/1pp1b1pp/4pp2/p1Pp1n2/1n1P3B/PQ2PN2/1P3PPP/RN3RK1","stockfishScores":{"bn":0.5170238095238096}},{"fenStr":"r2qk2r/1pp1b1pp/2n1pp2/p1Pp1n2/3P3B/PQ2PN2/1P3PPP/RN3RK1","stockfishScores":{"wn":0.5090476190476191}},{"fenStr":"r2qk2r/1Qp1b1pp/2n1pp2/p1Pp1n2/3P3B/P3PN2/1P3PPP/RN3RK1","stockfishScores":{"bn":0.517797619047619}},{"fenStr":"r2q3r/1Qpkb1pp/2n1pp2/p1Pp1n2/3P3B/P3PN2/1P3PPP/RN3RK1","stockfishScores":{"wn":0.5068452380952381}},{"fenStr":"r2q3r/2pkb1pp/2n1pp2/p1Pp1n2/3P3B/PQ2PN2/1P3PPP/RN3RK1","stockfishScores":{"bn":0.5054166666666666}},{"fenStr":"rq5r/2pkb1pp/2n1pp2/p1Pp1n2/3P3B/PQ2PN2/1P3PPP/RN3RK1","stockfishScores":{"wn":0.505}},{"fenStr":"rq5r/2pkb1pp/2n1pp2/p1Pp1n2/3P3B/P3PN2/1PQ2PPP/RN3RK1","stockfishScores":{"bn":0.5066071428571428}},{"fenStr":"rq5r/2pkb1pp/2n1pp2/p1Pp4/3P3n/P3PN2/1PQ2PPP/RN3RK1","stockfishScores":{"wn":0.4903571428571429}},{"fenStr":"rq5r/2pkb1pp/2n1pp2/p1Pp4/3P3N/P3P3/1PQ2PPP/RN3RK1","stockfishScores":{"bn":0.5072023809523809}},{"fenStr":"r6r/1qpkb1pp/2n1pp2/p1Pp4/3P3N/P3P3/1PQ2PPP/RN3RK1","stockfishScores":{"wn":0.5077380952380952}},{"fenStr":"r6r/1qpkb1pp/2n1pp2/p1Pp4/3P3N/P1N1P3/1PQ2PPP/R4RK1","stockfishScores":{"bn":0.5125595238095239}},{"fenStr":"1r5r/1qpkb1pp/2n1pp2/p1Pp4/3P3N/P1N1P3/1PQ2PPP/R4RK1","stockfishScores":{"wn":0.5105357142857143}},{"fenStr":"1r5r/1qpkb1pp/2n1pp2/p1Pp4/3P3N/P1N1P3/1PQ2PPP/1R3RK1","stockfishScores":{"bn":0.5106547619047619}},{"fenStr":"1r5r/2pkb1pp/2n1pp2/p1Pp4/3P3N/PqN1P3/1PQ2PPP/1R3RK1","stockfishScores":{"wn":0.5105357142857143}},{"fenStr":"1r5r/2pkb1pp/2n1pp2/p1Pp4/3P3N/PqN1P3/1P2QPPP/1R3RK1","stockfishScores":{"bn":0.5105952380952381}},{"fenStr":"1r5r/2pkb1pp/2n1p3/p1Pp1p2/3P3N/PqN1P3/1P2QPPP/1R3RK1","stockfishScores":{"wn":0.5061904761904762}},{"fenStr":"1r5r/2pkb1pp/2n1p3/p1Pp1p2/3P4/PqN1PN2/1P2QPPP/1R3RK1","stockfishScores":{"bn":0.5157142857142857}},{"fenStr":"1r5r/2pk2pp/2n1pb2/p1Pp1p2/3P4/PqN1PN2/1P2QPPP/1R3RK1","stockfishScores":{"wn":0.5157738095238096}},{"fenStr":"1r5r/2pk2pp/2n1pb2/p1Pp1p2/3P4/PqN1P3/1P1NQPPP/1R3RK1","stockfishScores":{"bn":0.5175}},{"fenStr":"1r5r/1qpk2pp/2n1pb2/p1Pp1p2/3P4/P1N1P3/1P1NQPPP/1R3RK1","stockfishScores":{"wn":0.5142261904761904}},{"fenStr":"1r5r/1qpk2pp/2n1pb2/p1Pp1p2/3P4/P1N1PQ2/1P1N1PPP/1R3RK1","stockfishScores":{"bn":0.5123809523809524}},{"fenStr":"1r5r/2pk2pp/q1n1pb2/p1Pp1p2/3P4/P1N1PQ2/1P1N1PPP/1R3RK1","stockfishScores":{"wn":0.5123809523809524}},{"fenStr":"1r5r/2pk2pp/q1n1pb2/p1Pp1p2/3P4/P1N1PQ2/1P1N1PPP/1RR3K1","stockfishScores":{"bn":0.5118452380952381}},{"fenStr":"1r5r/2pk3p/q1n1pbp1/p1Pp1p2/3P4/P1N1PQ2/1P1N1PPP/1RR3K1","stockfishScores":{"wn":0.5117857142857143}},{"fenStr":"1r5r/2pk3p/q1n1pbp1/p1Pp1p2/P2P4/2N1PQ2/1P1N1PPP/1RR3K1","stockfishScores":{"bn":0.5088690476190476}},{"fenStr":"1r5r/2pk3p/q3pbp1/p1Pp1p2/Pn1P4/2N1PQ2/1P1N1PPP/1RR3K1","stockfishScores":{"wn":0.5107738095238096}},{"fenStr":"1r5r/2pk3p/q1P1pbp1/p2p1p2/Pn1P4/2N1PQ2/1P1N1PPP/1RR3K1","stockfishScores":{"bn":0.5077380952380952}},{"fenStr":"1r5r/2p1k2p/q1P1pbp1/p2p1p2/Pn1P4/2N1PQ2/1P1N1PPP/1RR3K1","stockfishScores":{"wn":0.5095238095238095}},{"fenStr":"1r5r/2p1k2p/q1P1pbp1/pN1p1p2/Pn1P4/4PQ2/1P1N1PPP/1RR3K1","stockfishScores":{"bn":0.5147619047619048}},{"fenStr":"2r4r/2p1k2p/q1P1pbp1/pN1p1p2/Pn1P4/4PQ2/1P1N1PPP/1RR3K1","stockfishScores":{"wn":0.5154166666666666}},{"fenStr":"2r4r/2p1k2p/q1P1pbp1/pN1p1p2/Pn1P4/4P1Q1/1P1N1PPP/1RR3K1","stockfishScores":{"bn":0.5168452380952381}},{"fenStr":"2r4r/2p1k2p/1qP1pbp1/pN1p1p2/Pn1P4/4P1Q1/1P1N1PPP/1RR3K1","stockfishScores":{"wn":0.5169047619047619}},{"fenStr":"2r4r/2p1k2p/1qP1pbp1/pN1p1p2/Pn1P4/2R1P1Q1/1P1N1PPP/1R4K1","stockfishScores":{"bn":0.5152380952380953}},{"fenStr":"2r4r/2p2k1p/1qP1pbp1/pN1p1p2/Pn1P4/2R1P1Q1/1P1N1PPP/1R4K1","stockfishScores":{"wn":0.5089880952380952}},{"fenStr":"2r4r/2p2k1p/1qP1pbp1/pN1p1p2/Pn1P4/1NR1P1Q1/1P3PPP/1R4K1","stockfishScores":{"bn":0.507797619047619}},{"fenStr":"2rr4/2p2k1p/1qP1pbp1/pN1p1p2/Pn1P4/1NR1P1Q1/1P3PPP/1R4K1","stockfishScores":{"wn":0.5082142857142857}},{"fenStr":"2rr4/2p2k1p/1qP1pbp1/pNNp1p2/Pn1P4/2R1P1Q1/1P3PPP/1R4K1","stockfishScores":{"bn":0.5114880952380952}},{"fenStr":"2rr4/2p2k1p/1qn1pbp1/pNNp1p2/P2P4/2R1P1Q1/1P3PPP/1R4K1","stockfishScores":{"wn":0.506547619047619}},{"fenStr":"2rr4/2p2k1p/1qn1pbp1/pN1p1p2/P2P4/2RNP1Q1/1P3PPP/1R4K1","stockfishScores":{"bn":0.5044047619047619}},{"fenStr":"2rr4/n1p2k1p/1q2pbp1/pN1p1p2/P2P4/2RNP1Q1/1P3PPP/1R4K1","stockfishScores":{"wn":0.5066666666666667}},{"fenStr":"2rr4/n1N2k1p/1q2pbp1/p2p1p2/P2P4/2RNP1Q1/1P3PPP/1R4K1","stockfishScores":{"bn":0.5096428571428572}},{"fenStr":"2r5/n1N2k1p/1q1rpbp1/p2p1p2/P2P4/2RNP1Q1/1P3PPP/1R4K1","stockfishScores":{"wn":0.5126785714285714}},{"fenStr":"2r5/n1N2k1p/1q1rpbp1/p2p1p2/P2P4/2RNP1Q1/1P3PPP/2R3K1","stockfishScores":{"bn":0.514702380952381}},{"fenStr":"2r5/n1N2k1p/1qr1pbp1/p2p1p2/P2P4/2RNP1Q1/1P3PPP/2R3K1","stockfishScores":{"wn":0.5155357142857143}},{"fenStr":"2r5/n1N2k1p/1qR1pbp1/p2p1p2/P2P4/3NP1Q1/1P3PPP/2R3K1","stockfishScores":{"bn":0.5456547619047619}},{"fenStr":"2r5/2N2k1p/1qn1pbp1/p2p1p2/P2P4/3NP1Q1/1P3PPP/2R3K1","stockfishScores":{"wn":0.5085714285714286}},{"fenStr":"2r5/5k1p/1qn1pbp1/pN1p1p2/P2P4/3NP1Q1/1P3PPP/2R3K1","stockfishScores":{"bn":0.5117261904761905}},{"fenStr":"3r4/5k1p/1qn1pbp1/pN1p1p2/P2P4/3NP1Q1/1P3PPP/2R3K1","stockfishScores":{"wn":0.5135119047619048}},{"fenStr":"3r4/2Q2k1p/1qn1pbp1/pN1p1p2/P2P4/3NP3/1P3PPP/2R3K1","stockfishScores":{"bn":0.5175595238095239}},{"fenStr":"3r4/2q2k1p/2n1pbp1/pN1p1p2/P2P4/3NP3/1P3PPP/2R3K1","stockfishScores":{"wn":0.43023809523809525}},{"fenStr":"3r4/2N2k1p/2n1pbp1/p2p1p2/P2P4/3NP3/1P3PPP/2R3K1","stockfishScores":{"bn":0.508095238095238}},{"fenStr":"3r4/2N1nk1p/4pbp1/p2p1p2/P2P4/3NP3/1P3PPP/2R3K1","stockfishScores":{"wn":0.5069642857142858}},{"fenStr":"3r4/4nk1p/4pbp1/pN1p1p2/P2P4/3NP3/1P3PPP/2R3K1","stockfishScores":{"bn":0.506547619047619}},{"fenStr":"3r4/4nk1p/4pb2/pN1p1pp1/P2P4/3NP3/1P3PPP/2R3K1","stockfishScores":{"wn":0.508452380952381}},{"fenStr":"3r4/4nk1p/4pb2/pN1p1pp1/P2P4/3NP1P1/1P3P1P/2R3K1","stockfishScores":{"bn":0.5073809523809524}},{"fenStr":"3r4/4nk2/4pb2/pN1p1ppp/P2P4/3NP1P1/1P3P1P/2R3K1","stockfishScores":{"wn":0.5080357142857143}},{"fenStr":"3r4/2R1nk2/4pb2/pN1p1ppp/P2P4/3NP1P1/1P3P1P/6K1","stockfishScores":{"bn":0.5096428571428572}},{"fenStr":"3r4/2R1nk2/4pb2/pN1p1pp1/P2P3p/3NP1P1/1P3P1P/6K1","stockfishScores":{"wn":0.510297619047619}},{"fenStr":"3r4/2R1nk2/4pb2/pN1p1pp1/P2P3P/3NP3/1P3P1P/6K1","stockfishScores":{"bn":0.5154166666666666}},{"fenStr":"3r4/2R1nk2/4pb2/pN1p1p2/P2P2pP/3NP3/1P3P1P/6K1","stockfishScores":{"wn":0.5132738095238095}},{"fenStr":"3r4/R3nk2/4pb2/pN1p1p2/P2P2pP/3NP3/1P3P1P/6K1","stockfishScores":{"bn":0.5126785714285714}},{"fenStr":"3r4/R3nk2/4p3/pN1p1p2/P2P2pb/3NP3/1P3P1P/6K1","stockfishScores":{"wn":0.5083333333333333}},{"fenStr":"3r4/4nk2/4p3/RN1p1p2/P2P2pb/3NP3/1P3P1P/6K1","stockfishScores":{"bn":0.5111904761904762}},{"fenStr":"3r4/5k2/4p1n1/RN1p1p2/P2P2pb/3NP3/1P3P1P/6K1","stockfishScores":{"wn":0.5133928571428571}},{"fenStr":"3r4/R4k2/4p1n1/1N1p1p2/P2P2pb/3NP3/1P3P1P/6K1","stockfishScores":{"bn":0.5152976190476191}},{"fenStr":"3r4/R3bk2/4p1n1/1N1p1p2/P2P2p1/3NP3/1P3P1P/6K1","stockfishScores":{"wn":0.5163095238095238}},{"fenStr":"3r4/2R1bk2/4p1n1/1N1p1p2/P2P2p1/3NP3/1P3P1P/6K1","stockfishScores":{"bn":0.5160714285714286}},{"fenStr":"3r4/2R1b3/4pkn1/1N1p1p2/P2P2p1/3NP3/1P3P1P/6K1","stockfishScores":{"wn":0.5145833333333333}},{"fenStr":"3r4/2R1b3/4pkn1/1N1p1p2/P2P2p1/1P1NP3/5P1P/6K1","stockfishScores":{"bn":0.5136309523809524}},{"fenStr":"3r4/2R1b3/4pk2/1N1p1p2/P2P2pn/1P1NP3/5P1P/6K1","stockfishScores":{"wn":0.5150595238095238}},{"fenStr":"3r4/2R1b3/4pk2/1N1pNp2/P2P2pn/1P2P3/5P1P/6K1","stockfishScores":{"bn":0.5164880952380952}},{"fenStr":"3r4/2R1b3/4pk2/1N1pNp2/P2P2p1/1P2Pn2/5P1P/6K1","stockfishScores":{"wn":0.5142261904761904}},{"fenStr":"3r4/2R1b3/4pk2/1N1pNp2/P2P2p1/1P2Pn2/5PKP/8","stockfishScores":{"bn":0.5136309523809524}},{"fenStr":"3r4/2R1b3/4pk2/1N1pNp2/P2P2p1/1P2P3/5PKP/4n3","stockfishScores":{"wn":0.5189285714285714}},{"fenStr":"3r4/2R1b3/4pk2/1N1pNp2/P2P2p1/1P2P3/5P1P/4nK2","stockfishScores":{"bn":0.5210119047619047}},{"fenStr":"3r4/2R1b3/4pk2/1N1pNp2/P2P2p1/1P2Pn2/5P1P/5K2","stockfishScores":{"wn":0.5133333333333333}},{"fenStr":"3r4/2R1b3/2N1pk2/1N1p1p2/P2P2p1/1P2Pn2/5P1P/5K2","stockfishScores":{"bn":0.5141666666666667}},{"fenStr":"7r/2R1b3/2N1pk2/1N1p1p2/P2P2p1/1P2Pn2/5P1P/5K2","stockfishScores":{"wn":0.5105952380952381}},{"fenStr":"7r/2R1N3/4pk2/1N1p1p2/P2P2p1/1P2Pn2/5P1P/5K2","stockfishScores":{"bn":0.5332142857142858}},{"fenStr":"8/2R1N3/4pk2/1N1p1p2/P2P2p1/1P2Pn2/5P1r/5K2","stockfishScores":{"wn":0.5255952380952381}},{"fenStr":"6N1/2R5/4pk2/1N1p1p2/P2P2p1/1P2Pn2/5P1r/5K2","stockfishScores":{"bn":0.5242261904761905}},{"fenStr":"6N1/2R5/4p1k1/1N1p1p2/P2P2p1/1P2Pn2/5P1r/5K2","stockfishScores":{"wn":0.5269047619047619}},{"fenStr":"6N1/2R5/4p1k1/3p1p2/P2P2p1/1PN1Pn2/5P1r/5K2","stockfishScores":{"bn":0.5257738095238095}},{"fenStr":"6N1/2R5/4p1k1/3p1p2/P2P2p1/1PN1Pn2/5P2/5K1r","stockfishScores":{"wn":0.5288095238095238}},{"fenStr":"6N1/2R5/4p1k1/3p1p2/P2P2p1/1PN1Pn2/4KP2/7r","stockfishScores":{"bn":0.5288690476190476}},{"fenStr":"6N1/2R5/4p1k1/3p1p2/P2P2p1/1PN1Pn2/4KP1r/8","stockfishScores":{"wn":0.5332738095238095}},{"fenStr":"6N1/2R5/4p1k1/3p1p2/P2P2p1/1PN1Pn2/5P1r/5K2","stockfishScores":{"bn":0.5257738095238095}},{"fenStr":"6N1/2R5/4p1k1/3p1p2/P2P2p1/1PN1Pn2/5P2/5K1r","stockfishScores":{"wn":0.5288095238095238}},{"fenStr":"6N1/2R5/4p1k1/3p1p2/P2P2p1/1PN1Pn2/4KP2/7r","stockfishScores":{"bn":0.5288690476190476}},{"fenStr":"6N1/2R5/4p1k1/3p1p2/P2P2p1/1PN1Pn2/4KP2/4r3","stockfishScores":{"wn":0.53875}},{"fenStr":"6N1/2R5/4p1k1/3p1p2/P2P2p1/1PNKPn2/5P2/4r3","stockfishScores":{"bn":0.5406547619047619}},{"fenStr":"6N1/2R5/4p1k1/3p1p2/P2P2p1/1PNKPn2/5P2/5r2","stockfishScores":{"wn":0.5391666666666667}},{"fenStr":"6N1/2R5/4p1k1/3p1p2/P2P2p1/1P1KPn2/4NP2/5r2","stockfishScores":{"bn":0.535}},{"fenStr":"6N1/2R5/4p1k1/3p1p2/P2P2p1/1P1KP3/4NP2/4nr2","stockfishScores":{"wn":0.5423809523809524}},{"fenStr":"6N1/2R5/4p1k1/3p1p2/P2P2p1/1P2P3/3KNP2/4nr2","stockfishScores":{"bn":0.5418452380952381}},{"fenStr":"6N1/2R5/4p1k1/3p1p2/P2P2p1/1P2Pn2/3KNP2/5r2","stockfishScores":{"wn":0.5372023809523809}},{"fenStr":"6N1/2R5/4p1k1/3p1p2/P2P2p1/1PK1Pn2/4NP2/5r2","stockfishScores":{"bn":0.53875}},{"fenStr":"6N1/2R5/4p1k1/3p1p2/P2P2p1/1PK1Pn2/4Nr2/8","stockfishScores":{"wn":0.5299404761904762}},{"fenStr":"6N1/2R5/4p1k1/3p1p2/P2P1Np1/1PK1Pn2/5r2/8","stockfishScores":{"bn":0.5333928571428571}},{"fenStr":"6N1/2R5/4p3/3p1pk1/P2P1Np1/1PK1Pn2/5r2/8","stockfishScores":{"wn":0.5344047619047619}},{"fenStr":"6N1/7R/4p3/3p1pk1/P2P1Np1/1PK1Pn2/5r2/8","stockfishScores":{"bn":0.5364880952380953}},{"fenStr":"6N1/7R/4p3/3p1pk1/P2P1N2/1PK1Pnp1/5r2/8","stockfishScores":{"wn":0.5352976190476191}},{"fenStr":"6N1/8/4p3/3p1pkR/P2P1N2/1PK1Pnp1/5r2/8","stockfishScores":{"bn":0.5270238095238096}},{"fenStr":"6N1/8/4p3/3p1p1R/P2P1Nk1/1PK1Pnp1/5r2/8","stockfishScores":{"wn":0.5242857142857142}},{"fenStr":"8/8/4pN2/3p1p1R/P2P1Nk1/1PK1Pnp1/5r2/8","stockfishScores":{"bn":0.5286904761904762}}],"result":{"ww":true}}