{"fens":[{"fenStr":"rnbqkbnr/pppppppp/8/8/3P4/8/PPP1PPPP/RNBQKBNR","stockfishScores":{"bn":0.5048809523809524}},{"fenStr":"rnbqkb1r/pppppppp/5n2/8/3P4/8/PPP1PPPP/RNBQKBNR","stockfishScores":{"wn":0.5016071428571428}},{"fenStr":"rnbqkb1r/pppppppp/5n2/8/3P4/5N2/PPP1PPPP/RNBQKB1R","stockfishScores":{"bn":0.5051785714285715}},{"fenStr":"rnbqkb1r/pppp1ppp/4pn2/8/3P4/5N2/PPP1PPPP/RNBQKB1R","stockfishScores":{"wn":0.5017857142857143}},{"fenStr":"rnbqkb1r/pppp1ppp/4pn2/8/3P4/4PN2/PPP2PPP/RNBQKB1R","stockfishScores":{"bn":0.5038095238095238}},{"fenStr":"rnbqkb1r/p1pp1ppp/1p2pn2/8/3P4/4PN2/PPP2PPP/RNBQKB1R","stockfishScores":{"wn":0.5032738095238095}},{"fenStr":"rnbqkb1r/p1pp1ppp/1p2pn2/8/3P4/3BPN2/PPP2PPP/RNBQK2R","stockfishScores":{"bn":0.5025595238095238}},{"fenStr":"rn1qkb1r/pbpp1ppp/1p2pn2/8/3P4/3BPN2/PPP2PPP/RNBQK2R","stockfishScores":{"wn":0.4967857142857143}},{"fenStr":"rn1qkb1r/pbpp1ppp/1p2pn2/8/3P4/3BPN2/PPPN1PPP/R1BQK2R","stockfishScores":{"bn":0.5010119047619047}},{"fenStr":"rn1qkb1r/pb1p1ppp/1p2pn2/2p5/3P4/3BPN2/PPPN1PPP/R1BQK2R","stockfishScores":{"wn":0.5000595238095238}},{"fenStr":"rn1qkb1r/pb1p1ppp/1p2pn2/2p5/3P4/2PBPN2/PP1N1PPP/R1BQK2R","stockfishScores":{"bn":0.5013690476190477}},{"fenStr":"r2qkb1r/pb1p1ppp/1pn1pn2/2p5/3P4/2PBPN2/PP1N1PPP/R1BQK2R","stockfishScores":{"wn":0.5010714285714286}},{"fenStr":"r2qkb1r/pb1p1ppp/1pn1pn2/2p5/3P4/2PBPN2/PP1N1PPP/R1BQ1RK1","stockfishScores":{"bn":0.5111309523809524}},{"fenStr":"r2qkb1r/pb3ppp/1pnppn2/2p5/3P4/2PBPN2/PP1N1PPP/R1BQ1RK1","stockfishScores":{"wn":0.511547619047619}},{"fenStr":"r2qkb1r/pb3ppp/1pnppn2/2p5/3P4/2PBPN2/PP1NQPPP/R1B2RK1","stockfishScores":{"bn":0.5100595238095238}},{"fenStr":"r2qk2r/pb2bppp/1pnppn2/2p5/3P4/2PBPN2/PP1NQPPP/R1B2RK1","stockfishScores":{"wn":0.5102380952380953}},{"fenStr":"r2qk2r/pb2bppp/1pnppn2/2p5/3PP3/2PB1N2/PP1NQPPP/R1B2RK1","stockfishScores":{"bn":0.5116071428571428}},{"fenStr":"r2qk2r/pb2bppp/1pnppn2/8/3pP3/2PB1N2/PP1NQPPP/R1B2RK1","stockfishScores":{"wn":0.5042261904761904}},{"fenStr":"r2qk2r/pb2bppp/1pnppn2/8/3NP3/2PB4/PP1NQPPP/R1B2RK1","stockfishScores":{"bn":0.5117261904761905}},{"fenStr":"r2q1rk1/pb2bppp/1pnppn2/8/3NP3/2PB4/PP1NQPPP/R1B2RK1","stockfishScores":{"wn":0.5013095238095238}},{"fenStr":"r2q1rk1/pb2bppp/1pnppn2/8/3NP3/2PB1N2/PP2QPPP/R1B2RK1","stockfishScores":{"bn":0.5016666666666667}},{"fenStr":"r4rk1/pbq1bppp/1pnppn2/8/3NP3/2PB1N2/PP2QPPP/R1B2RK1","stockfishScores":{"wn":0.5018452380952381}},{"fenStr":"r4rk1/pbq1bppp/1pnppn2/6B1/3NP3/2PB1N2/PP2QPPP/R4RK1","stockfishScores":{"bn":0.5032738095238095}},{"fenStr":"r4rk1/pbq1bpp1/1pnppn1p/6B1/3NP3/2PB1N2/PP2QPPP/R4RK1","stockfishScores":{"wn":0.4994047619047619}},{"fenStr":"r4rk1/pbq1bpp1/1pnppn1p/8/3NP2B/2PB1N2/PP2QPPP/R4RK1","stockfishScores":{"bn":0.4992261904761905}},{"fenStr":"r4rk1/1bq1bpp1/ppnppn1p/8/3NP2B/2PB1N2/PP2QPPP/R4RK1","stockfishScores":{"wn":0.4992261904761905}},{"fenStr":"r4rk1/1bq1bpp1/ppnppn1p/8/3NP2B/2PB1N2/PP2QPPP/3R1RK1","stockfishScores":{"bn":0.4998214285714286}},{"fenStr":"r4rk1/1bq1bpp1/p1nppn1p/1p6/3NP2B/2PB1N2/PP2QPPP/3R1RK1","stockfishScores":{"wn":0.5}},{"fenStr":"r4rk1/1bq1bpp1/p1nppn1p/1p6/3NP2B/2PB1N2/PP2QPPP/3RR1K1","stockfishScores":{"bn":0.4995833333333333}},{"fenStr":"r3r1k1/1bq1bpp1/p1nppn1p/1p6/3NP2B/2PB1N2/PP2QPPP/3RR1K1","stockfishScores":{"wn":0.5001785714285715}},{"fenStr":"r3r1k1/1bq1bpp1/p1nppn1p/1p6/3NP3/2PB1NB1/PP2QPPP/3RR1K1","stockfishScores":{"bn":0.5024404761904762}},{"fenStr":"r3r1k1/1bq1bpp1/p1npp2p/1p5n/3NP3/2PB1NB1/PP2QPPP/3RR1K1","stockfishScores":{"wn":0.5013095238095238}},{"fenStr":"r3r1k1/1bq1bpp1/p1Npp2p/1p5n/4P3/2PB1NB1/PP2QPPP/3RR1K1","stockfishScores":{"bn":0.5266071428571428}},{"fenStr":"r3r1k1/1b2bpp1/p1qpp2p/1p5n/4P3/2PB1NB1/PP2QPPP/3RR1K1","stockfishScores":{"wn":0.5010119047619047}},{"fenStr":"r3r1k1/1b2bpp1/p1qpp2p/1p5n/3NP3/2PB2B1/PP2QPPP/3RR1K1","stockfishScores":{"bn":0.5049404761904762}},{"fenStr":"r3r1k1/1b2bpp1/p1qpp2p/1p6/3NP3/2PB2n1/PP2QPPP/3RR1K1","stockfishScores":{"wn":0.4774404761904762}},{"fenStr":"r3r1k1/1b2bpp1/p1qpp2p/1p6/3NP3/2PB2P1/PP2QPP1/3RR1K1","stockfishScores":{"bn":0.5014880952380952}},{"fenStr":"r3r1k1/1b2bpp1/p2pp2p/1pq5/3NP3/2PB2P1/PP2QPP1/3RR1K1","stockfishScores":{"wn":0.5005952380952381}},{"fenStr":"r3r1k1/1b2bpp1/p2pp2p/1pq5/3NP3/2P3P1/PPB1QPP1/3RR1K1","stockfishScores":{"bn":0.5001785714285715}},{"fenStr":"r3r1k1/1b3pp1/p2ppb1p/1pq5/3NP3/2P3P1/PPB1QPP1/3RR1K1","stockfishScores":{"wn":0.49916666666666665}},{"fenStr":"r3r1k1/1b3pp1/p2ppb1p/1pq5/3NP3/2PQ2P1/PPB2PP1/3RR1K1","stockfishScores":{"bn":0.49714285714285716}},{"fenStr":"r3r1k1/1b3p2/p2ppbpp/1pq5/3NP3/2PQ2P1/PPB2PP1/3RR1K1","stockfishScores":{"wn":0.4994047619047619}},{"fenStr":"r3r1k1/1b3p2/p2ppbpp/1pq5/4P3/1NPQ2P1/PPB2PP1/3RR1K1","stockfishScores":{"bn":0.5001785714285715}},{"fenStr":"r1q1r1k1/1b3p2/p2ppbpp/1p6/4P3/1NPQ2P1/PPB2PP1/3RR1K1","stockfishScores":{"wn":0.5026190476190476}},{"fenStr":"r1q1r1k1/1b3p2/p2Qpbpp/1p6/4P3/1NP3P1/PPB2PP1/3RR1K1","stockfishScores":{"bn":0.50875}},{"fenStr":"r1q1r1k1/1b3p2/3Qpbpp/pp6/4P3/1NP3P1/PPB2PP1/3RR1K1","stockfishScores":{"wn":0.5058928571428571}},{"fenStr":"r1q1r1k1/1b3p2/3Qpbpp/pp2P3/8/1NP3P1/PPB2PP1/3RR1K1","stockfishScores":{"bn":0.5114285714285715}},{"fenStr":"r1q1r1k1/1b2bp2/3Qp1pp/pp2P3/8/1NP3P1/PPB2PP1/3RR1K1","stockfishScores":{"wn":0.501547619047619}},{"fenStr":"r1q1r1k1/1b2bp2/4p1pp/pp2P3/8/1NP3P1/PPBQ1PP1/3RR1K1","stockfishScores":{"bn":0.5079166666666667}},{"fenStr":"r1q1rbk1/1b3p2/4p1pp/pp2P3/8/1NP3P1/PPBQ1PP1/3RR1K1","stockfishScores":{"wn":0.5093452380952381}},{"fenStr":"r1q1rbk1/1b3p2/4p1pp/pp2P3/3N4/2P3P1/PPBQ1PP1/3RR1K1","stockfishScores":{"bn":0.5126785714285714}},{"fenStr":"r1qr1bk1/1b3p2/4p1pp/pp2P3/3N4/2P3P1/PPBQ1PP1/3RR1K1","stockfishScores":{"wn":0.5111904761904762}},{"fenStr":"r1qr1bk1/1b3p2/4p1pp/pp2P3/3N4/2P3P1/PPB1QPP1/3RR1K1","stockfishScores":{"bn":0.5106547619047619}},{"fenStr":"r1qr1bk1/1b3p2/4p1pp/p3P3/1p1N4/2P3P1/PPB1QPP1/3RR1K1","stockfishScores":{"wn":0.5091071428571429}},{"fenStr":"r1qr1bk1/1b3p2/4p1pp/p3P3/1pPN4/6P1/PPB1QPP1/3RR1K1","stockfishScores":{"bn":0.5051785714285715}},{"fenStr":"r1qr2k1/1b3p2/4p1pp/p1b1P3/1pPN4/6P1/PPB1QPP1/3RR1K1","stockfishScores":{"wn":0.5008333333333334}},{"fenStr":"r1qr2k1/1b3p2/4p1pp/p1b1P3/1pP5/5NP1/PPB1QPP1/3RR1K1","stockfishScores":{"bn":0.5019047619047619}},{"fenStr":"r1q3k1/1b3p2/4p1pp/p1b1P3/1pP5/5NP1/PPB1QPP1/3rR1K1","stockfishScores":{"wn":0.4680357142857143}},{"fenStr":"r1q3k1/1b3p2/4p1pp/p1b1P3/1pP5/5NP1/PPB1QPP1/3R2K1","stockfishScores":{"bn":0.5033333333333333}},{"fenStr":"r5k1/1b3p2/2q1p1pp/p1b1P3/1pP5/5NP1/PPB1QPP1/3R2K1","stockfishScores":{"wn":0.5047619047619047}},{"fenStr":"r5k1/1b3p2/2q1p1pp/p1b1P3/1pP5/5NP1/PPBQ1PP1/3R2K1","stockfishScores":{"bn":0.5046428571428572}},{"fenStr":"r7/1b3pk1/2q1p1pp/p1b1P3/1pP5/5NP1/PPBQ1PP1/3R2K1","stockfishScores":{"wn":0.5039880952380953}},{"fenStr":"r7/1b3pk1/2q1p1pp/p1b1P3/1pP5/1P3NP1/P1BQ1PP1/3R2K1","stockfishScores":{"bn":0.5036904761904762}},{"fenStr":"r7/1b3pk1/1q2p1pp/p1b1P3/1pP5/1P3NP1/P1BQ1PP1/3R2K1","stockfishScores":{"wn":0.5041666666666667}},{"fenStr":"r7/1b3pk1/1q2p1pp/p1b1P3/1pP4N/1P4P1/P1BQ1PP1/3R2K1","stockfishScores":{"bn":0.5032142857142857}},{"fenStr":"r7/5pk1/1qb1p1pp/p1b1P3/1pP4N/1P4P1/P1BQ1PP1/3R2K1","stockfishScores":{"wn":0.5033333333333333}},{"fenStr":"r7/5pk1/1qb1p1pp/p1b1P3/1pP2Q1N/1P4P1/P1B2PP1/3R2K1","stockfishScores":{"bn":0.5183333333333333}},{"fenStr":"r7/4bpk1/1qb1p1pp/p3P3/1pP2Q1N/1P4P1/P1B2PP1/3R2K1","stockfishScores":{"wn":0.503452380952381}},{"fenStr":"r7/4bpk1/1qb1p1pp/p3P3/1pP2Q2/1P3NP1/P1B2PP1/3R2K1","stockfishScores":{"bn":0.503095238095238}},{"fenStr":"r7/4bpk1/1qb1p1pp/4P3/ppP2Q2/1P3NP1/P1B2PP1/3R2K1","stockfishScores":{"wn":0.5026785714285714}},{"fenStr":"r7/4bpk1/1qb1p1pp/4P3/ppPN1Q2/1P4P1/P1B2PP1/3R2K1","stockfishScores":{"bn":0.5069642857142858}},{"fenStr":"r3b3/4bpk1/1q2p1pp/4P3/ppPN1Q2/1P4P1/P1B2PP1/3R2K1","stockfishScores":{"wn":0.5085714285714286}},{"fenStr":"r3b3/4bpk1/1q2p1pp/4P3/ppPNQ3/1P4P1/P1B2PP1/3R2K1","stockfishScores":{"bn":0.507797619047619}},{"fenStr":"4b3/r3bpk1/1q2p1pp/4P3/ppPNQ3/1P4P1/P1B2PP1/3R2K1","stockfishScores":{"wn":0.5073214285714286}},{"fenStr":"4b3/r3bpk1/1q2p1pp/4P3/ppPNQ3/1P4P1/P1B2PPK/3R4","stockfishScores":{"bn":0.5055952380952381}},{"fenStr":"4b3/r3bpk1/1q2p1pp/4P3/1pPNQ3/1p4P1/P1B2PPK/3R4","stockfishScores":{"wn":0.4920833333333333}},{"fenStr":"4b3/r3bpk1/1q2p1pp/4P3/1pPNQ3/1P4P1/2B2PPK/3R4","stockfishScores":{"bn":0.5051785714285715}},{"fenStr":"4b3/4bpk1/1q2p1pp/4P3/1pPNQ3/1P4P1/r1B2PPK/3R4","stockfishScores":{"wn":0.5058333333333334}},{"fenStr":"4b3/4bpk1/1q2p1pp/4P3/1pPNQP2/1P4P1/r1B3PK/3R4","stockfishScores":{"bn":0.5041666666666667}},{"fenStr":"4b3/5pk1/1q2p1pp/2b1P3/1pPNQP2/1P4P1/r1B3PK/3R4","stockfishScores":{"wn":0.5036309523809523}},{"fenStr":"4b3/5pk1/1q2p1pp/2b1P3/1pP1QP2/1P3NP1/r1B3PK/3R4","stockfishScores":{"bn":0.5010714285714286}},{"fenStr":"8/5pk1/1qb1p1pp/2b1P3/1pP1QP2/1P3NP1/r1B3PK/3R4","stockfishScores":{"wn":0.493452380952381}},{"fenStr":"8/5pk1/1qb1p1pp/2b1P3/1pP2P2/1P1Q1NP1/r1B3PK/3R4","stockfishScores":{"bn":0.4976785714285714}},{"fenStr":"8/q4pk1/2b1p1pp/2b1P3/1pP2P2/1P1Q1NP1/r1B3PK/3R4","stockfishScores":{"wn":0.5002380952380953}},{"fenStr":"8/q4pk1/2b1p1pp/2b1P3/1pP2P1N/1P1Q2P1/r1B3PK/3R4","stockfishScores":{"bn":0.4982142857142857}},{"fenStr":"8/q4pk1/2b1p1pp/2b1P3/1pP2P1N/1P1Q2P1/1rB3PK/3R4","stockfishScores":{"wn":0.5007142857142857}},{"fenStr":"8/q4pk1/2b1p1Np/2b1P3/1pP2P2/1P1Q2P1/1rB3PK/3R4","stockfishScores":{"bn":0.5055952380952381}},{"fenStr":"8/q4pk1/2b1p1Np/2b1P3/1pP2P2/1P1Q2P1/2r3PK/3R4","stockfishScores":{"wn":0.45785714285714285}},{"fenStr":"8/q4pk1/2b1p1Np/2b1P3/1pP2P2/1P4P1/2Q3PK/3R4","stockfishScores":{"bn":0.5173214285714286}},{"fenStr":"8/q5k1/2b1p1pp/2b1P3/1pP2P2/1P4P1/2Q3PK/3R4","stockfishScores":{"wn":0.49738095238095237}},{"fenStr":"8/q5k1/2b1p1pp/2b1P3/1pP2PP1/1P6/2Q3PK/3R4","stockfishScores":{"bn":0.49851190476190477}},{"fenStr":"8/q5k1/2b1p1pp/4P3/1pP2PP1/1P2b3/2Q3PK/3R4","stockfishScores":{"wn":0.4961309523809524}},{"fenStr":"8/q5k1/2b1p1pp/4P3/1pP2PP1/1P2b3/2Q3PK/5R2","stockfishScores":{"bn":0.49648809523809523}},{"fenStr":"8/6k1/2b1p1pp/4P3/1pPq1PP1/1P2b3/2Q3PK/5R2","stockfishScores":{"wn":0.49666666666666665}},{"fenStr":"8/6k1/2b1p1pp/4P3/1pPq1PP1/1P2b1K1/2Q3P1/5R2","stockfishScores":{"bn":0.4939880952380952}},{"fenStr":"8/6k1/2b1p2p/4P1p1/1pPq1PP1/1P2b1K1/2Q3P1/5R2","stockfishScores":{"wn":0.4942857142857143}},{"fenStr":"8/6k1/2b1p2p/4P1P1/1pPq2P1/1P2b1K1/2Q3P1/5R2","stockfishScores":{"bn":0.4951785714285714}},{"fenStr":"8/6k1/2b1p3/4P1p1/1pPq2P1/1P2b1K1/2Q3P1/5R2","stockfishScores":{"wn":0.4855952380952381}},{"fenStr":"8/6k1/2b1p3/4P1p1/1pPq2P1/1P2b1K1/6P1/3Q1R2","stockfishScores":{"bn":0.4780952380952381}},{"fenStr":"8/6k1/2b1p3/4q1p1/1pP3P1/1P2b1K1/6P1/3Q1R2","stockfishScores":{"wn":0.4830952380952381}},{"fenStr":"8/6k1/2b1p3/4q1p1/1pP3P1/1P2b2K/6P1/3Q1R2","stockfishScores":{"bn":0.48017857142857145}},{"fenStr":"8/6k1/2b1p3/6p1/1pP1q1P1/1P2b2K/6P1/3Q1R2","stockfishScores":{"wn":0.4808928571428571}},{"fenStr":"8/6k1/2b1p3/6p1/1pP1q1P1/1P2b2K/4Q1P1/5R2","stockfishScores":{"bn":0.4863095238095238}},{"fenStr":"8/6kq/2b1p3/6p1/1pP3P1/1P2b2K/4Q1P1/5R2","stockfishScores":{"wn":0.4920833333333333}},{"fenStr":"8/6kq/2b1p3/6p1/1pP3P1/1P2b1K1/4Q1P1/5R2","stockfishScores":{"bn":0.4828571428571429}},{"fenStr":"8/6k1/2b1p3/6p1/1pP3Pq/1P2b1K1/4Q1P1/5R2","stockfishScores":{"wn":0.49375}}],"result":{"bw":true}}