{"fens":[{"fenStr":"rnbqkbnr/pppppppp/8/8/8/5N2/PPPPPPPP/RNBQKB1R","stockfishScores":{"bn":0.5038690476190476}},{"fenStr":"rnbqkb1r/pppppppp/5n2/8/8/5N2/PPPPPPPP/RNBQKB1R","stockfishScores":{"wn":0.5005952380952381}},{"fenStr":"rnbqkb1r/pppppppp/5n2/8/2P5/5N2/PP1PPPPP/RNBQKB1R","stockfishScores":{"bn":0.5021428571428571}},{"fenStr":"rnbqkb1r/pppppp1p/5np1/8/2P5/5N2/PP1PPPPP/RNBQKB1R","stockfishScores":{"wn":0.5007142857142857}},{"fenStr":"rnbqkb1r/pppppp1p/5np1/8/2P5/5NP1/PP1PPP1P/RNBQKB1R","stockfishScores":{"bn":0.5021428571428571}},{"fenStr":"rnbqkb1r/pp1ppp1p/2p2np1/8/2P5/5NP1/PP1PPP1P/RNBQKB1R","stockfishScores":{"wn":0.501547619047619}},{"fenStr":"rnbqkb1r/pp1ppp1p/2p2np1/8/2P5/5NP1/PP1PPPBP/RNBQK2R","stockfishScores":{"bn":0.5026785714285714}},{"fenStr":"rnbqkb1r/pp2pp1p/2p2np1/3p4/2P5/5NP1/PP1PPPBP/RNBQK2R","stockfishScores":{"wn":0.4950595238095238}},{"fenStr":"rnbqkb1r/pp2pp1p/2p2np1/3p4/2P5/5NP1/PP1PPPBP/RNBQ1RK1","stockfishScores":{"bn":0.5032142857142857}},{"fenStr":"rnbqk2r/pp2ppbp/2p2np1/3p4/2P5/5NP1/PP1PPPBP/RNBQ1RK1","stockfishScores":{"wn":0.5020833333333333}},{"fenStr":"rnbqk2r/pp2ppbp/2p2np1/3p4/2P5/1Q3NP1/PP1PPPBP/RNB2RK1","stockfishScores":{"bn":0.5035119047619048}},{"fenStr":"rnbq1rk1/pp2ppbp/2p2np1/3p4/2P5/1Q3NP1/PP1PPPBP/RNB2RK1","stockfishScores":{"wn":0.4943452380952381}},{"fenStr":"rnbq1rk1/pp2ppbp/2p2np1/3p4/2PP4/1Q3NP1/PP2PPBP/RNB2RK1","stockfishScores":{"bn":0.5002380952380953}},{"fenStr":"rnbq1rk1/pp2ppbp/2p3p1/3p4/2PPn3/1Q3NP1/PP2PPBP/RNB2RK1","stockfishScores":{"wn":0.5002380952380953}},{"fenStr":"rnbq1rk1/pp2ppbp/2p3p1/3p4/2PPn3/1QN2NP1/PP2PPBP/R1B2RK1","stockfishScores":{"bn":0.502797619047619}},{"fenStr":"rnbq1rk1/pp3pbp/2p1p1p1/3p4/2PPn3/1QN2NP1/PP2PPBP/R1B2RK1","stockfishScores":{"wn":0.5061904761904762}},{"fenStr":"rnbq1rk1/pp3pbp/2p1p1p1/3p4/2PPnB2/1QN2NP1/PP2PPBP/R4RK1","stockfishScores":{"bn":0.5064880952380952}},{"fenStr":"r1bq1rk1/pp1n1pbp/2p1p1p1/3p4/2PPnB2/1QN2NP1/PP2PPBP/R4RK1","stockfishScores":{"wn":0.5028571428571429}},{"fenStr":"r1bq1rk1/pp1n1pbp/2p1p1p1/3p4/2PPnB2/1QN2NP1/PP2PPBP/3R1RK1","stockfishScores":{"bn":0.503095238095238}},{"fenStr":"r1bq1rk1/pp1n2bp/2p1p1p1/3p1p2/2PPnB2/1QN2NP1/PP2PPBP/3R1RK1","stockfishScores":{"wn":0.5069642857142858}},{"fenStr":"r1bq1rk1/pp1n2bp/2p1p1p1/3P1p2/3PnB2/1QN2NP1/PP2PPBP/3R1RK1","stockfishScores":{"bn":0.512797619047619}},{"fenStr":"r1bq1rk1/pp1n2bp/4p1p1/3p1p2/3PnB2/1QN2NP1/PP2PPBP/3R1RK1","stockfishScores":{"wn":0.5066071428571428}},{"fenStr":"r1bq1rk1/pp1n2bp/4p1p1/3p1p2/3PnB2/1QN2NP1/PP2PPBP/2R2RK1","stockfishScores":{"bn":0.50625}},{"fenStr":"r1bq1rk1/1p1n2bp/p3p1p1/3p1p2/3PnB2/1QN2NP1/PP2PPBP/2R2RK1","stockfishScores":{"wn":0.5069047619047619}},{"fenStr":"r1bq1rk1/1p1n2bp/p3p1p1/3p1p2/3PnB1P/1QN2NP1/PP2PPB1/2R2RK1","stockfishScores":{"bn":0.5076190476190476}},{"fenStr":"r1bq1rk1/1p1n2b1/p3p1pp/3p1p2/3PnB1P/1QN2NP1/PP2PPB1/2R2RK1","stockfishScores":{"wn":0.5075595238095238}},{"fenStr":"r1bq1rk1/1p1n2b1/p3p1pp/3p1p2/3PnB1P/1QN2NP1/PPR1PPB1/5RK1","stockfishScores":{"bn":0.5057738095238096}},{"fenStr":"r1bq1r2/1p1n2bk/p3p1pp/3p1p2/3PnB1P/1QN2NP1/PPR1PPB1/5RK1","stockfishScores":{"wn":0.5073214285714286}},{"fenStr":"r1bq1r2/1p1n2bk/p3p1pp/3p1p2/3PnB1P/1QN2NP1/PPR1PPB1/2R3K1","stockfishScores":{"bn":0.5076190476190476}},{"fenStr":"r1bq1r2/1p1n3k/p3pbpp/3p1p2/3PnB1P/1QN2NP1/PPR1PPB1/2R3K1","stockfishScores":{"wn":0.5102380952380953}},{"fenStr":"r1bq1r2/1p1n3k/p3pbpp/3pNp2/3PnB1P/1QN3P1/PPR1PPB1/2R3K1","stockfishScores":{"bn":0.5173809523809524}},{"fenStr":"r1bq1r2/1p1n3k/p3pb1p/3pNpp1/3PnB1P/1QN3P1/PPR1PPB1/2R3K1","stockfishScores":{"wn":0.5098809523809524}},{"fenStr":"r1bq1r2/1p1n3k/p3pb1p/3pNpP1/3PnB2/1QN3P1/PPR1PPB1/2R3K1","stockfishScores":{"bn":0.5347619047619048}},{"fenStr":"r1bq1r2/1p1n3k/p3pb2/3pNpp1/3PnB2/1QN3P1/PPR1PPB1/2R3K1","stockfishScores":{"wn":0.5104166666666666}},{"fenStr":"r1bq1r2/1p1n3k/p3pb2/3pNpp1/3PNB2/1Q4P1/PPR1PPB1/2R3K1","stockfishScores":{"bn":0.5486904761904762}},{"fenStr":"r1bq1r2/1p1n3k/p3pb2/3pN1p1/3PpB2/1Q4P1/PPR1PPB1/2R3K1","stockfishScores":{"wn":0.5148214285714285}},{"fenStr":"r1bq1r2/1p1N3k/p3pb2/3p2p1/3PpB2/1Q4P1/PPR1PPB1/2R3K1","stockfishScores":{"bn":0.5391666666666667}},{"fenStr":"r2q1r2/1p1b3k/p3pb2/3p2p1/3PpB2/1Q4P1/PPR1PPB1/2R3K1","stockfishScores":{"wn":0.5028571428571429}},{"fenStr":"r2q1r2/1p1b3k/p2Bpb2/3p2p1/3Pp3/1Q4P1/PPR1PPB1/2R3K1","stockfishScores":{"bn":0.5075}},{"fenStr":"r2q4/1p1b1r1k/p2Bpb2/3p2p1/3Pp3/1Q4P1/PPR1PPB1/2R3K1","stockfishScores":{"wn":0.5072023809523809}},{"fenStr":"r2q4/1Q1b1r1k/p2Bpb2/3p2p1/3Pp3/6P1/PPR1PPB1/2R3K1","stockfishScores":{"bn":0.5066666666666667}},{"fenStr":"r2q4/1Q1b1r1k/p2Bp3/3p2p1/3bp3/6P1/PPR1PPB1/2R3K1","stockfishScores":{"wn":0.4926785714285714}},{"fenStr":"r2q4/1Q1b1r1k/p2Bp3/3p2p1/3bp3/4P1P1/PPR2PB1/2R3K1","stockfishScores":{"bn":0.5057738095238096}},{"fenStr":"3q4/rQ1b1r1k/p2Bp3/3p2p1/3bp3/4P1P1/PPR2PB1/2R3K1","stockfishScores":{"wn":0.5036904761904762}},{"fenStr":"3q4/rQ1b1r1k/p2Bp3/3p2p1/3bB3/4P1P1/PPR2P2/2R3K1","stockfishScores":{"bn":0.5095833333333334}},{"fenStr":"3q4/rQ1b1r2/p2Bp2k/3p2p1/3bB3/4P1P1/PPR2P2/2R3K1","stockfishScores":{"wn":0.5107738095238096}},{"fenStr":"3q4/r2b1r2/p2Bp2k/3p2p1/1Q1bB3/4P1P1/PPR2P2/2R3K1","stockfishScores":{"bn":0.5190476190476191}},{"fenStr":"3q4/r2b1rb1/p2Bp2k/3p2p1/1Q2B3/4P1P1/PPR2P2/2R3K1","stockfishScores":{"wn":0.5152380952380953}},{"fenStr":"3q4/r2b1rb1/p2Bp2k/3p2p1/1Q6/3BP1P1/PPR2P2/2R3K1","stockfishScores":{"bn":0.5189880952380952}},{"fenStr":"8/r2b1rb1/p2Bpq1k/3p2p1/1Q6/3BP1P1/PPR2P2/2R3K1","stockfishScores":{"wn":0.5163095238095238}},{"fenStr":"8/r2b1rb1/p2Bpq1k/3p2p1/1Q3P2/3BP1P1/PPR5/2R3K1","stockfishScores":{"bn":0.5314285714285715}},{"fenStr":"8/r4rb1/p2Bpq1k/1b1p2p1/1Q3P2/3BP1P1/PPR5/2R3K1","stockfishScores":{"wn":0.5283333333333333}},{"fenStr":"8/r4rb1/p2Bpq1k/1b1p2p1/1Q3P2/3BP1P1/PP5R/2R3K1","stockfishScores":{"bn":0.535952380952381}}],"result":{"ww":true}}