{"fens":[{"fenStr":"rnbqkbnr/pppppppp/8/8/8/5N2/PPPPPPPP/RNBQKB1R","stockfishScores":{"bn":0.5038690476190476}},{"fenStr":"rnbqkbnr/ppp1pppp/8/3p4/8/5N2/PPPPPPPP/RNBQKB1R","stockfishScores":{"wn":0.49952380952380954}},{"fenStr":"rnbqkbnr/ppp1pppp/8/3p4/2P5/5N2/PP1PPPPP/RNBQKB1R","stockfishScores":{"bn":0.4993452380952381}},{"fenStr":"rnbqkbnr/pp2pppp/2p5/3p4/2P5/5N2/PP1PPPPP/RNBQKB1R","stockfishScores":{"wn":0.49785714285714283}},{"fenStr":"rnbqkbnr/pp2pppp/2p5/3p4/2P5/5NP1/PP1PPP1P/RNBQKB1R","stockfishScores":{"bn":0.498452380952381}},{"fenStr":"rnbqkb1r/pp2pppp/2p2n2/3p4/2P5/5NP1/PP1PPP1P/RNBQKB1R","stockfishScores":{"wn":0.49535714285714283}},{"fenStr":"rnbqkb1r/pp2pppp/2p2n2/3p4/2P5/5NP1/PP1PPPBP/RNBQK2R","stockfishScores":{"bn":0.49642857142857144}},{"fenStr":"rnbqkb1r/pp3ppp/2p1pn2/3p4/2P5/5NP1/PP1PPPBP/RNBQK2R","stockfishScores":{"wn":0.4955357142857143}},{"fenStr":"rnbqkb1r/pp3ppp/2p1pn2/3p4/2P5/5NP1/PP1PPPBP/RNBQ1RK1","stockfishScores":{"bn":0.5038690476190476}},{"fenStr":"rnbqk2r/pp2bppp/2p1pn2/3p4/2P5/5NP1/PP1PPPBP/RNBQ1RK1","stockfishScores":{"wn":0.5044047619047619}},{"fenStr":"rnbqk2r/pp2bppp/2p1pn2/3p4/2PP4/5NP1/PP2PPBP/RNBQ1RK1","stockfishScores":{"bn":0.5108928571428571}},{"fenStr":"rnbq1rk1/pp2bppp/2p1pn2/3p4/2PP4/5NP1/PP2PPBP/RNBQ1RK1","stockfishScores":{"wn":0.5008333333333334}},{"fenStr":"rnbq1rk1/pp2bppp/2p1pn2/3p4/2PP4/1P3NP1/P3PPBP/RNBQ1RK1","stockfishScores":{"bn":0.5009523809523809}},{"fenStr":"r1bq1rk1/pp1nbppp/2p1pn2/3p4/2PP4/1P3NP1/P3PPBP/RNBQ1RK1","stockfishScores":{"wn":0.4988690476190476}},{"fenStr":"r1bq1rk1/pp1nbppp/2p1pn2/3p4/2PP4/1PN2NP1/P3PPBP/R1BQ1RK1","stockfishScores":{"bn":0.5011309523809524}},{"fenStr":"r1bq1rk1/p2nbppp/1pp1pn2/3p4/2PP4/1PN2NP1/P3PPBP/R1BQ1RK1","stockfishScores":{"wn":0.5022023809523809}},{"fenStr":"r1bq1rk1/p2nbppp/1pp1pn2/3pN3/2PP4/1PN3P1/P3PPBP/R1BQ1RK1","stockfishScores":{"bn":0.5060119047619047}},{"fenStr":"r1bq1rk1/p3bppp/1pp1pn2/3pn3/2PP4/1PN3P1/P3PPBP/R1BQ1RK1","stockfishScores":{"wn":0.4816666666666667}},{"fenStr":"r1bq1rk1/p3bppp/1pp1pn2/3pP3/2P5/1PN3P1/P3PPBP/R1BQ1RK1","stockfishScores":{"bn":0.5048809523809524}},{"fenStr":"r1bq1rk1/p2nbppp/1pp1p3/3pP3/2P5/1PN3P1/P3PPBP/R1BQ1RK1","stockfishScores":{"wn":0.4995833333333333}},{"fenStr":"r1bq1rk1/p2nbppp/1pp1p3/3pP3/2P2P2/1PN3P1/P3P1BP/R1BQ1RK1","stockfishScores":{"bn":0.5024404761904762}},{"fenStr":"r2q1rk1/pb1nbppp/1pp1p3/3pP3/2P2P2/1PN3P1/P3P1BP/R1BQ1RK1","stockfishScores":{"wn":0.5017261904761905}},{"fenStr":"r2q1rk1/pb1nbppp/1pp1p3/3PP3/5P2/1PN3P1/P3P1BP/R1BQ1RK1","stockfishScores":{"bn":0.5130357142857143}},{"fenStr":"r2q1rk1/pb1nbppp/1p2p3/3pP3/5P2/1PN3P1/P3P1BP/R1BQ1RK1","stockfishScores":{"wn":0.49964285714285717}},{"fenStr":"r2q1rk1/pb1nbppp/1p2p3/3pP3/5P2/1PN3P1/PB2P1BP/R2Q1RK1","stockfishScores":{"bn":0.5011904761904762}},{"fenStr":"2rq1rk1/pb1nbppp/1p2p3/3pP3/5P2/1PN3P1/PB2P1BP/R2Q1RK1","stockfishScores":{"wn":0.4982142857142857}},{"fenStr":"2rq1rk1/pb1nbppp/1p2p3/1N1pP3/5P2/1P4P1/PB2P1BP/R2Q1RK1","stockfishScores":{"bn":0.5021428571428571}},{"fenStr":"2rq1rk1/1b1nbppp/pp2p3/1N1pP3/5P2/1P4P1/PB2P1BP/R2Q1RK1","stockfishScores":{"wn":0.4970833333333333}},{"fenStr":"2rq1rk1/1b1nbppp/pp2p3/3pP3/3N1P2/1P4P1/PB2P1BP/R2Q1RK1","stockfishScores":{"bn":0.5028571428571429}},{"fenStr":"2rq1rk1/1b1n1ppp/pp2p3/2bpP3/3N1P2/1P4P1/PB2P1BP/R2Q1RK1","stockfishScores":{"wn":0.5}},{"fenStr":"2rq1rk1/1b1n1ppp/pp2p3/2bpP3/3N1P2/1P2P1P1/PB4BP/R2Q1RK1","stockfishScores":{"bn":0.5026190476190476}},{"fenStr":"2r2rk1/1b1nqppp/pp2p3/2bpP3/3N1P2/1P2P1P1/PB4BP/R2Q1RK1","stockfishScores":{"wn":0.5033333333333333}},{"fenStr":"2r2rk1/1b1nqppp/pp2p3/2bpP3/3N1PQ1/1P2P1P1/PB4BP/R4RK1","stockfishScores":{"bn":0.5031547619047619}},{"fenStr":"2r2rk1/1b1nqppp/1p2p3/p1bpP3/3N1PQ1/1P2P1P1/PB4BP/R4RK1","stockfishScores":{"wn":0.5041666666666667}},{"fenStr":"2r2rk1/1b1nqppp/1p2p3/p1bpP3/3N1PQ1/1P2P1P1/PB4BP/3R1RK1","stockfishScores":{"bn":0.505297619047619}},{"fenStr":"2r2rk1/3nqppp/bp2p3/p1bpP3/3N1PQ1/1P2P1P1/PB4BP/3R1RK1","stockfishScores":{"wn":0.5051190476190476}},{"fenStr":"2r2rk1/3nqppp/bp2p3/p1bpP3/3N1PQ1/1P2P1P1/PB3RBP/3R2K1","stockfishScores":{"bn":0.5061309523809524}},{"fenStr":"2r2rk1/3nqppp/bp2p3/p2pP3/1b1N1PQ1/1P2P1P1/PB3RBP/3R2K1","stockfishScores":{"wn":0.5086904761904761}},{"fenStr":"2r2rk1/3nqppp/bp2p3/p2BP3/1b1N1PQ1/1P2P1P1/PB3R1P/3R2K1","stockfishScores":{"bn":0.5081547619047619}},{"fenStr":"2r2rk1/3nqppp/bp2p3/p2BP3/3N1PQ1/1Pb1P1P1/PB3R1P/3R2K1","stockfishScores":{"wn":0.5071428571428571}},{"fenStr":"2r2rk1/3nqppp/bp2N3/p2BP3/5PQ1/1Pb1P1P1/PB3R1P/3R2K1","stockfishScores":{"bn":0.5345833333333333}},{"fenStr":"2r2rk1/3nqp1p/bp2N1p1/p2BP3/5PQ1/1Pb1P1P1/PB3R1P/3R2K1","stockfishScores":{"wn":0.5198809523809523}},{"fenStr":"2r2Nk1/3nqp1p/bp4p1/p2BP3/5PQ1/1Pb1P1P1/PB3R1P/3R2K1","stockfishScores":{"bn":0.5520238095238095}},{"fenStr":"2r2nk1/4qp1p/bp4p1/p2BP3/5PQ1/1Pb1P1P1/PB3R1P/3R2K1","stockfishScores":{"wn":0.5329761904761905}},{"fenStr":"2r2nk1/4qp1p/bp4p1/p3P3/2B2PQ1/1Pb1P1P1/PB3R1P/3R2K1","stockfishScores":{"bn":0.5357142857142857}},{"fenStr":"2r2nk1/4qp1p/b5p1/pp2P3/2B2PQ1/1Pb1P1P1/PB3R1P/3R2K1","stockfishScores":{"wn":0.5320238095238096}},{"fenStr":"2r2nk1/4qp1p/b5p1/pB2P3/5PQ1/1Pb1P1P1/PB3R1P/3R2K1","stockfishScores":{"bn":0.5382738095238095}},{"fenStr":"2r2nk1/1b2qp1p/6p1/pB2P3/5PQ1/1Pb1P1P1/PB3R1P/3R2K1","stockfishScores":{"wn":0.53625}},{"fenStr":"2r2nk1/1b2qp1p/6p1/pB2P3/5PQ1/1Pb1P1P1/P4R1P/2BR2K1","stockfishScores":{"bn":0.5311309523809524}},{"fenStr":"2r2nk1/1b3p1p/6p1/pB2P3/1q3PQ1/1Pb1P1P1/P4R1P/2BR2K1","stockfishScores":{"wn":0.5344047619047619}},{"fenStr":"2r2nk1/1b3p1p/6p1/p3P3/1q3PQ1/1Pb1P1P1/P4R1P/2BR1BK1","stockfishScores":{"bn":0.5338095238095238}},{"fenStr":"2r3k1/1b3p1p/4n1p1/p3P3/1q3PQ1/1Pb1P1P1/P4R1P/2BR1BK1","stockfishScores":{"wn":0.5300595238095238}},{"fenStr":"2r3k1/1b3p1p/4n1p1/p3P3/1q3PQ1/1Pb1P1P1/P4RBP/2BR2K1","stockfishScores":{"bn":0.5319047619047619}},{"fenStr":"2r3k1/5p1p/4n1p1/p3P3/1q3PQ1/1Pb1P1P1/P4RbP/2BR2K1","stockfishScores":{"wn":0.5040476190476191}},{"fenStr":"2r3k1/5p1p/4n1p1/p3P3/1q3PQ1/1Pb1P1P1/P4RKP/2BR4","stockfishScores":{"bn":0.5295833333333333}},{"fenStr":"2r3k1/5p1p/4n1p1/4P3/pq3PQ1/1Pb1P1P1/P4RKP/2BR4","stockfishScores":{"wn":0.5307738095238095}},{"fenStr":"2r3k1/5p1p/4n1p1/4P3/pq3PQ1/1Pb1P1PP/P4RK1/2BR4","stockfishScores":{"bn":0.5294642857142857}},{"fenStr":"2r3k1/5p1p/4n1p1/4P3/1q3PQ1/1pb1P1PP/P4RK1/2BR4","stockfishScores":{"wn":0.5138095238095238}},{"fenStr":"2r3k1/5p1p/4n1p1/4P3/1q3PQ1/1Pb1P1PP/5RK1/2BR4","stockfishScores":{"bn":0.5254166666666666}},{"fenStr":"2r3k1/5p1p/4n1p1/4P3/5PQ1/1qb1P1PP/5RK1/2BR4","stockfishScores":{"wn":0.5203571428571429}},{"fenStr":"2r3k1/5p1p/4n1p1/4PP2/6Q1/1qb1P1PP/5RK1/2BR4","stockfishScores":{"bn":0.5225595238095239}},{"fenStr":"2r3k1/5pnp/6p1/4PP2/6Q1/1qb1P1PP/5RK1/2BR4","stockfishScores":{"wn":0.5241071428571429}},{"fenStr":"2r3k1/5pnp/4P1p1/5P2/6Q1/1qb1P1PP/5RK1/2BR4","stockfishScores":{"bn":0.5292857142857142}},{"fenStr":"2r3k1/5pnp/4P3/5p2/6Q1/1qb1P1PP/5RK1/2BR4","stockfishScores":{"wn":0.5282142857142857}},{"fenStr":"2r3k1/5Pnp/8/5p2/6Q1/1qb1P1PP/5RK1/2BR4","stockfishScores":{"bn":0.5317857142857143}},{"fenStr":"2r2k2/5Pnp/8/5p2/6Q1/1qb1P1PP/5RK1/2BR4","stockfishScores":{"wn":0.52625}},{"fenStr":"2r2k2/5Pnp/8/5R2/6Q1/1qb1P1PP/6K1/2BR4","stockfishScores":{"bn":0.5369047619047619}},{"fenStr":"2r2k2/5Pnp/8/5R2/6Q1/1q2P1PP/6K1/b1BR4","stockfishScores":{"wn":0.5386309523809524}},{"fenStr":"2r2k2/5Pnp/8/3R4/6Q1/1q2P1PP/6K1/b1BR4","stockfishScores":{"bn":0.5501785714285714}},{"fenStr":"5k2/5Pnp/8/3R4/6Q1/1q2P1PP/2r3K1/b1BR4","stockfishScores":{"wn":0.5430357142857143}},{"fenStr":"5k2/5Pnp/8/8/6Q1/1q2P1PP/2rR2K1/b1BR4","stockfishScores":{"bn":0.5414880952380953}},{"fenStr":"5k2/5Pnp/5b2/8/6Q1/1q2P1PP/2rR2K1/2BR4","stockfishScores":{"wn":0.5323809523809524}},{"fenStr":"5k2/3Q1Pnp/5b2/8/8/1q2P1PP/2rR2K1/2BR4","stockfishScores":{"bn":0.5463690476190476}},{"fenStr":"5k2/3Q1Pnp/5b2/8/8/1q2P1PP/r2R2K1/2BR4","stockfishScores":{"wn":0.54875}},{"fenStr":"5k2/3Q1Pnp/5b2/8/8/1q2P1PP/R5K1/2BR4","stockfishScores":{"bn":0.5670833333333334}},{"fenStr":"5k2/3Q1Pnp/5b2/8/8/4P1PP/q5K1/2BR4","stockfishScores":{"wn":0.5422619047619047}},{"fenStr":"5k2/3Q1Pnp/5b2/8/8/4P1PP/q2R2K1/2B5","stockfishScores":{"bn":0.5470833333333334}},{"fenStr":"q4k2/3Q1Pnp/5b2/8/8/4P1PP/3R2K1/2B5","stockfishScores":{"wn":0.5464880952380953}},{"fenStr":"q4k2/3Q1Pnp/5b2/8/8/4P1PP/3R3K/2B5","stockfishScores":{"bn":0.5477380952380952}},{"fenStr":"5k2/3Q1Pnp/5b2/8/8/4P1PP/3R3K/q1B5","stockfishScores":{"wn":0.5491666666666667}},{"fenStr":"5k2/3Q1Pnp/5b2/8/8/4P1PP/2R4K/q1B5","stockfishScores":{"bn":0.5595833333333333}},{"fenStr":"5k2/3QbPnp/8/8/8/4P1PP/2R4K/q1B5","stockfishScores":{"wn":0.5564880952380953}},{"fenStr":"5k2/3QbPnp/8/8/8/4P1PP/1BR4K/q7","stockfishScores":{"bn":0.5744047619047619}},{"fenStr":"5k2/3QbPnp/8/8/8/4P1PP/1BR4K/1q6","stockfishScores":{"wn":0.5639880952380952}},{"fenStr":"5k2/3QbPnp/8/8/8/4P1PP/1B3R1K/1q6","stockfishScores":{"bn":0.5656547619047619}},{"fenStr":"5k2/3QbP1p/4n3/8/8/4P1PP/1B3R1K/1q6","stockfishScores":{"wn":0.5660119047619048}},{"fenStr":"4Qk2/4bP1p/4n3/8/8/4P1PP/1B3R1K/1q6","stockfishScores":{"bn":0.5475}}],"result":{"ww":true}}