{"fens":[{"fenStr":"rnbqkbnr/pppppppp/8/8/4P3/8/PPPP1PPP/RNBQKBNR","stockfishScores":{"bn":0.5049404761904762}},{"fenStr":"rnbqkbnr/pp1ppppp/8/2p5/4P3/8/PPPP1PPP/RNBQKBNR","stockfishScores":{"wn":0.5038095238095238}},{"fenStr":"rnbqkbnr/pp1ppppp/8/2p5/4P3/2N5/PPPP1PPP/R1BQKBNR","stockfishScores":{"bn":0.5063095238095238}},{"fenStr":"r1bqkbnr/pp1ppppp/2n5/2p5/4P3/2N5/PPPP1PPP/R1BQKBNR","stockfishScores":{"wn":0.5029761904761905}},{"fenStr":"r1bqkbnr/pp1ppppp/2n5/2p5/4PP2/2N5/PPPP2PP/R1BQKBNR","stockfishScores":{"bn":0.5027380952380952}},{"fenStr":"r1bqkbnr/pp1ppp1p/2n3p1/2p5/4PP2/2N5/PPPP2PP/R1BQKBNR","stockfishScores":{"wn":0.5013690476190477}},{"fenStr":"r1bqkbnr/pp1ppp1p/2n3p1/2p5/4PP2/2N2N2/PPPP2PP/R1BQKB1R","stockfishScores":{"bn":0.5049404761904762}},{"fenStr":"r1bqk1nr/pp1pppbp/2n3p1/2p5/4PP2/2N2N2/PPPP2PP/R1BQKB1R","stockfishScores":{"wn":0.5011309523809524}},{"fenStr":"r1bqk1nr/pp1pppbp/2n3p1/1Bp5/4PP2/2N2N2/PPPP2PP/R1BQK2R","stockfishScores":{"bn":0.5014880952380952}},{"fenStr":"r1bqk1nr/pp1pppbp/6p1/1Bp5/3nPP2/2N2N2/PPPP2PP/R1BQK2R","stockfishScores":{"wn":0.49952380952380954}},{"fenStr":"r1bqk1nr/pp1pppbp/6p1/1Bp5/3nPP2/2N2N2/PPPP2PP/R1BQ1RK1","stockfishScores":{"bn":0.5102380952380953}},{"fenStr":"r1bqk1nr/1p1pppbp/p5p1/1Bp5/3nPP2/2N2N2/PPPP2PP/R1BQ1RK1","stockfishScores":{"wn":0.5052380952380953}},{"fenStr":"r1bqk1nr/1p1pppbp/p5p1/2p5/3nPP2/2NB1N2/PPPP2PP/R1BQ1RK1","stockfishScores":{"bn":0.5127380952380952}},{"fenStr":"r1bqk1nr/1p2ppbp/p2p2p1/2p5/3nPP2/2NB1N2/PPPP2PP/R1BQ1RK1","stockfishScores":{"wn":0.5076785714285714}},{"fenStr":"r1bqk1nr/1p2ppbp/p2p2p1/2p5/3NPP2/2NB4/PPPP2PP/R1BQ1RK1","stockfishScores":{"bn":0.5264880952380953}},{"fenStr":"r1bqk1nr/1p2ppbp/p2p2p1/8/3pPP2/2NB4/PPPP2PP/R1BQ1RK1","stockfishScores":{"wn":0.5066071428571428}},{"fenStr":"r1bqk1nr/1p2ppbp/p2p2p1/8/3pPP2/3B4/PPPPN1PP/R1BQ1RK1","stockfishScores":{"bn":0.5099404761904762}},{"fenStr":"r1bqk2r/1p2ppbp/p2p2pn/8/3pPP2/3B4/PPPPN1PP/R1BQ1RK1","stockfishScores":{"wn":0.5085119047619048}},{"fenStr":"r1bqk2r/1p2ppbp/p2p2pn/5P2/3pP3/3B4/PPPPN1PP/R1BQ1RK1","stockfishScores":{"bn":0.5110119047619047}},{"fenStr":"r1bqk2r/1p3pbp/p2pp1pn/5P2/3pP3/3B4/PPPPN1PP/R1BQ1RK1","stockfishScores":{"wn":0.5107142857142857}},{"fenStr":"r1bqk2r/1p3pbp/p2pP1pn/8/3pP3/3B4/PPPPN1PP/R1BQ1RK1","stockfishScores":{"bn":0.5205952380952381}},{"fenStr":"r2qk2r/1p3pbp/p2pb1pn/8/3pP3/3B4/PPPPN1PP/R1BQ1RK1","stockfishScores":{"wn":0.5069642857142858}},{"fenStr":"r2qk2r/1p3pbp/p2pb1pn/8/3pPN2/3B4/PPPP2PP/R1BQ1RK1","stockfishScores":{"bn":0.506547619047619}},{"fenStr":"r2q1rk1/1p3pbp/p2pb1pn/8/3pPN2/3B4/PPPP2PP/R1BQ1RK1","stockfishScores":{"wn":0.4980952380952381}},{"fenStr":"r2q1rk1/1p3pbp/p2pN1pn/8/3pP3/3B4/PPPP2PP/R1BQ1RK1","stockfishScores":{"bn":0.5288690476190476}},{"fenStr":"r2q1rk1/1p4bp/p2pp1pn/8/3pP3/3B4/PPPP2PP/R1BQ1RK1","stockfishScores":{"wn":0.4969642857142857}},{"fenStr":"r2q1Rk1/1p4bp/p2pp1pn/8/3pP3/3B4/PPPP2PP/R1BQ2K1","stockfishScores":{"bn":0.5276785714285714}},{"fenStr":"r4qk1/1p4bp/p2pp1pn/8/3pP3/3B4/PPPP2PP/R1BQ2K1","stockfishScores":{"wn":0.4974404761904762}},{"fenStr":"r4qk1/1p4bp/p2pp1pn/8/2BpP3/8/PPPP2PP/R1BQ2K1","stockfishScores":{"bn":0.49642857142857144}},{"fenStr":"r5k1/1p4bp/p2ppqpn/8/2BpP3/8/PPPP2PP/R1BQ2K1","stockfishScores":{"wn":0.49452380952380953}},{"fenStr":"r5k1/1p4bp/p2ppqpn/8/2BpP3/5Q2/PPPP2PP/R1B3K1","stockfishScores":{"bn":0.49720238095238095}},{"fenStr":"r5k1/1p4bp/p2pp1pn/8/2BpP2q/5Q2/PPPP2PP/R1B3K1","stockfishScores":{"wn":0.4936309523809524}},{"fenStr":"r5k1/1p4bp/p2pp1pn/8/2BpP2q/3P1Q2/PPP3PP/R1B3K1","stockfishScores":{"bn":0.5}},{"fenStr":"r5k1/1p4bp/p2pp1pn/8/2BpP3/3P1Q2/PPP3PP/R1B1q1K1","stockfishScores":{"wn":0.5058928571428571}},{"fenStr":"r5k1/1p4bp/p2pp1pn/8/2BpP3/3P4/PPP3PP/R1B1qQK1","stockfishScores":{"bn":0.4988690476190476}},{"fenStr":"r5k1/1p4bp/p2pp1pn/8/2BpP3/3P4/PPP3PP/R1B2qK1","stockfishScores":{"wn":0.42720238095238094}},{"fenStr":"r5k1/1p4bp/p2pp1pn/8/2BpP3/3P4/PPP3PP/R1B2K2","stockfishScores":{"bn":0.500297619047619}},{"fenStr":"4r1k1/1p4bp/p2pp1pn/8/2BpP3/3P4/PPP3PP/R1B2K2","stockfishScores":{"wn":0.5001190476190476}},{"fenStr":"4r1k1/1p4bp/p2pp1pn/8/2BpP3/3P3P/PPP3P1/R1B2K2","stockfishScores":{"bn":0.5001785714285715}},{"fenStr":"4r1k1/1p3nbp/p2pp1p1/8/2BpP3/3P3P/PPP3P1/R1B2K2","stockfishScores":{"wn":0.49648809523809523}},{"fenStr":"4r1k1/1p3nbp/p2pp1p1/8/2BpP3/3P3P/PPPB2P1/R4K2","stockfishScores":{"bn":0.49851190476190477}},{"fenStr":"4rk2/1p3nbp/p2pp1p1/8/2BpP3/3P3P/PPPB2P1/R4K2","stockfishScores":{"wn":0.5008333333333334}},{"fenStr":"4rk2/1p3nbp/p2pp1p1/8/3pP3/1B1P3P/PPPB2P1/R4K2","stockfishScores":{"bn":0.501547619047619}},{"fenStr":"4r3/1p2knbp/p2pp1p1/8/3pP3/1B1P3P/PPPB2P1/R4K2","stockfishScores":{"wn":0.5004166666666666}},{"fenStr":"4r3/1p2knbp/p2pp1p1/8/3pP3/1BPP3P/PP1B2P1/R4K2","stockfishScores":{"bn":0.5}},{"fenStr":"2r5/1p2knbp/p2pp1p1/8/3pP3/1BPP3P/PP1B2P1/R4K2","stockfishScores":{"wn":0.5002380952380953}},{"fenStr":"2r5/1p2knbp/p2pp1p1/8/3pP3/1BPP3P/PP1BK1P1/R7","stockfishScores":{"bn":0.5017261904761905}},{"fenStr":"8/1pr1knbp/p2pp1p1/8/3pP3/1BPP3P/PP1BK1P1/R7","stockfishScores":{"wn":0.5052380952380953}},{"fenStr":"8/1pr1knbp/p2pp1p1/8/3pP3/1BPP3P/PP1BK1P1/2R5","stockfishScores":{"bn":0.5045238095238095}},{"fenStr":"8/1pr1kn1p/p2pp1pb/8/3pP3/1BPP3P/PP1BK1P1/2R5","stockfishScores":{"wn":0.5070833333333333}},{"fenStr":"8/1pr1kn1p/p2pp1pB/8/3pP3/1BPP3P/PP2K1P1/2R5","stockfishScores":{"bn":0.5308333333333334}},{"fenStr":"8/1pr1k2p/p2pp1pn/8/3pP3/1BPP3P/PP2K1P1/2R5","stockfishScores":{"wn":0.5061309523809524}},{"fenStr":"8/1pr1k2p/p2pp1pn/8/3pP3/1BPP3P/PP1K2P1/2R5","stockfishScores":{"bn":0.5055952380952381}},{"fenStr":"8/1pr1k2p/p2pp1pn/8/4P3/1BpP3P/PP1K2P1/2R5","stockfishScores":{"wn":0.49404761904761907}},{"fenStr":"8/1pr1k2p/p2pp1pn/8/4P3/1BPP3P/P2K2P1/2R5","stockfishScores":{"bn":0.505}},{"fenStr":"8/1pr1kn1p/p2pp1p1/8/4P3/1BPP3P/P2K2P1/2R5","stockfishScores":{"wn":0.5036309523809523}},{"fenStr":"8/1pr1kn1p/p2pp1p1/8/3PP3/1BP4P/P2K2P1/2R5","stockfishScores":{"bn":0.5030357142857143}},{"fenStr":"8/1pr1kn1p/p2p2p1/4p3/3PP3/1BP4P/P2K2P1/2R5","stockfishScores":{"wn":0.5046428571428572}},{"fenStr":"8/1pr1kn1p/p2p2p1/4p3/3PP3/1BP4P/P2K2P1/5R2","stockfishScores":{"bn":0.5096428571428572}},{"fenStr":"8/1pr1k2p/p2p2p1/4p1n1/3PP3/1BP4P/P2K2P1/5R2","stockfishScores":{"wn":0.5045833333333334}},{"fenStr":"8/1pr1k2p/p2p2p1/4p1n1/3PP3/1BPK3P/P5P1/5R2","stockfishScores":{"bn":0.5058928571428571}},{"fenStr":"8/1pr1k2p/p2pn1p1/4p3/3PP3/1BPK3P/P5P1/5R2","stockfishScores":{"wn":0.5069047619047619}},{"fenStr":"8/1pr1k2p/p2pn1p1/4p3/3PP3/1BPK2PP/P7/5R2","stockfishScores":{"bn":0.5069642857142858}},{"fenStr":"2r5/1p2k2p/p2pn1p1/4p3/3PP3/1BPK2PP/P7/5R2","stockfishScores":{"wn":0.5055357142857143}},{"fenStr":"2r5/1p2k2p/p2pn1p1/4p3/3PP2P/1BPK2P1/P7/5R2","stockfishScores":{"bn":0.5056547619047619}},{"fenStr":"5r2/1p2k2p/p2pn1p1/4p3/3PP2P/1BPK2P1/P7/5R2","stockfishScores":{"wn":0.5038095238095238}},{"fenStr":"5R2/1p2k2p/p2pn1p1/4p3/3PP2P/1BPK2P1/P7/8","stockfishScores":{"bn":0.544404761904762}},{"fenStr":"5n2/1p2k2p/p2p2p1/4p3/3PP2P/1BPK2P1/P7/8","stockfishScores":{"wn":0.5066071428571428}},{"fenStr":"5n2/1p2k2p/p2p2p1/3Bp3/3PP2P/2PK2P1/P7/8","stockfishScores":{"bn":0.5069047619047619}},{"fenStr":"5n2/4k2p/pp1p2p1/3Bp3/3PP2P/2PK2P1/P7/8","stockfishScores":{"wn":0.5066071428571428}},{"fenStr":"5n2/4k2p/pp1p2p1/4p3/2BPP2P/2PK2P1/P7/8","stockfishScores":{"bn":0.5051785714285715}},{"fenStr":"5n2/4k2p/1p1p2p1/p3p3/2BPP2P/2PK2P1/P7/8","stockfishScores":{"wn":0.5054761904761905}},{"fenStr":"5nB1/4k2p/1p1p2p1/p3p3/3PP2P/2PK2P1/P7/8","stockfishScores":{"bn":0.5039880952380953}},{"fenStr":"5nB1/3k3p/1p1p2p1/p3p3/3PP2P/2PK2P1/P7/8","stockfishScores":{"wn":0.5057738095238096}},{"fenStr":"5nB1/3k3p/1p1p2p1/p3p3/2KPP2P/2P3P1/P7/8","stockfishScores":{"bn":0.5040476190476191}},{"fenStr":"5nB1/7p/1pkp2p1/p3p3/2KPP2P/2P3P1/P7/8","stockfishScores":{"wn":0.5039880952380953}},{"fenStr":"5nB1/7p/1pkp2p1/p3p3/P1KPP2P/2P3P1/8/8","stockfishScores":{"bn":0.5052380952380953}},{"fenStr":"5nB1/8/1pkp2pp/p3p3/P1KPP2P/2P3P1/8/8","stockfishScores":{"wn":0.505}},{"fenStr":"5n2/5B2/1pkp2pp/p3p3/P1KPP2P/2P3P1/8/8","stockfishScores":{"bn":0.5060119047619047}},{"fenStr":"5n2/5B2/1pkp3p/p3p1p1/P1KPP2P/2P3P1/8/8","stockfishScores":{"wn":0.5059523809523809}},{"fenStr":"4Bn2/8/1pkp3p/p3p1p1/P1KPP2P/2P3P1/8/8","stockfishScores":{"bn":0.5050595238095238}},{"fenStr":"4Bn2/2k5/1p1p3p/p3p1p1/P1KPP2P/2P3P1/8/8","stockfishScores":{"wn":0.5043452380952381}},{"fenStr":"4Bn2/2k5/1p1p3p/p3p1P1/P1KPP3/2P3P1/8/8","stockfishScores":{"bn":0.5142261904761904}},{"fenStr":"4Bn2/2k5/1p1p4/p3p1p1/P1KPP3/2P3P1/8/8","stockfishScores":{"wn":0.5036904761904762}},{"fenStr":"4Bn2/2k5/1p1p4/p3P1p1/P1K1P3/2P3P1/8/8","stockfishScores":{"bn":0.5070833333333333}},{"fenStr":"4Bn2/2k5/1p6/p3p1p1/P1K1P3/2P3P1/8/8","stockfishScores":{"wn":0.5016666666666667}},{"fenStr":"4Bn2/2k5/1p6/p2Kp1p1/P3P3/2P3P1/8/8","stockfishScores":{"bn":0.5061309523809524}},{"fenStr":"3kBn2/8/1p6/p2Kp1p1/P3P3/2P3P1/8/8","stockfishScores":{"wn":0.5045833333333334}},{"fenStr":"3k1n2/8/1p6/pB1Kp1p1/P3P3/2P3P1/8/8","stockfishScores":{"bn":0.5078571428571429}},{"fenStr":"3k4/8/1p4n1/pB1Kp1p1/P3P3/2P3P1/8/8","stockfishScores":{"wn":0.5086904761904761}},{"fenStr":"3k4/8/1p2K1n1/pB2p1p1/P3P3/2P3P1/8/8","stockfishScores":{"bn":0.5075595238095238}},{"fenStr":"3k4/8/1p2K3/pB2p1p1/P3P2n/2P3P1/8/8","stockfishScores":{"wn":0.513154761904762}},{"fenStr":"3k4/8/1p6/pB2K1p1/P3P2n/2P3P1/8/8","stockfishScores":{"bn":0.5169047619047619}},{"fenStr":"3k4/8/1p6/pB2K1p1/P3P3/2P2nP1/8/8","stockfishScores":{"wn":0.5121428571428571}},{"fenStr":"3k4/8/1p1K4/pB4p1/P3P3/2P2nP1/8/8","stockfishScores":{"bn":0.5127380952380952}},{"fenStr":"3k4/8/1p1K4/pB4p1/P3P3/2P3P1/3n4/8","stockfishScores":{"wn":0.5120238095238095}},{"fenStr":"3k4/8/1p1K4/p5p1/P3P3/2PB2P1/3n4/8","stockfishScores":{"bn":0.5117857142857143}},{"fenStr":"3k4/8/3K4/pp4p1/P3P3/2PB2P1/3n4/8","stockfishScores":{"wn":0.5125}},{"fenStr":"3k4/8/3K4/pP4p1/4P3/2PB2P1/3n4/8","stockfishScores":{"bn":0.5238095238095238}},{"fenStr":"3k4/8/3K4/1P4p1/p3P3/2PB2P1/3n4/8","stockfishScores":{"wn":0.5221428571428571}},{"fenStr":"3k4/8/1P1K4/6p1/p3P3/2PB2P1/3n4/8","stockfishScores":{"bn":0.5279761904761905}},{"fenStr":"2k5/8/1P1K4/6p1/p3P3/2PB2P1/3n4/8","stockfishScores":{"wn":0.5233333333333333}},{"fenStr":"2k5/8/1P1K4/4P1p1/p7/2PB2P1/3n4/8","stockfishScores":{"bn":0.5272023809523809}},{"fenStr":"2k5/8/1P1K4/4P1p1/8/p1PB2P1/3n4/8","stockfishScores":{"wn":0.5210119047619047}},{"fenStr":"2k5/8/1P1KP3/6p1/8/p1PB2P1/3n4/8","stockfishScores":{"bn":0.5276190476190477}},{"fenStr":"2k5/8/1P1KP3/6p1/8/2PB2P1/p2n4/8","stockfishScores":{"wn":0.51625}},{"fenStr":"2k5/4P3/1P1K4/6p1/8/2PB2P1/p2n4/8","stockfishScores":{"bn":0.5219047619047619}},{"fenStr":"2k5/4P3/1P1K4/6p1/8/2PB2P1/3n4/q7","stockfishScores":{"wn":0.44101190476190477}},{"fenStr":"2k1Q3/8/1P1K4/6p1/8/2PB2P1/3n4/q7","stockfishScores":{"bn":0.534702380952381}},{"fenStr":"4Q3/1k6/1P1K4/6p1/8/2PB2P1/3n4/q7","stockfishScores":{"wn":0.5351190476190476}},{"fenStr":"8/1k1Q4/1P1K4/6p1/8/2PB2P1/3n4/q7","stockfishScores":{"bn":0.5318452380952381}},{"fenStr":"8/3Q4/1k1K4/6p1/8/2PB2P1/3n4/q7","stockfishScores":{"wn":0.5226190476190476}},{"fenStr":"8/2Q5/1k1K4/6p1/8/2PB2P1/3n4/q7","stockfishScores":{"bn":0.5208928571428572}}],"result":{"ww":true}}