{"fens":[{"fenStr":"rnbqkbnr/pppppppp/8/8/4P3/8/PPPP1PPP/RNBQKBNR","stockfishScores":{"bn":0.5049404761904762}},{"fenStr":"rnbqkbnr/pppp1ppp/4p3/8/4P3/8/PPPP1PPP/RNBQKBNR","stockfishScores":{"wn":0.5002380952380953}},{"fenStr":"rnbqkbnr/pppp1ppp/4p3/8/3PP3/8/PPP2PPP/RNBQKBNR","stockfishScores":{"bn":0.5058928571428571}},{"fenStr":"rnbqkbnr/ppp2ppp/4p3/3p4/3PP3/8/PPP2PPP/RNBQKBNR","stockfishScores":{"wn":0.5010119047619047}},{"fenStr":"rnbqkbnr/ppp2ppp/4p3/3p4/3PP3/8/PPPN1PPP/R1BQKBNR","stockfishScores":{"bn":0.5027380952380952}},{"fenStr":"rnbqkb1r/ppp2ppp/4pn2/3p4/3PP3/8/PPPN1PPP/R1BQKBNR","stockfishScores":{"wn":0.5017857142857143}},{"fenStr":"rnbqkb1r/ppp2ppp/4pn2/3pP3/3P4/8/PPPN1PPP/R1BQKBNR","stockfishScores":{"bn":0.5069642857142858}},{"fenStr":"rnbqkb1r/pppn1ppp/4p3/3pP3/3P4/8/PPPN1PPP/R1BQKBNR","stockfishScores":{"wn":0.5014285714285714}},{"fenStr":"rnbqkb1r/pppn1ppp/4p3/3pP3/3P4/3B4/PPPN1PPP/R1BQK1NR","stockfishScores":{"bn":0.50125}},{"fenStr":"rnbqkb1r/pp1n1ppp/4p3/2ppP3/3P4/3B4/PPPN1PPP/R1BQK1NR","stockfishScores":{"wn":0.4975595238095238}},{"fenStr":"rnbqkb1r/pp1n1ppp/4p3/2ppP3/3P4/2PB4/PP1N1PPP/R1BQK1NR","stockfishScores":{"bn":0.50125}},{"fenStr":"r1bqkb1r/pp1n1ppp/2n1p3/2ppP3/3P4/2PB4/PP1N1PPP/R1BQK1NR","stockfishScores":{"wn":0.498452380952381}},{"fenStr":"r1bqkb1r/pp1n1ppp/2n1p3/2ppP3/3P4/2PB1N2/PP3PPP/R1BQK1NR","stockfishScores":{"bn":0.4995833333333333}},{"fenStr":"r1b1kb1r/pp1n1ppp/1qn1p3/2ppP3/3P4/2PB1N2/PP3PPP/R1BQK1NR","stockfishScores":{"wn":0.4993452380952381}},{"fenStr":"r1b1kb1r/pp1n1ppp/1qn1p3/2ppP3/3P4/2PB1N2/PP2NPPP/R1BQK2R","stockfishScores":{"bn":0.5022619047619048}},{"fenStr":"r1b1kb1r/pp1n1ppp/1qn1p3/3pP3/3p4/2PB1N2/PP2NPPP/R1BQK2R","stockfishScores":{"wn":0.49452380952380953}},{"fenStr":"r1b1kb1r/pp1n1ppp/1qn1p3/3pP3/3P4/3B1N2/PP2NPPP/R1BQK2R","stockfishScores":{"bn":0.5013095238095238}},{"fenStr":"r1b1kb1r/pp1n2pp/1qn1pp2/3pP3/3P4/3B1N2/PP2NPPP/R1BQK2R","stockfishScores":{"wn":0.5031547619047619}},{"fenStr":"r1b1kb1r/pp1n2pp/1qn1pP2/3p4/3P4/3B1N2/PP2NPPP/R1BQK2R","stockfishScores":{"bn":0.5186904761904761}},{"fenStr":"r1b1kb1r/pp4pp/1qn1pn2/3p4/3P4/3B1N2/PP2NPPP/R1BQK2R","stockfishScores":{"wn":0.5035119047619048}},{"fenStr":"r1b1kb1r/pp4pp/1qn1pn2/3p4/3P4/3B1N2/PP2NPPP/R1BQ1RK1","stockfishScores":{"bn":0.5143452380952381}},{"fenStr":"r1b1k2r/pp4pp/1qnbpn2/3p4/3P4/3B1N2/PP2NPPP/R1BQ1RK1","stockfishScores":{"wn":0.5129761904761905}},{"fenStr":"r1b1k2r/pp4pp/1qnbpn2/3p4/3P4/P2B1N2/1P2NPPP/R1BQ1RK1","stockfishScores":{"bn":0.5125}},{"fenStr":"r1b2rk1/pp4pp/1qnbpn2/3p4/3P4/P2B1N2/1P2NPPP/R1BQ1RK1","stockfishScores":{"wn":0.5038690476190476}},{"fenStr":"r1b2rk1/pp4pp/1qnbpn2/3p4/3P4/P4N2/1PB1NPPP/R1BQ1RK1","stockfishScores":{"bn":0.5023214285714286}},{"fenStr":"r1b2rk1/ppq3pp/2nbpn2/3p4/3P4/P4N2/1PB1NPPP/R1BQ1RK1","stockfishScores":{"wn":0.5036904761904762}},{"fenStr":"r1b2rk1/ppq3pp/2nbpn2/3p4/3P4/P2Q1N2/1PB1NPPP/R1B2RK1","stockfishScores":{"bn":0.5064285714285715}},{"fenStr":"r1b2rk1/ppq3pp/2nb1n2/3pp3/3P4/P2Q1N2/1PB1NPPP/R1B2RK1","stockfishScores":{"wn":0.5}},{"fenStr":"r1b2rk1/ppq3pp/2nb1n2/3pP3/8/P2Q1N2/1PB1NPPP/R1B2RK1","stockfishScores":{"bn":0.5238095238095238}},{"fenStr":"r1b2rk1/ppq3pp/3b1n2/3pn3/8/P2Q1N2/1PB1NPPP/R1B2RK1","stockfishScores":{"wn":0.5029166666666667}},{"fenStr":"r1b2rk1/ppq3pp/3b1n2/3pN3/8/P2Q4/1PB1NPPP/R1B2RK1","stockfishScores":{"bn":0.534345238095238}},{"fenStr":"r1b2rk1/ppq3pp/5n2/3pb3/8/P2Q4/1PB1NPPP/R1B2RK1","stockfishScores":{"wn":0.50375}},{"fenStr":"r1b2rk1/ppq3pp/5n2/3pb3/8/P2Q2N1/1PB2PPP/R1B2RK1","stockfishScores":{"bn":0.5018452380952381}},{"fenStr":"r1b2rk1/pp4pp/5n2/3pb3/2q5/P2Q2N1/1PB2PPP/R1B2RK1","stockfishScores":{"wn":0.5048214285714285}},{"fenStr":"r1b2rk1/pp4pp/5n2/3pb3/2q5/P2Q2N1/1PB2PPP/1RB2RK1","stockfishScores":{"bn":0.5039285714285714}},{"fenStr":"r4rk1/pp1b2pp/5n2/3pb3/2q5/P2Q2N1/1PB2PPP/1RB2RK1","stockfishScores":{"wn":0.5023214285714286}},{"fenStr":"r4rk1/pp1b2pp/5n2/3pb3/2q5/P2Q2N1/1PB2PPP/1RB1R1K1","stockfishScores":{"bn":0.5076190476190476}},{"fenStr":"r4rk1/pp1b2pp/5n2/3pb3/8/P2q2N1/1PB2PPP/1RB1R1K1","stockfishScores":{"wn":0.42125}},{"fenStr":"r4rk1/pp1b2pp/5n2/3pb3/8/P2B2N1/1P3PPP/1RB1R1K1","stockfishScores":{"bn":0.5008333333333334}},{"fenStr":"4rrk1/pp1b2pp/5n2/3pb3/8/P2B2N1/1P3PPP/1RB1R1K1","stockfishScores":{"wn":0.49797619047619046}},{"fenStr":"4rrk1/pp1b2pp/5n2/3pb3/8/P2B2N1/1P3PPP/1RB2RK1","stockfishScores":{"bn":0.4924404761904762}},{"fenStr":"4rrk1/pp1b2pp/8/3pb3/6n1/P2B2N1/1P3PPP/1RB2RK1","stockfishScores":{"wn":0.4936309523809524}},{"fenStr":"4rrk1/pp1b2pp/8/3pb3/6n1/P2B4/1P3PPP/1RB2RKN","stockfishScores":{"bn":0.4861904761904762}},{"fenStr":"4rrk1/pp1b2pp/8/3p4/6n1/P2B4/1P3PPb/1RB2RKN","stockfishScores":{"wn":0.4844047619047619}}],"result":{"bw":true}}