{"fens":[{"fenStr":"rnbqkbnr/pppppppp/8/8/3P4/8/PPP1PPPP/RNBQKBNR","stockfishScores":{"bn":0.5048809523809524}},{"fenStr":"rnbqkbnr/ppppp1pp/8/5p2/3P4/8/PPP1PPPP/RNBQKBNR","stockfishScores":{"wn":0.5067261904761905}},{"fenStr":"rnbqkbnr/ppppp1pp/8/5p2/3P4/6P1/PPP1PP1P/RNBQKBNR","stockfishScores":{"bn":0.5076785714285714}},{"fenStr":"rnbqkb1r/ppppp1pp/5n2/5p2/3P4/6P1/PPP1PP1P/RNBQKBNR","stockfishScores":{"wn":0.5032738095238095}},{"fenStr":"rnbqkb1r/ppppp1pp/5n2/5p2/3P4/6P1/PPP1PPBP/RNBQK1NR","stockfishScores":{"bn":0.5050595238095238}},{"fenStr":"rnbqkb1r/ppppp2p/5np1/5p2/3P4/6P1/PPP1PPBP/RNBQK1NR","stockfishScores":{"wn":0.5042261904761904}},{"fenStr":"rnbqkb1r/ppppp2p/5np1/5p2/3P4/6PN/PPP1PPBP/RNBQK2R","stockfishScores":{"bn":0.5056547619047619}},{"fenStr":"rnbqk2r/ppppp1bp/5np1/5p2/3P4/6PN/PPP1PPBP/RNBQK2R","stockfishScores":{"wn":0.5041071428571429}},{"fenStr":"rnbqk2r/ppppp1bp/5np1/5p2/3P1N2/6P1/PPP1PPBP/RNBQK2R","stockfishScores":{"bn":0.5052380952380953}},{"fenStr":"rnbqk2r/pp1pp1bp/2p2np1/5p2/3P1N2/6P1/PPP1PPBP/RNBQK2R","stockfishScores":{"wn":0.5038690476190476}},{"fenStr":"rnbqk2r/pp1pp1bp/2p2np1/5p2/2PP1N2/6P1/PP2PPBP/RNBQK2R","stockfishScores":{"bn":0.5060714285714286}},{"fenStr":"rnbqk2r/pp1p2bp/2p1pnp1/5p2/2PP1N2/6P1/PP2PPBP/RNBQK2R","stockfishScores":{"wn":0.5055952380952381}},{"fenStr":"rnbqk2r/pp1p2bp/2p1pnp1/5p2/2PP1N2/6P1/PP2PPBP/RNBQ1RK1","stockfishScores":{"bn":0.5144047619047619}},{"fenStr":"rnbqk2r/pp4bp/2pppnp1/5p2/2PP1N2/6P1/PP2PPBP/RNBQ1RK1","stockfishScores":{"wn":0.5147619047619048}},{"fenStr":"rnbqk2r/pp4bp/2pppnp1/5p2/2PP4/3N2P1/PP2PPBP/RNBQ1RK1","stockfishScores":{"bn":0.5135714285714286}},{"fenStr":"rnbqk2r/pp4bp/2ppp1p1/5p1n/2PP4/3N2P1/PP2PPBP/RNBQ1RK1","stockfishScores":{"wn":0.5149404761904762}},{"fenStr":"rnbqk2r/pp4bp/2ppp1p1/3P1p1n/2P5/3N2P1/PP2PPBP/RNBQ1RK1","stockfishScores":{"bn":0.5148809523809523}},{"fenStr":"rnbqk2r/pp4bp/3pp1p1/3p1p1n/2P5/3N2P1/PP2PPBP/RNBQ1RK1","stockfishScores":{"wn":0.5040476190476191}},{"fenStr":"rnbqk2r/pp4bp/3pp1p1/3P1p1n/8/3N2P1/PP2PPBP/RNBQ1RK1","stockfishScores":{"bn":0.5186309523809524}},{"fenStr":"rnbqk2r/pp4bp/3p2p1/3Ppp1n/8/3N2P1/PP2PPBP/RNBQ1RK1","stockfishScores":{"wn":0.5172619047619048}},{"fenStr":"rnbqk2r/pp4bp/3p2p1/3Ppp1n/8/2NN2P1/PP2PPBP/R1BQ1RK1","stockfishScores":{"bn":0.5198809523809523}},{"fenStr":"rnbq1rk1/pp4bp/3p2p1/3Ppp1n/8/2NN2P1/PP2PPBP/R1BQ1RK1","stockfishScores":{"wn":0.5041666666666667}},{"fenStr":"rnbq1rk1/pp4bp/3p2p1/3Ppp1n/4P3/2NN2P1/PP3PBP/R1BQ1RK1","stockfishScores":{"bn":0.5076785714285714}},{"fenStr":"rnbq1rk1/pp4bp/3p2p1/3Pp2n/4Pp2/2NN2P1/PP3PBP/R1BQ1RK1","stockfishScores":{"wn":0.5041666666666667}},{"fenStr":"rnbq1rk1/pp4bp/3p2p1/3Pp2n/4Pp2/2NN2P1/PP1B1PBP/R2Q1RK1","stockfishScores":{"bn":0.5053571428571428}},{"fenStr":"r1bq1rk1/pp4bp/n2p2p1/3Pp2n/4Pp2/2NN2P1/PP1B1PBP/R2Q1RK1","stockfishScores":{"wn":0.5054761904761905}},{"fenStr":"r1bq1rk1/pp4bp/n2p2p1/3Pp2n/4Pp2/2NN2P1/PP1B1PBP/2RQ1RK1","stockfishScores":{"bn":0.5063095238095238}},{"fenStr":"r2q1rk1/pp1b2bp/n2p2p1/3Pp2n/4Pp2/2NN2P1/PP1B1PBP/2RQ1RK1","stockfishScores":{"wn":0.5050595238095238}},{"fenStr":"r2q1rk1/pp1b2bp/n2p2p1/3Pp2n/4Pp2/2NN1BP1/PP1B1P1P/2RQ1RK1","stockfishScores":{"bn":0.5050595238095238}},{"fenStr":"r2q1rk1/pp1b2bp/n2p2p1/3Pp2n/4P3/2NN1Bp1/PP1B1P1P/2RQ1RK1","stockfishScores":{"wn":0.48505952380952383}},{"fenStr":"r2q1rk1/pp1b2bp/n2p2p1/3Pp2n/4P3/2NN1BP1/PP1B1P2/2RQ1RK1","stockfishScores":{"bn":0.5014880952380952}},{"fenStr":"r2q1rk1/pp1b2bp/n2p1np1/3Pp3/4P3/2NN1BP1/PP1B1P2/2RQ1RK1","stockfishScores":{"wn":0.5046428571428572}},{"fenStr":"r2q1rk1/pp1b2bp/n2p1np1/3Pp3/P3P3/2NN1BP1/1P1B1P2/2RQ1RK1","stockfishScores":{"bn":0.5029166666666667}},{"fenStr":"r2qnrk1/pp1b2bp/n2p2p1/3Pp3/P3P3/2NN1BP1/1P1B1P2/2RQ1RK1","stockfishScores":{"wn":0.5036309523809523}},{"fenStr":"r2qnrk1/pp1b2bp/n2p2p1/3Pp3/P3P3/2NNBBP1/1P3P2/2RQ1RK1","stockfishScores":{"bn":0.5033928571428572}},{"fenStr":"r2qnrk1/pp1b3p/n2p1bp1/3Pp3/P3P3/2NNBBP1/1P3P2/2RQ1RK1","stockfishScores":{"wn":0.5101190476190476}},{"fenStr":"r2qnrk1/pp1b3p/n2p1bp1/3Pp3/P3P1B1/2NNB1P1/1P3P2/2RQ1RK1","stockfishScores":{"bn":0.5104761904761905}},{"fenStr":"r2qnrk1/pp1bb2p/n2p2p1/3Pp3/P3P1B1/2NNB1P1/1P3P2/2RQ1RK1","stockfishScores":{"wn":0.5119047619047619}},{"fenStr":"r2qnrk1/pp1bb2p/n2p2p1/3Pp3/P3PPB1/2NNB1P1/1P6/2RQ1RK1","stockfishScores":{"bn":0.5107142857142857}},{"fenStr":"r2q1rk1/pp1bb2p/n2p1np1/3Pp3/P3PPB1/2NNB1P1/1P6/2RQ1RK1","stockfishScores":{"wn":0.5036904761904762}},{"fenStr":"r2q1rk1/pp1bb2p/n2p1np1/3Pp3/P3PP2/2NNBBP1/1P6/2RQ1RK1","stockfishScores":{"bn":0.5064880952380952}},{"fenStr":"r2q1rk1/pp1bb2p/n2p1np1/3P4/P3Pp2/2NNBBP1/1P6/2RQ1RK1","stockfishScores":{"wn":0.49470238095238095}},{"fenStr":"r2q1rk1/pp1bb2p/n2p1np1/3P4/P3PP2/2NNBB2/1P6/2RQ1RK1","stockfishScores":{"bn":0.5079761904761905}},{"fenStr":"r2qbrk1/pp2b2p/n2p1np1/3P4/P3PP2/2NNBB2/1P6/2RQ1RK1","stockfishScores":{"wn":0.5132738095238095}},{"fenStr":"r2qbrk1/pp2b2p/n2p1np1/3PP3/P4P2/2NNBB2/1P6/2RQ1RK1","stockfishScores":{"bn":0.5219047619047619}},{"fenStr":"r2qbrk1/pp1nb2p/n2p2p1/3PP3/P4P2/2NNBB2/1P6/2RQ1RK1","stockfishScores":{"wn":0.5192857142857142}},{"fenStr":"r2qbrk1/pp1nb2p/n2p2p1/3PP3/P4P2/2NNBB2/1PR5/3Q1RK1","stockfishScores":{"bn":0.5185714285714286}},{"fenStr":"r3brk1/pp1nb2p/n2p2p1/q2PP3/P4P2/2NNBB2/1PR5/3Q1RK1","stockfishScores":{"wn":0.5208928571428572}},{"fenStr":"r3brk1/pp1nb2p/n2p2p1/q2PP3/P4PB1/2NNB3/1PR5/3Q1RK1","stockfishScores":{"bn":0.5213095238095238}},{"fenStr":"r3brk1/pp1nb2p/3p2p1/q2PP3/Pn3PB1/2NNB3/1PR5/3Q1RK1","stockfishScores":{"wn":0.5157142857142857}},{"fenStr":"r3brk1/pp1nb2p/3pB1p1/q2PP3/Pn3P2/2NNB3/1PR5/3Q1RK1","stockfishScores":{"bn":0.5116071428571428}},{"fenStr":"r3br1k/pp1nb2p/3pB1p1/q2PP3/Pn3P2/2NNB3/1PR5/3Q1RK1","stockfishScores":{"wn":0.5128571428571429}},{"fenStr":"r3br1k/pp1nb2p/3pB1p1/q2PP3/PN3P2/2N1B3/1PR5/3Q1RK1","stockfishScores":{"bn":0.5364880952380953}},{"fenStr":"r3br1k/pp1nb2p/3pB1p1/3PP3/Pq3P2/2N1B3/1PR5/3Q1RK1","stockfishScores":{"wn":0.5158333333333334}},{"fenStr":"r3br1k/pp1nb2p/3PB1p1/3P4/Pq3P2/2N1B3/1PR5/3Q1RK1","stockfishScores":{"bn":0.518154761904762}},{"fenStr":"r3br1k/pp1n3p/3PBbp1/3P4/Pq3P2/2N1B3/1PR5/3Q1RK1","stockfishScores":{"wn":0.5125595238095239}},{"fenStr":"r3br1k/pp1n3p/3PBbp1/3P4/Pq3P2/2N1B3/1P5R/3Q1RK1","stockfishScores":{"bn":0.5188690476190476}},{"fenStr":"2r1br1k/pp1n3p/3PBbp1/3P4/Pq3P2/2N1B3/1P5R/3Q1RK1","stockfishScores":{"wn":0.519702380952381}},{"fenStr":"2r1br1k/pp1n3p/3PBbp1/3P4/Pq3P2/2N1BR2/1P5R/3Q2K1","stockfishScores":{"bn":0.5176785714285714}},{"fenStr":"2r1br2/pp1n2kp/3PBbp1/3P4/Pq3P2/2N1BR2/1P5R/3Q2K1","stockfishScores":{"wn":0.5208928571428572}},{"fenStr":"2r1br2/pp1n2kp/3PBbp1/3P4/Pq3P2/2N1B1R1/1P5R/3Q2K1","stockfishScores":{"bn":0.5282142857142857}},{"fenStr":"4br2/pp1n2kp/3PBbp1/3P4/Pqr2P2/2N1B1R1/1P5R/3Q2K1","stockfishScores":{"wn":0.5291666666666667}},{"fenStr":"4br2/pp1n2kp/3PBbp1/3P3Q/Pqr2P2/2N1B1R1/1P5R/6K1","stockfishScores":{"bn":0.5930357142857143}},{"fenStr":"4b2r/pp1n2kp/3PBbp1/3P3Q/Pqr2P2/2N1B1R1/1P5R/6K1","stockfishScores":{"wn":0.5576785714285715}},{"fenStr":"4b2r/pp1n2kp/3PBbpQ/3P4/Pqr2P2/2N1B1R1/1P5R/6K1","stockfishScores":{"bn":0.5333928571428571}}],"result":{"ww":true}}