{"fens":[{"fenStr":"rnbqkbnr/pppppppp/8/8/4P3/8/PPPP1PPP/RNBQKBNR","stockfishScores":{"bn":0.5049404761904762}},{"fenStr":"rnbqkbnr/pppppp1p/6p1/8/4P3/8/PPPP1PPP/RNBQKBNR","stockfishScores":{"wn":0.5035714285714286}},{"fenStr":"rnbqkbnr/pppppp1p/6p1/8/3PP3/8/PPP2PPP/RNBQKBNR","stockfishScores":{"bn":0.5094047619047619}},{"fenStr":"rnbqk1nr/ppppppbp/6p1/8/3PP3/8/PPP2PPP/RNBQKBNR","stockfishScores":{"wn":0.5077380952380952}},{"fenStr":"rnbqk1nr/ppppppbp/6p1/8/3PP3/5N2/PPP2PPP/RNBQKB1R","stockfishScores":{"bn":0.5110714285714286}},{"fenStr":"rnbqk1nr/ppp1ppbp/3p2p1/8/3PP3/5N2/PPP2PPP/RNBQKB1R","stockfishScores":{"wn":0.5068452380952381}},{"fenStr":"rnbqk1nr/ppp1ppbp/3p2p1/8/3PP3/2P2N2/PP3PPP/RNBQKB1R","stockfishScores":{"bn":0.5079166666666667}},{"fenStr":"r1bqk1nr/pppnppbp/3p2p1/8/3PP3/2P2N2/PP3PPP/RNBQKB1R","stockfishScores":{"wn":0.5067857142857143}},{"fenStr":"r1bqk1nr/pppnppbp/3p2p1/8/2BPP3/2P2N2/PP3PPP/RNBQK2R","stockfishScores":{"bn":0.5082142857142857}},{"fenStr":"r1bqk1nr/pppn1pbp/3pp1p1/8/2BPP3/2P2N2/PP3PPP/RNBQK2R","stockfishScores":{"wn":0.5069047619047619}},{"fenStr":"r1bqk1nr/pppn1pbp/3pp1p1/8/2BPP3/2P2N2/PP3PPP/RNBQ1RK1","stockfishScores":{"bn":0.5182738095238095}},{"fenStr":"r1bqk1nr/1ppn1pbp/p2pp1p1/8/2BPP3/2P2N2/PP3PPP/RNBQ1RK1","stockfishScores":{"wn":0.5169047619047619}},{"fenStr":"r1bqk1nr/1ppn1pbp/p2pp1p1/8/2BPP3/2P2N2/PP3PPP/RNBQR1K1","stockfishScores":{"bn":0.5164285714285715}},{"fenStr":"r1bqk1nr/2pn1pbp/pp1pp1p1/8/2BPP3/2P2N2/PP3PPP/RNBQR1K1","stockfishScores":{"wn":0.5179166666666667}},{"fenStr":"r1bqk1nr/2pn1pbp/pp1pp1p1/6B1/2BPP3/2P2N2/PP3PPP/RN1QR1K1","stockfishScores":{"bn":0.5216666666666667}},{"fenStr":"r1bqk2r/2pnnpbp/pp1pp1p1/6B1/2BPP3/2P2N2/PP3PPP/RN1QR1K1","stockfishScores":{"wn":0.5177380952380952}},{"fenStr":"r1bqk2r/2pnnpbp/pp1pp1p1/6B1/2BPP3/2P2N2/PP1N1PPP/R2QR1K1","stockfishScores":{"bn":0.521547619047619}},{"fenStr":"r1bqk2r/2pnnpb1/pp1pp1pp/6B1/2BPP3/2P2N2/PP1N1PPP/R2QR1K1","stockfishScores":{"wn":0.5164285714285715}},{"fenStr":"r1bqk2r/2pnnpb1/pp1pp1pp/8/2BPP3/2P1BN2/PP1N1PPP/R2QR1K1","stockfishScores":{"bn":0.5161309523809524}},{"fenStr":"r2qk2r/1bpnnpb1/pp1pp1pp/8/2BPP3/2P1BN2/PP1N1PPP/R2QR1K1","stockfishScores":{"wn":0.5141666666666667}},{"fenStr":"r2qk2r/1bpnnpb1/pp1pp1pp/8/3PP3/2PBBN2/PP1N1PPP/R2QR1K1","stockfishScores":{"bn":0.5161309523809524}},{"fenStr":"r2q1rk1/1bpnnpb1/pp1pp1pp/8/3PP3/2PBBN2/PP1N1PPP/R2QR1K1","stockfishScores":{"wn":0.5075595238095238}},{"fenStr":"r2q1rk1/1bpnnpb1/pp1pp1pp/8/3PP3/2PBBN2/PP1NQPPP/R3R1K1","stockfishScores":{"bn":0.5060714285714286}},{"fenStr":"rq3rk1/1bpnnpb1/pp1pp1pp/8/3PP3/2PBBN2/PP1NQPPP/R3R1K1","stockfishScores":{"wn":0.5077380952380952}},{"fenStr":"rq3rk1/1bpnnpb1/pp1pp1pp/8/3PP3/2PBBN2/PP1NQPPP/3RR1K1","stockfishScores":{"bn":0.5075595238095238}},{"fenStr":"r4rk1/qbpnnpb1/pp1pp1pp/8/3PP3/2PBBN2/PP1NQPPP/3RR1K1","stockfishScores":{"wn":0.5094642857142857}},{"fenStr":"r4rk1/qbpnnpb1/pp1pp1pp/8/3PP2P/2PBBN2/PP1NQPP1/3RR1K1","stockfishScores":{"bn":0.507797619047619}},{"fenStr":"4rrk1/qbpnnpb1/pp1pp1pp/8/3PP2P/2PBBN2/PP1NQPP1/3RR1K1","stockfishScores":{"wn":0.5079166666666667}},{"fenStr":"4rrk1/qbpnnpb1/pp1pp1pp/4P3/3P3P/2PBBN2/PP1NQPP1/3RR1K1","stockfishScores":{"bn":0.5069047619047619}},{"fenStr":"4rrk1/qbpnnpb1/pp2p1pp/4p3/3P3P/2PBBN2/PP1NQPP1/3RR1K1","stockfishScores":{"wn":0.4951785714285714}},{"fenStr":"4rrk1/qbpnnpb1/pp2p1pp/4P3/7P/2PBBN2/PP1NQPP1/3RR1K1","stockfishScores":{"bn":0.5047619047619047}},{"fenStr":"q3rrk1/1bpnnpb1/pp2p1pp/4P3/7P/2PBBN2/PP1NQPP1/3RR1K1","stockfishScores":{"wn":0.5043452380952381}},{"fenStr":"q3rrk1/1bpnnpb1/pp2p1pp/4P3/5B1P/2PB1N2/PP1NQPP1/3RR1K1","stockfishScores":{"bn":0.5045238095238095}},{"fenStr":"q3rrk1/1bp1npb1/pp2p1pp/2n1P3/5B1P/2PB1N2/PP1NQPP1/3RR1K1","stockfishScores":{"wn":0.502797619047619}},{"fenStr":"q3rrk1/1bp1npb1/pp2p1pp/2n1P3/5B1P/2P2N2/PPBNQPP1/3RR1K1","stockfishScores":{"bn":0.5048214285714285}},{"fenStr":"q2r1rk1/1bp1npb1/pp2p1pp/2n1P3/5B1P/2P2N2/PPBNQPP1/3RR1K1","stockfishScores":{"wn":0.5040476190476191}},{"fenStr":"q2r1rk1/1bp1npb1/pp2p1pp/2n1P3/7P/2P1BN2/PPBNQPP1/3RR1K1","stockfishScores":{"bn":0.5038690476190476}},{"fenStr":"q2r1rk1/1bpnnpb1/pp2p1pp/4P3/7P/2P1BN2/PPBNQPP1/3RR1K1","stockfishScores":{"wn":0.5036309523809523}},{"fenStr":"q2r1rk1/1bpnnpb1/pp2p1pp/4P3/5B1P/2P2N2/PPBNQPP1/3RR1K1","stockfishScores":{"bn":0.5039880952380953}},{"fenStr":"q2r1rk1/1bp1npb1/pp2p1pp/2n1P3/5B1P/2P2N2/PPBNQPP1/3RR1K1","stockfishScores":{"wn":0.5040476190476191}},{"fenStr":"q2r1rk1/1bp1npb1/pp2p1pp/2n1P3/7P/2P1BN2/PPBNQPP1/3RR1K1","stockfishScores":{"bn":0.5038690476190476}},{"fenStr":"q2r1rk1/1bpnnpb1/pp2p1pp/4P3/7P/2P1BN2/PPBNQPP1/3RR1K1","stockfishScores":{"wn":0.5036309523809523}},{"fenStr":"q2r1rk1/1bpnnpb1/pp2p1pp/4P2P/8/2P1BN2/PPBNQPP1/3RR1K1","stockfishScores":{"bn":0.5008333333333334}},{"fenStr":"q2r1rk1/1bpnnpb1/pp2p2p/4P1pP/8/2P1BN2/PPBNQPP1/3RR1K1","stockfishScores":{"wn":0.5039285714285714}},{"fenStr":"q2r1rk1/1bpnnpb1/pp2p2p/4P1NP/8/2P1B3/PPBNQPP1/3RR1K1","stockfishScores":{"bn":0.5186309523809524}},{"fenStr":"q2r1rk1/1bp1npb1/pp2p2p/4n1NP/8/2P1B3/PPBNQPP1/3RR1K1","stockfishScores":{"wn":0.5051785714285715}},{"fenStr":"q2r1rk1/1bp1npb1/pp2p2p/4n1NP/5B2/2P5/PPBNQPP1/3RR1K1","stockfishScores":{"bn":0.5125}},{"fenStr":"q2r1rk1/1bpnnpb1/pp2p2p/6NP/5B2/2P5/PPBNQPP1/3RR1K1","stockfishScores":{"wn":0.5119642857142858}},{"fenStr":"q2r1rk1/1bpnnpb1/pp2N2p/7P/5B2/2P5/PPBNQPP1/3RR1K1","stockfishScores":{"bn":0.5375595238095238}},{"fenStr":"q2r1rk1/1bpnn1b1/pp2p2p/7P/5B2/2P5/PPBNQPP1/3RR1K1","stockfishScores":{"wn":0.5058928571428571}},{"fenStr":"q2r1rk1/1bpnn1b1/pp2Q2p/7P/5B2/2P5/PPBN1PP1/3RR1K1","stockfishScores":{"bn":0.5028571428571429}},{"fenStr":"q2r1r1k/1bpnn1b1/pp2Q2p/7P/5B2/2P5/PPBN1PP1/3RR1K1","stockfishScores":{"wn":0.501547619047619}},{"fenStr":"q2r1r1k/1bpnn1b1/pp2Q2B/7P/8/2P5/PPBN1PP1/3RR1K1","stockfishScores":{"bn":0.5144047619047619}},{"fenStr":"q2rr2k/1bpnn1b1/pp2Q2B/7P/8/2P5/PPBN1PP1/3RR1K1","stockfishScores":{"wn":0.5232142857142857}},{"fenStr":"q2rr2k/1bpnn1B1/pp2Q3/7P/8/2P5/PPBN1PP1/3RR1K1","stockfishScores":{"bn":0.5707142857142857}},{"fenStr":"q2rr3/1bpnn1k1/pp2Q3/7P/8/2P5/PPBN1PP1/3RR1K1","stockfishScores":{"wn":0.5448809523809524}},{"fenStr":"q2rr3/1bpnn1k1/pp2Q2P/8/8/2P5/PPBN1PP1/3RR1K1","stockfishScores":{"bn":0.55}},{"fenStr":"q2rrk2/1bpnn3/pp2Q2P/8/8/2P5/PPBN1PP1/3RR1K1","stockfishScores":{"wn":0.5298809523809523}},{"fenStr":"q2rrk2/1bpnn3/pp5P/8/6Q1/2P5/PPBN1PP1/3RR1K1","stockfishScores":{"bn":0.5419642857142857}},{"fenStr":"q2rrk2/1bp1n3/pp3n1P/8/6Q1/2P5/PPBN1PP1/3RR1K1","stockfishScores":{"wn":0.52625}},{"fenStr":"q2rrk2/1bp1n1Q1/pp3n1P/8/8/2P5/PPBN1PP1/3RR1K1","stockfishScores":{"bn":0.5451190476190476}}],"result":{"ww":true}}