{"fens":[{"fenStr":"rnbqkbnr/pppppppp/8/8/3P4/8/PPP1PPPP/RNBQKBNR","stockfishScores":{"bn":0.5048809523809524}},{"fenStr":"rnbqkbnr/ppp1pppp/8/3p4/3P4/8/PPP1PPPP/RNBQKBNR","stockfishScores":{"wn":0.5005952380952381}},{"fenStr":"rnbqkbnr/ppp1pppp/8/3p4/3P4/5N2/PPP1PPPP/RNBQKB1R","stockfishScores":{"bn":0.5038690476190476}},{"fenStr":"rnbqkb1r/ppp1pppp/5n2/3p4/3P4/5N2/PPP1PPPP/RNBQKB1R","stockfishScores":{"wn":0.5005952380952381}},{"fenStr":"rnbqkb1r/ppp1pppp/5n2/3p4/2PP4/5N2/PP2PPPP/RNBQKB1R","stockfishScores":{"bn":0.5007142857142857}},{"fenStr":"rnbqkb1r/pp2pppp/2p2n2/3p4/2PP4/5N2/PP2PPPP/RNBQKB1R","stockfishScores":{"wn":0.49964285714285717}},{"fenStr":"rnbqkb1r/pp2pppp/2p2n2/3P4/3P4/5N2/PP2PPPP/RNBQKB1R","stockfishScores":{"bn":0.5045833333333334}},{"fenStr":"rnbqkb1r/pp2pppp/5n2/3p4/3P4/5N2/PP2PPPP/RNBQKB1R","stockfishScores":{"wn":0.5005952380952381}},{"fenStr":"rnbqkb1r/pp2pppp/5n2/3p4/3P4/2N2N2/PP2PPPP/R1BQKB1R","stockfishScores":{"bn":0.5025595238095238}},{"fenStr":"r1bqkb1r/pp2pppp/2n2n2/3p4/3P4/2N2N2/PP2PPPP/R1BQKB1R","stockfishScores":{"wn":0.5005952380952381}},{"fenStr":"r1bqkb1r/pp2pppp/2n2n2/3p4/3P1B2/2N2N2/PP2PPPP/R2QKB1R","stockfishScores":{"bn":0.5010119047619047}},{"fenStr":"r1bqkb1r/pp3ppp/2n1pn2/3p4/3P1B2/2N2N2/PP2PPPP/R2QKB1R","stockfishScores":{"wn":0.4995833333333333}},{"fenStr":"r1bqkb1r/pp3ppp/2n1pn2/3p4/3P1B2/2N1PN2/PP3PPP/R2QKB1R","stockfishScores":{"bn":0.5027380952380952}},{"fenStr":"r1bqk2r/pp3ppp/2nbpn2/3p4/3P1B2/2N1PN2/PP3PPP/R2QKB1R","stockfishScores":{"wn":0.5020238095238095}},{"fenStr":"r1bqk2r/pp3ppp/2nbpn2/3p4/3P1B2/2NBPN2/PP3PPP/R2QK2R","stockfishScores":{"bn":0.5023214285714286}},{"fenStr":"r1bq1rk1/pp3ppp/2nbpn2/3p4/3P1B2/2NBPN2/PP3PPP/R2QK2R","stockfishScores":{"wn":0.49291666666666667}},{"fenStr":"r1bq1rk1/pp3ppp/2nbpn2/3p4/3P1B2/2NBPN2/PP3PPP/R2Q1RK1","stockfishScores":{"bn":0.5041071428571429}},{"fenStr":"r1bq1rk1/pp3pp1/2nbpn1p/3p4/3P1B2/2NBPN2/PP3PPP/R2Q1RK1","stockfishScores":{"wn":0.5020238095238095}},{"fenStr":"r1bq1rk1/pp3pp1/2nbpn1p/3p4/3P1B2/2NBPN2/PP3PPP/R2QR1K1","stockfishScores":{"bn":0.5011904761904762}},{"fenStr":"r1bqr1k1/pp3pp1/2nbpn1p/3p4/3P1B2/2NBPN2/PP3PPP/R2QR1K1","stockfishScores":{"wn":0.5022023809523809}},{"fenStr":"r1bqr1k1/pp3pp1/2nbpn1p/3pN3/3P1B2/2NBP3/PP3PPP/R2QR1K1","stockfishScores":{"bn":0.5104761904761905}},{"fenStr":"r1bqr1k1/1p3pp1/p1nbpn1p/3pN3/3P1B2/2NBP3/PP3PPP/R2QR1K1","stockfishScores":{"wn":0.5103571428571428}},{"fenStr":"r1bqr1k1/1p3pp1/p1nbpn1p/3pN3/3P1B2/2NBP3/PP3PPP/2RQR1K1","stockfishScores":{"bn":0.51125}},{"fenStr":"r1bqr1k1/1p3pp1/p2bpn1p/n2pN3/3P1B2/2NBP3/PP3PPP/2RQR1K1","stockfishScores":{"wn":0.5132142857142857}},{"fenStr":"r1bqr1k1/1p3pp1/p2bpn1p/n2pN3/3P1B2/2N1P3/PP3PPP/1BRQR1K1","stockfishScores":{"bn":0.5092857142857143}},{"fenStr":"r1bqr1k1/5pp1/p2bpn1p/np1pN3/3P1B2/2N1P3/PP3PPP/1BRQR1K1","stockfishScores":{"wn":0.5089880952380952}},{"fenStr":"r1bqr1k1/5pp1/p2bpn1p/np1pN3/3P1B2/2NQP3/PP3PPP/1BR1R1K1","stockfishScores":{"bn":0.5123214285714286}},{"fenStr":"r1bqr1k1/5pp1/p2bpn1p/1p1pN3/2nP1B2/2NQP3/PP3PPP/1BR1R1K1","stockfishScores":{"wn":0.5111309523809524}},{"fenStr":"r1bqr1k1/5pp1/p2bpn1p/1p1pN3/2nPPB2/2NQ4/PP3PPP/1BR1R1K1","stockfishScores":{"bn":0.5008333333333334}},{"fenStr":"r1bqr1k1/5pp1/p2bpn1p/3pN3/1pnPPB2/2NQ4/PP3PPP/1BR1R1K1","stockfishScores":{"wn":0.4993452380952381}},{"fenStr":"r1bqr1k1/5pp1/p2bpn1p/3PN3/1pnP1B2/2NQ4/PP3PPP/1BR1R1K1","stockfishScores":{"bn":0.5189880952380952}},{"fenStr":"r1bqr1k1/5pp1/p2bpn1p/3PN3/1p1P1B2/2NQ4/Pn3PPP/1BR1R1K1","stockfishScores":{"wn":0.5098809523809524}},{"fenStr":"r1bqr1k1/5pp1/p2bpn1p/3PN3/1p1P1B2/2N5/PnQ2PPP/1BR1R1K1","stockfishScores":{"bn":0.5129761904761905}},{"fenStr":"r1bqr1k1/5pp1/p2bpn1p/3PN3/3P1B2/2p5/PnQ2PPP/1BR1R1K1","stockfishScores":{"wn":0.485}},{"fenStr":"r1bqr1k1/5pp1/p2bpn1p/3PN3/3P1B2/2Q5/Pn3PPP/1BR1R1K1","stockfishScores":{"bn":0.49404761904761907}},{"fenStr":"r1bqr1k1/5pp1/p2bp2p/3nN3/3P1B2/2Q5/Pn3PPP/1BR1R1K1","stockfishScores":{"wn":0.4816666666666667}},{"fenStr":"r1bqr1k1/5pp1/p2bp2p/3nN3/3P1B2/8/PnQ2PPP/1BR1R1K1","stockfishScores":{"bn":0.5205952380952381}},{"fenStr":"r1bqr1k1/5pp1/p2bp2p/4N3/3P1n2/8/PnQ2PPP/1BR1R1K1","stockfishScores":{"wn":0.44529761904761905}},{"fenStr":"r1bqr1k1/5ppQ/p2bp2p/4N3/3P1n2/8/Pn3PPP/1BR1R1K1","stockfishScores":{"bn":0.44476190476190475}},{"fenStr":"r1bqrk2/5ppQ/p2bp2p/4N3/3P1n2/8/Pn3PPP/1BR1R1K1","stockfishScores":{"wn":0.44494047619047616}},{"fenStr":"r1bqrk2/5ppQ/p1Nbp2p/8/3P1n2/8/Pn3PPP/1BR1R1K1","stockfishScores":{"bn":0.44434523809523807}},{"fenStr":"r1bqrk2/6pQ/p1Nbp2p/5p2/3P1n2/8/Pn3PPP/1BR1R1K1","stockfishScores":{"wn":0.4451785714285714}},{"fenStr":"r1bqrk1Q/6p1/p1Nbp2p/5p2/3P1n2/8/Pn3PPP/1BR1R1K1","stockfishScores":{"bn":0.4448809523809524}},{"fenStr":"r1bqr2Q/5kp1/p1Nbp2p/5p2/3P1n2/8/Pn3PPP/1BR1R1K1","stockfishScores":{"wn":0.4444642857142857}},{"fenStr":"r1bNr2Q/5kp1/p2bp2p/5p2/3P1n2/8/Pn3PPP/1BR1R1K1","stockfishScores":{"bn":0.5274404761904762}},{"fenStr":"r1bNr2Q/4k1p1/p2bp2p/5p2/3P1n2/8/Pn3PPP/1BR1R1K1","stockfishScores":{"wn":0.5741666666666667}},{"fenStr":"r1bNr3/4k1Q1/p2bp2p/5p2/3P1n2/8/Pn3PPP/1BR1R1K1","stockfishScores":{"bn":0.5929166666666666}},{"fenStr":"r1bkr3/6Q1/p2bp2p/5p2/3P1n2/8/Pn3PPP/1BR1R1K1","stockfishScores":{"wn":0.5351785714285714}},{"fenStr":"r1bkr3/6Q1/p1Rbp2p/5p2/3P1n2/8/Pn3PPP/1B2R1K1","stockfishScores":{"bn":0.5547619047619048}},{"fenStr":"rbbkr3/6Q1/p1R1p2p/5p2/3P1n2/8/Pn3PPP/1B2R1K1","stockfishScores":{"wn":0.5449404761904761}},{"fenStr":"rbbkr3/6Q1/p1R1p2p/3P1p2/5n2/8/Pn3PPP/1B2R1K1","stockfishScores":{"bn":0.5525595238095238}},{"fenStr":"rb1kr3/3b2Q1/p1R1p2p/3P1p2/5n2/8/Pn3PPP/1B2R1K1","stockfishScores":{"wn":0.539702380952381}},{"fenStr":"rb1kr3/3b4/p1R1p2p/3P1p2/5n2/8/PQ3PPP/1B2R1K1","stockfishScores":{"bn":0.5503571428571429}},{"fenStr":"rb1kr3/8/p1b1p2p/3P1p2/5n2/8/PQ3PPP/1B2R1K1","stockfishScores":{"wn":0.5042261904761904}},{"fenStr":"rb1kr3/8/pQb1p2p/3P1p2/5n2/8/P4PPP/1B2R1K1","stockfishScores":{"bn":0.4961904761904762}},{"fenStr":"r2kr3/2b5/pQb1p2p/3P1p2/5n2/8/P4PPP/1B2R1K1","stockfishScores":{"wn":0.49857142857142855}},{"fenStr":"r2kr3/2b5/p1Q1p2p/3P1p2/5n2/8/P4PPP/1B2R1K1","stockfishScores":{"bn":0.5385714285714286}},{"fenStr":"2rkr3/2b5/p1Q1p2p/3P1p2/5n2/8/P4PPP/1B2R1K1","stockfishScores":{"wn":0.5260119047619047}},{"fenStr":"2rkr3/2b5/p1Q1P2p/5p2/5n2/8/P4PPP/1B2R1K1","stockfishScores":{"bn":0.5533928571428571}},{"fenStr":"2rkr3/2b5/p1Q1n2p/5p2/8/8/P4PPP/1B2R1K1","stockfishScores":{"wn":0.5433928571428571}},{"fenStr":"2rkr3/2b5/p3n2p/3Q1p2/8/8/P4PPP/1B2R1K1","stockfishScores":{"bn":0.525}},{"fenStr":"2rkr3/8/p2bn2p/3Q1p2/8/8/P4PPP/1B2R1K1","stockfishScores":{"wn":0.532797619047619}},{"fenStr":"2rkr3/8/p2Qn2p/5p2/8/8/P4PPP/1B2R1K1","stockfishScores":{"bn":0.5467261904761904}}],"result":{"ww":true}}