{"fens":[{"fenStr":"rnbqkbnr/pppppppp/8/8/3P4/8/PPP1PPPP/RNBQKBNR","stockfishScores":{"bn":0.5048809523809524}},{"fenStr":"rnbqkbnr/ppp1pppp/8/3p4/3P4/8/PPP1PPPP/RNBQKBNR","stockfishScores":{"wn":0.5005952380952381}},{"fenStr":"rnbqkbnr/ppp1pppp/8/3p4/2PP4/8/PP2PPPP/RNBQKBNR","stockfishScores":{"bn":0.5009523809523809}},{"fenStr":"rnbqkbnr/ppp2ppp/8/3pp3/2PP4/8/PP2PPPP/RNBQKBNR","stockfishScores":{"wn":0.49714285714285716}},{"fenStr":"rnbqkbnr/ppp2ppp/8/3pP3/2P5/8/PP2PPPP/RNBQKBNR","stockfishScores":{"bn":0.5094642857142857}},{"fenStr":"rnbqkbnr/ppp2ppp/8/4P3/2Pp4/8/PP2PPPP/RNBQKBNR","stockfishScores":{"wn":0.5082142857142857}},{"fenStr":"rnbqkbnr/ppp2ppp/8/4P3/2Pp4/5N2/PP2PPPP/RNBQKB1R","stockfishScores":{"bn":0.5143452380952381}},{"fenStr":"r1bqkbnr/ppp2ppp/2n5/4P3/2Pp4/5N2/PP2PPPP/RNBQKB1R","stockfishScores":{"wn":0.507797619047619}},{"fenStr":"r1bqkbnr/ppp2ppp/2n5/4P3/2Pp4/5NP1/PP2PP1P/RNBQKB1R","stockfishScores":{"bn":0.5091071428571429}},{"fenStr":"r1bqkb1r/ppp1nppp/2n5/4P3/2Pp4/5NP1/PP2PP1P/RNBQKB1R","stockfishScores":{"wn":0.5060714285714286}},{"fenStr":"r1bqkb1r/ppp1nppp/2n5/4P3/2Pp4/5NP1/PP2PPBP/RNBQK2R","stockfishScores":{"bn":0.5072023809523809}},{"fenStr":"r1bqkb1r/ppp2ppp/2n3n1/4P3/2Pp4/5NP1/PP2PPBP/RNBQK2R","stockfishScores":{"wn":0.508095238095238}},{"fenStr":"r1bqkb1r/ppp2ppp/2n3n1/4P1B1/2Pp4/5NP1/PP2PPBP/RN1QK2R","stockfishScores":{"bn":0.5086309523809524}},{"fenStr":"r1b1kb1r/pppq1ppp/2n3n1/4P1B1/2Pp4/5NP1/PP2PPBP/RN1QK2R","stockfishScores":{"wn":0.5066071428571428}},{"fenStr":"r1b1kb1r/pppq1ppp/2n3n1/4P1B1/2Pp4/5NP1/PP2PPBP/RN1Q1RK1","stockfishScores":{"bn":0.5173214285714286}},{"fenStr":"r1b1kb1r/pppq1pp1/2n3np/4P1B1/2Pp4/5NP1/PP2PPBP/RN1Q1RK1","stockfishScores":{"wn":0.5126190476190476}},{"fenStr":"r1b1kb1r/pppq1pp1/2n3np/4P3/2Pp4/5NP1/PP1BPPBP/RN1Q1RK1","stockfishScores":{"bn":0.5140476190476191}},{"fenStr":"r1b1k2r/pppq1pp1/2n3np/2b1P3/2Pp4/5NP1/PP1BPPBP/RN1Q1RK1","stockfishScores":{"wn":0.514702380952381}},{"fenStr":"r1b1k2r/pppq1pp1/2n3np/2b1P3/2Pp4/1Q3NP1/PP1BPPBP/RN3RK1","stockfishScores":{"bn":0.511547619047619}},{"fenStr":"r1b2rk1/pppq1pp1/2n3np/2b1P3/2Pp4/1Q3NP1/PP1BPPBP/RN3RK1","stockfishScores":{"wn":0.5016071428571428}},{"fenStr":"r1b2rk1/pppq1pp1/2n3np/2b1P3/2Pp4/1Q2PNP1/PP1B1PBP/RN3RK1","stockfishScores":{"bn":0.5005952380952381}},{"fenStr":"r1b2rk1/pppq1pp1/2n3np/2b1P3/2P5/1Q2pNP1/PP1B1PBP/RN3RK1","stockfishScores":{"wn":0.4795238095238095}},{"fenStr":"r1b2rk1/pppq1pp1/2n3np/2b1P3/2P5/1Q2BNP1/PP3PBP/RN3RK1","stockfishScores":{"bn":0.5052380952380953}},{"fenStr":"r1b2rk1/pppq1pp1/6np/n1b1P3/2P5/1Q2BNP1/PP3PBP/RN3RK1","stockfishScores":{"wn":0.5088690476190476}},{"fenStr":"r1b2rk1/pppq1pp1/6np/n1b1P3/2P5/2Q1BNP1/PP3PBP/RN3RK1","stockfishScores":{"bn":0.5126785714285714}},{"fenStr":"r1b2rk1/pppq1pp1/6np/n3P3/2P5/2Q1bNP1/PP3PBP/RN3RK1","stockfishScores":{"wn":0.4838095238095238}},{"fenStr":"r1b2rk1/pppq1pp1/6np/Q3P3/2P5/4bNP1/PP3PBP/RN3RK1","stockfishScores":{"bn":0.4992261904761905}},{"fenStr":"r1b2rk1/pppq1pp1/1b4np/Q3P3/2P5/5NP1/PP3PBP/RN3RK1","stockfishScores":{"wn":0.4955357142857143}},{"fenStr":"r1b2rk1/pppq1pp1/1b4np/4P3/2P5/2Q2NP1/PP3PBP/RN3RK1","stockfishScores":{"bn":0.4992857142857143}},{"fenStr":"r1b2rk1/ppp1qpp1/1b4np/4P3/2P5/2Q2NP1/PP3PBP/RN3RK1","stockfishScores":{"wn":0.5022023809523809}},{"fenStr":"r1b2rk1/ppp1qpp1/1b4np/4P3/2P5/2Q2NP1/PP1N1PBP/R4RK1","stockfishScores":{"bn":0.5057142857142857}},{"fenStr":"r4rk1/ppp1qpp1/1b4np/4Pb2/2P5/2Q2NP1/PP1N1PBP/R4RK1","stockfishScores":{"wn":0.5047619047619047}},{"fenStr":"r4rk1/ppp1qpp1/1b4np/4Pb2/2P5/1NQ2NP1/PP3PBP/R4RK1","stockfishScores":{"bn":0.5041666666666667}},{"fenStr":"r4rk1/pp2qpp1/1bp3np/4Pb2/2P5/1NQ2NP1/PP3PBP/R4RK1","stockfishScores":{"wn":0.5033928571428572}},{"fenStr":"r4rk1/pp2qpp1/1bp3np/4Pb2/2P5/1NQ2NP1/PP3PBP/R3R1K1","stockfishScores":{"bn":0.5051785714285715}},{"fenStr":"r4rk1/1p2qpp1/1bp3np/p3Pb2/2P5/1NQ2NP1/PP3PBP/R3R1K1","stockfishScores":{"wn":0.5020833333333333}},{"fenStr":"r4rk1/1p2qpp1/1bp3np/p1P1Pb2/8/1NQ2NP1/PP3PBP/R3R1K1","stockfishScores":{"bn":0.509702380952381}},{"fenStr":"r4rk1/1pb1qpp1/2p3np/p1P1Pb2/8/1NQ2NP1/PP3PBP/R3R1K1","stockfishScores":{"wn":0.503095238095238}},{"fenStr":"r4rk1/1pb1qpp1/2p3np/p1P1Pb2/3N4/1NQ3P1/PP3PBP/R3R1K1","stockfishScores":{"bn":0.5083928571428571}},{"fenStr":"r4rk1/1pb1qpp1/2p3np/p1P1P3/3N2b1/1NQ3P1/PP3PBP/R3R1K1","stockfishScores":{"wn":0.5057738095238096}},{"fenStr":"r4rk1/1pb1qpp1/2p3np/p1P1P3/3N2b1/1NQ3PP/PP3PB1/R3R1K1","stockfishScores":{"bn":0.5105952380952381}},{"fenStr":"r1b2rk1/1pb1qpp1/2p3np/p1P1P3/3N4/1NQ3PP/PP3PB1/R3R1K1","stockfishScores":{"wn":0.5073809523809524}},{"fenStr":"r1b2rk1/1pb1qpp1/2p3np/p1P1P3/P2N4/1NQ3PP/1P3PB1/R3R1K1","stockfishScores":{"bn":0.5095833333333334}},{"fenStr":"r1b2rk1/1p2qpp1/2p3np/p1P1b3/P2N4/1NQ3PP/1P3PB1/R3R1K1","stockfishScores":{"wn":0.5004166666666666}},{"fenStr":"r1b2rk1/1p2qpp1/2p3np/p1P1b3/P2N1P2/1NQ3PP/1P4B1/R3R1K1","stockfishScores":{"bn":0.5098214285714285}},{"fenStr":"r1b2rk1/1p2qpp1/2p3np/p1P5/P2b1P2/1NQ3PP/1P4B1/R3R1K1","stockfishScores":{"wn":0.47875}},{"fenStr":"r1b2rk1/1p2qpp1/2p3np/p1P5/P2N1P2/2Q3PP/1P4B1/R3R1K1","stockfishScores":{"bn":0.5151785714285714}},{"fenStr":"r1b2rk1/1p3pp1/2p2qnp/p1P5/P2N1P2/2Q3PP/1P4B1/R3R1K1","stockfishScores":{"wn":0.5079761904761905}},{"fenStr":"r1b2rk1/1p3pp1/2p2qnp/p1P2P2/P2N4/2Q3PP/1P4B1/R3R1K1","stockfishScores":{"bn":0.5099404761904762}},{"fenStr":"r1b2rk1/1p2npp1/2p2q1p/p1P2P2/P2N4/2Q3PP/1P4B1/R3R1K1","stockfishScores":{"wn":0.507797619047619}},{"fenStr":"r1b2rk1/1p2npp1/2p2q1p/p1P2P2/P2N2P1/2Q4P/1P4B1/R3R1K1","stockfishScores":{"bn":0.508095238095238}},{"fenStr":"r1br2k1/1p2npp1/2p2q1p/p1P2P2/P2N2P1/2Q4P/1P4B1/R3R1K1","stockfishScores":{"wn":0.502797619047619}},{"fenStr":"r1br2k1/1p2npp1/2p2q1p/pNP2P2/P5P1/2Q4P/1P4B1/R3R1K1","stockfishScores":{"bn":0.5008333333333334}},{"fenStr":"r1br2k1/1p2npp1/2p4p/pNP2P2/P5P1/2q4P/1P4B1/R3R1K1","stockfishScores":{"wn":0.4236904761904762}},{"fenStr":"r1br2k1/1p2npp1/2p4p/p1P2P2/P5P1/2N4P/1P4B1/R3R1K1","stockfishScores":{"bn":0.5057142857142857}},{"fenStr":"r1br1k2/1p2npp1/2p4p/p1P2P2/P5P1/2N4P/1P4B1/R3R1K1","stockfishScores":{"wn":0.5059523809523809}},{"fenStr":"r1br1k2/1p2npp1/2p4p/p1P2P2/P5P1/2N1R2P/1P4B1/R5K1","stockfishScores":{"bn":0.5045833333333334}},{"fenStr":"1rbr1k2/1p2npp1/2p4p/p1P2P2/P5P1/2N1R2P/1P4B1/R5K1","stockfishScores":{"wn":0.5063690476190477}},{"fenStr":"1rbr1k2/1p2npp1/2p4p/p1P2P2/P5P1/2N1R2P/1P4B1/4R1K1","stockfishScores":{"bn":0.5088690476190476}},{"fenStr":"1rbr1kn1/1p3pp1/2p4p/p1P2P2/P5P1/2N1R2P/1P4B1/4R1K1","stockfishScores":{"wn":0.5107738095238096}},{"fenStr":"1rbr1kn1/1p3pp1/2p4p/p1P2P2/P3N1P1/4R2P/1P4B1/4R1K1","stockfishScores":{"bn":0.5098809523809524}},{"fenStr":"1rbr1kn1/5pp1/2p4p/ppP2P2/P3N1P1/4R2P/1P4B1/4R1K1","stockfishScores":{"wn":0.5079166666666667}},{"fenStr":"1rbr1kn1/5pp1/2p4p/pPP2P2/4N1P1/4R2P/1P4B1/4R1K1","stockfishScores":{"bn":0.5206547619047619}},{"fenStr":"1rbr1kn1/5pp1/7p/ppP2P2/4N1P1/4R2P/1P4B1/4R1K1","stockfishScores":{"wn":0.5121428571428571}},{"fenStr":"1rbr1kn1/5pp1/3N3p/ppP2P2/6P1/4R2P/1P4B1/4R1K1","stockfishScores":{"bn":0.5222023809523809}},{"fenStr":"1r1r1kn1/5pp1/b2N3p/ppP2P2/6P1/4R2P/1P4B1/4R1K1","stockfishScores":{"wn":0.5192857142857142}},{"fenStr":"1r1r1kn1/5pp1/b2N3p/ppP2P2/1P4P1/4R2P/6B1/4R1K1","stockfishScores":{"bn":0.5179166666666667}},{"fenStr":"1r1r1kn1/5pp1/b2N3p/1pP2P2/pP4P1/4R2P/6B1/4R1K1","stockfishScores":{"wn":0.5182142857142857}},{"fenStr":"1r1r1kn1/5pp1/b2N3p/1pP2P2/pP4PP/4R3/6B1/4R1K1","stockfishScores":{"bn":0.5173809523809524}},{"fenStr":"1r1r1k2/5pp1/b2N1n1p/1pP2P2/pP4PP/4R3/6B1/4R1K1","stockfishScores":{"wn":0.5139880952380952}},{"fenStr":"1r1r1k2/4Rpp1/b2N1n1p/1pP2P2/pP4PP/8/6B1/4R1K1","stockfishScores":{"bn":0.517797619047619}},{"fenStr":"1r1rnk2/4Rpp1/b2N3p/1pP2P2/pP4PP/8/6B1/4R1K1","stockfishScores":{"wn":0.525952380952381}},{"fenStr":"1r1rnk2/5Rp1/b2N3p/1pP2P2/pP4PP/8/6B1/4R1K1","stockfishScores":{"bn":0.5283928571428571}},{"fenStr":"1r1rn1k1/5Rp1/b2N3p/1pP2P2/pP4PP/8/6B1/4R1K1","stockfishScores":{"wn":0.5235119047619048}},{"fenStr":"1r1rn1k1/4RRp1/b2N3p/1pP2P2/pP4PP/8/6B1/6K1","stockfishScores":{"bn":0.5273809523809524}},{"fenStr":"1r1r2k1/4RRp1/b2n3p/1pP2P2/pP4PP/8/6B1/6K1","stockfishScores":{"wn":0.48779761904761904}},{"fenStr":"1r1r2k1/4R1R1/b2n3p/1pP2P2/pP4PP/8/6B1/6K1","stockfishScores":{"bn":0.5033333333333333}},{"fenStr":"1r1r1k2/4R1R1/b2n3p/1pP2P2/pP4PP/8/6B1/6K1","stockfishScores":{"wn":0.5073214285714286}},{"fenStr":"1r1r1k2/4R1R1/b2n3p/1pPB1P2/pP4PP/8/8/6K1","stockfishScores":{"bn":0.5173809523809524}},{"fenStr":"1r1r1k2/1b2R1R1/3n3p/1pPB1P2/pP4PP/8/8/6K1","stockfishScores":{"wn":0.5164285714285715}},{"fenStr":"1r1r1k2/1b2R1R1/3nB2p/1pP2P2/pP4PP/8/8/6K1","stockfishScores":{"bn":0.5111904761904762}},{"fenStr":"1r2rk2/1b2R1R1/3nB2p/1pP2P2/pP4PP/8/8/6K1","stockfishScores":{"wn":0.5079166666666667}},{"fenStr":"1r2rk2/1b2R1R1/3PB2p/1p3P2/pP4PP/8/8/6K1","stockfishScores":{"bn":0.5383333333333333}},{"fenStr":"1r3k2/1b2r1R1/3PB2p/1p3P2/pP4PP/8/8/6K1","stockfishScores":{"wn":0.4830952380952381}},{"fenStr":"1r3kR1/1b2r3/3PB2p/1p3P2/pP4PP/8/8/6K1","stockfishScores":{"bn":0.47678571428571426}}],"result":{"ww":true}}