{"fens":[{"fenStr":"rnbqkbnr/pppppppp/8/8/4P3/8/PPPP1PPP/RNBQKBNR","stockfishScores":{"bn":0.5049404761904762}},{"fenStr":"rnbqkbnr/pppp1ppp/4p3/8/4P3/8/PPPP1PPP/RNBQKBNR","stockfishScores":{"wn":0.5002380952380953}},{"fenStr":"rnbqkbnr/pppp1ppp/4p3/8/3PP3/8/PPP2PPP/RNBQKBNR","stockfishScores":{"bn":0.5058928571428571}},{"fenStr":"rnbqkbnr/ppp2ppp/4p3/3p4/3PP3/8/PPP2PPP/RNBQKBNR","stockfishScores":{"wn":0.5010119047619047}},{"fenStr":"rnbqkbnr/ppp2ppp/4p3/3p4/3PP3/8/PPPN1PPP/R1BQKBNR","stockfishScores":{"bn":0.5027380952380952}},{"fenStr":"rnbqkb1r/ppp2ppp/4pn2/3p4/3PP3/8/PPPN1PPP/R1BQKBNR","stockfishScores":{"wn":0.5017857142857143}},{"fenStr":"rnbqkb1r/ppp2ppp/4pn2/3pP3/3P4/8/PPPN1PPP/R1BQKBNR","stockfishScores":{"bn":0.5069642857142858}},{"fenStr":"rnbqkb1r/pppn1ppp/4p3/3pP3/3P4/8/PPPN1PPP/R1BQKBNR","stockfishScores":{"wn":0.5014285714285714}},{"fenStr":"rnbqkb1r/pppn1ppp/4p3/3pP3/3P4/3B4/PPPN1PPP/R1BQK1NR","stockfishScores":{"bn":0.50125}},{"fenStr":"rnbqkb1r/pp1n1ppp/4p3/2ppP3/3P4/3B4/PPPN1PPP/R1BQK1NR","stockfishScores":{"wn":0.4975595238095238}},{"fenStr":"rnbqkb1r/pp1n1ppp/4p3/2ppP3/3P4/2PB4/PP1N1PPP/R1BQK1NR","stockfishScores":{"bn":0.50125}},{"fenStr":"r1bqkb1r/pp1n1ppp/2n1p3/2ppP3/3P4/2PB4/PP1N1PPP/R1BQK1NR","stockfishScores":{"wn":0.498452380952381}},{"fenStr":"r1bqkb1r/pp1n1ppp/2n1p3/2ppP3/3P4/2PB4/PP1NNPPP/R1BQK2R","stockfishScores":{"bn":0.5010119047619047}},{"fenStr":"r1bqkb1r/pp1n1ppp/2n1p3/3pP3/3p4/2PB4/PP1NNPPP/R1BQK2R","stockfishScores":{"wn":0.49220238095238095}},{"fenStr":"r1bqkb1r/pp1n1ppp/2n1p3/3pP3/3P4/3B4/PP1NNPPP/R1BQK2R","stockfishScores":{"bn":0.5002380952380953}},{"fenStr":"r1bqkb1r/pp1n2pp/2n1pp2/3pP3/3P4/3B4/PP1NNPPP/R1BQK2R","stockfishScores":{"wn":0.503095238095238}},{"fenStr":"r1bqkb1r/pp1n2pp/2n1pP2/3p4/3P4/3B4/PP1NNPPP/R1BQK2R","stockfishScores":{"bn":0.5166666666666667}},{"fenStr":"r1bqkb1r/pp4pp/2n1pn2/3p4/3P4/3B4/PP1NNPPP/R1BQK2R","stockfishScores":{"wn":0.5017261904761905}},{"fenStr":"r1bqkb1r/pp4pp/2n1pn2/3p4/3P4/3B1N2/PP2NPPP/R1BQK2R","stockfishScores":{"bn":0.5033928571428572}},{"fenStr":"r1bqk2r/pp4pp/2nbpn2/3p4/3P4/3B1N2/PP2NPPP/R1BQK2R","stockfishScores":{"wn":0.5025595238095238}},{"fenStr":"r1bqk2r/pp4pp/2nbpn2/3p4/3P4/3B1N2/PP2NPPP/R1BQ1RK1","stockfishScores":{"bn":0.5125595238095239}},{"fenStr":"r1b1k2r/ppq3pp/2nbpn2/3p4/3P4/3B1N2/PP2NPPP/R1BQ1RK1","stockfishScores":{"wn":0.513154761904762}},{"fenStr":"r1b1k2r/ppq3pp/2nbpn2/3p2B1/3P4/3B1N2/PP2NPPP/R2Q1RK1","stockfishScores":{"bn":0.5151785714285714}},{"fenStr":"r1b2rk1/ppq3pp/2nbpn2/3p2B1/3P4/3B1N2/PP2NPPP/R2Q1RK1","stockfishScores":{"wn":0.506547619047619}},{"fenStr":"r1b2rk1/ppq3pp/2nbpn2/3p4/3P3B/3B1N2/PP2NPPP/R2Q1RK1","stockfishScores":{"bn":0.5045238095238095}},{"fenStr":"r1b2rk1/ppq3pp/2nbp3/3p3n/3P3B/3B1N2/PP2NPPP/R2Q1RK1","stockfishScores":{"wn":0.5079166666666667}},{"fenStr":"r1b2rk1/ppq3pp/2nbp3/3p3n/3P3B/3B1N2/PPQ1NPPP/R4RK1","stockfishScores":{"bn":0.5058928571428571}},{"fenStr":"r1b2rk1/ppq3p1/2nbp2p/3p3n/3P3B/3B1N2/PPQ1NPPP/R4RK1","stockfishScores":{"wn":0.5069047619047619}},{"fenStr":"r1b2rk1/ppq3p1/2nbp1Bp/3p3n/3P3B/5N2/PPQ1NPPP/R4RK1","stockfishScores":{"bn":0.5182738095238095}},{"fenStr":"r1b2rk1/ppq3p1/2nbp1Bp/3p4/3P1n1B/5N2/PPQ1NPPP/R4RK1","stockfishScores":{"wn":0.5063095238095238}},{"fenStr":"r1b2rk1/ppq3p1/2nbp1Bp/3p4/3P1N1B/5N2/PPQ2PPP/R4RK1","stockfishScores":{"bn":0.5436904761904762}},{"fenStr":"r1b2rk1/ppq3p1/2n1p1Bp/3p4/3P1b1B/5N2/PPQ2PPP/R4RK1","stockfishScores":{"wn":0.5138095238095238}},{"fenStr":"r1b2rk1/ppq3p1/2n1p1Bp/3p4/3P1b2/5NB1/PPQ2PPP/R4RK1","stockfishScores":{"bn":0.5106547619047619}},{"fenStr":"r1b2rk1/pp4p1/2nqp1Bp/3p4/3P1b2/5NB1/PPQ2PPP/R4RK1","stockfishScores":{"wn":0.5127380952380952}},{"fenStr":"r1b2rk1/pp4p1/2nqp1Bp/3p4/3P1b2/P4NB1/1PQ2PPP/R4RK1","stockfishScores":{"bn":0.5133928571428571}},{"fenStr":"r4rk1/pp1b2p1/2nqp1Bp/3p4/3P1b2/P4NB1/1PQ2PPP/R4RK1","stockfishScores":{"wn":0.5109523809523809}},{"fenStr":"r4rk1/pp1b2p1/2nqp1Bp/3p4/3P1b2/P4NB1/1PQ2PPP/3R1RK1","stockfishScores":{"bn":0.511547619047619}},{"fenStr":"2r2rk1/pp1b2p1/2nqp1Bp/3p4/3P1b2/P4NB1/1PQ2PPP/3R1RK1","stockfishScores":{"wn":0.5074404761904762}},{"fenStr":"2r2rk1/pp1b2p1/2nqp1Bp/3p4/3P1b2/P2Q1NB1/1P3PPP/3R1RK1","stockfishScores":{"bn":0.5088095238095238}},{"fenStr":"2r2rk1/pp1b2p1/2nqp1Bp/3p4/3P4/P2Q1Nb1/1P3PPP/3R1RK1","stockfishScores":{"wn":0.4807142857142857}},{"fenStr":"2r2rk1/pp1b2p1/2nqp1Bp/3p4/3P4/P2Q1NP1/1P3PP1/3R1RK1","stockfishScores":{"bn":0.5067261904761905}},{"fenStr":"2r3k1/pp1b2p1/2nqprBp/3p4/3P4/P2Q1NP1/1P3PP1/3R1RK1","stockfishScores":{"wn":0.5042857142857143}},{"fenStr":"2r3k1/pp1b2p1/2nqprBp/3p4/3P4/P2Q1NP1/1P3PP1/3RR1K1","stockfishScores":{"bn":0.5051785714285715}},{"fenStr":"2r3k1/pp1bn1p1/3qprBp/3p4/3P4/P2Q1NP1/1P3PP1/3RR1K1","stockfishScores":{"wn":0.500297619047619}},{"fenStr":"2r3k1/pp1bn1p1/3qprBp/3pN3/3P4/P2Q2P1/1P3PP1/3RR1K1","stockfishScores":{"bn":0.5088095238095238}},{"fenStr":"2r1b1k1/pp2n1p1/3qprBp/3pN3/3P4/P2Q2P1/1P3PP1/3RR1K1","stockfishScores":{"wn":0.5089880952380952}},{"fenStr":"2r1B1k1/pp2n1p1/3qpr1p/3pN3/3P4/P2Q2P1/1P3PP1/3RR1K1","stockfishScores":{"bn":0.5327380952380952}},{"fenStr":"4r1k1/pp2n1p1/3qpr1p/3pN3/3P4/P2Q2P1/1P3PP1/3RR1K1","stockfishScores":{"wn":0.5076785714285714}},{"fenStr":"4r1k1/pp2n1p1/3qpr1p/1Q1pN3/3P4/P5P1/1P3PP1/3RR1K1","stockfishScores":{"bn":0.5111309523809524}},{"fenStr":"5rk1/pp2n1p1/3qpr1p/1Q1pN3/3P4/P5P1/1P3PP1/3RR1K1","stockfishScores":{"wn":0.5035119047619048}},{"fenStr":"5rk1/pp1Qn1p1/3qpr1p/3pN3/3P4/P5P1/1P3PP1/3RR1K1","stockfishScores":{"bn":0.5047619047619047}},{"fenStr":"3r2k1/pp1Qn1p1/3qpr1p/3pN3/3P4/P5P1/1P3PP1/3RR1K1","stockfishScores":{"wn":0.5083333333333333}},{"fenStr":"3r2k1/pQ2n1p1/3qpr1p/3pN3/3P4/P5P1/1P3PP1/3RR1K1","stockfishScores":{"bn":0.5094047619047619}},{"fenStr":"1r4k1/pQ2n1p1/3qpr1p/3pN3/3P4/P5P1/1P3PP1/3RR1K1","stockfishScores":{"wn":0.5059523809523809}},{"fenStr":"1r4k1/p2Qn1p1/3qpr1p/3pN3/3P4/P5P1/1P3PP1/3RR1K1","stockfishScores":{"bn":0.5110714285714286}},{"fenStr":"6k1/p2Qn1p1/1r1qpr1p/3pN3/3P4/P5P1/1P3PP1/3RR1K1","stockfishScores":{"wn":0.5166666666666667}},{"fenStr":"6k1/p2Qn1p1/1r1qpr1p/3pN3/3P4/P5P1/1P3PP1/2R1R1K1","stockfishScores":{"bn":0.5208333333333334}},{"fenStr":"6k1/p2Qn1p1/1r1qp2p/3pNr2/3P4/P5P1/1P3PP1/2R1R1K1","stockfishScores":{"wn":0.5223214285714286}},{"fenStr":"6k1/p3n1p1/1r1Qp2p/3pNr2/3P4/P5P1/1P3PP1/2R1R1K1","stockfishScores":{"bn":0.5846428571428571}},{"fenStr":"6k1/p3n1p1/3rp2p/3pNr2/3P4/P5P1/1P3PP1/2R1R1K1","stockfishScores":{"wn":0.5141666666666667}},{"fenStr":"6k1/p1R1n1p1/3rp2p/3pNr2/3P4/P5P1/1P3PP1/4R1K1","stockfishScores":{"bn":0.5195238095238095}},{"fenStr":"5k2/p1R1n1p1/3rp2p/3pNr2/3P4/P5P1/1P3PP1/4R1K1","stockfishScores":{"wn":0.5200595238095238}},{"fenStr":"5k2/R3n1p1/3rp2p/3pNr2/3P4/P5P1/1P3PP1/4R1K1","stockfishScores":{"bn":0.5242857142857142}},{"fenStr":"5k2/R3n1p1/3rp2p/3pr3/3P4/P5P1/1P3PP1/4R1K1","stockfishScores":{"wn":0.4967261904761905}},{"fenStr":"5k2/R3n1p1/3rp2p/3pP3/8/P5P1/1P3PP1/4R1K1","stockfishScores":{"bn":0.5333333333333333}},{"fenStr":"3r1k2/R3n1p1/4p2p/3pP3/8/P5P1/1P3PP1/4R1K1","stockfishScores":{"wn":0.5301190476190476}},{"fenStr":"3r1k2/R3n1p1/4p2p/3pP3/8/P5P1/1P3PP1/2R3K1","stockfishScores":{"bn":0.5305952380952381}},{"fenStr":"3r1k2/R5p1/4p1np/3pP3/8/P5P1/1P3PP1/2R3K1","stockfishScores":{"wn":0.5317261904761905}},{"fenStr":"3r1k2/R5p1/4p1np/3pP3/5P2/P5P1/1P4P1/2R3K1","stockfishScores":{"bn":0.5323809523809524}},{"fenStr":"3r1k2/R5p1/4p1n1/3pP2p/5P2/P5P1/1P4P1/2R3K1","stockfishScores":{"wn":0.5327380952380952}},{"fenStr":"3r1k2/R1R3p1/4p1n1/3pP2p/5P2/P5P1/1P4P1/6K1","stockfishScores":{"bn":0.5348809523809523}},{"fenStr":"3r1k2/R1R3p1/4p1n1/3pP3/5P1p/P5P1/1P4P1/6K1","stockfishScores":{"wn":0.5347619047619048}},{"fenStr":"3r1k2/R4Rp1/4p1n1/3pP3/5P1p/P5P1/1P4P1/6K1","stockfishScores":{"bn":0.5276190476190477}},{"fenStr":"3rk3/R4Rp1/4p1n1/3pP3/5P1p/P5P1/1P4P1/6K1","stockfishScores":{"wn":0.5310119047619047}},{"fenStr":"3rk3/R5R1/4p1n1/3pP3/5P1p/P5P1/1P4P1/6K1","stockfishScores":{"bn":0.5429166666666667}},{"fenStr":"3rk2n/R5R1/4p3/3pP3/5P1p/P5P1/1P4P1/6K1","stockfishScores":{"wn":0.5457738095238095}},{"fenStr":"3rk1Rn/R7/4p3/3pP3/5P1p/P5P1/1P4P1/6K1","stockfishScores":{"bn":0.5441666666666667}}],"result":{"ww":true}}