{"fens":[{"fenStr":"rnbqkbnr/pppppppp/8/8/4P3/8/PPPP1PPP/RNBQKBNR","stockfishScores":{"bn":0.5049404761904762}},{"fenStr":"rnbqkbnr/pp1ppppp/2p5/8/4P3/8/PPPP1PPP/RNBQKBNR","stockfishScores":{"wn":0.5039880952380953}},{"fenStr":"rnbqkbnr/pp1ppppp/2p5/8/4P3/5N2/PPPP1PPP/RNBQKB1R","stockfishScores":{"bn":0.5064880952380952}},{"fenStr":"rnbqkbnr/pp2pppp/2p5/3p4/4P3/5N2/PPPP1PPP/RNBQKB1R","stockfishScores":{"wn":0.49988095238095237}},{"fenStr":"rnbqkbnr/pp2pppp/2p5/3p4/4P3/2N2N2/PPPP1PPP/R1BQKB1R","stockfishScores":{"bn":0.5033333333333333}},{"fenStr":"rnbqkbnr/pp2pppp/2p5/8/4p3/2N2N2/PPPP1PPP/R1BQKB1R","stockfishScores":{"wn":0.49666666666666665}},{"fenStr":"rnbqkbnr/pp2pppp/2p5/8/4N3/5N2/PPPP1PPP/R1BQKB1R","stockfishScores":{"bn":0.50375}},{"fenStr":"rn1qkbnr/pp2pppp/2p5/5b2/4N3/5N2/PPPP1PPP/R1BQKB1R","stockfishScores":{"wn":0.5008333333333334}},{"fenStr":"rn1qkbnr/pp2pppp/2p5/5b2/8/5NN1/PPPP1PPP/R1BQKB1R","stockfishScores":{"bn":0.5064285714285715}},{"fenStr":"rn1qkbnr/pp2pppp/2p3b1/8/8/5NN1/PPPP1PPP/R1BQKB1R","stockfishScores":{"wn":0.5030357142857143}},{"fenStr":"rn1qkbnr/pp2pppp/2p3b1/8/7P/5NN1/PPPP1PP1/R1BQKB1R","stockfishScores":{"bn":0.5066666666666667}},{"fenStr":"rn1qkbnr/pp2ppp1/2p3bp/8/7P/5NN1/PPPP1PP1/R1BQKB1R","stockfishScores":{"wn":0.5063690476190477}},{"fenStr":"rn1qkbnr/pp2ppp1/2p3bp/4N3/7P/6N1/PPPP1PP1/R1BQKB1R","stockfishScores":{"bn":0.5088690476190476}},{"fenStr":"rn2kbnr/pp2ppp1/2pq2bp/4N3/7P/6N1/PPPP1PP1/R1BQKB1R","stockfishScores":{"wn":0.5041071428571429}},{"fenStr":"rn2kbnr/pp2ppp1/2pq2bp/4N3/3P3P/6N1/PPP2PP1/R1BQKB1R","stockfishScores":{"bn":0.512797619047619}},{"fenStr":"rn2kbnr/pp2ppp1/2p2qbp/4N3/3P3P/6N1/PPP2PP1/R1BQKB1R","stockfishScores":{"wn":0.5186309523809524}},{"fenStr":"rn2kbnr/pp2ppp1/2p2qbp/4N3/3P2QP/6N1/PPP2PP1/R1B1KB1R","stockfishScores":{"bn":0.5279166666666667}},{"fenStr":"rn2kbnr/pp2ppp1/2p2q1p/4N3/3P2QP/6N1/PPb2PP1/R1B1KB1R","stockfishScores":{"wn":0.5211904761904762}},{"fenStr":"rnQ1kbnr/pp2ppp1/2p2q1p/4N3/3P3P/6N1/PPb2PP1/R1B1KB1R","stockfishScores":{"bn":0.5125595238095239}}],"result":{"ww":true}}