{"fens":[{"fenStr":"rnbqkbnr/pppppppp/8/8/8/5N2/PPPPPPPP/RNBQKB1R","stockfishScores":{"bn":0.5038690476190476}},{"fenStr":"rnbqkbnr/ppp1pppp/8/3p4/8/5N2/PPPPPPPP/RNBQKB1R","stockfishScores":{"wn":0.49952380952380954}},{"fenStr":"rnbqkbnr/ppp1pppp/8/3p4/2P5/5N2/PP1PPPPP/RNBQKB1R","stockfishScores":{"bn":0.4993452380952381}},{"fenStr":"rnbqkbnr/pp2pppp/2p5/3p4/2P5/5N2/PP1PPPPP/RNBQKB1R","stockfishScores":{"wn":0.49785714285714283}},{"fenStr":"rnbqkbnr/pp2pppp/2p5/3p4/2PP4/5N2/PP2PPPP/RNBQKB1R","stockfishScores":{"bn":0.5027380952380952}},{"fenStr":"rnbqkb1r/pp2pppp/2p2n2/3p4/2PP4/5N2/PP2PPPP/RNBQKB1R","stockfishScores":{"wn":0.49964285714285717}},{"fenStr":"rnbqkb1r/pp2pppp/2p2n2/3p4/2PP4/2N2N2/PP2PPPP/R1BQKB1R","stockfishScores":{"bn":0.5018452380952381}},{"fenStr":"rnbqkb1r/pp2pp1p/2p2np1/3p4/2PP4/2N2N2/PP2PPPP/R1BQKB1R","stockfishScores":{"wn":0.50125}},{"fenStr":"rnbqkb1r/pp2pp1p/2p2np1/3p4/2PP1B2/2N2N2/PP2PPPP/R2QKB1R","stockfishScores":{"bn":0.502797619047619}},{"fenStr":"rnbqkb1r/1p2pp1p/p1p2np1/3p4/2PP1B2/2N2N2/PP2PPPP/R2QKB1R","stockfishScores":{"wn":0.5045833333333334}},{"fenStr":"rnbqkb1r/1p2pp1p/p1p2np1/3p4/2PP1B2/2N1PN2/PP3PPP/R2QKB1R","stockfishScores":{"bn":0.5090476190476191}},{"fenStr":"rnbqk2r/1p2ppbp/p1p2np1/3p4/2PP1B2/2N1PN2/PP3PPP/R2QKB1R","stockfishScores":{"wn":0.5079166666666667}},{"fenStr":"rnbqk2r/1p2ppbp/p1p2np1/3p4/2PP1B2/1QN1PN2/PP3PPP/R3KB1R","stockfishScores":{"bn":0.5072023809523809}},{"fenStr":"rnbq1rk1/1p2ppbp/p1p2np1/3p4/2PP1B2/1QN1PN2/PP3PPP/R3KB1R","stockfishScores":{"wn":0.4970833333333333}},{"fenStr":"rnbq1rk1/1p2ppbp/p1p2np1/3P4/3P1B2/1QN1PN2/PP3PPP/R3KB1R","stockfishScores":{"bn":0.5029761904761905}},{"fenStr":"rnbq1rk1/1p2ppbp/p4np1/3p4/3P1B2/1QN1PN2/PP3PPP/R3KB1R","stockfishScores":{"wn":0.49535714285714283}},{"fenStr":"rBbq1rk1/1p2ppbp/p4np1/3p4/3P4/1QN1PN2/PP3PPP/R3KB1R","stockfishScores":{"bn":0.5086904761904761}},{"fenStr":"1rbq1rk1/1p2ppbp/p4np1/3p4/3P4/1QN1PN2/PP3PPP/R3KB1R","stockfishScores":{"wn":0.48660714285714285}},{"fenStr":"1rbq1rk1/1p2ppbp/B4np1/3p4/3P4/1QN1PN2/PP3PPP/R3K2R","stockfishScores":{"bn":0.4863095238095238}},{"fenStr":"1rb2rk1/1p2ppbp/B2q1np1/3p4/3P4/1QN1PN2/PP3PPP/R3K2R","stockfishScores":{"wn":0.4878571428571429}},{"fenStr":"1rb2rk1/1p2ppbp/3q1np1/3p4/3P4/1QN1PN2/PP2BPPP/R3K2R","stockfishScores":{"bn":0.49452380952380953}},{"fenStr":"1r3rk1/1p2ppbp/3q1np1/3p4/3P2b1/1QN1PN2/PP2BPPP/R3K2R","stockfishScores":{"wn":0.4932142857142857}},{"fenStr":"1r3rk1/1p2ppbp/3q1np1/3p4/3P2b1/1QN1PN1P/PP2BPP1/R3K2R","stockfishScores":{"bn":0.49779761904761904}},{"fenStr":"1r3rk1/1p2ppbp/3q1np1/3p4/3P4/1QN1Pb1P/PP2BPP1/R3K2R","stockfishScores":{"wn":0.47017857142857145}},{"fenStr":"1r3rk1/1p2ppbp/3q1np1/3p4/3P4/1QN1PB1P/PP3PP1/R3K2R","stockfishScores":{"bn":0.49738095238095237}},{"fenStr":"1r3rk1/1p3pbp/3qpnp1/3p4/3P4/1QN1PB1P/PP3PP1/R3K2R","stockfishScores":{"wn":0.49589285714285714}},{"fenStr":"1r3rk1/1p3pbp/3qpnp1/3p4/3P4/1QN1PB1P/PP3PP1/R4RK1","stockfishScores":{"bn":0.5039285714285714}},{"fenStr":"1r3rk1/1p3pb1/3qpnp1/3p3p/3P4/1QN1PB1P/PP3PP1/R4RK1","stockfishScores":{"wn":0.5043452380952381}},{"fenStr":"1r3rk1/1p3pb1/3qpnp1/3p3p/3P4/1QN1PB1P/PP3PP1/R1R3K1","stockfishScores":{"bn":0.5049404761904762}},{"fenStr":"1r3rk1/1p3pb1/3qpn2/3p2pp/3P4/1QN1PB1P/PP3PP1/R1R3K1","stockfishScores":{"wn":0.5083333333333333}},{"fenStr":"1r3rk1/1p3pb1/3qpn2/1N1p2pp/3P4/1Q2PB1P/PP3PP1/R1R3K1","stockfishScores":{"bn":0.512797619047619}},{"fenStr":"1r3rk1/1p3pb1/1q2pn2/1N1p2pp/3P4/1Q2PB1P/PP3PP1/R1R3K1","stockfishScores":{"wn":0.5107142857142857}},{"fenStr":"1r3rk1/1p3pb1/1q2pn2/1N1p2pp/P2P4/1Q2PB1P/1P3PP1/R1R3K1","stockfishScores":{"bn":0.5110714285714286}},{"fenStr":"1r3rk1/1p3pb1/1q2pn2/1N1p3p/P2P2p1/1Q2PB1P/1P3PP1/R1R3K1","stockfishScores":{"wn":0.5055357142857143}},{"fenStr":"1r3rk1/1p3pb1/1q2pn2/1N1p3p/P2P2P1/1Q2PB2/1P3PP1/R1R3K1","stockfishScores":{"bn":0.5170833333333333}},{"fenStr":"1r3rk1/1p3pb1/1q2pn2/1N1p4/P2P2p1/1Q2PB2/1P3PP1/R1R3K1","stockfishScores":{"wn":0.5058928571428571}},{"fenStr":"1r3rk1/1p3pb1/1q2pn2/1N1p4/P2P2p1/1Q2P3/1P2BPP1/R1R3K1","stockfishScores":{"bn":0.5093452380952381}},{"fenStr":"1r3rk1/1p3p2/1q2pn1b/1N1p4/P2P2p1/1Q2P3/1P2BPP1/R1R3K1","stockfishScores":{"wn":0.5124404761904762}},{"fenStr":"1r3rk1/1p3p2/1q2pn1b/1N1p4/P2P2p1/1Q2P1P1/1P2BP2/R1R3K1","stockfishScores":{"bn":0.5113095238095238}},{"fenStr":"1r1q1rk1/1p3p2/4pn1b/1N1p4/P2P2p1/1Q2P1P1/1P2BP2/R1R3K1","stockfishScores":{"wn":0.5116666666666667}},{"fenStr":"1r1q1rk1/1p3p2/4pn1b/1N1p4/P2P2p1/1Q2P1P1/1P2BPK1/R1R5","stockfishScores":{"bn":0.5108333333333334}},{"fenStr":"1r1q1r2/1p3pk1/4pn1b/1N1p4/P2P2p1/1Q2P1P1/1P2BPK1/R1R5","stockfishScores":{"wn":0.5119047619047619}},{"fenStr":"1r1q1r2/1p3pk1/4pn1b/1N1p4/P2P2p1/4P1P1/1P2BPK1/R1RQ4","stockfishScores":{"bn":0.5104761904761905}},{"fenStr":"1r1q2r1/1p3pk1/4pn1b/1N1p4/P2P2p1/4P1P1/1P2BPK1/R1RQ4","stockfishScores":{"wn":0.5117857142857143}},{"fenStr":"1r1q2r1/1p3pk1/4pn1b/1N1p4/P2P2B1/4P1P1/1P3PK1/R1RQ4","stockfishScores":{"bn":0.5127380952380952}},{"fenStr":"1r1q2r1/1p3p1k/4pn1b/1N1p4/P2P2B1/4P1P1/1P3PK1/R1RQ4","stockfishScores":{"wn":0.5085714285714286}},{"fenStr":"1r1q2r1/1p3p1k/4pn1b/1N1p4/P2P2B1/3QP1P1/1P3PK1/R1R5","stockfishScores":{"bn":0.5088095238095238}},{"fenStr":"1r1q4/1p3p1k/4pnrb/1N1p4/P2P2B1/3QP1P1/1P3PK1/R1R5","stockfishScores":{"wn":0.5156547619047619}},{"fenStr":"1r1q4/1p3p1k/4pnrb/1N1p4/P2P4/3QPBP1/1P3PK1/R1R5","stockfishScores":{"bn":0.5191071428571429}},{"fenStr":"1r4q1/1p3p1k/4pnrb/1N1p4/P2P4/3QPBP1/1P3PK1/R1R5","stockfishScores":{"wn":0.5214880952380953}},{"fenStr":"1r4q1/1pR2p1k/4pnrb/1N1p4/P2P4/3QPBP1/1P3PK1/R7","stockfishScores":{"bn":0.5244047619047619}},{"fenStr":"1r4qk/1pR2p2/4pnrb/1N1p4/P2P4/3QPBP1/1P3PK1/R7","stockfishScores":{"wn":0.5211904761904762}},{"fenStr":"1r4qk/1pR2p2/3Npnrb/3p4/P2P4/3QPBP1/1P3PK1/R7","stockfishScores":{"bn":0.5368452380952381}},{"fenStr":"5rqk/1pR2p2/3Npnrb/3p4/P2P4/3QPBP1/1P3PK1/R7","stockfishScores":{"wn":0.5260119047619047}},{"fenStr":"5rqk/1R3p2/3Npnrb/3p4/P2P4/3QPBP1/1P3PK1/R7","stockfishScores":{"bn":0.5288095238095238}},{"fenStr":"5r1k/1R3p1q/3Npnrb/3p4/P2P4/3QPBP1/1P3PK1/R7","stockfishScores":{"wn":0.5313690476190476}},{"fenStr":"5r1k/1R3p1q/3Npnrb/3p4/P2P4/2Q1PBP1/1P3PK1/R7","stockfishScores":{"bn":0.5288095238095238}},{"fenStr":"5r1k/1R3p1q/3Np1rb/3p4/P2P2n1/2Q1PBP1/1P3PK1/R7","stockfishScores":{"wn":0.5324404761904762}},{"fenStr":"5r1k/1R3p1q/3Np1rb/3p4/P2P2B1/2Q1P1P1/1P3PK1/R7","stockfishScores":{"bn":0.5479166666666667}},{"fenStr":"5r1k/1R3p1q/3Np2b/3p4/P2P2r1/2Q1P1P1/1P3PK1/R7","stockfishScores":{"wn":0.5302976190476191}},{"fenStr":"5r1k/1R3p1q/3Np2b/3p4/P2P2r1/2Q1P1P1/1P3PK1/7R","stockfishScores":{"bn":0.5385714285714286}},{"fenStr":"5rk1/1R3p1q/3Np2b/3p4/P2P2r1/2Q1P1P1/1P3PK1/7R","stockfishScores":{"wn":0.5361904761904762}},{"fenStr":"5rk1/1R3p1q/3Np2b/P2p4/3P2r1/2Q1P1P1/1P3PK1/7R","stockfishScores":{"bn":0.5376190476190477}},{"fenStr":"5rk1/1R3p2/3Np1qb/P2p4/3P2r1/2Q1P1P1/1P3PK1/7R","stockfishScores":{"wn":0.5354166666666667}},{"fenStr":"5rk1/1R3p2/P2Np1qb/3p4/3P2r1/2Q1P1P1/1P3PK1/7R","stockfishScores":{"bn":0.5401785714285714}},{"fenStr":"5rk1/1R6/P2Np1qb/3p1p2/3P2r1/2Q1P1P1/1P3PK1/7R","stockfishScores":{"wn":0.5451190476190476}},{"fenStr":"5rk1/1R6/P2Np1qb/3p1p2/3P2r1/3QP1P1/1P3PK1/7R","stockfishScores":{"bn":0.5442857142857143}},{"fenStr":"5rk1/1R6/P2Np1q1/3p1p2/3P2r1/3Qb1P1/1P3PK1/7R","stockfishScores":{"wn":0.54125}},{"fenStr":"5rk1/1R6/P2Np1q1/3p1p2/3P2r1/4Q1P1/1P3PK1/7R","stockfishScores":{"bn":0.5744642857142858}},{"fenStr":"5rk1/1R6/P2Np1q1/3p4/3P1pr1/4Q1P1/1P3PK1/7R","stockfishScores":{"wn":0.5663690476190476}},{"fenStr":"5rk1/1R6/P2Np1q1/3p4/3P1pr1/5QP1/1P3PK1/7R","stockfishScores":{"bn":0.5654761904761905}},{"fenStr":"5rk1/1R6/P2Np1q1/3p2r1/3P1p2/5QP1/1P3PK1/7R","stockfishScores":{"wn":0.5677380952380953}},{"fenStr":"5rk1/PR6/3Np1q1/3p2r1/3P1p2/5QP1/1P3PK1/7R","stockfishScores":{"bn":0.5679166666666666}},{"fenStr":"5rk1/PR6/3Np3/3p2r1/3P1p2/5QP1/1Pq2PK1/7R","stockfishScores":{"wn":0.5679166666666666}},{"fenStr":"5rk1/PR6/3Np3/3p2r1/3P1Q2/6P1/1Pq2PK1/7R","stockfishScores":{"bn":0.544047619047619}},{"fenStr":"6k1/PR6/3Np3/3p2r1/3P1r2/6P1/1Pq2PK1/7R","stockfishScores":{"wn":0.4775595238095238}},{"fenStr":"Q5k1/1R6/3Np3/3p2r1/3P1r2/6P1/1Pq2PK1/7R","stockfishScores":{"bn":0.5591666666666667}},{"fenStr":"Q4rk1/1R6/3Np3/3p2r1/3P4/6P1/1Pq2PK1/7R","stockfishScores":{"wn":0.5695238095238095}},{"fenStr":"5Qk1/1R6/3Np3/3p2r1/3P4/6P1/1Pq2PK1/7R","stockfishScores":{"bn":0.5736904761904762}},{"fenStr":"5k2/1R6/3Np3/3p2r1/3P4/6P1/1Pq2PK1/7R","stockfishScores":{"wn":0.5089880952380952}},{"fenStr":"5k1R/1R6/3Np3/3p2r1/3P4/6P1/1Pq2PK1/8","stockfishScores":{"bn":0.5101190476190476}},{"fenStr":"5krR/1R6/3Np3/3p4/3P4/6P1/1Pq2PK1/8","stockfishScores":{"wn":0.5148809523809523}},{"fenStr":"5krR/5R2/3Np3/3p4/3P4/6P1/1Pq2PK1/8","stockfishScores":{"bn":0.5054761904761905}}],"result":{"ww":true}}