{"fens":[{"fenStr":"rnbqkbnr/pppppppp/8/8/4P3/8/PPPP1PPP/RNBQKBNR","stockfishScores":{"bn":0.5049404761904762}},{"fenStr":"rnbqkbnr/pp1ppppp/8/2p5/4P3/8/PPPP1PPP/RNBQKBNR","stockfishScores":{"wn":0.5038095238095238}},{"fenStr":"rnbqkbnr/pp1ppppp/8/2p5/4P3/5N2/PPPP1PPP/RNBQKB1R","stockfishScores":{"bn":0.5058928571428571}},{"fenStr":"r1bqkbnr/pp1ppppp/2n5/2p5/4P3/5N2/PPPP1PPP/RNBQKB1R","stockfishScores":{"wn":0.5025}},{"fenStr":"r1bqkbnr/pp1ppppp/2n5/2p5/3PP3/5N2/PPP2PPP/RNBQKB1R","stockfishScores":{"bn":0.5116666666666667}},{"fenStr":"r1bqkbnr/pp1ppppp/2n5/8/3pP3/5N2/PPP2PPP/RNBQKB1R","stockfishScores":{"wn":0.4961309523809524}},{"fenStr":"r1bqkbnr/pp1ppppp/2n5/8/3NP3/8/PPP2PPP/RNBQKB1R","stockfishScores":{"bn":0.5067261904761905}},{"fenStr":"r1bqkb1r/pp1ppppp/2n2n2/8/3NP3/8/PPP2PPP/RNBQKB1R","stockfishScores":{"wn":0.5020833333333333}},{"fenStr":"r1bqkb1r/pp1ppppp/2n2n2/8/3NP3/2N5/PPP2PPP/R1BQKB1R","stockfishScores":{"bn":0.5061309523809524}},{"fenStr":"r1bqkb1r/pp1p1ppp/2n2n2/4p3/3NP3/2N5/PPP2PPP/R1BQKB1R","stockfishScores":{"wn":0.49833333333333335}},{"fenStr":"r1bqkb1r/pp1p1ppp/2n2n2/4p3/4P3/2N2N2/PPP2PPP/R1BQKB1R","stockfishScores":{"bn":0.5033928571428572}},{"fenStr":"r1bqk2r/pp1p1ppp/2n2n2/4p3/1b2P3/2N2N2/PPP2PPP/R1BQKB1R","stockfishScores":{"wn":0.4982142857142857}},{"fenStr":"r1bqk2r/pp1p1ppp/2n2n2/4p3/1bB1P3/2N2N2/PPP2PPP/R1BQK2R","stockfishScores":{"bn":0.5008333333333334}},{"fenStr":"r1bqk2r/pp3ppp/2np1n2/4p3/1bB1P3/2N2N2/PPP2PPP/R1BQK2R","stockfishScores":{"wn":0.49773809523809526}},{"fenStr":"r1bqk2r/pp3ppp/2np1n2/4p3/1bB1P3/2N2N2/PPP2PPP/R1BQ1RK1","stockfishScores":{"bn":0.5139285714285714}},{"fenStr":"r1bqk2r/pp3ppp/2np1n2/4p3/2B1P3/2b2N2/PPP2PPP/R1BQ1RK1","stockfishScores":{"wn":0.49202380952380953}},{"fenStr":"r1bqk2r/pp3ppp/2np1n2/4p3/2B1P3/2P2N2/P1P2PPP/R1BQ1RK1","stockfishScores":{"bn":0.5120833333333333}},{"fenStr":"r2qk2r/pp3ppp/2np1n2/4p3/2B1P1b1/2P2N2/P1P2PPP/R1BQ1RK1","stockfishScores":{"wn":0.5098214285714285}},{"fenStr":"r2qk2r/pp3ppp/2np1n2/4p3/2B1P1b1/2PQ1N2/P1P2PPP/R1B2RK1","stockfishScores":{"bn":0.5123809523809524}},{"fenStr":"r2q1rk1/pp3ppp/2np1n2/4p3/2B1P1b1/2PQ1N2/P1P2PPP/R1B2RK1","stockfishScores":{"wn":0.4979166666666667}},{"fenStr":"r2q1rk1/pp3ppp/2np1n2/4p3/2B1P1b1/2PQ1N2/P1P2PPP/1RB2RK1","stockfishScores":{"bn":0.5001190476190476}},{"fenStr":"r4rk1/ppq2ppp/2np1n2/4p3/2B1P1b1/2PQ1N2/P1P2PPP/1RB2RK1","stockfishScores":{"wn":0.4995833333333333}},{"fenStr":"r4rk1/ppq2ppp/2np1n2/4p3/2B1P1b1/B1PQ1N2/P1P2PPP/1R3RK1","stockfishScores":{"bn":0.49875}},{"fenStr":"r2r2k1/ppq2ppp/2np1n2/4p3/2B1P1b1/B1PQ1N2/P1P2PPP/1R3RK1","stockfishScores":{"wn":0.49773809523809526}},{"fenStr":"r2r2k1/ppq2ppp/2np1n2/4p3/2B1P1b1/B1PQ1N2/P1P2PPP/1R1R2K1","stockfishScores":{"bn":0.49833333333333335}},{"fenStr":"r2rn1k1/ppq2ppp/2np4/4p3/2B1P1b1/B1PQ1N2/P1P2PPP/1R1R2K1","stockfishScores":{"wn":0.5045238095238095}},{"fenStr":"r2rn1k1/ppq2ppp/2np4/4p3/2B1P1b1/B1PQ1N1P/P1P2PP1/1R1R2K1","stockfishScores":{"bn":0.509702380952381}},{"fenStr":"r2rn1k1/ppq2ppp/2npb3/4p3/2B1P3/B1PQ1N1P/P1P2PP1/1R1R2K1","stockfishScores":{"wn":0.505}},{"fenStr":"r2rn1k1/ppq2ppp/2npB3/4p3/4P3/B1PQ1N1P/P1P2PP1/1R1R2K1","stockfishScores":{"bn":0.5273214285714286}},{"fenStr":"r2rn1k1/ppq3pp/2npp3/4p3/4P3/B1PQ1N1P/P1P2PP1/1R1R2K1","stockfishScores":{"wn":0.5052380952380953}},{"fenStr":"r2rn1k1/ppq3pp/2npp3/4p3/2Q1P3/B1P2N1P/P1P2PP1/1R1R2K1","stockfishScores":{"bn":0.5066666666666667}},{"fenStr":"r2rn1k1/pp2q1pp/2npp3/4p3/2Q1P3/B1P2N1P/P1P2PP1/1R1R2K1","stockfishScores":{"wn":0.5061309523809524}},{"fenStr":"r2rn1k1/pp2q1pp/2npp3/1R2p3/2Q1P3/B1P2N1P/P1P2PP1/3R2K1","stockfishScores":{"bn":0.5042857142857143}},{"fenStr":"r2rn1k1/1p2q1pp/p1npp3/1R2p3/2Q1P3/B1P2N1P/P1P2PP1/3R2K1","stockfishScores":{"wn":0.5018452380952381}},{"fenStr":"r2rn1k1/1p2q1pp/pRnpp3/4p3/2Q1P3/B1P2N1P/P1P2PP1/3R2K1","stockfishScores":{"bn":0.5055357142857143}},{"fenStr":"2rrn1k1/1p2q1pp/pRnpp3/4p3/2Q1P3/B1P2N1P/P1P2PP1/3R2K1","stockfishScores":{"wn":0.5029761904761905}},{"fenStr":"2rrn1k1/1p2q1pp/pRnpp3/4p3/2Q1P3/B1P2N1P/P1P2PP1/1R4K1","stockfishScores":{"bn":0.5013095238095238}},{"fenStr":"3rn1k1/1pr1q1pp/pRnpp3/4p3/2Q1P3/B1P2N1P/P1P2PP1/1R4K1","stockfishScores":{"wn":0.5016071428571428}},{"fenStr":"3rn1k1/1pr1q1pp/pRnpp3/4p3/4P3/BQP2N1P/P1P2PP1/1R4K1","stockfishScores":{"bn":0.5020238095238095}},{"fenStr":"4n1k1/1prrq1pp/pRnpp3/4p3/4P3/BQP2N1P/P1P2PP1/1R4K1","stockfishScores":{"wn":0.5035119047619048}},{"fenStr":"4n1k1/1prrq1pp/pRnpp3/4p3/4P3/BQP4P/P1PN1PP1/1R4K1","stockfishScores":{"bn":0.5017261904761905}},{"fenStr":"4n3/1prrqkpp/pRnpp3/4p3/4P3/BQP4P/P1PN1PP1/1R4K1","stockfishScores":{"wn":0.5066666666666667}},{"fenStr":"4n3/1prrqkpp/pRnpp3/4p3/2N1P3/BQP4P/P1P2PP1/1R4K1","stockfishScores":{"bn":0.5083333333333333}},{"fenStr":"3qn3/1prr1kpp/pRnpp3/4p3/2N1P3/BQP4P/P1P2PP1/1R4K1","stockfishScores":{"wn":0.5066071428571428}},{"fenStr":"3qn3/1prr1kpp/pRnpp3/4p3/2N1P3/BQP4P/P1P2PP1/4R1K1","stockfishScores":{"bn":0.5044047619047619}},{"fenStr":"3qn3/nprr1kpp/pR1pp3/4p3/2N1P3/BQP4P/P1P2PP1/4R1K1","stockfishScores":{"wn":0.5066071428571428}},{"fenStr":"3qn3/nprr1kpp/pR1pp3/4N3/4P3/BQP4P/P1P2PP1/4R1K1","stockfishScores":{"bn":0.5158928571428572}},{"fenStr":"3qn3/nprr1kpp/pR2p3/4p3/4P3/BQP4P/P1P2PP1/4R1K1","stockfishScores":{"wn":0.5092857142857143}},{"fenStr":"3qn3/nprr1kpp/pR2Q3/4p3/4P3/B1P4P/P1P2PP1/4R1K1","stockfishScores":{"bn":0.518452380952381}}],"result":{"ww":true}}