{"fens":[{"fenStr":"rnbqkbnr/pppppppp/8/8/4P3/8/PPPP1PPP/RNBQKBNR","stockfishScores":{"bn":0.5049404761904762}},{"fenStr":"rnbqkbnr/pppp1ppp/8/4p3/4P3/8/PPPP1PPP/RNBQKBNR","stockfishScores":{"wn":0.5005952380952381}},{"fenStr":"rnbqkbnr/pppp1ppp/8/4p3/4P3/5N2/PPPP1PPP/RNBQKB1R","stockfishScores":{"bn":0.5044047619047619}},{"fenStr":"r1bqkbnr/pppp1ppp/2n5/4p3/4P3/5N2/PPPP1PPP/RNBQKB1R","stockfishScores":{"wn":0.5004166666666666}},{"fenStr":"r1bqkbnr/pppp1ppp/2n5/4p3/2B1P3/5N2/PPPP1PPP/RNBQK2R","stockfishScores":{"bn":0.5013095238095238}},{"fenStr":"r1bqk1nr/pppp1ppp/2n5/2b1p3/2B1P3/5N2/PPPP1PPP/RNBQK2R","stockfishScores":{"wn":0.5001785714285715}},{"fenStr":"r1bqk1nr/pppp1ppp/2n5/2b1p3/1PB1P3/5N2/P1PP1PPP/RNBQK2R","stockfishScores":{"bn":0.5027380952380952}},{"fenStr":"r1bqk1nr/pppp1ppp/2n5/4p3/1bB1P3/5N2/P1PP1PPP/RNBQK2R","stockfishScores":{"wn":0.49654761904761907}},{"fenStr":"r1bqk1nr/pppp1ppp/2n5/4p3/1bB1P3/2P2N2/P2P1PPP/RNBQK2R","stockfishScores":{"bn":0.501547619047619}},{"fenStr":"r1bqk1nr/pppp1ppp/2n5/b3p3/2B1P3/2P2N2/P2P1PPP/RNBQK2R","stockfishScores":{"wn":0.5}},{"fenStr":"r1bqk1nr/pppp1ppp/2n5/b3p3/2BPP3/2P2N2/P4PPP/RNBQK2R","stockfishScores":{"bn":0.5067261904761905}},{"fenStr":"r1bqk1nr/ppp2ppp/2np4/b3p3/2BPP3/2P2N2/P4PPP/RNBQK2R","stockfishScores":{"wn":0.5025}},{"fenStr":"r1bqk1nr/ppp2ppp/2np4/b3p3/2BPP3/1QP2N2/P4PPP/RNB1K2R","stockfishScores":{"bn":0.50125}},{"fenStr":"r1b1k1nr/pppq1ppp/2np4/b3p3/2BPP3/1QP2N2/P4PPP/RNB1K2R","stockfishScores":{"wn":0.4986904761904762}},{"fenStr":"r1b1k1nr/pppq1ppp/2np4/b3P3/2B1P3/1QP2N2/P4PPP/RNB1K2R","stockfishScores":{"bn":0.5023809523809524}},{"fenStr":"r1b1k1nr/pppq1ppp/3p4/b3n3/2B1P3/1QP2N2/P4PPP/RNB1K2R","stockfishScores":{"wn":0.49214285714285716}},{"fenStr":"r1b1k1nr/pppq1ppp/3p4/b3N3/2B1P3/1QP5/P4PPP/RNB1K2R","stockfishScores":{"bn":0.5235119047619048}},{"fenStr":"r1b1k1nr/pppq1ppp/8/b3p3/2B1P3/1QP5/P4PPP/RNB1K2R","stockfishScores":{"wn":0.4975}},{"fenStr":"r1b1k1nr/pppq1ppp/8/b3p3/2B1P3/1QP5/P4PPP/RNB2RK1","stockfishScores":{"bn":0.5095238095238095}},{"fenStr":"r1b1k1nr/pppq1ppp/1b6/4p3/2B1P3/1QP5/P4PPP/RNB2RK1","stockfishScores":{"wn":0.5094047619047619}},{"fenStr":"r1b1k1nr/pppq1ppp/1b6/4p3/2B1P3/BQP5/P4PPP/RN3RK1","stockfishScores":{"bn":0.5146428571428572}},{"fenStr":"r1b1k2r/pppq1ppp/1b5n/4p3/2B1P3/BQP5/P4PPP/RN3RK1","stockfishScores":{"wn":0.51125}},{"fenStr":"r1b1k2r/pppq1ppp/1b5n/4p3/2B1P3/BQP5/P4PPP/RN1R2K1","stockfishScores":{"bn":0.5247619047619048}},{"fenStr":"r1b1k2r/ppp2ppp/1b5n/4p3/2B1P1q1/BQP5/P4PPP/RN1R2K1","stockfishScores":{"wn":0.5492857142857143}},{"fenStr":"r1b1k2r/ppp2ppp/1b5n/1Q2p3/2B1P1q1/B1P5/P4PPP/RN1R2K1","stockfishScores":{"bn":0.5341666666666667}},{"fenStr":"r3k2r/pppb1ppp/1b5n/1Q2p3/2B1P1q1/B1P5/P4PPP/RN1R2K1","stockfishScores":{"wn":0.529702380952381}},{"fenStr":"r3k2r/pppb1ppp/1b5n/4Q3/2B1P1q1/B1P5/P4PPP/RN1R2K1","stockfishScores":{"bn":0.52625}},{"fenStr":"r2k3r/pppb1ppp/1b5n/4Q3/2B1P1q1/B1P5/P4PPP/RN1R2K1","stockfishScores":{"wn":0.5555357142857142}},{"fenStr":"r2k3r/pppbBppp/1b5n/4Q3/2B1P1q1/2P5/P4PPP/RN1R2K1","stockfishScores":{"bn":0.5155357142857143}},{"fenStr":"r1k4r/pppbBppp/1b5n/4Q3/2B1P1q1/2P5/P4PPP/RN1R2K1","stockfishScores":{"wn":0.4906547619047619}},{"fenStr":"r1k4r/pppbBppp/1b5n/4Q3/2B1P1q1/N1P5/P4PPP/R2R2K1","stockfishScores":{"bn":0.5091071428571429}},{"fenStr":"r1k4r/ppp1Bppp/1bb4n/4Q3/2B1P1q1/N1P5/P4PPP/R2R2K1","stockfishScores":{"wn":0.5160714285714286}},{"fenStr":"r1k4r/ppp1Bppp/1bb4n/3BQ3/4P1q1/N1P5/P4PPP/R2R2K1","stockfishScores":{"bn":0.5093452380952381}},{"fenStr":"r1k4r/ppp1Bppp/2b4n/3BQ3/4P1q1/N1P5/P4bPP/R2R2K1","stockfishScores":{"wn":0.5076190476190476}},{"fenStr":"r1k4r/ppp1Bppp/2b4n/3BQ3/4P1q1/N1P5/P4bPP/R2R3K","stockfishScores":{"bn":0.5044047619047619}},{"fenStr":"r1k1r3/ppp1Bppp/2b4n/3BQ3/4P1q1/N1P5/P4bPP/R2R3K","stockfishScores":{"wn":0.4993452380952381}},{"fenStr":"r1k1r3/ppp1Bppp/2b4n/3BQ3/4P1q1/N1P5/P4bPP/1R1R3K","stockfishScores":{"bn":0.5059523809523809}},{"fenStr":"r1k1r3/pppqBppp/2b4n/3BQ3/4P3/N1P5/P4bPP/1R1R3K","stockfishScores":{"wn":0.5042857142857143}},{"fenStr":"r1k1r3/pppqBppp/2b4n/3B4/4PQ2/N1P5/P4bPP/1R1R3K","stockfishScores":{"bn":0.5094642857142857}},{"fenStr":"r1k1r3/pppqBppp/7n/3b4/4PQ2/N1P5/P4bPP/1R1R3K","stockfishScores":{"wn":0.4839880952380952}},{"fenStr":"r1k1r3/pppqBppp/7n/3P4/5Q2/N1P5/P4bPP/1R1R3K","stockfishScores":{"bn":0.5070238095238095}},{"fenStr":"r1k1r3/pppqBppp/1b5n/3P4/5Q2/N1P5/P5PP/1R1R3K","stockfishScores":{"wn":0.5}},{"fenStr":"r1k1r3/pppq1ppp/1b5n/3P4/5Q1B/N1P5/P5PP/1R1R3K","stockfishScores":{"bn":0.5007738095238096}},{"fenStr":"r1k1r3/ppp2ppp/1b5n/3P1q2/5Q1B/N1P5/P5PP/1R1R3K","stockfishScores":{"wn":0.4955952380952381}},{"fenStr":"r1k1r3/ppp2ppp/1b1P3n/5q2/5Q1B/N1P5/P5PP/1R1R3K","stockfishScores":{"bn":0.5039880952380953}},{"fenStr":"r1k1r3/pp3ppp/1b1p3n/5q2/5Q1B/N1P5/P5PP/1R1R3K","stockfishScores":{"wn":0.5101190476190476}},{"fenStr":"r1k1r3/pp3ppp/1b1Q3n/5q2/7B/N1P5/P5PP/1R1R3K","stockfishScores":{"bn":0.5126190476190476}},{"fenStr":"r1k1r3/ppb2ppp/3Q3n/5q2/7B/N1P5/P5PP/1R1R3K","stockfishScores":{"wn":0.5145238095238095}},{"fenStr":"r1k1r3/ppb2ppp/7n/5q2/1Q5B/N1P5/P5PP/1R1R3K","stockfishScores":{"bn":0.5283928571428571}},{"fenStr":"r1k1r3/p1b2ppp/1p5n/5q2/1Q5B/N1P5/P5PP/1R1R3K","stockfishScores":{"wn":0.5085119047619048}},{"fenStr":"r1k1r3/p1b2ppp/1p5n/5q2/1QN4B/2P5/P5PP/1R1R3K","stockfishScores":{"bn":0.523154761904762}},{"fenStr":"r1k5/p1b2ppp/1p2r2n/5q2/1QN4B/2P5/P5PP/1R1R3K","stockfishScores":{"wn":0.5491666666666667}},{"fenStr":"r1k5/p1b2ppp/1p2r2n/5q2/Q1N4B/2P5/P5PP/1R1R3K","stockfishScores":{"bn":0.5518452380952381}},{"fenStr":"r1k5/p1b2ppp/1p2r2n/8/Q1N1q2B/2P5/P5PP/1R1R3K","stockfishScores":{"wn":0.5511309523809523}},{"fenStr":"r1kR4/p1b2ppp/1p2r2n/8/Q1N1q2B/2P5/P5PP/1R5K","stockfishScores":{"bn":0.5226785714285714}},{"fenStr":"r2R4/pkb2ppp/1p2r2n/8/Q1N1q2B/2P5/P5PP/1R5K","stockfishScores":{"wn":0.5058333333333334}},{"fenStr":"r2R4/pkb2ppp/1p2r2n/N7/Q3q2B/2P5/P5PP/1R5K","stockfishScores":{"bn":0.48529761904761903}},{"fenStr":"r2R4/p1b2ppp/kp2r2n/N7/Q3q2B/2P5/P5PP/1R5K","stockfishScores":{"wn":0.4895833333333333}},{"fenStr":"r2R4/p1b2ppp/kp2r2n/NQ6/4q2B/2P5/P5PP/1R5K","stockfishScores":{"bn":0.49}}],"result":{"ww":true}}