{"fens":[{"fenStr":"rnbqkbnr/pppppppp/8/8/4P3/8/PPPP1PPP/RNBQKBNR","stockfishScores":{"bn":0.5049404761904762}},{"fenStr":"rnbqkb1r/pppppppp/5n2/8/4P3/8/PPPP1PPP/RNBQKBNR","stockfishScores":{"wn":0.5017261904761905}},{"fenStr":"rnbqkb1r/pppppppp/5n2/8/4P3/2N5/PPPP1PPP/R1BQKBNR","stockfishScores":{"bn":0.5059523809523809}},{"fenStr":"rnbqkb1r/ppp1pppp/5n2/3p4/4P3/2N5/PPPP1PPP/R1BQKBNR","stockfishScores":{"wn":0.4980357142857143}},{"fenStr":"rnbqkb1r/ppp1pppp/5n2/3pP3/8/2N5/PPPP1PPP/R1BQKBNR","stockfishScores":{"bn":0.5014880952380952}},{"fenStr":"rnbqkb1r/ppp1pppp/8/3pP3/4n3/2N5/PPPP1PPP/R1BQKBNR","stockfishScores":{"wn":0.49952380952380954}},{"fenStr":"rnbqkb1r/ppp1pppp/8/3pP3/4n3/8/PPPPNPPP/R1BQKBNR","stockfishScores":{"bn":0.4967857142857143}},{"fenStr":"rnbqkb1r/ppp1pppp/8/4P3/3pn3/8/PPPPNPPP/R1BQKBNR","stockfishScores":{"wn":0.4951785714285714}},{"fenStr":"rnbqkb1r/ppp1pppp/8/4P3/3pn3/2P5/PP1PNPPP/R1BQKBNR","stockfishScores":{"bn":0.4993452380952381}},{"fenStr":"rnbqkb1r/ppp1pppp/8/4P3/4n3/2p5/PP1PNPPP/R1BQKBNR","stockfishScores":{"wn":0.4905357142857143}},{"fenStr":"rnbqkb1r/ppp1pppp/8/4P3/4n3/2P5/P2PNPPP/R1BQKBNR","stockfishScores":{"bn":0.5013690476190477}},{"fenStr":"rnbqkb1r/ppp1pppp/8/2n1P3/8/2P5/P2PNPPP/R1BQKBNR","stockfishScores":{"wn":0.4923214285714286}},{"fenStr":"rnbqkb1r/ppp1pppp/8/2n1P3/3P4/2P5/P3NPPP/R1BQKBNR","stockfishScores":{"bn":0.5109523809523809}},{"fenStr":"rnbqkb1r/ppp1pppp/n7/4P3/3P4/2P5/P3NPPP/R1BQKBNR","stockfishScores":{"wn":0.5182142857142857}},{"fenStr":"rnbqkb1r/ppp1pppp/n7/4P3/3P4/2P2N2/P3NPPP/R1BQKB1R","stockfishScores":{"bn":0.5219642857142857}},{"fenStr":"rnbqkb1r/ppp2ppp/n3p3/4P3/3P4/2P2N2/P3NPPP/R1BQKB1R","stockfishScores":{"wn":0.5202380952380953}},{"fenStr":"rnbqkb1r/ppp2ppp/n3p3/4P3/3P4/2P2NN1/P4PPP/R1BQKB1R","stockfishScores":{"bn":0.5305357142857143}},{"fenStr":"rnbqkb1r/pp3ppp/n3p3/2p1P3/3P4/2P2NN1/P4PPP/R1BQKB1R","stockfishScores":{"wn":0.5288095238095238}},{"fenStr":"rnbqkb1r/pp3ppp/n3p3/2p1P3/3P4/2PB1NN1/P4PPP/R1BQK2R","stockfishScores":{"bn":0.5299404761904762}},{"fenStr":"rnbqkb1r/pp3ppp/n3p3/4P3/3p4/2PB1NN1/P4PPP/R1BQK2R","stockfishScores":{"wn":0.5136309523809524}},{"fenStr":"rnbqkb1r/pp3ppp/n3p3/4P3/3P4/3B1NN1/P4PPP/R1BQK2R","stockfishScores":{"bn":0.5250595238095238}},{"fenStr":"rnbqkb1r/pp3ppp/4p3/4P3/1n1P4/3B1NN1/P4PPP/R1BQK2R","stockfishScores":{"wn":0.5174404761904762}},{"fenStr":"rnbqkb1r/pp3ppp/4p3/4P3/1n1PB3/5NN1/P4PPP/R1BQK2R","stockfishScores":{"bn":0.5127380952380952}},{"fenStr":"r1bqkb1r/pp3ppp/2n1p3/4P3/1n1PB3/5NN1/P4PPP/R1BQK2R","stockfishScores":{"wn":0.505297619047619}},{"fenStr":"r1bqkb1r/pp3ppp/2n1p3/4P3/1n1PB3/5NN1/P4PPP/R1BQ1RK1","stockfishScores":{"bn":0.5183928571428571}},{"fenStr":"r1bqk2r/pp2bppp/2n1p3/4P3/1n1PB3/5NN1/P4PPP/R1BQ1RK1","stockfishScores":{"wn":0.5175595238095239}},{"fenStr":"r1bqk2r/pp2bppp/2n1p3/4P2N/1n1PB3/5N2/P4PPP/R1BQ1RK1","stockfishScores":{"bn":0.5239285714285714}},{"fenStr":"r1bq1rk1/pp2bppp/2n1p3/4P2N/1n1PB3/5N2/P4PPP/R1BQ1RK1","stockfishScores":{"wn":0.5176190476190476}},{"fenStr":"r1bq1rk1/pp2bppp/2n1p3/4P2N/1n1PB3/4BN2/P4PPP/R2Q1RK1","stockfishScores":{"bn":0.5185119047619048}},{"fenStr":"r1bq1rk1/pp2bppp/2n1p3/3nP2N/3PB3/4BN2/P4PPP/R2Q1RK1","stockfishScores":{"wn":0.5104166666666666}},{"fenStr":"r1bq1rk1/pp2bppp/2n1p3/3nP2N/3PB3/3QBN2/P4PPP/R4RK1","stockfishScores":{"bn":0.5094642857142857}},{"fenStr":"r1bq1rk1/pp2bp1p/2n1p1p1/3nP2N/3PB3/3QBN2/P4PPP/R4RK1","stockfishScores":{"wn":0.5017261904761905}},{"fenStr":"r1bq1rk1/pp2bp1p/2n1p1p1/3nP3/3PBN2/3QBN2/P4PPP/R4RK1","stockfishScores":{"bn":0.49529761904761904}},{"fenStr":"r1bq1rk1/pp2bp1p/4p1p1/3nP3/1n1PBN2/3QBN2/P4PPP/R4RK1","stockfishScores":{"wn":0.4957142857142857}},{"fenStr":"r1bq1rk1/pp2bp1p/4p1p1/3nP3/1n1PBN2/4BN2/P2Q1PPP/R4RK1","stockfishScores":{"bn":0.4968452380952381}},{"fenStr":"r1bq1rk1/pp2bp1p/4p1p1/4P3/1n1PBn2/4BN2/P2Q1PPP/R4RK1","stockfishScores":{"wn":0.48369047619047617}},{"fenStr":"r1bq1rk1/pp2bp1p/4p1p1/4P3/1n1PBB2/5N2/P2Q1PPP/R4RK1","stockfishScores":{"bn":0.5067261904761905}},{"fenStr":"r1bq1rk1/pp2bp1p/4p1p1/3nP3/3PBB2/5N2/P2Q1PPP/R4RK1","stockfishScores":{"wn":0.49910714285714286}},{"fenStr":"r1bq1rk1/pp2bp1p/4p1p1/3nP1B1/3PB3/5N2/P2Q1PPP/R4RK1","stockfishScores":{"bn":0.5051190476190476}},{"fenStr":"r1bq1rk1/pp3p1p/4p1p1/3nP1B1/1b1PB3/5N2/P2Q1PPP/R4RK1","stockfishScores":{"wn":0.5061904761904762}},{"fenStr":"r1bq1rk1/pp3p1p/4p1p1/3nP1B1/1b1PB3/3Q1N2/P4PPP/R4RK1","stockfishScores":{"bn":0.5081547619047619}},{"fenStr":"r1bq1rk1/pp2bp1p/4p1p1/3nP1B1/3PB3/3Q1N2/P4PPP/R4RK1","stockfishScores":{"wn":0.5056547619047619}},{"fenStr":"r1bq1rk1/pp2Bp1p/4p1p1/3nP3/3PB3/3Q1N2/P4PPP/R4RK1","stockfishScores":{"bn":0.5303571428571429}},{"fenStr":"r1bq1rk1/pp2np1p/4p1p1/4P3/3PB3/3Q1N2/P4PPP/R4RK1","stockfishScores":{"wn":0.5066071428571428}},{"fenStr":"r1bq1rk1/pp2np1p/4p1p1/4P3/3PB3/4QN2/P4PPP/R4RK1","stockfishScores":{"bn":0.50625}},{"fenStr":"r1bq1r2/pp2npkp/4p1p1/4P3/3PB3/4QN2/P4PPP/R4RK1","stockfishScores":{"wn":0.5074404761904762}},{"fenStr":"r1bq1r2/pp2npkp/4p1p1/4P3/3PB3/4Q3/P2N1PPP/R4RK1","stockfishScores":{"bn":0.5058928571428571}},{"fenStr":"1rbq1r2/pp2npkp/4p1p1/4P3/3PB3/4Q3/P2N1PPP/R4RK1","stockfishScores":{"wn":0.5064880952380952}},{"fenStr":"1rbq1r2/pp2npkp/4p1p1/4P3/2NPB3/4Q3/P4PPP/R4RK1","stockfishScores":{"bn":0.5054761904761905}},{"fenStr":"1r1q1r2/pp1bnpkp/4p1p1/4P3/2NPB3/4Q3/P4PPP/R4RK1","stockfishScores":{"wn":0.5022619047619048}},{"fenStr":"1r1q1r2/pp1bnpkp/3Np1p1/4P3/3PB3/4Q3/P4PPP/R4RK1","stockfishScores":{"bn":0.508452380952381}},{"fenStr":"1r1q1r2/pp2npkp/2bNp1p1/4P3/3PB3/4Q3/P4PPP/R4RK1","stockfishScores":{"wn":0.5069047619047619}},{"fenStr":"1r1q1r2/pp2npkp/2BNp1p1/4P3/3P4/4Q3/P4PPP/R4RK1","stockfishScores":{"bn":0.5273809523809524}},{"fenStr":"1r1q1r2/pp3pkp/2nNp1p1/4P3/3P4/4Q3/P4PPP/R4RK1","stockfishScores":{"wn":0.50625}},{"fenStr":"1r1q1r2/pp3pkp/2nNp1p1/4P3/3P4/4Q3/P4PPP/1R3RK1","stockfishScores":{"bn":0.5074404761904762}},{"fenStr":"1r1q1r2/pp4kp/2nNppp1/4P3/3P4/4Q3/P4PPP/1R3RK1","stockfishScores":{"wn":0.5108928571428571}},{"fenStr":"1r1q1r2/pp4kp/2nNppp1/4P3/3P4/4Q3/P4PPP/1R1R2K1","stockfishScores":{"bn":0.5117857142857143}},{"fenStr":"1r1q1r2/pp4kp/2nNp1p1/4p3/3P4/4Q3/P4PPP/1R1R2K1","stockfishScores":{"wn":0.502797619047619}},{"fenStr":"1r1q1r2/pp4kp/2nNp1p1/4P3/8/4Q3/P4PPP/1R1R2K1","stockfishScores":{"bn":0.5138095238095238}},{"fenStr":"1r3r2/pp4kp/2nNp1p1/q3P3/8/4Q3/P4PPP/1R1R2K1","stockfishScores":{"wn":0.5116666666666667}},{"fenStr":"1r3r2/pN4kp/2n1p1p1/q3P3/8/4Q3/P4PPP/1R1R2K1","stockfishScores":{"bn":0.5118452380952381}},{"fenStr":"1r3r2/pN4kp/2n1p1p1/4P3/8/4Q3/q4PPP/1R1R2K1","stockfishScores":{"wn":0.5097619047619047}},{"fenStr":"1r3r2/pN4kp/2n1p1p1/2Q1P3/8/8/q4PPP/1R1R2K1","stockfishScores":{"bn":0.5063690476190477}},{"fenStr":"1r1n1r2/pN4kp/4p1p1/2Q1P3/8/8/q4PPP/1R1R2K1","stockfishScores":{"wn":0.5242261904761905}},{"fenStr":"1r1N1r2/p5kp/4p1p1/2Q1P3/8/8/q4PPP/1R1R2K1","stockfishScores":{"bn":0.5507142857142857}},{"fenStr":"1r1r4/p5kp/4p1p1/2Q1P3/8/8/q4PPP/1R1R2K1","stockfishScores":{"wn":0.5082142857142857}},{"fenStr":"1r1r4/p1Q3kp/4p1p1/4P3/8/8/q4PPP/1R1R2K1","stockfishScores":{"bn":0.5119047619047619}},{"fenStr":"1r1r4/p1Q4p/4p1pk/4P3/8/8/q4PPP/1R1R2K1","stockfishScores":{"wn":0.5192261904761905}},{"fenStr":"1r1r4/p6p/4p1pk/4P3/8/8/q4PPP/1RQR2K1","stockfishScores":{"bn":0.51125}},{"fenStr":"1r1r4/p6p/4p2k/4P1p1/8/8/q4PPP/1RQR2K1","stockfishScores":{"wn":0.5075}},{"fenStr":"1R1r4/p6p/4p2k/4P1p1/8/8/q4PPP/2QR2K1","stockfishScores":{"bn":0.5466666666666666}},{"fenStr":"1r6/p6p/4p2k/4P1p1/8/8/q4PPP/2QR2K1","stockfishScores":{"wn":0.5057738095238096}},{"fenStr":"1r6/p6p/4p2k/4P1p1/7P/8/q4PP1/2QR2K1","stockfishScores":{"bn":0.5079761904761905}},{"fenStr":"6r1/p6p/4p2k/4P1p1/7P/8/q4PP1/2QR2K1","stockfishScores":{"wn":0.5064880952380952}},{"fenStr":"3R2r1/p6p/4p2k/4P1p1/7P/8/q4PP1/2Q3K1","stockfishScores":{"bn":0.5044642857142857}},{"fenStr":"3R4/p6p/4p1rk/4P1p1/7P/8/q4PP1/2Q3K1","stockfishScores":{"wn":0.5088095238095238}},{"fenStr":"3R4/p6p/4p1rk/4P1P1/8/8/q4PP1/2Q3K1","stockfishScores":{"bn":0.5158333333333334}},{"fenStr":"3R4/p6p/4p1r1/4P1Pk/8/8/q4PP1/2Q3K1","stockfishScores":{"wn":0.5178571428571429}},{"fenStr":"3R4/p6p/4p1r1/4P1Pk/5P2/8/q5P1/2Q3K1","stockfishScores":{"bn":0.5204166666666666}},{"fenStr":"3R4/p6p/4p1r1/4P1Pk/5P2/8/4q1P1/2Q3K1","stockfishScores":{"wn":0.516547619047619}},{"fenStr":"8/p2R3p/4p1r1/4P1Pk/5P2/8/4q1P1/2Q3K1","stockfishScores":{"bn":0.5245833333333333}},{"fenStr":"8/p2R3p/4p1r1/4P1P1/5Pk1/8/4q1P1/2Q3K1","stockfishScores":{"wn":0.5178571428571429}},{"fenStr":"8/R6p/4p1r1/4P1P1/5Pk1/8/4q1P1/2Q3K1","stockfishScores":{"bn":0.5173809523809524}},{"fenStr":"8/R7/4p1rp/4P1P1/5Pk1/8/4q1P1/2Q3K1","stockfishScores":{"wn":0.517797619047619}},{"fenStr":"8/8/4p1rp/4P1P1/R4Pk1/8/4q1P1/2Q3K1","stockfishScores":{"bn":0.5205357142857143}},{"fenStr":"8/8/4p1r1/4P1p1/R4Pk1/8/4q1P1/2Q3K1","stockfishScores":{"wn":0.5075595238095238}},{"fenStr":"8/8/4p1r1/4P1P1/R5k1/8/4q1P1/2Q3K1","stockfishScores":{"bn":0.5239880952380952}},{"fenStr":"8/8/4p1r1/4P1Pk/R7/8/4q1P1/2Q3K1","stockfishScores":{"wn":0.5133928571428571}},{"fenStr":"8/8/4p1r1/4P1Pk/R4Q2/8/4q1P1/6K1","stockfishScores":{"bn":0.5298809523809523}},{"fenStr":"8/8/4p1r1/4P1Pk/R4Q2/8/6P1/4q1K1","stockfishScores":{"wn":0.5254761904761904}},{"fenStr":"8/8/4p1r1/4P1Pk/R4Q2/8/6PK/4q3","stockfishScores":{"bn":0.5227380952380952}},{"fenStr":"8/8/4p3/4P1rk/R4Q2/8/6PK/4q3","stockfishScores":{"wn":0.5108928571428571}},{"fenStr":"8/5Q2/4p3/4P1rk/R7/8/6PK/4q3","stockfishScores":{"bn":0.4957738095238095}},{"fenStr":"8/5Q2/4p1r1/4P2k/R7/8/6PK/4q3","stockfishScores":{"wn":0.5173214285714286}},{"fenStr":"8/8/4p1r1/4P2k/R7/5Q2/6PK/4q3","stockfishScores":{"bn":0.502797619047619}},{"fenStr":"8/8/4p1r1/4P1k1/R7/5Q2/6PK/4q3","stockfishScores":{"wn":0.5152380952380953}},{"fenStr":"8/8/4p1r1/4P1k1/6R1/5Q2/6PK/4q3","stockfishScores":{"bn":0.49523809523809526}},{"fenStr":"8/8/4p1rk/4P3/6R1/5Q2/6PK/4q3","stockfishScores":{"wn":0.5079761904761905}},{"fenStr":"8/8/4p1rk/4P3/6R1/7Q/6PK/4q3","stockfishScores":{"bn":0.502797619047619}},{"fenStr":"8/6k1/4p1r1/4P3/6R1/7Q/6PK/4q3","stockfishScores":{"wn":0.5036904761904762}},{"fenStr":"8/6k1/4p1R1/4P3/8/7Q/6PK/4q3","stockfishScores":{"bn":0.5394642857142857}},{"fenStr":"8/8/4p1k1/4P3/8/7Q/6PK/4q3","stockfishScores":{"wn":0.5018452380952381}},{"fenStr":"8/8/4Q1k1/4P3/8/8/6PK/4q3","stockfishScores":{"bn":0.5057738095238096}},{"fenStr":"8/6k1/4Q3/4P3/8/8/6PK/4q3","stockfishScores":{"wn":0.50875}},{"fenStr":"8/6k1/5Q2/4P3/8/8/6PK/4q3","stockfishScores":{"bn":0.51125}},{"fenStr":"8/7k/5Q2/4P3/8/8/6PK/4q3","stockfishScores":{"wn":0.5147619047619048}},{"fenStr":"8/7k/4PQ2/8/8/8/6PK/4q3","stockfishScores":{"bn":0.5159523809523809}},{"fenStr":"8/7k/4PQ2/q7/8/8/6PK/8","stockfishScores":{"wn":0.5241666666666667}},{"fenStr":"8/4P2k/5Q2/q7/8/8/6PK/8","stockfishScores":{"bn":0.5307142857142857}},{"fenStr":"8/2q1P2k/5Q2/8/8/8/6PK/8","stockfishScores":{"wn":0.5305952380952381}},{"fenStr":"8/2q1P2k/5Q2/8/8/6P1/7K/8","stockfishScores":{"bn":0.5285714285714286}},{"fenStr":"8/4P2k/5Q2/8/8/6P1/2q4K/8","stockfishScores":{"wn":0.5264285714285715}},{"fenStr":"8/4P2k/5Q2/8/8/6PK/2q5/8","stockfishScores":{"bn":0.5261309523809524}},{"fenStr":"2q5/4P2k/5Q2/8/8/6PK/8/8","stockfishScores":{"wn":0.5204761904761904}},{"fenStr":"2q5/4P2k/5Q2/8/7K/6P1/8/8","stockfishScores":{"bn":0.5196428571428572}},{"fenStr":"8/4P2k/5Q2/8/2q4K/6P1/8/8","stockfishScores":{"wn":0.5298809523809523}},{"fenStr":"8/4P2k/8/8/2q2Q1K/6P1/8/8","stockfishScores":{"bn":0.5221428571428571}},{"fenStr":"8/4P2k/4q3/8/5Q1K/6P1/8/8","stockfishScores":{"wn":0.5141071428571429}},{"fenStr":"8/4P2k/4q3/6Q1/7K/6P1/8/8","stockfishScores":{"bn":0.5153571428571428}},{"fenStr":"8/4P2k/8/6Q1/4q2K/6P1/8/8","stockfishScores":{"wn":0.5185119047619048}},{"fenStr":"8/4P2k/8/6Q1/4q1PK/8/8/8","stockfishScores":{"bn":0.5172023809523809}},{"fenStr":"8/4P2k/8/6Q1/6PK/8/8/7q","stockfishScores":{"wn":0.531547619047619}},{"fenStr":"8/4P2k/8/6Q1/6P1/6K1/8/7q","stockfishScores":{"bn":0.5273809523809524}},{"fenStr":"8/4P2k/8/6Q1/6P1/6K1/8/6q1","stockfishScores":{"wn":0.5293452380952381}},{"fenStr":"8/4P2k/8/6Q1/5KP1/8/8/6q1","stockfishScores":{"bn":0.5307142857142857}},{"fenStr":"8/4P2k/8/6Q1/5KP1/8/8/2q5","stockfishScores":{"wn":0.5323214285714286}},{"fenStr":"8/4P2k/8/5KQ1/6P1/8/8/2q5","stockfishScores":{"bn":0.5336309523809524}},{"fenStr":"8/4P2k/8/2q2KQ1/6P1/8/8/8","stockfishScores":{"wn":0.5324404761904762}},{"fenStr":"8/4P2k/5K2/2q3Q1/6P1/8/8/8","stockfishScores":{"bn":0.5326190476190477}},{"fenStr":"8/4P2k/2q2K2/6Q1/6P1/8/8/8","stockfishScores":{"wn":0.5256547619047619}},{"fenStr":"8/4PK1k/2q5/6Q1/6P1/8/8/8","stockfishScores":{"bn":0.5232142857142857}},{"fenStr":"8/4PK1k/8/6Q1/2q3P1/8/8/8","stockfishScores":{"wn":0.5352976190476191}},{"fenStr":"5K2/4P2k/8/6Q1/2q3P1/8/8/8","stockfishScores":{"bn":0.5331547619047619}},{"fenStr":"5K2/4P2k/8/2q3Q1/6P1/8/8/8","stockfishScores":{"wn":0.5358928571428572}},{"fenStr":"5K2/4P1Qk/8/2q5/6P1/8/8/8","stockfishScores":{"bn":0.5338690476190476}}],"result":{"ww":true}}