{"fens":[{"fenStr":"rnbqkbnr/pppppppp/8/8/4P3/8/PPPP1PPP/RNBQKBNR","stockfishScores":{"bn":0.5049404761904762}},{"fenStr":"rnbqkbnr/pppp1ppp/8/4p3/4P3/8/PPPP1PPP/RNBQKBNR","stockfishScores":{"wn":0.5005952380952381}},{"fenStr":"rnbqkbnr/pppp1ppp/8/4p3/4P3/5N2/PPPP1PPP/RNBQKB1R","stockfishScores":{"bn":0.5044047619047619}},{"fenStr":"r1bqkbnr/pppp1ppp/2n5/4p3/4P3/5N2/PPPP1PPP/RNBQKB1R","stockfishScores":{"wn":0.5004166666666666}},{"fenStr":"r1bqkbnr/pppp1ppp/2n5/1B2p3/4P3/5N2/PPPP1PPP/RNBQK2R","stockfishScores":{"bn":0.5002380952380953}},{"fenStr":"r1bqkbnr/1ppp1ppp/p1n5/1B2p3/4P3/5N2/PPPP1PPP/RNBQK2R","stockfishScores":{"wn":0.49535714285714283}},{"fenStr":"r1bqkbnr/1ppp1ppp/p1n5/4p3/B3P3/5N2/PPPP1PPP/RNBQK2R","stockfishScores":{"bn":0.49654761904761907}},{"fenStr":"r1bqkb1r/1ppp1ppp/p1n2n2/4p3/B3P3/5N2/PPPP1PPP/RNBQK2R","stockfishScores":{"wn":0.49273809523809525}},{"fenStr":"r1bqkb1r/1ppp1ppp/p1n2n2/4p3/B3P3/5N2/PPPP1PPP/RNBQ1RK1","stockfishScores":{"bn":0.5022619047619048}},{"fenStr":"r1bqkb1r/1ppp1ppp/p1n5/4p3/B3n3/5N2/PPPP1PPP/RNBQ1RK1","stockfishScores":{"wn":0.4957142857142857}},{"fenStr":"r1bqkb1r/1ppp1ppp/p1n5/4p3/B2Pn3/5N2/PPP2PPP/RNBQ1RK1","stockfishScores":{"bn":0.5030357142857143}},{"fenStr":"r1bqkb1r/2pp1ppp/p1n5/1p2p3/B2Pn3/5N2/PPP2PPP/RNBQ1RK1","stockfishScores":{"wn":0.49654761904761907}},{"fenStr":"r1bqkb1r/2pp1ppp/p1n5/1p2p3/3Pn3/1B3N2/PPP2PPP/RNBQ1RK1","stockfishScores":{"bn":0.5055357142857143}},{"fenStr":"r1bqkb1r/2p2ppp/p1n5/1p1pp3/3Pn3/1B3N2/PPP2PPP/RNBQ1RK1","stockfishScores":{"wn":0.49714285714285716}},{"fenStr":"r1bqkb1r/2p2ppp/p1n5/1p1pP3/4n3/1B3N2/PPP2PPP/RNBQ1RK1","stockfishScores":{"bn":0.5077380952380952}},{"fenStr":"r2qkb1r/2p2ppp/p1n1b3/1p1pP3/4n3/1B3N2/PPP2PPP/RNBQ1RK1","stockfishScores":{"wn":0.5066666666666667}},{"fenStr":"r2qkb1r/2p2ppp/p1n1b3/1p1pP3/4n3/1BP2N2/PP3PPP/RNBQ1RK1","stockfishScores":{"bn":0.5085714285714286}},{"fenStr":"r2qk2r/2p1bppp/p1n1b3/1p1pP3/4n3/1BP2N2/PP3PPP/RNBQ1RK1","stockfishScores":{"wn":0.5082142857142857}},{"fenStr":"r2qk2r/2p1bppp/p1n1b3/1p1pP3/4n3/2P2N2/PPB2PPP/RNBQ1RK1","stockfishScores":{"bn":0.5100595238095238}},{"fenStr":"r2qk2r/2p1bppp/p1n1b3/1pnpP3/8/2P2N2/PPB2PPP/RNBQ1RK1","stockfishScores":{"wn":0.5101190476190476}},{"fenStr":"r2qk2r/2p1bppp/p1n1b3/1pnpP3/8/2P2N2/PPB2PPP/RNBQR1K1","stockfishScores":{"bn":0.5100595238095238}},{"fenStr":"r2q1rk1/2p1bppp/p1n1b3/1pnpP3/8/2P2N2/PPB2PPP/RNBQR1K1","stockfishScores":{"wn":0.5016071428571428}},{"fenStr":"r2q1rk1/2p1bppp/p1n1b3/1pnpP3/3N4/2P5/PPB2PPP/RNBQR1K1","stockfishScores":{"bn":0.5092261904761904}},{"fenStr":"r4rk1/2pqbppp/p1n1b3/1pnpP3/3N4/2P5/PPB2PPP/RNBQR1K1","stockfishScores":{"wn":0.5076785714285714}},{"fenStr":"r4rk1/2pqbppp/p1n1b3/1pnpP3/3N4/2P5/PPBN1PPP/R1BQR1K1","stockfishScores":{"bn":0.505}},{"fenStr":"r4rk1/2pqbppp/p3b3/1pnpP3/3n4/2P5/PPBN1PPP/R1BQR1K1","stockfishScores":{"wn":0.47458333333333336}},{"fenStr":"r4rk1/2pqbppp/p3b3/1pnpP3/3P4/8/PPBN1PPP/R1BQR1K1","stockfishScores":{"bn":0.5056547619047619}},{"fenStr":"r4rk1/1npqbppp/p3b3/1p1pP3/3P4/8/PPBN1PPP/R1BQR1K1","stockfishScores":{"wn":0.5041071428571429}},{"fenStr":"r4rk1/1npqbppp/p3b3/1p1pP3/3P4/8/PPB2PPP/R1BQRNK1","stockfishScores":{"bn":0.5059523809523809}},{"fenStr":"r4rk1/1n1qbppp/p3b3/1pppP3/3P4/8/PPB2PPP/R1BQRNK1","stockfishScores":{"wn":0.503452380952381}},{"fenStr":"r4rk1/1n1qbppp/p3b3/1pppP3/3P4/4B3/PPB2PPP/R2QRNK1","stockfishScores":{"bn":0.5041666666666667}},{"fenStr":"2r2rk1/1n1qbppp/p3b3/1pppP3/3P4/4B3/PPB2PPP/R2QRNK1","stockfishScores":{"wn":0.5045833333333334}},{"fenStr":"2r2rk1/1n1qbppp/p3b3/1pppP3/3P4/4B3/PPB2PPP/2RQRNK1","stockfishScores":{"bn":0.5040476190476191}},{"fenStr":"2r2rk1/1n1qb1pp/p3b3/1pppPp2/3P4/4B3/PPB2PPP/2RQRNK1","stockfishScores":{"wn":0.5027380952380952}},{"fenStr":"2r2rk1/1n1qb1pp/p3bP2/1ppp4/3P4/4B3/PPB2PPP/2RQRNK1","stockfishScores":{"bn":0.521547619047619}},{"fenStr":"2r2rk1/1n1q2pp/p3bb2/1ppp4/3P4/4B3/PPB2PPP/2RQRNK1","stockfishScores":{"wn":0.50125}},{"fenStr":"2r2rk1/1n1q2pp/p3bb2/1ppp4/3P4/4B1N1/PPB2PPP/2RQR1K1","stockfishScores":{"bn":0.5029166666666667}},{"fenStr":"2r2rk1/1n1q3p/p3bbp1/1ppp4/3P4/4B1N1/PPB2PPP/2RQR1K1","stockfishScores":{"wn":0.5023809523809524}},{"fenStr":"2r2rk1/1n1q3p/p3bbp1/1ppp4/3P4/4B3/PPB1NPPP/2RQR1K1","stockfishScores":{"bn":0.49964285714285717}},{"fenStr":"2r2rk1/1n4qp/p3bbp1/1ppp4/3P4/4B3/PPB1NPPP/2RQR1K1","stockfishScores":{"wn":0.50125}},{"fenStr":"2r2rk1/1n4qp/p3bbp1/1pPp4/8/4B3/PPB1NPPP/2RQR1K1","stockfishScores":{"bn":0.5072023809523809}},{"fenStr":"2r2rk1/6qp/p3bbp1/1pnp4/8/4B3/PPB1NPPP/2RQR1K1","stockfishScores":{"wn":0.5014880952380952}},{"fenStr":"2r2rk1/6qp/p3bbB1/1pnp4/8/4B3/PP2NPPP/2RQR1K1","stockfishScores":{"bn":0.5113690476190477}},{"fenStr":"2r2rk1/6q1/p3bbp1/1pnp4/8/4B3/PP2NPPP/2RQR1K1","stockfishScores":{"wn":0.4845238095238095}},{"fenStr":"2r2rk1/6q1/p3bbp1/1pBp4/8/8/PP2NPPP/2RQR1K1","stockfishScores":{"bn":0.5023809523809524}},{"fenStr":"2rr2k1/6q1/p3bbp1/1pBp4/8/8/PP2NPPP/2RQR1K1","stockfishScores":{"wn":0.49875}},{"fenStr":"2rr2k1/6q1/p3bbp1/1pBp4/1P6/8/P3NPPP/2RQR1K1","stockfishScores":{"bn":0.501547619047619}},{"fenStr":"2rr2k1/5bq1/p4bp1/1pBp4/1P6/8/P3NPPP/2RQR1K1","stockfishScores":{"wn":0.505}},{"fenStr":"2rr2k1/5bq1/p4bp1/1pBp4/1P6/3Q4/P3NPPP/2R1R1K1","stockfishScores":{"bn":0.5059523809523809}},{"fenStr":"2rr2k1/5bq1/p4bp1/1pB5/1P1p4/3Q4/P3NPPP/2R1R1K1","stockfishScores":{"wn":0.5040476190476191}},{"fenStr":"2rr2k1/5bq1/p4bp1/1pB5/1P1p1N2/3Q4/P4PPP/2R1R1K1","stockfishScores":{"bn":0.5085714285714286}},{"fenStr":"2rr2k1/5bq1/p5p1/1pB1b3/1P1p1N2/3Q4/P4PPP/2R1R1K1","stockfishScores":{"wn":0.5054166666666666}},{"fenStr":"2rr2k1/5bq1/p5p1/1pB1b3/1P1p4/3Q3N/P4PPP/2R1R1K1","stockfishScores":{"bn":0.5038095238095238}},{"fenStr":"2rr2k1/5bq1/p4bp1/1pB5/1P1p4/3Q3N/P4PPP/2R1R1K1","stockfishScores":{"wn":0.5046428571428572}},{"fenStr":"2rr2k1/5bq1/p4bp1/1pB5/1P1p1N2/3Q4/P4PPP/2R1R1K1","stockfishScores":{"bn":0.5085714285714286}},{"fenStr":"2rr2k1/5bq1/p5p1/1pB1b3/1P1p1N2/3Q4/P4PPP/2R1R1K1","stockfishScores":{"wn":0.5054166666666666}},{"fenStr":"2rr2k1/5bq1/p5p1/1pB1b3/1P1p4/3Q3N/P4PPP/2R1R1K1","stockfishScores":{"bn":0.5038095238095238}},{"fenStr":"2rr2k1/5bq1/p4bp1/1pB5/1P1p4/3Q3N/P4PPP/2R1R1K1","stockfishScores":{"wn":0.5046428571428572}},{"fenStr":"2rr2k1/5bq1/p4bp1/1pB5/1P1p4/3Q3N/P4PPP/3RR1K1","stockfishScores":{"bn":0.5027380952380952}},{"fenStr":"2rr2k1/6q1/p4bp1/1pB5/1Pbp4/3Q3N/P4PPP/3RR1K1","stockfishScores":{"wn":0.5035714285714286}},{"fenStr":"2rr2k1/6q1/p4bp1/1pB5/1Pbp4/5Q1N/P4PPP/3RR1K1","stockfishScores":{"bn":0.5042261904761904}},{"fenStr":"2rr2k1/6q1/p4b2/1pB3p1/1Pbp4/5Q1N/P4PPP/3RR1K1","stockfishScores":{"wn":0.5055952380952381}},{"fenStr":"2rr2k1/6q1/p4b2/1pB2Qp1/1Pbp4/7N/P4PPP/3RR1K1","stockfishScores":{"bn":0.5083928571428571}},{"fenStr":"2rr2k1/6q1/p4b2/1pB2Qp1/1Pb5/3p3N/P4PPP/3RR1K1","stockfishScores":{"wn":0.50375}},{"fenStr":"2rr2k1/6q1/p4b2/1pB2Qp1/1Pb5/3pR2N/P4PPP/3R2K1","stockfishScores":{"bn":0.5022023809523809}},{"fenStr":"3r2k1/6q1/p1r2b2/1pB2Qp1/1Pb5/3pR2N/P4PPP/3R2K1","stockfishScores":{"wn":0.49857142857142855}},{"fenStr":"3r2k1/6q1/p1r2b2/1pB2Qp1/1Pb5/3p2RN/P4PPP/3R2K1","stockfishScores":{"bn":0.4951190476190476}},{"fenStr":"6k1/6q1/p1r2b2/1pBr1Qp1/1Pb5/3p2RN/P4PPP/3R2K1","stockfishScores":{"wn":0.49279761904761904}},{"fenStr":"6k1/6q1/p1r2b2/1pBr2p1/1Pb1Q3/3p2RN/P4PPP/3R2K1","stockfishScores":{"bn":0.5076190476190476}},{"fenStr":"6k1/3q4/p1r2b2/1pBr2p1/1Pb1Q3/3p2RN/P4PPP/3R2K1","stockfishScores":{"wn":0.504702380952381}},{"fenStr":"6k1/3q4/p1r2b2/1pBr2p1/1Pb2Q2/3p2RN/P4PPP/3R2K1","stockfishScores":{"bn":0.49523809523809526}},{"fenStr":"6k1/3q4/p1r2b2/1pB2rp1/1Pb2Q2/3p2RN/P4PPP/3R2K1","stockfishScores":{"wn":0.49583333333333335}},{"fenStr":"6k1/3q4/p1r2b2/1pB2rp1/1Pb5/3p2RN/P2Q1PPP/3R2K1","stockfishScores":{"bn":0.4982142857142857}},{"fenStr":"6k1/6q1/p1r2b2/1pB2rp1/1Pb5/3p2RN/P2Q1PPP/3R2K1","stockfishScores":{"wn":0.5011309523809524}},{"fenStr":"6k1/6q1/p1r2b2/1pB2rp1/1Pb5/3p2RN/P2Q1PPP/4R1K1","stockfishScores":{"bn":0.5096428571428572}},{"fenStr":"6k1/6q1/p1r5/1pB2rp1/1Pb5/2bp2RN/P2Q1PPP/4R1K1","stockfishScores":{"wn":0.5042857142857143}},{"fenStr":"4R1k1/6q1/p1r5/1pB2rp1/1Pb5/2bp2RN/P2Q1PPP/6K1","stockfishScores":{"bn":0.5038095238095238}},{"fenStr":"4R3/6qk/p1r5/1pB2rp1/1Pb5/2bp2RN/P2Q1PPP/6K1","stockfishScores":{"wn":0.5129166666666667}},{"fenStr":"4R3/6qk/p1r5/1pB2rp1/1Pb5/2bp2RN/P4PPP/3Q2K1","stockfishScores":{"bn":0.5285119047619048}},{"fenStr":"4R3/7k/p1r3q1/1pB2rp1/1Pb5/2bp2RN/P4PPP/3Q2K1","stockfishScores":{"wn":0.5097619047619047}},{"fenStr":"8/4R2k/p1r3q1/1pB2rp1/1Pb5/2bp2RN/P4PPP/3Q2K1","stockfishScores":{"bn":0.5021428571428571}},{"fenStr":"7k/4R3/p1r3q1/1pB2rp1/1Pb5/2bp2RN/P4PPP/3Q2K1","stockfishScores":{"wn":0.5041071428571429}},{"fenStr":"7k/4R3/p1r3q1/1pB2rp1/1Pb5/2bp2RN/P4PPP/2Q3K1","stockfishScores":{"bn":0.5133928571428571}},{"fenStr":"7k/4R3/p1r2bq1/1pB2rp1/1Pb5/3p2RN/P4PPP/2Q3K1","stockfishScores":{"wn":0.4995833333333333}},{"fenStr":"7k/8/p1r2bq1/1pB2rp1/1Pb5/3p2RN/P4PPP/2Q1R1K1","stockfishScores":{"bn":0.5013690476190477}},{"fenStr":"7k/6q1/p1r2b2/1pB2rp1/1Pb5/3p2RN/P4PPP/2Q1R1K1","stockfishScores":{"wn":0.5094642857142857}},{"fenStr":"7k/6q1/p1r2b2/1pB2rp1/1Pb5/3p2RN/P4PPP/3QR1K1","stockfishScores":{"bn":0.5242857142857142}},{"fenStr":"7k/5q2/p1r2b2/1pB2rp1/1Pb5/3p2RN/P4PPP/3QR1K1","stockfishScores":{"wn":0.5031547619047619}},{"fenStr":"7k/5q2/p1r2b2/1pB2rp1/1Pb5/3p2RN/P2Q1PPP/4R1K1","stockfishScores":{"bn":0.5033928571428572}},{"fenStr":"7k/6q1/p1r2b2/1pB2rp1/1Pb5/3p2RN/P2Q1PPP/4R1K1","stockfishScores":{"wn":0.5124404761904762}},{"fenStr":"4R2k/6q1/p1r2b2/1pB2rp1/1Pb5/3p2RN/P2Q1PPP/6K1","stockfishScores":{"bn":0.5166071428571428}},{"fenStr":"4R3/6qk/p1r2b2/1pB2rp1/1Pb5/3p2RN/P2Q1PPP/6K1","stockfishScores":{"wn":0.5140476190476191}},{"fenStr":"4R3/6qk/p1r2b2/1pB2rp1/1Pb5/3p2RN/P4PPP/3Q2K1","stockfishScores":{"bn":0.5264285714285715}},{"fenStr":"4R3/7k/p1r2bq1/1pB2rp1/1Pb5/3p2RN/P4PPP/3Q2K1","stockfishScores":{"wn":0.5090476190476191}},{"fenStr":"8/7k/p1r2bq1/1pB2rp1/1Pb5/3p2RN/P4PPP/3QR1K1","stockfishScores":{"bn":0.5038690476190476}},{"fenStr":"8/5q1k/p1r2b2/1pB2rp1/1Pb5/3p2RN/P4PPP/3QR1K1","stockfishScores":{"wn":0.5036309523809523}},{"fenStr":"8/5q1k/p1r2b2/1pB2rp1/1Pb5/3pR2N/P4PPP/3QR1K1","stockfishScores":{"bn":0.505297619047619}},{"fenStr":"8/5qbk/p1r5/1pB2rp1/1Pb5/3pR2N/P4PPP/3QR1K1","stockfishScores":{"wn":0.5041666666666667}},{"fenStr":"8/4Rqbk/p1r5/1pB2rp1/1Pb5/3p3N/P4PPP/3QR1K1","stockfishScores":{"bn":0.5038690476190476}},{"fenStr":"8/4R1bk/p1r3q1/1pB2rp1/1Pb5/3p3N/P4PPP/3QR1K1","stockfishScores":{"wn":0.508095238095238}},{"fenStr":"8/4R1bk/p1r3q1/1pB2rp1/1Pb5/3p3N/P2Q1PPP/4R1K1","stockfishScores":{"bn":0.5086309523809524}},{"fenStr":"7k/4R1b1/p1r3q1/1pB2rp1/1Pb5/3p3N/P2Q1PPP/4R1K1","stockfishScores":{"wn":0.5104166666666666}},{"fenStr":"7k/4R1b1/p1r3q1/1p3rp1/1Pb5/3pB2N/P2Q1PPP/4R1K1","stockfishScores":{"bn":0.5002380952380953}},{"fenStr":"7k/4R3/p1r2bq1/1p3rp1/1Pb5/3pB2N/P2Q1PPP/4R1K1","stockfishScores":{"wn":0.4988690476190476}},{"fenStr":"7k/R7/p1r2bq1/1p3rp1/1Pb5/3pB2N/P2Q1PPP/4R1K1","stockfishScores":{"bn":0.5067857142857143}},{"fenStr":"7k/R7/p1r2bq1/1p1r2p1/1Pb5/3pB2N/P2Q1PPP/4R1K1","stockfishScores":{"wn":0.5091071428571429}},{"fenStr":"7k/R7/p1r2bq1/1pBr2p1/1Pb5/3p3N/P2Q1PPP/4R1K1","stockfishScores":{"bn":0.5146428571428572}},{"fenStr":"7k/R7/p1r2bq1/1pB2rp1/1Pb5/3p3N/P2Q1PPP/4R1K1","stockfishScores":{"wn":0.5138095238095238}},{"fenStr":"7k/R7/p1r2bq1/1pB2rp1/1Pb5/3pR2N/P2Q1PPP/6K1","stockfishScores":{"bn":0.512797619047619}},{"fenStr":"7k/R7/p1r2bq1/1pB2r2/1Pb3p1/3pR2N/P2Q1PPP/6K1","stockfishScores":{"wn":0.50875}},{"fenStr":"7k/R7/p1r2bq1/1pB2r2/1Pb3p1/3p2RN/P2Q1PPP/6K1","stockfishScores":{"bn":0.5108928571428571}},{"fenStr":"7k/R7/p3rbq1/1pB2r2/1Pb3p1/3p2RN/P2Q1PPP/6K1","stockfishScores":{"wn":0.51375}},{"fenStr":"7k/R7/p3rbq1/1pB2r2/1Pb3R1/3p3N/P2Q1PPP/6K1","stockfishScores":{"bn":0.5480952380952381}},{"fenStr":"7k/R7/p3rb2/1pB2r2/1Pb3q1/3p3N/P2Q1PPP/6K1","stockfishScores":{"wn":0.5066666666666667}},{"fenStr":"7k/R7/p3rb1Q/1pB2r2/1Pb3q1/3p3N/P4PPP/6K1","stockfishScores":{"bn":0.48214285714285715}},{"fenStr":"6k1/R7/p3rb1Q/1pB2r2/1Pb3q1/3p3N/P4PPP/6K1","stockfishScores":{"wn":0.49178571428571427}},{"fenStr":"5Qk1/R7/p3rb2/1pB2r2/1Pb3q1/3p3N/P4PPP/6K1","stockfishScores":{"bn":0.45666666666666667}}],"result":{"ww":true}}