{"fens":[{"fenStr":"rnbqkbnr/pppppppp/8/8/3P4/8/PPP1PPPP/RNBQKBNR","stockfishScores":{"bn":0.5048809523809524}},{"fenStr":"rnbqkb1r/pppppppp/5n2/8/3P4/8/PPP1PPPP/RNBQKBNR","stockfishScores":{"wn":0.5016071428571428}},{"fenStr":"rnbqkb1r/pppppppp/5n2/8/2PP4/8/PP2PPPP/RNBQKBNR","stockfishScores":{"bn":0.5041071428571429}},{"fenStr":"rnbqkb1r/pp1ppppp/5n2/2p5/2PP4/8/PP2PPPP/RNBQKBNR","stockfishScores":{"wn":0.5042261904761904}},{"fenStr":"rnbqkb1r/pp1ppppp/5n2/2pP4/2P5/8/PP2PPPP/RNBQKBNR","stockfishScores":{"bn":0.5044047619047619}},{"fenStr":"rnbqkb1r/pp2pppp/3p1n2/2pP4/2P5/8/PP2PPPP/RNBQKBNR","stockfishScores":{"wn":0.5020238095238095}},{"fenStr":"rnbqkb1r/pp2pppp/3p1n2/2pP4/2P5/2N5/PP2PPPP/R1BQKBNR","stockfishScores":{"bn":0.5048809523809524}},{"fenStr":"rnbqkb1r/pp2pp1p/3p1np1/2pP4/2P5/2N5/PP2PPPP/R1BQKBNR","stockfishScores":{"wn":0.50375}},{"fenStr":"rnbqkb1r/pp2pp1p/3p1np1/2pP4/2P1P3/2N5/PP3PPP/R1BQKBNR","stockfishScores":{"bn":0.5070238095238095}},{"fenStr":"rnbqk2r/pp2ppbp/3p1np1/2pP4/2P1P3/2N5/PP3PPP/R1BQKBNR","stockfishScores":{"wn":0.5056547619047619}},{"fenStr":"rnbqk2r/pp2ppbp/3p1np1/2pP4/2P1P3/2N2N2/PP3PPP/R1BQKB1R","stockfishScores":{"bn":0.5104166666666666}},{"fenStr":"rnbq1rk1/pp2ppbp/3p1np1/2pP4/2P1P3/2N2N2/PP3PPP/R1BQKB1R","stockfishScores":{"wn":0.49660714285714286}},{"fenStr":"rnbq1rk1/pp2ppbp/3p1np1/2pP4/2P1P3/2N2N2/PP2BPPP/R1BQK2R","stockfishScores":{"bn":0.4955357142857143}},{"fenStr":"rnbq1rk1/pp3pbp/3ppnp1/2pP4/2P1P3/2N2N2/PP2BPPP/R1BQK2R","stockfishScores":{"wn":0.49607142857142855}},{"fenStr":"rnbq1rk1/pp3pbp/3ppnp1/2pP4/2P1P3/2N2N2/PP2BPPP/R1BQ1RK1","stockfishScores":{"bn":0.5073809523809524}},{"fenStr":"rnbq1rk1/pp3pbp/3p1np1/2pp4/2P1P3/2N2N2/PP2BPPP/R1BQ1RK1","stockfishScores":{"wn":0.4969642857142857}},{"fenStr":"rnbq1rk1/pp3pbp/3p1np1/2pP4/4P3/2N2N2/PP2BPPP/R1BQ1RK1","stockfishScores":{"bn":0.5064285714285715}},{"fenStr":"rnbq1rk1/1p3pbp/p2p1np1/2pP4/4P3/2N2N2/PP2BPPP/R1BQ1RK1","stockfishScores":{"wn":0.5075595238095238}},{"fenStr":"rnbq1rk1/1p3pbp/p2p1np1/2pP4/P3P3/2N2N2/1P2BPPP/R1BQ1RK1","stockfishScores":{"bn":0.5064880952380952}},{"fenStr":"rnbqr1k1/1p3pbp/p2p1np1/2pP4/P3P3/2N2N2/1P2BPPP/R1BQ1RK1","stockfishScores":{"wn":0.5060714285714286}},{"fenStr":"rnbqr1k1/1p3pbp/p2p1np1/2pP4/P3P3/2N2N2/1PQ1BPPP/R1B2RK1","stockfishScores":{"bn":0.50625}},{"fenStr":"r1bqr1k1/1p1n1pbp/p2p1np1/2pP4/P3P3/2N2N2/1PQ1BPPP/R1B2RK1","stockfishScores":{"wn":0.5036904761904762}},{"fenStr":"r1bqr1k1/1p1n1pbp/p2p1np1/2pP4/P3PB2/2N2N2/1PQ1BPPP/R4RK1","stockfishScores":{"bn":0.5070238095238095}},{"fenStr":"r1bqrnk1/1p3pbp/p2p1np1/2pP4/P3PB2/2N2N2/1PQ1BPPP/R4RK1","stockfishScores":{"wn":0.5088690476190476}},{"fenStr":"r1bqrnk1/1p3pbp/p2p1np1/2pP4/P3PB2/2N5/1PQNBPPP/R4RK1","stockfishScores":{"bn":0.5073809523809524}},{"fenStr":"r1bqrnk1/1p3pbp/p2p2p1/2pP4/P3PBn1/2N5/1PQNBPPP/R4RK1","stockfishScores":{"wn":0.5078571428571429}},{"fenStr":"r1bqrnk1/1p3pbp/p2p2p1/2pP4/P3PBB1/2N5/1PQN1PPP/R4RK1","stockfishScores":{"bn":0.5252976190476191}},{"fenStr":"r2qrnk1/1p3pbp/p2p2p1/2pP4/P3PBb1/2N5/1PQN1PPP/R4RK1","stockfishScores":{"wn":0.49976190476190474}},{"fenStr":"r2qrnk1/1p3pbp/p2p2p1/2pP4/P1N1PBb1/2N5/1PQ2PPP/R4RK1","stockfishScores":{"bn":0.502797619047619}},{"fenStr":"r2qrnk1/1p3p1p/p2p2p1/2pPb3/P1N1PBb1/2N5/1PQ2PPP/R4RK1","stockfishScores":{"wn":0.5017857142857143}},{"fenStr":"r2qrnk1/1p3p1p/p2p2p1/2pPB3/P1N1P1b1/2N5/1PQ2PPP/R4RK1","stockfishScores":{"bn":0.53}},{"fenStr":"r2qrnk1/1p3p1p/p5p1/2pPp3/P1N1P1b1/2N5/1PQ2PPP/R4RK1","stockfishScores":{"wn":0.5133928571428571}},{"fenStr":"r2qrnk1/1p3p1p/p5p1/2pPp3/P1N1P1b1/2N2P2/1PQ3PP/R4RK1","stockfishScores":{"bn":0.5198809523809523}},{"fenStr":"r1bqrnk1/1p3p1p/p5p1/2pPp3/P1N1P3/2N2P2/1PQ3PP/R4RK1","stockfishScores":{"wn":0.5169047619047619}},{"fenStr":"r1bqrnk1/1p3p1p/p5p1/P1pPp3/2N1P3/2N2P2/1PQ3PP/R4RK1","stockfishScores":{"bn":0.5155357142857143}},{"fenStr":"1rbqrnk1/1p3p1p/p5p1/P1pPp3/2N1P3/2N2P2/1PQ3PP/R4RK1","stockfishScores":{"wn":0.5167261904761905}},{"fenStr":"1rbqrnk1/1p3p1p/p5p1/P1pPp3/2N1P3/2N2P2/1P3QPP/R4RK1","stockfishScores":{"bn":0.516547619047619}},{"fenStr":"1rb1rnk1/1pq2p1p/p5p1/P1pPp3/2N1P3/2N2P2/1P3QPP/R4RK1","stockfishScores":{"wn":0.5177380952380952}},{"fenStr":"1rb1rnk1/1pq2p1p/p5p1/P1pPp3/N1N1P3/5P2/1P3QPP/R4RK1","stockfishScores":{"bn":0.5141071428571429}},{"fenStr":"1r2rnk1/1pqb1p1p/p5p1/P1pPp3/N1N1P3/5P2/1P3QPP/R4RK1","stockfishScores":{"wn":0.509702380952381}},{"fenStr":"1r2rnk1/1pqb1p1p/pN4p1/P1pPp3/2N1P3/5P2/1P3QPP/R4RK1","stockfishScores":{"bn":0.518154761904762}},{"fenStr":"1r2rnk1/1pq2p1p/pN4p1/PbpPp3/2N1P3/5P2/1P3QPP/R4RK1","stockfishScores":{"wn":0.5149404761904762}},{"fenStr":"1r2rnk1/1pq2p1p/pN4p1/PbpPp3/2N1P3/5P2/1P3QPP/R1R3K1","stockfishScores":{"bn":0.5154761904761904}},{"fenStr":"1r1r1nk1/1pq2p1p/pN4p1/PbpPp3/2N1P3/5P2/1P3QPP/R1R3K1","stockfishScores":{"wn":0.5164880952380952}},{"fenStr":"1r1r1nk1/1pq2p1p/pN4p1/PbpPp3/4P3/N4P2/1P3QPP/R1R3K1","stockfishScores":{"bn":0.5133928571428571}},{"fenStr":"1r1r2k1/1pqn1p1p/pN4p1/PbpPp3/4P3/N4P2/1P3QPP/R1R3K1","stockfishScores":{"wn":0.5103571428571428}},{"fenStr":"1r1r2k1/1pqN1p1p/p5p1/PbpPp3/4P3/N4P2/1P3QPP/R1R3K1","stockfishScores":{"bn":0.5355952380952381}},{"fenStr":"1r4k1/1pqr1p1p/p5p1/PbpPp3/4P3/N4P2/1P3QPP/R1R3K1","stockfishScores":{"wn":0.5074404761904762}},{"fenStr":"1r4k1/1pqr1p1p/p5p1/PNpPp3/4P3/5P2/1P3QPP/R1R3K1","stockfishScores":{"bn":0.5355357142857142}},{"fenStr":"1r4k1/1pqr1p1p/6p1/PppPp3/4P3/5P2/1P3QPP/R1R3K1","stockfishScores":{"wn":0.5089285714285714}},{"fenStr":"1r4k1/1pqr1p1p/6p1/PpRPp3/4P3/5P2/1P3QPP/R5K1","stockfishScores":{"bn":0.51625}},{"fenStr":"1r4k1/1p1r1p1p/3q2p1/PpRPp3/4P3/5P2/1P3QPP/R5K1","stockfishScores":{"wn":0.5150595238095238}},{"fenStr":"1r4k1/1p1r1p1p/3q2p1/PR1Pp3/4P3/5P2/1P3QPP/R5K1","stockfishScores":{"bn":0.5178571428571429}},{"fenStr":"2r3k1/1p1r1p1p/3q2p1/PR1Pp3/4P3/5P2/1P3QPP/R5K1","stockfishScores":{"wn":0.5170238095238096}},{"fenStr":"2r3k1/1p1r1p1p/1R1q2p1/P2Pp3/4P3/5P2/1P3QPP/R5K1","stockfishScores":{"bn":0.5166071428571428}},{"fenStr":"2r3k1/1pqr1p1p/1R4p1/P2Pp3/4P3/5P2/1P3QPP/R5K1","stockfishScores":{"wn":0.5158928571428572}},{"fenStr":"2r3k1/1pqr1p1p/1R4p1/P2Pp3/4P3/5P1P/1P3QP1/R5K1","stockfishScores":{"bn":0.515}},{"fenStr":"2r3k1/1p1r1p1p/1R4p1/P2Pp3/2q1P3/5P1P/1P3QP1/R5K1","stockfishScores":{"wn":0.5149404761904762}},{"fenStr":"2r3k1/1p1r1p1p/1R4p1/P2Pp3/2q1P3/5P1P/1P3QPK/R7","stockfishScores":{"bn":0.514702380952381}},{"fenStr":"2r3k1/1p1r3p/1R4p1/P2Ppp2/2q1P3/5P1P/1P3QPK/R7","stockfishScores":{"wn":0.5153571428571428}},{"fenStr":"2r3k1/1p1r3p/1R4p1/P2Ppp2/2q1P3/R4P1P/1P3QPK/8","stockfishScores":{"bn":0.5149404761904762}},{"fenStr":"2r3k1/1p1r3p/1R4p1/P2Ppp2/4P3/R4P1P/1P3QPK/2q5","stockfishScores":{"wn":0.5089285714285714}},{"fenStr":"2r3k1/1p1r3p/1R4p1/P2Ppp2/4P3/R3QP1P/1P4PK/2q5","stockfishScores":{"bn":0.514702380952381}},{"fenStr":"2r3k1/1p1r3p/1R4p1/P2Ppp2/4P3/R3QP1P/1P4PK/5q2","stockfishScores":{"wn":0.5136904761904761}},{"fenStr":"2r3k1/1p1r3p/1R4p1/P2Ppp2/4P3/2R1QP1P/1P4PK/5q2","stockfishScores":{"bn":0.5242261904761905}},{"fenStr":"2r3k1/1pr4p/1R4p1/P2Ppp2/4P3/2R1QP1P/1P4PK/5q2","stockfishScores":{"wn":0.5191666666666667}},{"fenStr":"2r3k1/1pR4p/1R4p1/P2Ppp2/4P3/4QP1P/1P4PK/5q2","stockfishScores":{"bn":0.5506547619047619}},{"fenStr":"6k1/1pr4p/1R4p1/P2Ppp2/4P3/4QP1P/1P4PK/5q2","stockfishScores":{"wn":0.5189285714285714}},{"fenStr":"6k1/1pr4p/1R4p1/P2PppQ1/4P3/5P1P/1P4PK/5q2","stockfishScores":{"bn":0.5235119047619048}},{"fenStr":"8/1pr3kp/1R4p1/P2PppQ1/4P3/5P1P/1P4PK/5q2","stockfishScores":{"wn":0.5258333333333334}},{"fenStr":"8/1pr3kp/1R3Qp1/P2Ppp2/4P3/5P1P/1P4PK/5q2","stockfishScores":{"bn":0.5173214285714286}},{"fenStr":"8/1pr4p/1R3Qpk/P2Ppp2/4P3/5P1P/1P4PK/5q2","stockfishScores":{"wn":0.5298214285714286}},{"fenStr":"8/1pr4p/1R4pk/P2PQp2/4P3/5P1P/1P4PK/5q2","stockfishScores":{"bn":0.5338095238095238}},{"fenStr":"8/1p5p/1R4pk/P2PQp2/4P3/5P1P/1Pr3PK/5q2","stockfishScores":{"wn":0.5157142857142857}},{"fenStr":"8/1p5p/1R4pk/P2P1p2/4PQ2/5P1P/1Pr3PK/5q2","stockfishScores":{"bn":0.5150595238095238}},{"fenStr":"8/1p5p/1R4p1/P2P1p1k/4PQ2/5P1P/1Pr3PK/5q2","stockfishScores":{"wn":0.5138690476190476}},{"fenStr":"8/1p5p/1R4p1/P2P1p1k/4P3/5PQP/1Pr3PK/5q2","stockfishScores":{"bn":0.5307142857142857}},{"fenStr":"8/1p5p/1R4p1/P2P1p1k/4P3/5PQP/1P4PK/2r2q2","stockfishScores":{"wn":0.5175595238095239}},{"fenStr":"8/1p5p/1R1Q2p1/P2P1p1k/4P3/5P1P/1P4PK/2r2q2","stockfishScores":{"bn":0.5075}},{"fenStr":"8/1p5p/1R1Q2p1/P2P1p1k/4P3/5P1P/1Pr3PK/5q2","stockfishScores":{"wn":0.5079761904761905}},{"fenStr":"8/1p5p/1R1Q2p1/P2P1p1k/4P3/5PKP/1Pr3P1/5q2","stockfishScores":{"bn":0.5103571428571428}},{"fenStr":"8/1p5p/1R1Q2p1/P2P1p1k/4P3/5PKP/1Pr3q1/8","stockfishScores":{"wn":0.5095238095238095}},{"fenStr":"8/1p5p/1R1Q2p1/P2P1p1k/4PK2/5P1P/1Pr3q1/8","stockfishScores":{"bn":0.5111309523809524}},{"fenStr":"8/1p5p/1R1Q2p1/P2P1p1k/4PK2/5P1P/1Pr4q/8","stockfishScores":{"wn":0.5180357142857143}},{"fenStr":"8/1p5p/1R1Q2p1/P2P1p1k/4P3/4KP1P/1Pr4q/8","stockfishScores":{"bn":0.4967261904761905}},{"fenStr":"8/1p5p/1R1Q2p1/P2P1p1k/4P3/4KP1P/1Prq4/8","stockfishScores":{"wn":0.493452380952381}}],"result":{"bw":true}}