{"fens":[{"fenStr":"rnbqkbnr/pppppppp/8/8/8/5N2/PPPPPPPP/RNBQKB1R","stockfishScores":{"bn":0.5038690476190476}},{"fenStr":"rnbqkbnr/pppppp1p/6p1/8/8/5N2/PPPPPPPP/RNBQKB1R","stockfishScores":{"wn":0.5029166666666667}},{"fenStr":"rnbqkbnr/pppppp1p/6p1/8/3P4/5N2/PPP1PPPP/RNBQKB1R","stockfishScores":{"bn":0.5081547619047619}},{"fenStr":"rnbqk1nr/ppppppbp/6p1/8/3P4/5N2/PPP1PPPP/RNBQKB1R","stockfishScores":{"wn":0.5066666666666667}},{"fenStr":"rnbqk1nr/ppppppbp/6p1/8/3PP3/5N2/PPP2PPP/RNBQKB1R","stockfishScores":{"bn":0.5110714285714286}},{"fenStr":"rnbqk1nr/ppp1ppbp/3p2p1/8/3PP3/5N2/PPP2PPP/RNBQKB1R","stockfishScores":{"wn":0.5068452380952381}},{"fenStr":"rnbqk1nr/ppp1ppbp/3p2p1/8/3PP3/2N2N2/PPP2PPP/R1BQKB1R","stockfishScores":{"bn":0.5090476190476191}},{"fenStr":"rnbqk2r/ppp1ppbp/3p1np1/8/3PP3/2N2N2/PPP2PPP/R1BQKB1R","stockfishScores":{"wn":0.5063095238095238}},{"fenStr":"rnbqk2r/ppp1ppbp/3p1np1/8/3PP3/2N2N2/PPP1BPPP/R1BQK2R","stockfishScores":{"bn":0.5052380952380953}},{"fenStr":"rnbq1rk1/ppp1ppbp/3p1np1/8/3PP3/2N2N2/PPP1BPPP/R1BQK2R","stockfishScores":{"wn":0.49625}},{"fenStr":"rnbq1rk1/ppp1ppbp/3p1np1/8/3PP3/2N2N2/PPP1BPPP/R1BQ1RK1","stockfishScores":{"bn":0.5066666666666667}},{"fenStr":"r1bq1rk1/pppnppbp/3p1np1/8/3PP3/2N2N2/PPP1BPPP/R1BQ1RK1","stockfishScores":{"wn":0.5060119047619047}},{"fenStr":"r1bq1rk1/pppnppbp/3p1np1/4P3/3P4/2N2N2/PPP1BPPP/R1BQ1RK1","stockfishScores":{"bn":0.511547619047619}},{"fenStr":"r1bqnrk1/pppnppbp/3p2p1/4P3/3P4/2N2N2/PPP1BPPP/R1BQ1RK1","stockfishScores":{"wn":0.5127380952380952}},{"fenStr":"r1bqnrk1/pppnppbp/3pP1p1/8/3P4/2N2N2/PPP1BPPP/R1BQ1RK1","stockfishScores":{"bn":0.5057142857142857}},{"fenStr":"r1bqnrk1/pppnp1bp/3pp1p1/8/3P4/2N2N2/PPP1BPPP/R1BQ1RK1","stockfishScores":{"wn":0.5010119047619047}},{"fenStr":"r1bqnrk1/pppnp1bp/3pp1p1/6N1/3P4/2N5/PPP1BPPP/R1BQ1RK1","stockfishScores":{"bn":0.5031547619047619}},{"fenStr":"r1bqnrk1/ppp1p1bp/3ppnp1/6N1/3P4/2N5/PPP1BPPP/R1BQ1RK1","stockfishScores":{"wn":0.5019047619047619}},{"fenStr":"r1bqnrk1/ppp1p1bp/3ppnp1/6N1/3P4/2NB4/PPP2PPP/R1BQ1RK1","stockfishScores":{"bn":0.5023809523809524}},{"fenStr":"r1bqnrk1/pp2p1bp/2pppnp1/6N1/3P4/2NB4/PPP2PPP/R1BQ1RK1","stockfishScores":{"wn":0.5010714285714286}},{"fenStr":"r1bqnrk1/pp2p1bp/2pppnp1/6N1/3P4/3B4/PPP1NPPP/R1BQ1RK1","stockfishScores":{"bn":0.49988095238095237}},{"fenStr":"r1bqnrk1/pp2p1bp/2ppp1p1/3n2N1/3P4/3B4/PPP1NPPP/R1BQ1RK1","stockfishScores":{"wn":0.5010714285714286}},{"fenStr":"r1bqnrk1/pp2p1bp/2ppp1p1/3n2N1/2PP4/3B4/PP2NPPP/R1BQ1RK1","stockfishScores":{"bn":0.5073214285714286}},{"fenStr":"r1bqnrk1/pp2p1bp/2ppp1p1/6N1/1nPP4/3B4/PP2NPPP/R1BQ1RK1","stockfishScores":{"wn":0.5047619047619047}},{"fenStr":"r1bqnrk1/pp2p1bp/2ppp1p1/6N1/1nPP4/8/PP2NPPP/RBBQ1RK1","stockfishScores":{"bn":0.5046428571428572}},{"fenStr":"r1bqnrk1/pp2p1bp/2pp2p1/4p1N1/1nPP4/8/PP2NPPP/RBBQ1RK1","stockfishScores":{"wn":0.5005952380952381}},{"fenStr":"r1bqnrk1/pp2p1bp/2pp2p1/4P1N1/1nP5/8/PP2NPPP/RBBQ1RK1","stockfishScores":{"bn":0.5092261904761904}},{"fenStr":"r1bqnrk1/pp2p2p/2pp2p1/4b1N1/1nP5/8/PP2NPPP/RBBQ1RK1","stockfishScores":{"wn":0.49738095238095237}},{"fenStr":"r1bqnrk1/pp2p2p/2pp2p1/4b1N1/1nP5/8/PP1QNPPP/RBB2RK1","stockfishScores":{"bn":0.49714285714285716}},{"fenStr":"r1bqnrk1/pp2p2p/3p2p1/2p1b1N1/1nP5/8/PP1QNPPP/RBB2RK1","stockfishScores":{"wn":0.4938690476190476}},{"fenStr":"r1bqnrk1/pp2p2N/3p2p1/2p1b3/1nP5/8/PP1QNPPP/RBB2RK1","stockfishScores":{"bn":0.5117857142857143}},{"fenStr":"r1bqnr2/pp2p2k/3p2p1/2p1b3/1nP5/8/PP1QNPPP/RBB2RK1","stockfishScores":{"wn":0.4986904761904762}},{"fenStr":"r1bqnr2/pp2p2k/3p2pQ/2p1b3/1nP5/8/PP2NPPP/RBB2RK1","stockfishScores":{"bn":0.5230952380952381}},{"fenStr":"r1bqnrk1/pp2p3/3p2pQ/2p1b3/1nP5/8/PP2NPPP/RBB2RK1","stockfishScores":{"wn":0.5098214285714285}},{"fenStr":"r1bqnrk1/pp2p3/3p2Q1/2p1b3/1nP5/8/PP2NPPP/RBB2RK1","stockfishScores":{"bn":0.5279166666666667}},{"fenStr":"r1bq1rk1/pp2p1n1/3p2Q1/2p1b3/1nP5/8/PP2NPPP/RBB2RK1","stockfishScores":{"wn":0.5367261904761905}},{"fenStr":"r1bq1rk1/pp2p1n1/3p2Q1/2p1b3/1nP2P2/8/PP2N1PP/RBB2RK1","stockfishScores":{"bn":0.5344642857142857}},{"fenStr":"r1bq1rk1/pp2p1n1/3p2Q1/2p5/1nPb1P2/8/PP2N1PP/RBB2RK1","stockfishScores":{"wn":0.5319642857142857}},{"fenStr":"r1bq1rk1/pp2p1n1/3p2Q1/2p5/1nPN1P2/8/PP4PP/RBB2RK1","stockfishScores":{"bn":0.5661904761904761}},{"fenStr":"r1bq1rk1/pp2p1n1/3p2Q1/8/1nPp1P2/8/PP4PP/RBB2RK1","stockfishScores":{"wn":0.5376785714285715}},{"fenStr":"r1bq1rk1/pp2p1nQ/3p4/8/1nPp1P2/8/PP4PP/RBB2RK1","stockfishScores":{"bn":0.49857142857142855}},{"fenStr":"r1bq1r2/pp2pknQ/3p4/8/1nPp1P2/8/PP4PP/RBB2RK1","stockfishScores":{"wn":0.531547619047619}},{"fenStr":"r1bq1r2/pp2pknQ/3p2B1/8/1nPp1P2/8/PP4PP/R1B2RK1","stockfishScores":{"bn":0.49702380952380953}},{"fenStr":"r1bq1r2/pp2p1nQ/3p1kB1/8/1nPp1P2/8/PP4PP/R1B2RK1","stockfishScores":{"wn":0.5204166666666666}},{"fenStr":"r1bq1r2/pp2p1nQ/3p1kB1/5P2/1nPp4/8/PP4PP/R1B2RK1","stockfishScores":{"bn":0.5579166666666666}},{"fenStr":"r1bq3r/pp2p1nQ/3p1kB1/5P2/1nPp4/8/PP4PP/R1B2RK1","stockfishScores":{"wn":0.5293452380952381}},{"fenStr":"r1bq3r/pp2p1nQ/3p1kB1/5P2/1nPp3P/8/PP4P1/R1B2RK1","stockfishScores":{"bn":0.5442261904761905}},{"fenStr":"r1bq4/pp2p1nr/3p1kB1/5P2/1nPp3P/8/PP4P1/R1B2RK1","stockfishScores":{"wn":0.4069047619047619}},{"fenStr":"r1bq4/pp2p1nr/3p1kB1/5PB1/1nPp3P/8/PP4P1/R4RK1","stockfishScores":{"bn":0.40791666666666665}},{"fenStr":"r1bq4/pp2p1nr/3p2B1/4kPB1/1nPp3P/8/PP4P1/R4RK1","stockfishScores":{"wn":0.40869047619047616}},{"fenStr":"r1bq4/pp2p1nr/3p2B1/4kPB1/1nPp3P/8/PP4P1/4RRK1","stockfishScores":{"bn":0.4091071428571429}}],"result":{"ww":true}}