{"fens":[{"fenStr":"rnbqkbnr/pppppppp/8/8/8/5N2/PPPPPPPP/RNBQKB1R","stockfishScores":{"bn":0.5038690476190476}},{"fenStr":"rnbqkb1r/pppppppp/5n2/8/8/5N2/PPPPPPPP/RNBQKB1R","stockfishScores":{"wn":0.5005952380952381}},{"fenStr":"rnbqkb1r/pppppppp/5n2/8/2P5/5N2/PP1PPPPP/RNBQKB1R","stockfishScores":{"bn":0.5021428571428571}},{"fenStr":"rnbqkb1r/ppp1pppp/5n2/3p4/2P5/5N2/PP1PPPPP/RNBQKB1R","stockfishScores":{"wn":0.49589285714285714}},{"fenStr":"rnbqkb1r/ppp1pppp/5n2/3P4/8/5N2/PP1PPPPP/RNBQKB1R","stockfishScores":{"bn":0.5076785714285714}},{"fenStr":"rnbqkb1r/ppp1pppp/8/3n4/8/5N2/PP1PPPPP/RNBQKB1R","stockfishScores":{"wn":0.4982738095238095}},{"fenStr":"rnbqkb1r/ppp1pppp/8/3n4/8/2N2N2/PP1PPPPP/R1BQKB1R","stockfishScores":{"bn":0.501547619047619}},{"fenStr":"rnbqkb1r/ppp1pppp/8/8/8/2n2N2/PP1PPPPP/R1BQKB1R","stockfishScores":{"wn":0.47398809523809526}},{"fenStr":"rnbqkb1r/ppp1pppp/8/8/8/2P2N2/P2PPPPP/R1BQKB1R","stockfishScores":{"bn":0.502797619047619}},{"fenStr":"rnbqkb1r/ppp1pp1p/6p1/8/8/2P2N2/P2PPPPP/R1BQKB1R","stockfishScores":{"wn":0.5013690476190477}},{"fenStr":"rnbqkb1r/ppp1pp1p/6p1/8/4P3/2P2N2/P2P1PPP/R1BQKB1R","stockfishScores":{"bn":0.5040476190476191}},{"fenStr":"rnbqk2r/ppp1ppbp/6p1/8/4P3/2P2N2/P2P1PPP/R1BQKB1R","stockfishScores":{"wn":0.5020238095238095}},{"fenStr":"rnbqk2r/ppp1ppbp/6p1/8/4P3/B1P2N2/P2P1PPP/R2QKB1R","stockfishScores":{"bn":0.5148809523809523}},{"fenStr":"rnbq1rk1/ppp1ppbp/6p1/8/4P3/B1P2N2/P2P1PPP/R2QKB1R","stockfishScores":{"wn":0.4932142857142857}},{"fenStr":"rnbq1rk1/ppp1ppbp/6p1/8/2B1P3/B1P2N2/P2P1PPP/R2QK2R","stockfishScores":{"bn":0.49255952380952384}},{"fenStr":"r1bq1rk1/pppnppbp/6p1/8/2B1P3/B1P2N2/P2P1PPP/R2QK2R","stockfishScores":{"wn":0.49238095238095236}},{"fenStr":"r1bq1rk1/pppnppbp/6p1/8/2BPP3/B1P2N2/P4PPP/R2QK2R","stockfishScores":{"bn":0.49565476190476193}},{"fenStr":"r1bq1rk1/ppp1ppbp/1n4p1/8/2BPP3/B1P2N2/P4PPP/R2QK2R","stockfishScores":{"wn":0.4895833333333333}},{"fenStr":"r1bq1rk1/ppp1ppbp/1n4p1/8/3PP3/BBP2N2/P4PPP/R2QK2R","stockfishScores":{"bn":0.49339285714285713}},{"fenStr":"r2q1rk1/pppbppbp/1n4p1/8/3PP3/BBP2N2/P4PPP/R2QK2R","stockfishScores":{"wn":0.49279761904761904}},{"fenStr":"r2q1rk1/pppbppbp/1n4p1/8/3PP3/BBP2N2/P3QPPP/R3K2R","stockfishScores":{"bn":0.49255952380952384}},{"fenStr":"2rq1rk1/pppbppbp/1n4p1/8/3PP3/BBP2N2/P3QPPP/R3K2R","stockfishScores":{"wn":0.4936904761904762}},{"fenStr":"2rq1rk1/pppbppbp/1n4p1/8/3PP3/BBP2N2/P3QPPP/R4RK1","stockfishScores":{"bn":0.504702380952381}},{"fenStr":"2rqbrk1/ppp1ppbp/1n4p1/8/3PP3/BBP2N2/P3QPPP/R4RK1","stockfishScores":{"wn":0.5079761904761905}},{"fenStr":"2rqbrk1/ppp1ppbp/1n4p1/8/3PP3/BBP2N2/P3QPPP/3R1RK1","stockfishScores":{"bn":0.5113690476190477}},{"fenStr":"2rqbr1k/ppp1ppbp/1n4p1/8/3PP3/BBP2N2/P3QPPP/3R1RK1","stockfishScores":{"wn":0.5126785714285714}},{"fenStr":"2rqbr1k/ppp1ppbp/1n4p1/8/2PPP3/BB3N2/P3QPPP/3R1RK1","stockfishScores":{"bn":0.5128571428571429}},{"fenStr":"2rqbr1k/pppnppbp/6p1/8/2PPP3/BB3N2/P3QPPP/3R1RK1","stockfishScores":{"wn":0.5119642857142858}},{"fenStr":"2rqbr1k/pppnppbp/6p1/8/2PPP3/BB3N2/P2Q1PPP/3R1RK1","stockfishScores":{"bn":0.5110714285714286}},{"fenStr":"2rqbr1k/p1pnppbp/1p4p1/8/2PPP3/BB3N2/P2Q1PPP/3R1RK1","stockfishScores":{"wn":0.5111904761904762}},{"fenStr":"2rqbr1k/p1pnppbp/1p4p1/4P3/2PP4/BB3N2/P2Q1PPP/3R1RK1","stockfishScores":{"bn":0.5140476190476191}},{"fenStr":"2rqbr1k/p2nppbp/1p4p1/2p1P3/2PP4/BB3N2/P2Q1PPP/3R1RK1","stockfishScores":{"wn":0.5111904761904762}},{"fenStr":"2rqbr1k/p2nppbp/1p4p1/2p1P1Q1/2PP4/BB3N2/P4PPP/3R1RK1","stockfishScores":{"bn":0.5092261904761904}},{"fenStr":"2rqbr1k/p2np1bp/1p3pp1/2p1P1Q1/2PP4/BB3N2/P4PPP/3R1RK1","stockfishScores":{"wn":0.5057142857142857}},{"fenStr":"2rqbr1k/p2np1bp/1p3pp1/2p1P3/2PP3Q/BB3N2/P4PPP/3R1RK1","stockfishScores":{"bn":0.5104166666666666}},{"fenStr":"2r1br1k/p1qnp1bp/1p3pp1/2p1P3/2PP3Q/BB3N2/P4PPP/3R1RK1","stockfishScores":{"wn":0.5110119047619047}},{"fenStr":"2r1br1k/p1qnp1bp/1p2Ppp1/2p5/2PP3Q/BB3N2/P4PPP/3R1RK1","stockfishScores":{"bn":0.51375}},{"fenStr":"1nr1br1k/p1q1p1bp/1p2Ppp1/2p5/2PP3Q/BB3N2/P4PPP/3R1RK1","stockfishScores":{"wn":0.5107738095238096}},{"fenStr":"1nr1br1k/p1q1p1bp/1p2Ppp1/2pP4/2P4Q/BB3N2/P4PPP/3R1RK1","stockfishScores":{"bn":0.5166071428571428}},{"fenStr":"1nr1br1k/p1q1p1bp/4Ppp1/1ppP4/2P4Q/BB3N2/P4PPP/3R1RK1","stockfishScores":{"wn":0.5175}},{"fenStr":"1nr1br1k/p1q1p1bp/4Ppp1/1PpP4/7Q/BB3N2/P4PPP/3R1RK1","stockfishScores":{"bn":0.5201785714285714}},{"fenStr":"1nr2r1k/p1q1p1bp/4Ppp1/1bpP4/7Q/BB3N2/P4PPP/3R1RK1","stockfishScores":{"wn":0.5088690476190476}},{"fenStr":"1nr2r1k/p1q1p1bp/4Ppp1/1bpP4/7Q/BB3N2/P4PPP/3RR1K1","stockfishScores":{"bn":0.51125}},{"fenStr":"1nr2r1k/p3p1bp/4Ppp1/qbpP4/7Q/BB3N2/P4PPP/3RR1K1","stockfishScores":{"wn":0.5111309523809524}},{"fenStr":"1nr2r1k/p3p1bp/4Ppp1/qbpP4/7Q/1B3N2/PB3PPP/3RR1K1","stockfishScores":{"bn":0.5167261904761905}},{"fenStr":"1nr2r1k/p3p1bp/4Ppp1/qb1P4/2p4Q/1B3N2/PB3PPP/3RR1K1","stockfishScores":{"wn":0.5104761904761905}},{"fenStr":"1nr2r1k/p3p1bp/4Ppp1/qb1P4/2p4Q/5N2/PBB2PPP/3RR1K1","stockfishScores":{"bn":0.5155952380952381}},{"fenStr":"1nr2rk1/p3p1bp/4Ppp1/qb1P4/2p4Q/5N2/PBB2PPP/3RR1K1","stockfishScores":{"wn":0.5148809523809523}},{"fenStr":"1nr2rk1/p3p1bp/4Ppp1/qb1P4/2pB3Q/5N2/P1B2PPP/3RR1K1","stockfishScores":{"bn":0.5166071428571428}},{"fenStr":"1nrr2k1/p3p1bp/4Ppp1/qb1P4/2pB3Q/5N2/P1B2PPP/3RR1K1","stockfishScores":{"wn":0.5172023809523809}},{"fenStr":"1nrr2k1/p3p1bp/4Ppp1/qb1P4/2pBB2Q/5N2/P4PPP/3RR1K1","stockfishScores":{"bn":0.5155357142857143}},{"fenStr":"1nrr2k1/p3p1bp/4Ppp1/qb1P4/3BB2Q/2p2N2/P4PPP/3RR1K1","stockfishScores":{"wn":0.5106547619047619}},{"fenStr":"1nrr2k1/p3p1bp/4Ppp1/qb1P4/3BB1PQ/2p2N2/P4P1P/3RR1K1","stockfishScores":{"bn":0.5070238095238095}},{"fenStr":"1nrr2k1/p3p1bp/4Ppp1/qb1P4/3BB1PQ/5N2/P1p2P1P/3RR1K1","stockfishScores":{"wn":0.4992857142857143}},{"fenStr":"1nrr2k1/p3p1bp/4Ppp1/qb1P4/3BB1PQ/5N2/P1p2P1P/2R1R1K1","stockfishScores":{"bn":0.5058928571428571}},{"fenStr":"1nrr2k1/p3p1bp/4Ppp1/1b1P4/q2BB1PQ/5N2/P1p2P1P/2R1R1K1","stockfishScores":{"wn":0.5097619047619047}},{"fenStr":"1nrr2k1/p3p1bp/4Ppp1/1b1P2P1/q2BB2Q/5N2/P1p2P1P/2R1R1K1","stockfishScores":{"bn":0.5125595238095239}},{"fenStr":"1nrr2k1/p3p1bp/4P1p1/1b1P1pP1/q2BB2Q/5N2/P1p2P1P/2R1R1K1","stockfishScores":{"wn":0.503095238095238}},{"fenStr":"1nrr2k1/p3p1Bp/4P1p1/1b1P1pP1/q3B2Q/5N2/P1p2P1P/2R1R1K1","stockfishScores":{"bn":0.533452380952381}},{"fenStr":"1nrr4/p3p1kp/4P1p1/1b1P1pP1/q3B2Q/5N2/P1p2P1P/2R1R1K1","stockfishScores":{"wn":0.5072619047619048}},{"fenStr":"1nrr4/p3p1kp/4P1pQ/1b1P1pP1/q3B3/5N2/P1p2P1P/2R1R1K1","stockfishScores":{"bn":0.49726190476190474}},{"fenStr":"1nrr2k1/p3p2p/4P1pQ/1b1P1pP1/q3B3/5N2/P1p2P1P/2R1R1K1","stockfishScores":{"wn":0.500297619047619}},{"fenStr":"1nrr2k1/p3p2p/4P1pQ/1b1P1pP1/q3B2N/8/P1p2P1P/2R1R1K1","stockfishScores":{"bn":0.5025}},{"fenStr":"1nrrb1k1/p3p2p/4P1pQ/3P1pP1/q3B2N/8/P1p2P1P/2R1R1K1","stockfishScores":{"wn":0.5085119047619048}},{"fenStr":"1nrrb1k1/p3p2p/4P1pQ/3P1NP1/q3B3/8/P1p2P1P/2R1R1K1","stockfishScores":{"bn":0.5672619047619047}},{"fenStr":"1nrrb1k1/p3p2p/4P2Q/3P1pP1/q3B3/8/P1p2P1P/2R1R1K1","stockfishScores":{"wn":0.4920833333333333}},{"fenStr":"1nrrb1k1/p3p2p/4P2Q/3P1BP1/q7/8/P1p2P1P/2R1R1K1","stockfishScores":{"bn":0.5302976190476191}},{"fenStr":"1nrr2k1/p3p2p/4P1bQ/3P1BP1/q7/8/P1p2P1P/2R1R1K1","stockfishScores":{"wn":0.49047619047619045}},{"fenStr":"1nrr2k1/p3p2p/4P1BQ/3P2P1/q7/8/P1p2P1P/2R1R1K1","stockfishScores":{"bn":0.5472023809523809}},{"fenStr":"1nrr2k1/p3p2p/4P1BQ/3P2P1/6q1/8/P1p2P1P/2R1R1K1","stockfishScores":{"wn":0.5481547619047619}},{"fenStr":"1nrr2k1/p3p2p/4P1BQ/3P2P1/6q1/8/P1p2P1P/2R1RK2","stockfishScores":{"bn":0.5335119047619048}},{"fenStr":"1nrr2k1/p3p3/4P1pQ/3P2P1/6q1/8/P1p2P1P/2R1RK2","stockfishScores":{"wn":0.49416666666666664}},{"fenStr":"1nrr2k1/p3p3/4P1Q1/3P2P1/6q1/8/P1p2P1P/2R1RK2","stockfishScores":{"bn":0.4961309523809524}},{"fenStr":"1nrr3k/p3p3/4P1Q1/3P2P1/6q1/8/P1p2P1P/2R1RK2","stockfishScores":{"wn":0.49589285714285714}},{"fenStr":"1nrr3k/p3p3/4P2Q/3P2P1/6q1/8/P1p2P1P/2R1RK2","stockfishScores":{"bn":0.48595238095238097}},{"fenStr":"1nrr2k1/p3p3/4P2Q/3P2P1/6q1/8/P1p2P1P/2R1RK2","stockfishScores":{"wn":0.5045238095238095}},{"fenStr":"1nrr2k1/p3p3/4P1PQ/3P4/6q1/8/P1p2P1P/2R1RK2","stockfishScores":{"bn":0.5059523809523809}},{"fenStr":"1nrr2k1/p3p3/4P1PQ/3P1q2/8/8/P1p2P1P/2R1RK2","stockfishScores":{"wn":0.5045833333333334}},{"fenStr":"1nrr2k1/p3p2Q/4P1P1/3P1q2/8/8/P1p2P1P/2R1RK2","stockfishScores":{"bn":0.49452380952380953}},{"fenStr":"1nrr1k2/p3p2Q/4P1P1/3P1q2/8/8/P1p2P1P/2R1RK2","stockfishScores":{"wn":0.5154761904761904}},{"fenStr":"1nrr1k1Q/p3p3/4P1P1/3P1q2/8/8/P1p2P1P/2R1RK2","stockfishScores":{"bn":0.503452380952381}}],"result":{"ww":true}}