{"fens":[{"fenStr":"rnbqkbnr/pppppppp/8/8/3P4/8/PPP1PPPP/RNBQKBNR","stockfishScores":{"bn":0.5048809523809524}},{"fenStr":"rnbqkbnr/ppp1pppp/3p4/8/3P4/8/PPP1PPPP/RNBQKBNR","stockfishScores":{"wn":0.5007738095238096}},{"fenStr":"rnbqkbnr/ppp1pppp/3p4/8/3PP3/8/PPP2PPP/RNBQKBNR","stockfishScores":{"bn":0.5064285714285715}},{"fenStr":"rnbqkb1r/ppp1pppp/3p1n2/8/3PP3/8/PPP2PPP/RNBQKBNR","stockfishScores":{"wn":0.4999404761904762}},{"fenStr":"rnbqkb1r/ppp1pppp/3p1n2/8/3PP3/2N5/PPP2PPP/R1BQKBNR","stockfishScores":{"bn":0.5039285714285714}},{"fenStr":"rnbqkb1r/ppp1pp1p/3p1np1/8/3PP3/2N5/PPP2PPP/R1BQKBNR","stockfishScores":{"wn":0.5029166666666667}},{"fenStr":"rnbqkb1r/ppp1pp1p/3p1np1/8/3PP3/2N1B3/PPP2PPP/R2QKBNR","stockfishScores":{"bn":0.5029166666666667}},{"fenStr":"rnbqk2r/ppp1ppbp/3p1np1/8/3PP3/2N1B3/PPP2PPP/R2QKBNR","stockfishScores":{"wn":0.5017857142857143}},{"fenStr":"rnbqk2r/ppp1ppbp/3p1np1/8/3PP3/2N1B3/PPPQ1PPP/R3KBNR","stockfishScores":{"bn":0.5021428571428571}},{"fenStr":"rnbqk2r/ppp2pbp/3p1np1/4p3/3PP3/2N1B3/PPPQ1PPP/R3KBNR","stockfishScores":{"wn":0.5011904761904762}},{"fenStr":"rnbqk2r/ppp2pbp/3p1np1/4P3/4P3/2N1B3/PPPQ1PPP/R3KBNR","stockfishScores":{"bn":0.508452380952381}},{"fenStr":"rnbqk2r/ppp2pbp/5np1/4p3/4P3/2N1B3/PPPQ1PPP/R3KBNR","stockfishScores":{"wn":0.5054166666666666}},{"fenStr":"rnbQk2r/ppp2pbp/5np1/4p3/4P3/2N1B3/PPP2PPP/R3KBNR","stockfishScores":{"bn":0.5773214285714285}},{"fenStr":"rnbk3r/ppp2pbp/5np1/4p3/4P3/2N1B3/PPP2PPP/R3KBNR","stockfishScores":{"wn":0.5017261904761905}},{"fenStr":"rnbk3r/ppp2pbp/5np1/4p3/4P3/2N1B3/PPP2PPP/2KR1BNR","stockfishScores":{"bn":0.5094047619047619}},{"fenStr":"rnb1k2r/ppp2pbp/5np1/4p3/4P3/2N1B3/PPP2PPP/2KR1BNR","stockfishScores":{"wn":0.5105952380952381}},{"fenStr":"rnb1k2r/ppp2pbp/5np1/4p3/4P3/2N1BN2/PPP2PPP/2KR1B1R","stockfishScores":{"bn":0.5144047619047619}},{"fenStr":"rnb1k2r/ppp2pbp/6p1/4p3/4P1n1/2N1BN2/PPP2PPP/2KR1B1R","stockfishScores":{"wn":0.5123809523809524}},{"fenStr":"rnb1k2r/ppp2pbp/6p1/3Np3/4P1n1/4BN2/PPP2PPP/2KR1B1R","stockfishScores":{"bn":0.5139285714285714}},{"fenStr":"rnb4r/pppk1pbp/6p1/3Np3/4P1n1/4BN2/PPP2PPP/2KR1B1R","stockfishScores":{"wn":0.5154761904761904}},{"fenStr":"rnb4r/pppk1pbp/1N4p1/4p3/4P1n1/4BN2/PPP2PPP/2KR1B1R","stockfishScores":{"bn":0.523452380952381}},{"fenStr":"rnb4r/ppp2pbp/1Nk3p1/4p3/4P1n1/4BN2/PPP2PPP/2KR1B1R","stockfishScores":{"wn":0.5327380952380952}},{"fenStr":"Nnb4r/ppp2pbp/2k3p1/4p3/4P1n1/4BN2/PPP2PPP/2KR1B1R","stockfishScores":{"bn":0.5594642857142857}},{"fenStr":"Nnb4r/p1p2pbp/1pk3p1/4p3/4P1n1/4BN2/PPP2PPP/2KR1B1R","stockfishScores":{"wn":0.552202380952381}},{"fenStr":"Nnb4r/p1p2pbp/1pk3p1/4p3/2B1P1n1/4BN2/PPP2PPP/2KR3R","stockfishScores":{"bn":0.5595238095238095}},{"fenStr":"Nn5r/p1p2pbp/1pk1b1p1/4p3/2B1P1n1/4BN2/PPP2PPP/2KR3R","stockfishScores":{"wn":0.5505952380952381}},{"fenStr":"Nn5r/p1p2pbp/1pk1B1p1/4p3/4P1n1/4BN2/PPP2PPP/2KR3R","stockfishScores":{"bn":0.5667857142857143}},{"fenStr":"Nn5r/p1p3bp/1pk1p1p1/4p3/4P1n1/4BN2/PPP2PPP/2KR3R","stockfishScores":{"wn":0.5448214285714286}},{"fenStr":"Nn5r/p1p3bp/1pk1p1p1/4p3/4P1n1/4BN2/PPPR1PPP/2K4R","stockfishScores":{"bn":0.5429761904761905}},{"fenStr":"Nn5r/p1p3bp/1pk1p1p1/4p3/4P3/4nN2/PPPR1PPP/2K4R","stockfishScores":{"wn":0.5175}},{"fenStr":"Nn5r/p1p3bp/1pk1p1p1/4p3/4P3/4PN2/PPPR2PP/2K4R","stockfishScores":{"bn":0.5405952380952381}},{"fenStr":"Nn5r/pkp3bp/1p2p1p1/4p3/4P3/4PN2/PPPR2PP/2K4R","stockfishScores":{"wn":0.5368452380952381}},{"fenStr":"1n5r/pkN3bp/1p2p1p1/4p3/4P3/4PN2/PPPR2PP/2K4R","stockfishScores":{"bn":0.5448809523809524}},{"fenStr":"1n5r/p1k3bp/1p2p1p1/4p3/4P3/4PN2/PPPR2PP/2K4R","stockfishScores":{"wn":0.5245833333333333}},{"fenStr":"1n5r/p1k3bp/1p2p1p1/4p3/4P3/4PN2/PPPR2PP/2KR4","stockfishScores":{"bn":0.5270238095238096}},{"fenStr":"1n5r/p1k4p/1p2pbp1/4p3/4P3/4PN2/PPPR2PP/2KR4","stockfishScores":{"wn":0.5272023809523809}},{"fenStr":"1n5r/p1k4p/1p2pbp1/4p3/4P3/3RPN2/PPP3PP/2KR4","stockfishScores":{"bn":0.5285119047619048}},{"fenStr":"1n3r2/p1k4p/1p2pbp1/4p3/4P3/3RPN2/PPP3PP/2KR4","stockfishScores":{"wn":0.5282142857142857}},{"fenStr":"1n3r2/p1k4p/1p2pbp1/4p3/4P3/2R1PN2/PPP3PP/2KR4","stockfishScores":{"bn":0.5256547619047619}},{"fenStr":"1n3r2/pk5p/1p2pbp1/4p3/4P3/2R1PN2/PPP3PP/2KR4","stockfishScores":{"wn":0.5249404761904762}},{"fenStr":"1n3r2/pk5p/1p1Rpbp1/4p3/4P3/2R1PN2/PPP3PP/2K5","stockfishScores":{"bn":0.5271428571428571}},{"fenStr":"1n2r3/pk5p/1p1Rpbp1/4p3/4P3/2R1PN2/PPP3PP/2K5","stockfishScores":{"wn":0.5282142857142857}},{"fenStr":"1n2r3/pk5p/1p1Rpbp1/4p3/1P2P3/2R1PN2/P1P3PP/2K5","stockfishScores":{"bn":0.5266666666666666}},{"fenStr":"1n6/pk2r2p/1p1Rpbp1/4p3/1P2P3/2R1PN2/P1P3PP/2K5","stockfishScores":{"wn":0.5291071428571429}},{"fenStr":"1n6/pk2r2p/1p1Rpbp1/4p3/1P2P3/3RPN2/P1P3PP/2K5","stockfishScores":{"bn":0.5289880952380952}},{"fenStr":"1n6/p1k1r2p/1p1Rpbp1/4p3/1P2P3/3RPN2/P1P3PP/2K5","stockfishScores":{"wn":0.5311309523809524}},{"fenStr":"1n6/p1k1r2p/1p1Rpbp1/4p3/1PP1P3/3RPN2/P5PP/2K5","stockfishScores":{"bn":0.5280357142857143}},{"fenStr":"1n6/p1k1r1bp/1p1Rp1p1/4p3/1PP1P3/3RPN2/P5PP/2K5","stockfishScores":{"wn":0.5298214285714286}},{"fenStr":"1n6/p1k1r1bp/1p1Rp1p1/4p1N1/1PP1P3/3RP3/P5PP/2K5","stockfishScores":{"bn":0.5292857142857142}},{"fenStr":"1n6/p1k1r2p/1p1Rp1pb/4p1N1/1PP1P3/3RP3/P5PP/2K5","stockfishScores":{"wn":0.5286904761904762}},{"fenStr":"1n6/p1k1r2p/1p1RN1pb/4p3/1PP1P3/3RP3/P5PP/2K5","stockfishScores":{"bn":0.5305952380952381}},{"fenStr":"1nk5/p3r2p/1p1RN1pb/4p3/1PP1P3/3RP3/P5PP/2K5","stockfishScores":{"wn":0.5360714285714285}},{"fenStr":"1nk5/p3r2p/1p1RN1pb/2P1p3/1P2P3/3RP3/P5PP/2K5","stockfishScores":{"bn":0.5395238095238095}},{"fenStr":"1n6/pk2r2p/1p1RN1pb/2P1p3/1P2P3/3RP3/P5PP/2K5","stockfishScores":{"wn":0.5355357142857142}},{"fenStr":"1n6/pk2r2p/1p1RN1pb/2P1p3/1P2P1P1/3RP3/P6P/2K5","stockfishScores":{"bn":0.5354166666666667}},{"fenStr":"1n6/pk2r1bp/1p1RN1p1/2P1p3/1P2P1P1/3RP3/P6P/2K5","stockfishScores":{"wn":0.5370833333333334}},{"fenStr":"1n6/pk2r1bp/1pPRN1p1/4p3/1P2P1P1/3RP3/P6P/2K5","stockfishScores":{"bn":0.5389880952380952}},{"fenStr":"1nk5/p3r1bp/1pPRN1p1/4p3/1P2P1P1/3RP3/P6P/2K5","stockfishScores":{"wn":0.5456547619047619}},{"fenStr":"1nkR4/p3r1bp/1pP1N1p1/4p3/1P2P1P1/3RP3/P6P/2K5","stockfishScores":{"bn":0.5392857142857143}}],"result":{"ww":true}}