{"fens":[{"fenStr":"rnbqkbnr/pppppppp/8/8/4P3/8/PPPP1PPP/RNBQKBNR","stockfishScores":{"bn":0.5049404761904762}},{"fenStr":"rnbqkbnr/pp1ppppp/8/2p5/4P3/8/PPPP1PPP/RNBQKBNR","stockfishScores":{"wn":0.5038095238095238}},{"fenStr":"rnbqkbnr/pp1ppppp/8/2p5/4P3/5N2/PPPP1PPP/RNBQKB1R","stockfishScores":{"bn":0.5058928571428571}},{"fenStr":"rnbqkbnr/pp2pppp/3p4/2p5/4P3/5N2/PPPP1PPP/RNBQKB1R","stockfishScores":{"wn":0.5020833333333333}},{"fenStr":"rnbqkbnr/pp2pppp/3p4/2p5/3PP3/5N2/PPP2PPP/RNBQKB1R","stockfishScores":{"bn":0.5076785714285714}},{"fenStr":"rnbqkbnr/pp2pppp/3p4/8/3pP3/5N2/PPP2PPP/RNBQKB1R","stockfishScores":{"wn":0.4976190476190476}},{"fenStr":"rnbqkbnr/pp2pppp/3p4/8/3NP3/8/PPP2PPP/RNBQKB1R","stockfishScores":{"bn":0.51}},{"fenStr":"rnbqkb1r/pp2pppp/3p1n2/8/3NP3/8/PPP2PPP/RNBQKB1R","stockfishScores":{"wn":0.5031547619047619}},{"fenStr":"rnbqkb1r/pp2pppp/3p1n2/8/3NP3/2N5/PPP2PPP/R1BQKB1R","stockfishScores":{"bn":0.5076190476190476}},{"fenStr":"r1bqkb1r/pp2pppp/2np1n2/8/3NP3/2N5/PPP2PPP/R1BQKB1R","stockfishScores":{"wn":0.5020238095238095}},{"fenStr":"r1bqkb1r/pp2pppp/2np1n2/6B1/3NP3/2N5/PPP2PPP/R2QKB1R","stockfishScores":{"bn":0.5025}},{"fenStr":"r2qkb1r/pp1bpppp/2np1n2/6B1/3NP3/2N5/PPP2PPP/R2QKB1R","stockfishScores":{"wn":0.5017261904761905}},{"fenStr":"r2qkb1r/pp1bpppp/2np1n2/6B1/3NP3/2N5/PPPQ1PPP/R3KB1R","stockfishScores":{"bn":0.5017261904761905}},{"fenStr":"2rqkb1r/pp1bpppp/2np1n2/6B1/3NP3/2N5/PPPQ1PPP/R3KB1R","stockfishScores":{"wn":0.5022023809523809}},{"fenStr":"2rqkb1r/pp1bpppp/2np1n2/6B1/3NPP2/2N5/PPPQ2PP/R3KB1R","stockfishScores":{"bn":0.5017261904761905}},{"fenStr":"2r1kb1r/pp1bpppp/2np1n2/q5B1/3NPP2/2N5/PPPQ2PP/R3KB1R","stockfishScores":{"wn":0.50375}},{"fenStr":"2r1kb1r/pp1bpppp/2np1n2/q5B1/4PP2/1NN5/PPPQ2PP/R3KB1R","stockfishScores":{"bn":0.5035714285714286}},{"fenStr":"2rqkb1r/pp1bpppp/2np1n2/6B1/4PP2/1NN5/PPPQ2PP/R3KB1R","stockfishScores":{"wn":0.5011309523809524}},{"fenStr":"2rqkb1r/pp1bpppp/2np1n2/6B1/4PP2/1NN5/PPPQ2PP/2KR1B1R","stockfishScores":{"bn":0.5114880952380952}},{"fenStr":"2rqkb1r/1p1bpppp/p1np1n2/6B1/4PP2/1NN5/PPPQ2PP/2KR1B1R","stockfishScores":{"wn":0.5113690476190477}},{"fenStr":"2rqkb1r/1p1bpppp/p1np1n2/6B1/4PP2/1NN5/PPPQB1PP/2KR3R","stockfishScores":{"bn":0.5123214285714286}},{"fenStr":"2rqkb1r/1p1b1ppp/p1nppn2/6B1/4PP2/1NN5/PPPQB1PP/2KR3R","stockfishScores":{"wn":0.5141071428571429}},{"fenStr":"2rqkb1r/1p1b1ppp/p1nppn2/4P1B1/5P2/1NN5/PPPQB1PP/2KR3R","stockfishScores":{"bn":0.5200595238095238}},{"fenStr":"2rqkb1r/1p1b1ppp/p1n1pn2/4p1B1/5P2/1NN5/PPPQB1PP/2KR3R","stockfishScores":{"wn":0.5091666666666667}},{"fenStr":"2rqkb1r/1p1b1ppp/p1n1pB2/4p3/5P2/1NN5/PPPQB1PP/2KR3R","stockfishScores":{"bn":0.533452380952381}},{"fenStr":"2rqkb1r/1p1b1p1p/p1n1pp2/4p3/5P2/1NN5/PPPQB1PP/2KR3R","stockfishScores":{"wn":0.5076190476190476}},{"fenStr":"2rqkb1r/1p1b1p1p/p1n1pp2/4p3/4NP2/1N6/PPPQB1PP/2KR3R","stockfishScores":{"bn":0.5148809523809523}},{"fenStr":"2rqk2r/1p1bbp1p/p1n1pp2/4p3/4NP2/1N6/PPPQB1PP/2KR3R","stockfishScores":{"wn":0.5139285714285714}},{"fenStr":"2rqk2r/1p1bbp1p/p1n1pp2/4p3/4NP2/1N6/PPPQB1PP/1K1R3R","stockfishScores":{"bn":0.5170238095238096}},{"fenStr":"2r1k2r/1pqbbp1p/p1n1pp2/4p3/4NP2/1N6/PPPQB1PP/1K1R3R","stockfishScores":{"wn":0.5164285714285715}},{"fenStr":"2r1k2r/1pqbbp1p/p1n1pp2/4p3/4NP2/1N6/PPPQB1PP/1K1R1R2","stockfishScores":{"bn":0.5170238095238096}},{"fenStr":"2r1k2r/1pqbbp1p/p1n1p3/4pp2/4NP2/1N6/PPPQB1PP/1K1R1R2","stockfishScores":{"wn":0.51}},{"fenStr":"2r1k2r/1pqbbp1p/p1n1p3/4pp2/5P2/1N4N1/PPPQB1PP/1K1R1R2","stockfishScores":{"bn":0.5053571428571428}},{"fenStr":"2r1k2r/1pqbbp1p/p1n1p3/5p2/4pP2/1N4N1/PPPQB1PP/1K1R1R2","stockfishScores":{"wn":0.503452380952381}},{"fenStr":"2r1k2r/1pqbbp1p/p1n1p3/5p1N/4pP2/1N6/PPPQB1PP/1K1R1R2","stockfishScores":{"bn":0.5138690476190476}},{"fenStr":"2r1k1r1/1pqbbp1p/p1n1p3/5p1N/4pP2/1N6/PPPQB1PP/1K1R1R2","stockfishScores":{"wn":0.5011309523809524}},{"fenStr":"2r1k1r1/1pqbbp1p/p1n1p3/5p1N/4pP2/1N6/PPPQB1PP/1K1R2R1","stockfishScores":{"bn":0.5011309523809524}},{"fenStr":"2r1k1r1/1pqbbp1p/p3p3/5p1N/1n2pP2/1N6/PPPQB1PP/1K1R2R1","stockfishScores":{"wn":0.49541666666666667}},{"fenStr":"2r1k1r1/1pqbbp1p/p3p3/5p1N/1n2pP2/1NP5/PP1QB1PP/1K1R2R1","stockfishScores":{"bn":0.5011309523809524}},{"fenStr":"2r1k1r1/1pqbbp1p/p3p3/3n1p1N/4pP2/1NP5/PP1QB1PP/1K1R2R1","stockfishScores":{"wn":0.4842261904761905}},{"fenStr":"2r1k1r1/1pqbbp1p/p3p3/3n1p1N/4pPP1/1NP5/PP1QB2P/1K1R2R1","stockfishScores":{"bn":0.4849404761904762}},{"fenStr":"2r1k1r1/1pqbbp1p/p3p3/3n3N/4pPp1/1NP5/PP1QB2P/1K1R2R1","stockfishScores":{"wn":0.4838095238095238}},{"fenStr":"2r1k1r1/1pqbbp1p/p3p3/3n3N/4pPB1/1NP5/PP1Q3P/1K1R2R1","stockfishScores":{"bn":0.48446428571428574}},{"fenStr":"2r1k1r1/1p1bbp1p/pq2p3/3n3N/4pPB1/1NP5/PP1Q3P/1K1R2R1","stockfishScores":{"wn":0.48529761904761903}},{"fenStr":"2r1k1r1/1p1bbp1p/pq2p3/3n3N/4pPB1/1NP3R1/PP1Q3P/1K1R4","stockfishScores":{"bn":0.4833928571428571}},{"fenStr":"2r1k3/1p1bbp1p/pq2p1r1/3n3N/4pPB1/1NP3R1/PP1Q3P/1K1R4","stockfishScores":{"wn":0.4844047619047619}},{"fenStr":"2r1k3/1p1bbp1p/pq2p1r1/3n3N/2P1pPB1/1N4R1/PP1Q3P/1K1R4","stockfishScores":{"bn":0.48505952380952383}},{"fenStr":"4k3/1p1bbp1p/pq2p1r1/3n3N/2r1pPB1/1N4R1/PP1Q3P/1K1R4","stockfishScores":{"wn":0.467202380952381}},{"fenStr":"4k3/1p1bbp1p/pq2p1r1/3n1P1N/2r1p1B1/1N4R1/PP1Q3P/1K1R4","stockfishScores":{"bn":0.47214285714285714}},{"fenStr":"4k3/1p1bbp1p/pq4r1/3n1p1N/2r1p1B1/1N4R1/PP1Q3P/1K1R4","stockfishScores":{"wn":0.45630952380952383}},{"fenStr":"4k3/1p1bbp1p/pq4r1/3n1p1N/2r1p3/1N4R1/PP1QB2P/1K1R4","stockfishScores":{"bn":0.46904761904761905}},{"fenStr":"4k3/1p1bbp1p/pqr3r1/3n1p1N/4p3/1N4R1/PP1QB2P/1K1R4","stockfishScores":{"wn":0.4675595238095238}},{"fenStr":"4k3/1p1bbp1p/pqr3r1/3Q1p1N/4p3/1N4R1/PP2B2P/1K1R4","stockfishScores":{"bn":0.5268452380952381}},{"fenStr":"4k3/1p1bbp1p/pq1r2r1/3Q1p1N/4p3/1N4R1/PP2B2P/1K1R4","stockfishScores":{"wn":0.5060119047619047}},{"fenStr":"4k3/1p1bbp1p/pq1r2R1/3Q1p1N/4p3/1N6/PP2B2P/1K1R4","stockfishScores":{"bn":0.5707142857142857}},{"fenStr":"4k3/1p1bbp2/pq1r2p1/3Q1p1N/4p3/1N6/PP2B2P/1K1R4","stockfishScores":{"wn":0.5001190476190476}},{"fenStr":"4k3/1p1bbp2/pq1r1Np1/3Q1p2/4p3/1N6/PP2B2P/1K1R4","stockfishScores":{"bn":0.4980357142857143}},{"fenStr":"4k3/1p1bbp2/pq3rp1/3Q1p2/4p3/1N6/PP2B2P/1K1R4","stockfishScores":{"wn":0.4833928571428571}},{"fenStr":"4k3/1p1Qbp2/pq3rp1/5p2/4p3/1N6/PP2B2P/1K1R4","stockfishScores":{"bn":0.5151785714285714}},{"fenStr":"5k2/1p1Qbp2/pq3rp1/5p2/4p3/1N6/PP2B2P/1K1R4","stockfishScores":{"wn":0.5100595238095238}},{"fenStr":"2Q2k2/1p2bp2/pq3rp1/5p2/4p3/1N6/PP2B2P/1K1R4","stockfishScores":{"bn":0.4994047619047619}},{"fenStr":"2Q5/1p2bpk1/pq3rp1/5p2/4p3/1N6/PP2B2P/1K1R4","stockfishScores":{"wn":0.5006547619047619}},{"fenStr":"4Q3/1p2bpk1/pq3rp1/5p2/4p3/1N6/PP2B2P/1K1R4","stockfishScores":{"bn":0.5017857142857143}},{"fenStr":"4Q3/1p3pk1/pq1b1rp1/5p2/4p3/1N6/PP2B2P/1K1R4","stockfishScores":{"wn":0.4999404761904762}},{"fenStr":"4Q3/1p3pk1/pq1b1rp1/5p2/3Np3/8/PP2B2P/1K1R4","stockfishScores":{"bn":0.4995833333333333}},{"fenStr":"4Q3/1p3pk1/p2b1rp1/2q2p2/3Np3/8/PP2B2P/1K1R4","stockfishScores":{"wn":0.5020238095238095}},{"fenStr":"4Q3/1p3pk1/p2b1rp1/2q2p2/3Np2P/8/PP2B3/1K1R4","stockfishScores":{"bn":0.5024404761904762}},{"fenStr":"4Q3/1p3pk1/p4rp1/2q2p2/3Npb1P/8/PP2B3/1K1R4","stockfishScores":{"wn":0.5036309523809523}},{"fenStr":"4Q3/1p3pk1/p4rp1/2q2p2/4pb1P/1N6/PP2B3/1K1R4","stockfishScores":{"bn":0.5054761904761905}},{"fenStr":"4Q3/1p3pk1/p4rp1/5p2/1q2pb1P/1N6/PP2B3/1K1R4","stockfishScores":{"wn":0.5058928571428571}},{"fenStr":"3RQ3/1p3pk1/p4rp1/5p2/1q2pb1P/1N6/PP2B3/1K6","stockfishScores":{"bn":0.5275595238095238}},{"fenStr":"3RQ3/1p3pk1/p4rp1/5p2/4pb1P/1N6/PP2B3/1K2q3","stockfishScores":{"wn":0.5318452380952381}},{"fenStr":"3RQ3/1p3pk1/p4rp1/5p2/4pb1P/1N6/PP6/1K1Bq3","stockfishScores":{"bn":0.5279166666666667}},{"fenStr":"3RQ3/1p3pk1/p4rp1/5p2/4pb1q/1N6/PP6/1K1B4","stockfishScores":{"wn":0.5267857142857143}},{"fenStr":"3R1Q2/1p3pk1/p4rp1/5p2/4pb1q/1N6/PP6/1K1B4","stockfishScores":{"bn":0.5227380952380952}},{"fenStr":"3R1Q2/1p3p1k/p4rp1/5p2/4pb1q/1N6/PP6/1K1B4","stockfishScores":{"wn":0.5307142857142857}},{"fenStr":"3R3Q/1p3p1k/p4rp1/5p2/4pb1q/1N6/PP6/1K1B4","stockfishScores":{"bn":0.513154761904762}}],"result":{"ww":true}}