{"fens":[{"fenStr":"rnbqkbnr/pppppppp/8/8/2P5/8/PP1PPPPP/RNBQKBNR","stockfishScores":{"bn":0.5016666666666667}},{"fenStr":"rnbqkbnr/pppp1ppp/8/4p3/2P5/8/PP1PPPPP/RNBQKBNR","stockfishScores":{"wn":0.4973214285714286}},{"fenStr":"rnbqkbnr/pppp1ppp/8/4p3/2P5/2N5/PP1PPPPP/R1BQKBNR","stockfishScores":{"bn":0.5006547619047619}},{"fenStr":"rnbqkb1r/pppp1ppp/5n2/4p3/2P5/2N5/PP1PPPPP/R1BQKBNR","stockfishScores":{"wn":0.4986309523809524}},{"fenStr":"rnbqkb1r/pppp1ppp/5n2/4p3/2P5/2N3P1/PP1PPP1P/R1BQKBNR","stockfishScores":{"bn":0.4995833333333333}},{"fenStr":"rnbqkb1r/ppp2ppp/5n2/3pp3/2P5/2N3P1/PP1PPP1P/R1BQKBNR","stockfishScores":{"wn":0.4898214285714286}},{"fenStr":"rnbqkb1r/ppp2ppp/5n2/3Pp3/8/2N3P1/PP1PPP1P/R1BQKBNR","stockfishScores":{"bn":0.5058333333333334}},{"fenStr":"rnbqkb1r/ppp2ppp/8/3np3/8/2N3P1/PP1PPP1P/R1BQKBNR","stockfishScores":{"wn":0.49529761904761904}},{"fenStr":"rnbqkb1r/ppp2ppp/8/3np3/8/2N3P1/PP1PPPBP/R1BQK1NR","stockfishScores":{"bn":0.4992857142857143}},{"fenStr":"rn1qkb1r/ppp2ppp/4b3/3np3/8/2N3P1/PP1PPPBP/R1BQK1NR","stockfishScores":{"wn":0.4992261904761905}},{"fenStr":"rn1qkb1r/ppp2ppp/4b3/3np3/8/2N2NP1/PP1PPPBP/R1BQK2R","stockfishScores":{"bn":0.50125}},{"fenStr":"r2qkb1r/ppp2ppp/2n1b3/3np3/8/2N2NP1/PP1PPPBP/R1BQK2R","stockfishScores":{"wn":0.49702380952380953}},{"fenStr":"r2qkb1r/ppp2ppp/2n1b3/3np3/8/2N2NP1/PP1PPPBP/R1BQ1RK1","stockfishScores":{"bn":0.5052380952380953}},{"fenStr":"r2qk2r/ppp1bppp/2n1b3/3np3/8/2N2NP1/PP1PPPBP/R1BQ1RK1","stockfishScores":{"wn":0.50625}},{"fenStr":"r2qk2r/ppp1bppp/2n1b3/3np3/3P4/2N2NP1/PP2PPBP/R1BQ1RK1","stockfishScores":{"bn":0.5104761904761905}},{"fenStr":"r2qk2r/ppp1bppp/2n1b3/4p3/3P4/2n2NP1/PP2PPBP/R1BQ1RK1","stockfishScores":{"wn":0.4856547619047619}},{"fenStr":"r2qk2r/ppp1bppp/2n1b3/4p3/3P4/2P2NP1/P3PPBP/R1BQ1RK1","stockfishScores":{"bn":0.5099404761904762}},{"fenStr":"r2qk2r/ppp1bppp/2n1b3/8/3Pp3/2P2NP1/P3PPBP/R1BQ1RK1","stockfishScores":{"wn":0.5064285714285715}},{"fenStr":"r2qk2r/ppp1bppp/2n1b3/8/3Pp3/2P3P1/P2NPPBP/R1BQ1RK1","stockfishScores":{"bn":0.5111904761904762}},{"fenStr":"r2qk2r/ppp1b1pp/2n1b3/5p2/3Pp3/2P3P1/P2NPPBP/R1BQ1RK1","stockfishScores":{"wn":0.5092857142857143}},{"fenStr":"r2qk2r/ppp1b1pp/2n1b3/5p2/3Pp3/2P1P1P1/P2N1PBP/R1BQ1RK1","stockfishScores":{"bn":0.5096428571428572}},{"fenStr":"r2q1rk1/ppp1b1pp/2n1b3/5p2/3Pp3/2P1P1P1/P2N1PBP/R1BQ1RK1","stockfishScores":{"wn":0.49714285714285716}},{"fenStr":"r2q1rk1/ppp1b1pp/2n1b3/5p2/2PPp3/4P1P1/P2N1PBP/R1BQ1RK1","stockfishScores":{"bn":0.5000595238095238}},{"fenStr":"r2q1rk1/ppp1b1pp/4b3/5p2/1nPPp3/4P1P1/P2N1PBP/R1BQ1RK1","stockfishScores":{"wn":0.5004166666666666}},{"fenStr":"r2q1rk1/ppp1b1pp/4b3/5p2/1nPPp3/4P1P1/PB1N1PBP/R2Q1RK1","stockfishScores":{"bn":0.50125}},{"fenStr":"r2q1rk1/pp2b1pp/2p1b3/5p2/1nPPp3/4P1P1/PB1N1PBP/R2Q1RK1","stockfishScores":{"wn":0.49892857142857144}},{"fenStr":"r2q1rk1/pp2b1pp/2p1b3/5p2/1nPPp3/2B1P1P1/P2N1PBP/R2Q1RK1","stockfishScores":{"bn":0.5007738095238096}},{"fenStr":"r2q1rk1/pp2b1pp/2p1b3/5p2/2PPp3/2BnP1P1/P2N1PBP/R2Q1RK1","stockfishScores":{"wn":0.49410714285714286}},{"fenStr":"r2q1rk1/pp2b1pp/2p1b3/5p2/2PPp3/2BnP1P1/P2N1PBP/1R1Q1RK1","stockfishScores":{"bn":0.49726190476190474}},{"fenStr":"r2q1rk1/p3b1pp/1pp1b3/5p2/2PPp3/2BnP1P1/P2N1PBP/1R1Q1RK1","stockfishScores":{"wn":0.4967261904761905}},{"fenStr":"r2q1rk1/p3b1pp/1pp1b3/5p2/2PPp3/2BnPPP1/P2N2BP/1R1Q1RK1","stockfishScores":{"bn":0.49416666666666664}},{"fenStr":"r2q1rk1/p3b1pp/1pp1b3/8/2PPpp2/2BnPPP1/P2N2BP/1R1Q1RK1","stockfishScores":{"wn":0.49273809523809525}},{"fenStr":"r2q1rk1/p3b1pp/1pp1b3/8/2PPpP2/2BnPP2/P2N2BP/1R1Q1RK1","stockfishScores":{"bn":0.5026785714285714}},{"fenStr":"r2q1rk1/p3b1pp/1pp1b3/8/2PPpn2/2B1PP2/P2N2BP/1R1Q1RK1","stockfishScores":{"wn":0.49291666666666667}},{"fenStr":"r2q1rk1/p3b1pp/1pp1b3/8/2PPpP2/2B2P2/P2N2BP/1R1Q1RK1","stockfishScores":{"bn":0.5179761904761905}},{"fenStr":"r2q1rk1/p3b1pp/1pp1b3/8/2PP1P2/2B1pP2/P2N2BP/1R1Q1RK1","stockfishScores":{"wn":0.5117857142857143}},{"fenStr":"r2q1rk1/p3b1pp/1pp1b3/8/2PP1P2/2B1pP2/P2N2BP/1R1QR1K1","stockfishScores":{"bn":0.5173809523809524}},{"fenStr":"r2q1rk1/p5pp/1ppbb3/8/2PP1P2/2B1pP2/P2N2BP/1R1QR1K1","stockfishScores":{"wn":0.5177380952380952}},{"fenStr":"r2q1rk1/p5pp/1ppbb3/8/2PP1P2/2B1RP2/P2N2BP/1R1Q2K1","stockfishScores":{"bn":0.5305357142857143}},{"fenStr":"r2q1rk1/p5pp/1ppb4/5b2/2PP1P2/2B1RP2/P2N2BP/1R1Q2K1","stockfishScores":{"wn":0.5260714285714285}},{"fenStr":"r2q1rk1/p5pp/1ppb4/5b2/2PP1P2/2B1RP2/PR1N2BP/3Q2K1","stockfishScores":{"bn":0.5267261904761905}},{"fenStr":"r2q1rk1/p5pp/1pp5/5b2/2PP1b2/2B1RP2/PR1N2BP/3Q2K1","stockfishScores":{"wn":0.5132738095238095}},{"fenStr":"r2q1rk1/p5pp/1pp5/5b2/2PP1b2/2B2P2/PR1N2BP/3QR1K1","stockfishScores":{"bn":0.5169642857142858}},{"fenStr":"r4rk1/p5pp/1pp5/5b2/2PP1b1q/2B2P2/PR1N2BP/3QR1K1","stockfishScores":{"wn":0.4872619047619048}},{"fenStr":"r4rk1/p5pp/1pp5/5b2/2PP1b1q/2B2P2/PR4BP/3QRNK1","stockfishScores":{"bn":0.5155952380952381}},{"fenStr":"r5k1/p5pp/1pp2r2/5b2/2PP1b1q/2B2P2/PR4BP/3QRNK1","stockfishScores":{"wn":0.5176190476190476}},{"fenStr":"r5k1/p5pp/1pp2r2/3P1b2/2P2b1q/2B2P2/PR4BP/3QRNK1","stockfishScores":{"bn":0.5238095238095238}},{"fenStr":"r5k1/p5pp/1pp4r/3P1b2/2P2b1q/2B2P2/PR4BP/3QRNK1","stockfishScores":{"wn":0.5186309523809524}},{"fenStr":"r5k1/p5pp/1pp4r/3P1b2/2PQ1b1q/2B2P2/PR4BP/4RNK1","stockfishScores":{"bn":0.5261904761904762}},{"fenStr":"r5k1/p5pp/1pp4r/3P1bq1/2PQ1b2/2B2P2/PR4BP/4RNK1","stockfishScores":{"wn":0.5091666666666667}},{"fenStr":"r5k1/p5pp/1pp4r/3P1bq1/2PQ1b2/5P2/PR1B2BP/4RNK1","stockfishScores":{"bn":0.5038095238095238}},{"fenStr":"r5k1/p5pp/1pp4r/3P1bq1/2PQ4/5P2/PR1b2BP/4RNK1","stockfishScores":{"wn":0.4869047619047619}},{"fenStr":"r5k1/p5pp/1pp4r/3P1bq1/2PQ4/5P2/P2R2BP/4RNK1","stockfishScores":{"bn":0.52}},{"fenStr":"r5k1/p5pp/1p5r/2pP1bq1/2PQ4/5P2/P2R2BP/4RNK1","stockfishScores":{"wn":0.5177380952380952}},{"fenStr":"r5k1/p5pp/1p5r/2pP1bq1/2P5/4QP2/P2R2BP/4RNK1","stockfishScores":{"bn":0.52375}},{"fenStr":"r5k1/p5pp/1p5r/2pP1b2/2P4q/4QP2/P2R2BP/4RNK1","stockfishScores":{"wn":0.5245238095238095}},{"fenStr":"r5k1/p5pp/1p1P3r/2p2b2/2P4q/4QP2/P2R2BP/4RNK1","stockfishScores":{"bn":0.5236904761904762}},{"fenStr":"r5k1/p5pp/1p1Pr3/2p2b2/2P4q/4QP2/P2R2BP/4RNK1","stockfishScores":{"wn":0.5271428571428571}},{"fenStr":"r5k1/p5pp/1p1PQ3/2p2b2/2P4q/5P2/P2R2BP/4RNK1","stockfishScores":{"bn":0.5602976190476191}},{"fenStr":"r5k1/p5pp/1p1Pb3/2p5/2P4q/5P2/P2R2BP/4RNK1","stockfishScores":{"wn":0.49041666666666667}},{"fenStr":"r5k1/p5pp/1p1PR3/2p5/2P4q/5P2/P2R2BP/5NK1","stockfishScores":{"bn":0.5198809523809523}},{"fenStr":"r5k1/p5pp/1p1PR3/2p5/2q5/5P2/P2R2BP/5NK1","stockfishScores":{"wn":0.5149404761904762}},{"fenStr":"r5k1/p5pp/1p1PR3/2p5/2q2P2/8/P2R2BP/5NK1","stockfishScores":{"bn":0.519702380952381}},{"fenStr":"r5k1/p5pp/1p1Pq3/2p5/5P2/8/P2R2BP/5NK1","stockfishScores":{"wn":0.475297619047619}},{"fenStr":"B5k1/p5pp/1p1Pq3/2p5/5P2/8/P2R3P/5NK1","stockfishScores":{"bn":0.5042261904761904}},{"fenStr":"B5k1/p5pp/1p1P4/2p5/5Pq1/8/P2R3P/5NK1","stockfishScores":{"wn":0.5063095238095238}},{"fenStr":"6k1/p5pp/1p1P4/2p5/5Pq1/8/P2R2BP/5NK1","stockfishScores":{"bn":0.5043452380952381}},{"fenStr":"6k1/p2q2pp/1p1P4/2p5/5P2/8/P2R2BP/5NK1","stockfishScores":{"wn":0.5089285714285714}},{"fenStr":"6k1/p2q2pp/1p1P4/2p5/5P2/4N3/P2R2BP/6K1","stockfishScores":{"bn":0.5121428571428571}},{"fenStr":"6k1/p2q2pp/3P4/1pp5/5P2/4N3/P2R2BP/6K1","stockfishScores":{"wn":0.5126190476190476}},{"fenStr":"6k1/p2q2pp/3P4/1pp5/5PN1/8/P2R2BP/6K1","stockfishScores":{"bn":0.5070238095238095}},{"fenStr":"6k1/p2q2pp/3P4/1p6/2p2PN1/8/P2R2BP/6K1","stockfishScores":{"wn":0.5047619047619047}},{"fenStr":"6k1/p2q2pp/3P4/1p2N3/2p2P2/8/P2R2BP/6K1","stockfishScores":{"bn":0.5126785714285714}},{"fenStr":"3q2k1/p5pp/3P4/1p2N3/2p2P2/8/P2R2BP/6K1","stockfishScores":{"wn":0.5127380952380952}},{"fenStr":"3q2k1/p2P2pp/8/1p2N3/2p2P2/8/P2R2BP/6K1","stockfishScores":{"bn":0.5142261904761904}},{"fenStr":"3q2k1/p2P2pp/8/1p2N3/5P2/2p5/P2R2BP/6K1","stockfishScores":{"wn":0.5116666666666667}},{"fenStr":"3q2k1/p2P2pp/8/1p2N3/5P2/2p5/P3R1BP/6K1","stockfishScores":{"bn":0.5139880952380952}},{"fenStr":"6k1/p2P2pp/1q6/1p2N3/5P2/2p5/P3R1BP/6K1","stockfishScores":{"wn":0.5107738095238096}},{"fenStr":"6k1/p2P2pp/1q6/1p2N3/5P2/2p5/P3R1BP/5K2","stockfishScores":{"bn":0.5135714285714286}},{"fenStr":"6k1/p2P2pp/8/1p2N3/3q1P2/2p5/P3R1BP/5K2","stockfishScores":{"wn":0.5116666666666667}},{"fenStr":"6k1/p2P2pp/8/1p2N3/3qBP2/2p5/P3R2P/5K2","stockfishScores":{"bn":0.5132142857142857}},{"fenStr":"6k1/p2P3p/6p1/1p2N3/3qBP2/2p5/P3R2P/5K2","stockfishScores":{"wn":0.5126785714285714}},{"fenStr":"6k1/p2P3p/6p1/1p2N3/3qBP2/2p5/P3R1KP/8","stockfishScores":{"bn":0.512797619047619}},{"fenStr":"6k1/3P3p/6p1/pp2N3/3qBP2/2p5/P3R1KP/8","stockfishScores":{"wn":0.5130357142857143}},{"fenStr":"6k1/3P3p/2B3p1/pp2N3/3q1P2/2p5/P3R1KP/8","stockfishScores":{"bn":0.5132142857142857}},{"fenStr":"6k1/3P3p/2B3p1/pp2N3/5P2/2p5/P3R1KP/3q4","stockfishScores":{"wn":0.5083928571428571}},{"fenStr":"6k1/3P3p/2B3p1/pp2N3/5P2/2p3K1/P3R2P/3q4","stockfishScores":{"bn":0.5133928571428571}},{"fenStr":"6k1/3P3p/2B3p1/pp2N3/5P2/2p3K1/P3R2P/6q1","stockfishScores":{"wn":0.5292857142857142}},{"fenStr":"6k1/3P3p/2B3p1/pp2N3/5P2/2p3K1/P5RP/6q1","stockfishScores":{"bn":0.5153571428571428}},{"fenStr":"6k1/3P3p/2B3p1/pp2N3/5P2/2p1q1K1/P5RP/8","stockfishScores":{"wn":0.5222023809523809}},{"fenStr":"6k1/3P3p/2B3p1/pp6/5P2/2p1qNK1/P5RP/8","stockfishScores":{"bn":0.5148809523809523}},{"fenStr":"6k1/3P3p/1qB3p1/pp6/5P2/2p2NK1/P5RP/8","stockfishScores":{"wn":0.5118452380952381}},{"fenStr":"6k1/3P3p/1q4p1/pB6/5P2/2p2NK1/P5RP/8","stockfishScores":{"bn":0.5167857142857143}},{"fenStr":"8/3P2kp/1q4p1/pB6/5P2/2p2NK1/P5RP/8","stockfishScores":{"wn":0.5168452380952381}},{"fenStr":"8/3P2kp/1q4p1/pB6/5P2/2p2NK1/P1R4P/8","stockfishScores":{"bn":0.5175595238095239}},{"fenStr":"8/3P2k1/1q4pp/pB6/5P2/2p2NK1/P1R4P/8","stockfishScores":{"wn":0.518452380952381}},{"fenStr":"8/3P2k1/1q4pp/pB6/5P2/2R2NK1/P6P/8","stockfishScores":{"bn":0.5295833333333333}},{"fenStr":"8/3P2k1/1q5p/pB4p1/5P2/2R2NK1/P6P/8","stockfishScores":{"wn":0.5314880952380953}},{"fenStr":"8/3P2k1/1qR4p/pB4p1/5P2/5NK1/P6P/8","stockfishScores":{"bn":0.5346428571428572}},{"fenStr":"8/3P2k1/1qR4p/pB6/5p2/5NK1/P6P/8","stockfishScores":{"wn":0.5313095238095238}},{"fenStr":"8/3P2k1/1qR4p/pB6/5pK1/5N2/P6P/8","stockfishScores":{"bn":0.5317261904761905}},{"fenStr":"8/3P2k1/2R4p/pq6/5pK1/5N2/P6P/8","stockfishScores":{"wn":0.5114285714285715}},{"fenStr":"3Q4/6k1/2R4p/pq6/5pK1/5N2/P6P/8","stockfishScores":{"bn":0.5560119047619048}},{"fenStr":"3Q4/6k1/2q4p/p7/5pK1/5N2/P6P/8","stockfishScores":{"wn":0.5226190476190476}},{"fenStr":"8/4Q1k1/2q4p/p7/5pK1/5N2/P6P/8","stockfishScores":{"bn":0.5206547619047619}},{"fenStr":"6k1/4Q3/2q4p/p7/5pK1/5N2/P6P/8","stockfishScores":{"wn":0.5257738095238095}},{"fenStr":"6k1/5Q2/2q4p/p7/5pK1/5N2/P6P/8","stockfishScores":{"bn":0.5186904761904761}},{"fenStr":"7k/5Q2/2q4p/p7/5pK1/5N2/P6P/8","stockfishScores":{"wn":0.5275595238095238}},{"fenStr":"7k/5Q2/2q4p/p3N3/5pK1/8/P6P/8","stockfishScores":{"bn":0.5388095238095238}},{"fenStr":"7k/5Q2/7p/p3N3/5pK1/8/P5qP/8","stockfishScores":{"wn":0.5342857142857143}},{"fenStr":"7k/5Q2/7p/p3NK2/5p2/8/P5qP/8","stockfishScores":{"bn":0.5288095238095238}},{"fenStr":"7k/5Q2/7p/p3NK2/5p2/7q/P6P/8","stockfishScores":{"wn":0.5398809523809524}},{"fenStr":"7k/5Q2/5K1p/p3N3/5p2/7q/P6P/8","stockfishScores":{"bn":0.5310714285714285}},{"fenStr":"7k/5Q2/5K1p/p3N3/5p1q/8/P6P/8","stockfishScores":{"wn":0.535}},{"fenStr":"7k/5Q2/4K2p/p3N3/5p1q/8/P6P/8","stockfishScores":{"bn":0.5351785714285714}},{"fenStr":"7k/5Q2/4K2p/p3N3/5p2/7q/P6P/8","stockfishScores":{"wn":0.537797619047619}},{"fenStr":"7k/4KQ2/7p/p3N3/5p2/7q/P6P/8","stockfishScores":{"bn":0.5325595238095238}},{"fenStr":"7k/4KQ2/7p/p3N3/5p2/q7/P6P/8","stockfishScores":{"wn":0.5344047619047619}},{"fenStr":"7k/5Q2/5K1p/p3N3/5p2/q7/P6P/8","stockfishScores":{"bn":0.5335714285714286}},{"fenStr":"7k/5Q2/3q1K1p/p3N3/5p2/8/P6P/8","stockfishScores":{"wn":0.5326190476190477}},{"fenStr":"7k/5Q2/3q3p/p3NK2/5p2/8/P6P/8","stockfishScores":{"bn":0.5378571428571428}},{"fenStr":"7k/5Q2/7p/p1q1NK2/5p2/8/P6P/8","stockfishScores":{"wn":0.5195833333333333}},{"fenStr":"7k/8/5Q1p/p1q1NK2/5p2/8/P6P/8","stockfishScores":{"bn":0.521547619047619}},{"fenStr":"6k1/8/5Q1p/p1q1NK2/5p2/8/P6P/8","stockfishScores":{"wn":0.5220238095238096}},{"fenStr":"6k1/5Q2/7p/p1q1NK2/5p2/8/P6P/8","stockfishScores":{"bn":0.5135714285714286}},{"fenStr":"7k/5Q2/7p/p1q1NK2/5p2/8/P6P/8","stockfishScores":{"wn":0.5195833333333333}},{"fenStr":"7k/5Q2/5K1p/p1q1N3/5p2/8/P6P/8","stockfishScores":{"bn":0.530952380952381}},{"fenStr":"7k/5Q2/3q1K1p/p3N3/5p2/8/P6P/8","stockfishScores":{"wn":0.5326190476190477}},{"fenStr":"7k/8/3qQK1p/p3N3/5p2/8/P6P/8","stockfishScores":{"bn":0.5135714285714286}},{"fenStr":"3q3k/8/4QK1p/p3N3/5p2/8/P6P/8","stockfishScores":{"wn":0.5242261904761905}},{"fenStr":"3q3k/4Q3/5K1p/p3N3/5p2/8/P6P/8","stockfishScores":{"bn":0.5219642857142857}},{"fenStr":"7k/4Q3/1q3K1p/p3N3/5p2/8/P6P/8","stockfishScores":{"wn":0.5346428571428572}},{"fenStr":"7k/4QK2/1q5p/p3N3/5p2/8/P6P/8","stockfishScores":{"bn":0.5291666666666667}},{"fenStr":"7k/4QK2/1q5p/p3N3/8/5p2/P6P/8","stockfishScores":{"wn":0.5213690476190476}},{"fenStr":"4Q2k/5K2/1q5p/p3N3/8/5p2/P6P/8","stockfishScores":{"bn":0.5186309523809524}},{"fenStr":"4Q3/5K1k/1q5p/p3N3/8/5p2/P6P/8","stockfishScores":{"wn":0.5126190476190476}},{"fenStr":"6Q1/5K1k/1q5p/p3N3/8/5p2/P6P/8","stockfishScores":{"bn":0.5095238095238095}}],"result":{"ww":true}}