{"fens":[{"fenStr":"rnbqkbnr/pppppppp/8/8/3P4/8/PPP1PPPP/RNBQKBNR","stockfishScores":{"bn":0.5048809523809524}},{"fenStr":"rnbqkb1r/pppppppp/5n2/8/3P4/8/PPP1PPPP/RNBQKBNR","stockfishScores":{"wn":0.5016071428571428}},{"fenStr":"rnbqkb1r/pppppppp/5n2/8/2PP4/8/PP2PPPP/RNBQKBNR","stockfishScores":{"bn":0.5041071428571429}},{"fenStr":"rnbqkb1r/pppp1ppp/4pn2/8/2PP4/8/PP2PPPP/RNBQKBNR","stockfishScores":{"wn":0.5005357142857143}},{"fenStr":"rnbqkb1r/pppp1ppp/4pn2/8/2PP4/2N5/PP2PPPP/R1BQKBNR","stockfishScores":{"bn":0.5033928571428572}},{"fenStr":"rnbqk2r/pppp1ppp/4pn2/8/1bPP4/2N5/PP2PPPP/R1BQKBNR","stockfishScores":{"wn":0.5013095238095238}},{"fenStr":"rnbqk2r/pppp1ppp/4pn2/8/1bPP4/2N1P3/PP3PPP/R1BQKBNR","stockfishScores":{"bn":0.503452380952381}},{"fenStr":"rnbqk2r/p1pp1ppp/1p2pn2/8/1bPP4/2N1P3/PP3PPP/R1BQKBNR","stockfishScores":{"wn":0.5023214285714286}},{"fenStr":"rnbqk2r/p1pp1ppp/1p2pn2/8/1bPP4/2NBP3/PP3PPP/R1BQK1NR","stockfishScores":{"bn":0.5022023809523809}},{"fenStr":"rn1qk2r/pbpp1ppp/1p2pn2/8/1bPP4/2NBP3/PP3PPP/R1BQK1NR","stockfishScores":{"wn":0.4976785714285714}},{"fenStr":"rn1qk2r/pbpp1ppp/1p2pn2/8/1bPP4/2NBPP2/PP4PP/R1BQK1NR","stockfishScores":{"bn":0.4980952380952381}},{"fenStr":"rn1q1rk1/pbpp1ppp/1p2pn2/8/1bPP4/2NBPP2/PP4PP/R1BQK1NR","stockfishScores":{"wn":0.48892857142857143}},{"fenStr":"rn1q1rk1/pbpp1ppp/1p2pn2/8/1bPP4/2NBPP2/PP2N1PP/R1BQK2R","stockfishScores":{"bn":0.49315476190476193}},{"fenStr":"rn1q1rk1/pbp2ppp/1p2pn2/3p4/1bPP4/2NBPP2/PP2N1PP/R1BQK2R","stockfishScores":{"wn":0.49166666666666664}},{"fenStr":"rn1q1rk1/pbp2ppp/1p2pn2/3p4/1bPP4/2NBPP2/PP2N1PP/R1BQ1RK1","stockfishScores":{"bn":0.50375}},{"fenStr":"rn1q1rk1/pbp2ppp/1p2pn2/8/1bpP4/2NBPP2/PP2N1PP/R1BQ1RK1","stockfishScores":{"wn":0.4994642857142857}},{"fenStr":"rn1q1rk1/pbp2ppp/1p2pn2/8/1bBP4/2N1PP2/PP2N1PP/R1BQ1RK1","stockfishScores":{"bn":0.5027380952380952}},{"fenStr":"rn1q1rk1/pb3ppp/1p2pn2/2p5/1bBP4/2N1PP2/PP2N1PP/R1BQ1RK1","stockfishScores":{"wn":0.5035714285714286}},{"fenStr":"rn1q1rk1/pb3ppp/1p2pn2/2p5/1bBP4/P1N1PP2/1P2N1PP/R1BQ1RK1","stockfishScores":{"bn":0.5066071428571428}},{"fenStr":"rn1q1rk1/pb3ppp/1p2pn2/2p5/2BP4/P1b1PP2/1P2N1PP/R1BQ1RK1","stockfishScores":{"wn":0.4866666666666667}},{"fenStr":"rn1q1rk1/pb3ppp/1p2pn2/2p5/2BP4/P1P1PP2/4N1PP/R1BQ1RK1","stockfishScores":{"bn":0.503095238095238}},{"fenStr":"r2q1rk1/pb1n1ppp/1p2pn2/2p5/2BP4/P1P1PP2/4N1PP/R1BQ1RK1","stockfishScores":{"wn":0.5010119047619047}},{"fenStr":"r2q1rk1/pb1n1ppp/1p2pn2/2p5/2BPP3/P1P2P2/4N1PP/R1BQ1RK1","stockfishScores":{"bn":0.5045238095238095}},{"fenStr":"r2q1rk1/pb1n1ppp/1p2pn2/8/2BpP3/P1P2P2/4N1PP/R1BQ1RK1","stockfishScores":{"wn":0.4932738095238095}},{"fenStr":"r2q1rk1/pb1n1ppp/1p2pn2/8/2BPP3/P4P2/4N1PP/R1BQ1RK1","stockfishScores":{"bn":0.5054166666666666}},{"fenStr":"r2q1rk1/pb1n1ppp/1p3n2/4p3/2BPP3/P4P2/4N1PP/R1BQ1RK1","stockfishScores":{"wn":0.5054761904761905}},{"fenStr":"r2q1rk1/pb1n1ppp/1p3n2/4p3/2BPP3/P4P2/1B2N1PP/R2Q1RK1","stockfishScores":{"bn":0.5039285714285714}},{"fenStr":"r4rk1/pb1nqppp/1p3n2/4p3/2BPP3/P4P2/1B2N1PP/R2Q1RK1","stockfishScores":{"wn":0.5048214285714285}},{"fenStr":"r4rk1/pb1nqppp/1p3n2/4p3/2BPP3/P4P2/1B2N1PP/2RQ1RK1","stockfishScores":{"bn":0.5053571428571428}},{"fenStr":"r4rk1/pb1nqppp/1p3n2/8/2BpP3/P4P2/1B2N1PP/2RQ1RK1","stockfishScores":{"wn":0.4998214285714286}},{"fenStr":"r4rk1/pb1nqppp/1p3n2/8/2BQP3/P4P2/1B2N1PP/2R2RK1","stockfishScores":{"bn":0.511547619047619}},{"fenStr":"r4rk1/pb1n1ppp/1p3n2/2q5/2BQP3/P4P2/1B2N1PP/2R2RK1","stockfishScores":{"wn":0.5097619047619047}},{"fenStr":"r4rk1/pb1n1Bpp/1p3n2/2q5/3QP3/P4P2/1B2N1PP/2R2RK1","stockfishScores":{"bn":0.5135119047619048}},{"fenStr":"r5k1/pb1n1rpp/1p3n2/2q5/3QP3/P4P2/1B2N1PP/2R2RK1","stockfishScores":{"wn":0.4886904761904762}},{"fenStr":"r5k1/pb1n1rpp/1p3n2/2R5/3QP3/P4P2/1B2N1PP/5RK1","stockfishScores":{"bn":0.5585119047619047}},{"fenStr":"r5k1/pb3rpp/1p3n2/2n5/3QP3/P4P2/1B2N1PP/5RK1","stockfishScores":{"wn":0.520952380952381}},{"fenStr":"r5k1/pb3rpp/1p3n2/2n5/3QP3/P4PN1/1B4PP/5RK1","stockfishScores":{"bn":0.5198214285714285}},{"fenStr":"r5k1/pb1r2pp/1p3n2/2n5/3QP3/P4PN1/1B4PP/5RK1","stockfishScores":{"wn":0.5210714285714285}},{"fenStr":"r5k1/pb1r2pp/1p3n2/2n5/2Q1P3/P4PN1/1B4PP/5RK1","stockfishScores":{"bn":0.5195238095238095}},{"fenStr":"r6k/pb1r2pp/1p3n2/2n5/2Q1P3/P4PN1/1B4PP/5RK1","stockfishScores":{"wn":0.52125}},{"fenStr":"r6k/pb1r2pp/1p3B2/2n5/2Q1P3/P4PN1/6PP/5RK1","stockfishScores":{"bn":0.5464285714285715}},{"fenStr":"r6k/p2r2pp/bp3B2/2n5/2Q1P3/P4PN1/6PP/5RK1","stockfishScores":{"wn":0.5469047619047619}},{"fenStr":"r6k/p2r2pp/bp3B2/2n5/4P3/P1Q2PN1/6PP/5RK1","stockfishScores":{"bn":0.5466071428571428}},{"fenStr":"r6k/p2r2pp/1p3B2/2n5/4P3/P1Q2PN1/6PP/5bK1","stockfishScores":{"wn":0.5075}},{"fenStr":"r6k/p2r2pp/1p3B2/2n2N2/4P3/P1Q2P2/6PP/5bK1","stockfishScores":{"bn":0.5059523809523809}},{"fenStr":"r6k/p2r2pp/1p2nB2/5N2/4P3/P1Q2P2/6PP/5bK1","stockfishScores":{"wn":0.5066666666666667}},{"fenStr":"r6k/p2r2pp/1pQ1nB2/5N2/4P3/P4P2/6PP/5bK1","stockfishScores":{"bn":0.5121428571428571}},{"fenStr":"r6k/p2r3p/1pQ1np2/5N2/4P3/P4P2/6PP/5bK1","stockfishScores":{"wn":0.48970238095238094}},{"fenStr":"r6k/p2r3p/1p2Qp2/5N2/4P3/P4P2/6PP/5bK1","stockfishScores":{"bn":0.5172619047619048}},{"fenStr":"r6k/p2r3p/1p2Qp2/1b3N2/4P3/P4P2/6PP/6K1","stockfishScores":{"wn":0.5133333333333333}},{"fenStr":"r6k/p2r3p/1p3Q2/1b3N2/4P3/P4P2/6PP/6K1","stockfishScores":{"bn":0.5153571428571428}},{"fenStr":"r5k1/p2r3p/1p3Q2/1b3N2/4P3/P4P2/6PP/6K1","stockfishScores":{"wn":0.5270833333333333}},{"fenStr":"r5k1/p2r3p/1p3Q1N/1b6/4P3/P4P2/6PP/6K1","stockfishScores":{"bn":0.5156547619047619}}],"result":{"ww":true}}