{"fens":[{"fenStr":"rnbqkbnr/pppppppp/8/8/4P3/8/PPPP1PPP/RNBQKBNR","stockfishScores":{"bn":0.5049404761904762}},{"fenStr":"rnbqkbnr/pppp1ppp/8/4p3/4P3/8/PPPP1PPP/RNBQKBNR","stockfishScores":{"wn":0.5005952380952381}},{"fenStr":"rnbqkbnr/pppp1ppp/8/4p3/4P3/5N2/PPPP1PPP/RNBQKB1R","stockfishScores":{"bn":0.5044047619047619}},{"fenStr":"r1bqkbnr/pppp1ppp/2n5/4p3/4P3/5N2/PPPP1PPP/RNBQKB1R","stockfishScores":{"wn":0.5004166666666666}},{"fenStr":"r1bqkbnr/pppp1ppp/2n5/4p3/2B1P3/5N2/PPPP1PPP/RNBQK2R","stockfishScores":{"bn":0.5013095238095238}},{"fenStr":"r1bqkb1r/pppp1ppp/2n2n2/4p3/2B1P3/5N2/PPPP1PPP/RNBQK2R","stockfishScores":{"wn":0.4975}},{"fenStr":"r1bqkb1r/pppp1ppp/2n2n2/4p1N1/2B1P3/8/PPPP1PPP/RNBQK2R","stockfishScores":{"bn":0.5047619047619047}},{"fenStr":"r1bqk2r/pppp1ppp/2n2n2/2b1p1N1/2B1P3/8/PPPP1PPP/RNBQK2R","stockfishScores":{"wn":0.5035119047619048}},{"fenStr":"r1bqk2r/pppp1Npp/2n2n2/2b1p3/2B1P3/8/PPPP1PPP/RNBQK2R","stockfishScores":{"bn":0.51}},{"fenStr":"r1b1k2r/ppppqNpp/2n2n2/2b1p3/2B1P3/8/PPPP1PPP/RNBQK2R","stockfishScores":{"wn":0.5035119047619048}},{"fenStr":"r1b1k2N/ppppq1pp/2n2n2/2b1p3/2B1P3/8/PPPP1PPP/RNBQK2R","stockfishScores":{"bn":0.5251190476190476}},{"fenStr":"r1bnk2N/ppppq1pp/5n2/2b1p3/2B1P3/8/PPPP1PPP/RNBQK2R","stockfishScores":{"wn":0.5283928571428571}},{"fenStr":"r1bnk2N/ppppq1pp/5n2/2b1p3/2B1P3/2P5/PP1P1PPP/RNBQK2R","stockfishScores":{"bn":0.5294642857142857}},{"fenStr":"r1bnk2N/ppppq1pp/8/2b1p3/2B1n3/2P5/PP1P1PPP/RNBQK2R","stockfishScores":{"wn":0.5244642857142857}},{"fenStr":"r1bnk2N/ppppq1pp/8/2b1p2Q/2B1n3/2P5/PP1P1PPP/RNB1K2R","stockfishScores":{"bn":0.5178571428571429}},{"fenStr":"r1bnk2N/ppppq2p/6p1/2b1p2Q/2B1n3/2P5/PP1P1PPP/RNB1K2R","stockfishScores":{"wn":0.5100595238095238}},{"fenStr":"r1bnk3/ppppq2p/6N1/2b1p2Q/2B1n3/2P5/PP1P1PPP/RNB1K2R","stockfishScores":{"bn":0.5323809523809524}},{"fenStr":"r1bnk3/ppppq3/6p1/2b1p2Q/2B1n3/2P5/PP1P1PPP/RNB1K2R","stockfishScores":{"wn":0.5124404761904762}},{"fenStr":"r1bnk3/ppppq3/6Q1/2b1p3/2B1n3/2P5/PP1P1PPP/RNB1K2R","stockfishScores":{"bn":0.5222023809523809}},{"fenStr":"r1b1k3/ppppqn2/6Q1/2b1p3/2B1n3/2P5/PP1P1PPP/RNB1K2R","stockfishScores":{"wn":0.5289285714285714}},{"fenStr":"r1b1k3/ppppqn2/8/2b1p3/2B1Q3/2P5/PP1P1PPP/RNB1K2R","stockfishScores":{"bn":0.5484523809523809}},{"fenStr":"r1b1k3/ppppq3/3n4/2b1p3/2B1Q3/2P5/PP1P1PPP/RNB1K2R","stockfishScores":{"wn":0.5472619047619047}},{"fenStr":"r1b1k3/ppppq3/3n2Q1/2b1p3/2B5/2P5/PP1P1PPP/RNB1K2R","stockfishScores":{"bn":0.5467261904761904}},{"fenStr":"r1b1k3/ppppqn2/6Q1/2b1p3/2B5/2P5/PP1P1PPP/RNB1K2R","stockfishScores":{"wn":0.5479166666666667}},{"fenStr":"r1b1k3/ppppqn2/6Q1/2b1p3/2B5/2P5/PP1P1PPP/RNB2RK1","stockfishScores":{"bn":0.549345238095238}},{"fenStr":"r1b1k3/ppp1qn2/3p2Q1/2b1p3/2B5/2P5/PP1P1PPP/RNB2RK1","stockfishScores":{"wn":0.5483333333333333}},{"fenStr":"r1b1k3/ppp1qn2/3p2Q1/2b1p3/2BP4/2P5/PP3PPP/RNB2RK1","stockfishScores":{"bn":0.5486904761904762}},{"fenStr":"r1b1k3/ppp1qn2/1b1p2Q1/4p3/2BP4/2P5/PP3PPP/RNB2RK1","stockfishScores":{"wn":0.5485119047619048}},{"fenStr":"r1b1k3/ppp1qn2/1b1p2Q1/4p1B1/2BP4/2P5/PP3PPP/RN3RK1","stockfishScores":{"bn":0.5495238095238095}},{"fenStr":"r1b1kq2/ppp2n2/1b1p2Q1/4p1B1/2BP4/2P5/PP3PPP/RN3RK1","stockfishScores":{"wn":0.5504166666666667}},{"fenStr":"r1b1kq2/ppp2n2/1b1p2Q1/4P1B1/2B5/2P5/PP3PPP/RN3RK1","stockfishScores":{"bn":0.5563095238095238}},{"fenStr":"r1b1kq2/ppp2n2/1b4Q1/4p1B1/2B5/2P5/PP3PPP/RN3RK1","stockfishScores":{"wn":0.5508333333333333}},{"fenStr":"r1b1kq2/ppp2n2/1b4Q1/4p1B1/2B5/2P5/PP3PPP/RN2R1K1","stockfishScores":{"bn":0.5510119047619048}},{"fenStr":"r1b1kq2/ppp2n2/6Q1/2b1p1B1/2B5/2P5/PP3PPP/RN2R1K1","stockfishScores":{"wn":0.5511309523809523}},{"fenStr":"r1b1kq2/ppp2n2/6Q1/2b1R1B1/2B5/2P5/PP3PPP/RN4K1","stockfishScores":{"bn":0.5569047619047619}},{"fenStr":"r1b1kq2/ppp1bn2/6Q1/4R1B1/2B5/2P5/PP3PPP/RN4K1","stockfishScores":{"wn":0.5570238095238095}},{"fenStr":"r1b1kq2/ppp1Rn2/6Q1/6B1/2B5/2P5/PP3PPP/RN4K1","stockfishScores":{"bn":0.5855357142857143}},{"fenStr":"r1b1k3/ppp1qn2/6Q1/6B1/2B5/2P5/PP3PPP/RN4K1","stockfishScores":{"wn":0.5475595238095238}},{"fenStr":"r1b1k3/ppp1Bn2/6Q1/8/2B5/2P5/PP3PPP/RN4K1","stockfishScores":{"bn":0.6244047619047619}},{"fenStr":"r1b5/ppp1kn2/6Q1/8/2B5/2P5/PP3PPP/RN4K1","stockfishScores":{"wn":0.5947023809523809}},{"fenStr":"r1b5/ppp1kn2/6Q1/8/2B5/2P5/PP1N1PPP/R5K1","stockfishScores":{"bn":0.5970833333333333}},{"fenStr":"r1b5/ppp1k3/3n2Q1/8/2B5/2P5/PP1N1PPP/R5K1","stockfishScores":{"wn":0.5958928571428571}},{"fenStr":"r1b5/ppp1k3/3n2Q1/8/2B5/2P5/PP1N1PPP/4R1K1","stockfishScores":{"bn":0.5962500000000001}},{"fenStr":"r1b5/pppk4/3n2Q1/8/2B5/2P5/PP1N1PPP/4R1K1","stockfishScores":{"wn":0.5962500000000001}},{"fenStr":"r1b5/pppk4/3nQ3/8/2B5/2P5/PP1N1PPP/4R1K1","stockfishScores":{"bn":0.596547619047619}},{"fenStr":"r1b5/ppp5/2knQ3/8/2B5/2P5/PP1N1PPP/4R1K1","stockfishScores":{"wn":0.5962500000000001}},{"fenStr":"r1b5/ppp5/2knQ3/3B4/8/2P5/PP1N1PPP/4R1K1","stockfishScores":{"bn":0.5967261904761905}},{"fenStr":"r1b5/ppp5/1k1nQ3/3B4/8/2P5/PP1N1PPP/4R1K1","stockfishScores":{"wn":0.5958928571428571}},{"fenStr":"r1b5/ppp5/1k1nQ3/3B4/2N5/2P5/PP3PPP/4R1K1","stockfishScores":{"bn":0.5966666666666667}},{"fenStr":"r1b5/ppp5/3nQ3/2kB4/2N5/2P5/PP3PPP/4R1K1","stockfishScores":{"wn":0.5979166666666667}},{"fenStr":"r1b5/ppp5/3nQ3/2kB4/1PN5/2P5/P4PPP/4R1K1","stockfishScores":{"bn":0.5975}},{"fenStr":"r1b5/ppp5/3nQ3/1k1B4/1PN5/2P5/P4PPP/4R1K1","stockfishScores":{"wn":0.5969642857142857}},{"fenStr":"r1b5/ppp5/3nQ3/1k1B4/PPN5/2P5/5PPP/4R1K1","stockfishScores":{"bn":0.5976190476190476}},{"fenStr":"r1b5/ppp5/3nQ3/3B4/kPN5/2P5/5PPP/4R1K1","stockfishScores":{"wn":0.5924404761904762}},{"fenStr":"r1b5/ppp5/3nQ3/3B4/kPN5/2P5/5PPP/R5K1","stockfishScores":{"bn":0.5920238095238095}},{"fenStr":"r1b5/ppp5/3nQ3/1k1B4/1PN5/2P5/5PPP/R5K1","stockfishScores":{"wn":0.5905952380952381}},{"fenStr":"r1b5/ppp5/3nQ3/Rk1B4/1PN5/2P5/5PPP/6K1","stockfishScores":{"bn":0.5905357142857143}}],"result":{"ww":true}}