{"fens":[{"fenStr":"rnbqkbnr/pppppppp/8/8/2P5/8/PP1PPPPP/RNBQKBNR","stockfishScores":{"bn":0.5016666666666667}},{"fenStr":"rnbqkbnr/pppp1ppp/4p3/8/2P5/8/PP1PPPPP/RNBQKBNR","stockfishScores":{"wn":0.49702380952380953}},{"fenStr":"rnbqkbnr/pppp1ppp/4p3/8/2P5/2N5/PP1PPPPP/R1BQKBNR","stockfishScores":{"bn":0.5000595238095238}},{"fenStr":"rnbqkbnr/pppp2pp/4p3/5p2/2P5/2N5/PP1PPPPP/R1BQKBNR","stockfishScores":{"wn":0.50125}},{"fenStr":"rnbqkbnr/pppp2pp/4p3/5p2/2P5/2N4P/PP1PPPP1/R1BQKBNR","stockfishScores":{"bn":0.5009523809523809}},{"fenStr":"rnbqkbnr/ppp3pp/4p3/3p1p2/2P5/2N4P/PP1PPPP1/R1BQKBNR","stockfishScores":{"wn":0.4963690476190476}},{"fenStr":"rnbqkbnr/ppp3pp/4p3/3p1p2/2P5/2N1P2P/PP1P1PP1/R1BQKBNR","stockfishScores":{"bn":0.5039880952380953}},{"fenStr":"rnbqkbnr/pp4pp/2p1p3/3p1p2/2P5/2N1P2P/PP1P1PP1/R1BQKBNR","stockfishScores":{"wn":0.5032142857142857}},{"fenStr":"rnbqkbnr/pp4pp/2p1p3/3p1p2/2P3P1/2N1P2P/PP1P1P2/R1BQKBNR","stockfishScores":{"bn":0.5007142857142857}},{"fenStr":"rnbqkb1r/pp4pp/2p1pn2/3p1p2/2P3P1/2N1P2P/PP1P1P2/R1BQKBNR","stockfishScores":{"wn":0.49916666666666665}},{"fenStr":"rnbqkb1r/pp4pp/2p1pn2/3p1pP1/2P5/2N1P2P/PP1P1P2/R1BQKBNR","stockfishScores":{"bn":0.5011904761904762}},{"fenStr":"rnbqkb1r/pp4pp/2p1p3/3p1pP1/2P1n3/2N1P2P/PP1P1P2/R1BQKBNR","stockfishScores":{"wn":0.4986309523809524}},{"fenStr":"rnbqkb1r/pp4pp/2p1p3/3p1pP1/2P1n2P/2N1P3/PP1P1P2/R1BQKBNR","stockfishScores":{"bn":0.5055357142857143}},{"fenStr":"rnb1kb1r/ppq3pp/2p1p3/3p1pP1/2P1n2P/2N1P3/PP1P1P2/R1BQKBNR","stockfishScores":{"wn":0.5056547619047619}},{"fenStr":"rnb1kb1r/ppq3pp/2p1p3/3P1pP1/4n2P/2N1P3/PP1P1P2/R1BQKBNR","stockfishScores":{"bn":0.5145833333333333}},{"fenStr":"rnb1kb1r/ppq3pp/2p5/3p1pP1/4n2P/2N1P3/PP1P1P2/R1BQKBNR","stockfishScores":{"wn":0.5036904761904762}},{"fenStr":"rnb1kb1r/ppq3pp/2p5/3p1pP1/4n2P/2N1P3/PPQP1P2/R1B1KBNR","stockfishScores":{"bn":0.500297619047619}},{"fenStr":"rnb1k2r/ppq3pp/2pb4/3p1pP1/4n2P/2N1P3/PPQP1P2/R1B1KBNR","stockfishScores":{"wn":0.5000595238095238}},{"fenStr":"rnb1k2r/ppq3pp/2pb4/3p1pP1/4n2P/2N1PN2/PPQP1P2/R1B1KB1R","stockfishScores":{"bn":0.503452380952381}},{"fenStr":"rnb2rk1/ppq3pp/2pb4/3p1pP1/4n2P/2N1PN2/PPQP1P2/R1B1KB1R","stockfishScores":{"wn":0.4944642857142857}},{"fenStr":"rnb2rk1/ppq3pp/2pb4/3p1pP1/4n2P/2NPPN2/PPQ2P2/R1B1KB1R","stockfishScores":{"bn":0.4986309523809524}},{"fenStr":"rnb2rk1/ppq3pp/2pb4/3p1pP1/7P/2nPPN2/PPQ2P2/R1B1KB1R","stockfishScores":{"wn":0.4744047619047619}},{"fenStr":"rnb2rk1/ppq3pp/2pb4/3p1pP1/7P/2QPPN2/PP3P2/R1B1KB1R","stockfishScores":{"bn":0.49720238095238095}},{"fenStr":"rnb2rk1/pp2q1pp/2pb4/3p1pP1/7P/2QPPN2/PP3P2/R1B1KB1R","stockfishScores":{"wn":0.4957738095238095}},{"fenStr":"rnb2rk1/pp2q1pp/2pb4/3p1pP1/7P/P1QPPN2/1P3P2/R1B1KB1R","stockfishScores":{"bn":0.4957738095238095}},{"fenStr":"r1b2rk1/pp1nq1pp/2pb4/3p1pP1/7P/P1QPPN2/1P3P2/R1B1KB1R","stockfishScores":{"wn":0.49476190476190474}},{"fenStr":"r1b2rk1/pp1nq1pp/2pb4/3p1pP1/7P/P1QPPN2/1P2BP2/R1B1K2R","stockfishScores":{"bn":0.49404761904761907}},{"fenStr":"r1b2rk1/pp2q1pp/2pb4/3pnpP1/7P/P1QPPN2/1P2BP2/R1B1K2R","stockfishScores":{"wn":0.4928571428571429}},{"fenStr":"r1b2rk1/pp2q1pp/2pb4/3pNpP1/7P/P1QPP3/1P2BP2/R1B1K2R","stockfishScores":{"bn":0.5172023809523809}},{"fenStr":"r1b2rk1/pp2q1pp/2p5/3pbpP1/7P/P1QPP3/1P2BP2/R1B1K2R","stockfishScores":{"wn":0.49410714285714286}},{"fenStr":"r1b2rk1/pp2q1pp/2p5/3pbpP1/3P3P/P1Q1P3/1P2BP2/R1B1K2R","stockfishScores":{"bn":0.500297619047619}},{"fenStr":"r1b2rk1/pp2q1pp/2pb4/3p1pP1/3P3P/P1Q1P3/1P2BP2/R1B1K2R","stockfishScores":{"wn":0.49648809523809523}},{"fenStr":"r1b2rk1/pp2q1pp/2pb4/3p1pP1/3P3P/P1Q1P3/1P1BBP2/R3K2R","stockfishScores":{"bn":0.4974404761904762}},{"fenStr":"r1b2rk1/pp2q1pp/2pb4/3p2P1/3P1p1P/P1Q1P3/1P1BBP2/R3K2R","stockfishScores":{"wn":0.4957738095238095}},{"fenStr":"r1b2rk1/pp2q1pp/2pb4/3p2P1/3P1p1P/P1Q1P3/1P1BBP2/2KR3R","stockfishScores":{"bn":0.4994642857142857}},{"fenStr":"r4rk1/pp2q1pp/2pb4/3p1bP1/3P1p1P/P1Q1P3/1P1BBP2/2KR3R","stockfishScores":{"wn":0.49625}},{"fenStr":"r4rk1/pp2q1pp/2pb4/3p1bP1/3P1p1P/P1Q1P3/1P1BBP2/2K1R2R","stockfishScores":{"bn":0.4951190476190476}},{"fenStr":"r4rk1/pp4pp/2pb4/3p1bP1/3Pqp1P/P1Q1P3/1P1BBP2/2K1R2R","stockfishScores":{"wn":0.4831547619047619}},{"fenStr":"r4rk1/pp4pp/2pb4/3p1bP1/3Pqp1P/P1Q1P3/1P1BBP2/3KR2R","stockfishScores":{"bn":0.4782142857142857}},{"fenStr":"r4rk1/pp4pp/2pb4/3p1bP1/3Pq2P/P1Q1Pp2/1P1BBP2/3KR2R","stockfishScores":{"wn":0.47386904761904763}},{"fenStr":"r4rk1/pp4pp/2pb4/3p1bP1/3Pq2P/P1Q1Pp2/1P1B1P2/3KRB1R","stockfishScores":{"bn":0.47559523809523807}},{"fenStr":"r4rk1/pp4pp/3b4/2pp1bP1/3Pq2P/P1Q1Pp2/1P1B1P2/3KRB1R","stockfishScores":{"wn":0.47535714285714287}},{"fenStr":"r4rk1/pp4pp/3b4/2pp1bP1/3Pq2P/P1Q1Pp1B/1P1B1P2/3KR2R","stockfishScores":{"bn":0.46827380952380954}},{"fenStr":"r4rk1/pp4pp/3b4/2pp1bP1/3P3P/P1Q1Pp1B/1P1B1P2/1q1KR2R","stockfishScores":{"wn":0.48547619047619045}},{"fenStr":"r4rk1/pp4pp/3b4/2pp1bP1/3P3P/P3Pp1B/1P1B1P2/1qQKR2R","stockfishScores":{"bn":0.45053571428571426}},{"fenStr":"r4rk1/pp4pp/3b4/2pp2P1/3P3P/P3Pp1B/1PbB1P2/1qQKR2R","stockfishScores":{"wn":0.4828571428571429}}],"result":{"bw":true}}