{"fens":[{"fenStr":"rnbqkbnr/pppppppp/8/8/4P3/8/PPPP1PPP/RNBQKBNR","stockfishScores":{"bn":0.5049404761904762}},{"fenStr":"rnbqkbnr/pppp1ppp/4p3/8/4P3/8/PPPP1PPP/RNBQKBNR","stockfishScores":{"wn":0.5002380952380953}},{"fenStr":"rnbqkbnr/pppp1ppp/4p3/8/4P3/3P4/PPP2PPP/RNBQKBNR","stockfishScores":{"bn":0.5024404761904762}},{"fenStr":"rnbqkbnr/ppp2ppp/4p3/3p4/4P3/3P4/PPP2PPP/RNBQKBNR","stockfishScores":{"wn":0.5}},{"fenStr":"rnbqkbnr/ppp2ppp/4p3/3p4/4P3/3P4/PPPN1PPP/R1BQKBNR","stockfishScores":{"bn":0.5009523809523809}},{"fenStr":"rnbqkb1r/ppp2ppp/4pn2/3p4/4P3/3P4/PPPN1PPP/R1BQKBNR","stockfishScores":{"wn":0.500297619047619}},{"fenStr":"rnbqkb1r/ppp2ppp/4pn2/3p4/4P3/3P1N2/PPPN1PPP/R1BQKB1R","stockfishScores":{"bn":0.5032142857142857}},{"fenStr":"rnbqkb1r/pp3ppp/4pn2/2pp4/4P3/3P1N2/PPPN1PPP/R1BQKB1R","stockfishScores":{"wn":0.5013690476190477}},{"fenStr":"rnbqkb1r/pp3ppp/4pn2/2pp4/4P3/3P1NP1/PPPN1P1P/R1BQKB1R","stockfishScores":{"bn":0.5019642857142858}},{"fenStr":"r1bqkb1r/pp3ppp/2n1pn2/2pp4/4P3/3P1NP1/PPPN1P1P/R1BQKB1R","stockfishScores":{"wn":0.49857142857142855}},{"fenStr":"r1bqkb1r/pp3ppp/2n1pn2/2pp4/4P3/3P1NP1/PPPN1PBP/R1BQK2R","stockfishScores":{"bn":0.4981547619047619}},{"fenStr":"r1bqk2r/pp2bppp/2n1pn2/2pp4/4P3/3P1NP1/PPPN1PBP/R1BQK2R","stockfishScores":{"wn":0.4986904761904762}},{"fenStr":"r1bqk2r/pp2bppp/2n1pn2/2pp4/4P3/3P1NP1/PPPN1PBP/R1BQ1RK1","stockfishScores":{"bn":0.5090476190476191}},{"fenStr":"r1bq1rk1/pp2bppp/2n1pn2/2pp4/4P3/3P1NP1/PPPN1PBP/R1BQ1RK1","stockfishScores":{"wn":0.4982738095238095}},{"fenStr":"r1bq1rk1/pp2bppp/2n1pn2/2pp4/4P3/3P1NP1/PPPN1PBP/R1BQR1K1","stockfishScores":{"bn":0.4974404761904762}},{"fenStr":"r1bq1rk1/p3bppp/2n1pn2/1ppp4/4P3/3P1NP1/PPPN1PBP/R1BQR1K1","stockfishScores":{"wn":0.4976190476190476}},{"fenStr":"r1bq1rk1/p3bppp/2n1pn2/1pppP3/8/3P1NP1/PPPN1PBP/R1BQR1K1","stockfishScores":{"bn":0.5014880952380952}},{"fenStr":"r1bq1rk1/p2nbppp/2n1p3/1pppP3/8/3P1NP1/PPPN1PBP/R1BQR1K1","stockfishScores":{"wn":0.49773809523809526}},{"fenStr":"r1bq1rk1/p2nbppp/2n1p3/1pppP3/8/3P1NP1/PPP2PBP/R1BQRNK1","stockfishScores":{"bn":0.4967261904761905}},{"fenStr":"r1bq1rk1/3nbppp/2n1p3/ppppP3/8/3P1NP1/PPP2PBP/R1BQRNK1","stockfishScores":{"wn":0.4968452380952381}},{"fenStr":"r1bq1rk1/3nbppp/2n1p3/ppppP3/7P/3P1NP1/PPP2PB1/R1BQRNK1","stockfishScores":{"bn":0.4961904761904762}},{"fenStr":"r1bq1rk1/3nbppp/2n1p3/p1ppP3/1p5P/3P1NP1/PPP2PB1/R1BQRNK1","stockfishScores":{"wn":0.495952380952381}},{"fenStr":"r1bq1rk1/3nbppp/2n1p3/p1ppP3/1p5P/3P1NP1/PPP2PBN/R1BQR1K1","stockfishScores":{"bn":0.4945833333333333}},{"fenStr":"r1bq1rk1/3nbppp/2n1p3/2ppP3/pp5P/3P1NP1/PPP2PBN/R1BQR1K1","stockfishScores":{"wn":0.4942261904761905}},{"fenStr":"r1bq1rk1/3nbppp/2n1p3/2ppP3/pp3B1P/3P1NP1/PPP2PBN/R2QR1K1","stockfishScores":{"bn":0.49464285714285716}},{"fenStr":"r2q1rk1/3nbppp/b1n1p3/2ppP3/pp3B1P/3P1NP1/PPP2PBN/R2QR1K1","stockfishScores":{"wn":0.4955952380952381}},{"fenStr":"r2q1rk1/3nbppp/b1n1p3/2ppP1N1/pp3B1P/3P2P1/PPP2PBN/R2QR1K1","stockfishScores":{"bn":0.49220238095238095}},{"fenStr":"r2q1rk1/3nbppp/b3p3/2ppP1N1/pp1n1B1P/3P2P1/PPP2PBN/R2QR1K1","stockfishScores":{"wn":0.4911309523809524}},{"fenStr":"r2q1rk1/3nbppp/b3p3/2ppP1N1/pp1n1B1P/2PP2P1/PP3PBN/R2QR1K1","stockfishScores":{"bn":0.4975}},{"fenStr":"r2q1rk1/3nbppp/b3p3/2ppP1N1/p2n1B1P/2pP2P1/PP3PBN/R2QR1K1","stockfishScores":{"wn":0.47869047619047617}},{"fenStr":"r2q1rk1/3nbppp/b3p3/2ppP1N1/p2n1B1P/2PP2P1/P4PBN/R2QR1K1","stockfishScores":{"bn":0.4990476190476191}},{"fenStr":"r2q1rk1/3nbppp/b3p3/1nppP1N1/p4B1P/2PP2P1/P4PBN/R2QR1K1","stockfishScores":{"wn":0.4969047619047619}},{"fenStr":"r2q1rk1/3nbppp/b3p3/1nppP1NQ/p4B1P/2PP2P1/P4PBN/R3R1K1","stockfishScores":{"bn":0.5076785714285714}},{"fenStr":"r2q1rk1/3n1ppp/b3p3/1nppP1bQ/p4B1P/2PP2P1/P4PBN/R3R1K1","stockfishScores":{"wn":0.4795238095238095}},{"fenStr":"r2q1rk1/3n1ppp/b3p3/1nppP1PQ/p4B2/2PP2P1/P4PBN/R3R1K1","stockfishScores":{"bn":0.5013095238095238}},{"fenStr":"r2q1rk1/3n1ppp/b3p3/2ppP1PQ/p4B2/2nP2P1/P4PBN/R3R1K1","stockfishScores":{"wn":0.4913095238095238}},{"fenStr":"r2q1rk1/3n1ppp/b3p3/2ppP1PQ/p7/2nP2P1/P2B1PBN/R3R1K1","stockfishScores":{"bn":0.49535714285714283}},{"fenStr":"r2q1rk1/3n1ppp/b3p3/2ppP1PQ/p7/3P2P1/n2B1PBN/R3R1K1","stockfishScores":{"wn":0.4957738095238095}},{"fenStr":"r2q1rk1/3n1ppp/b3p3/2ppP1PQ/p7/3P2P1/n2B1P1N/R3RBK1","stockfishScores":{"bn":0.4944047619047619}},{"fenStr":"r2q1rk1/3n1ppp/b3p3/2ppP1PQ/pn6/3P2P1/3B1P1N/R3RBK1","stockfishScores":{"wn":0.49178571428571427}},{"fenStr":"r2q1rk1/3n1ppp/b3p3/2ppP1PQ/pB6/3P2P1/5P1N/R3RBK1","stockfishScores":{"bn":0.508095238095238}},{"fenStr":"r2q1rk1/3n1ppp/b3p3/3pP1PQ/pp6/3P2P1/5P1N/R3RBK1","stockfishScores":{"wn":0.47833333333333333}},{"fenStr":"r2q1rk1/3n1ppp/b3p3/3pP1PQ/pp4N1/3P2P1/5P2/R3RBK1","stockfishScores":{"bn":0.47982142857142857}},{"fenStr":"r2q1rk1/5ppp/b3p3/2npP1PQ/pp4N1/3P2P1/5P2/R3RBK1","stockfishScores":{"wn":0.4781547619047619}},{"fenStr":"r2q1rk1/5ppp/b3p3/2npP1PQ/pp4N1/3PR1P1/5P2/R4BK1","stockfishScores":{"bn":0.47470238095238093}},{"fenStr":"r2q1rk1/5ppp/b3p3/2npP1PQ/p5N1/1p1PR1P1/5P2/R4BK1","stockfishScores":{"wn":0.47327380952380954}},{"fenStr":"r2q1rk1/5ppp/b3p3/2npP1PQ/p5N1/1p1PR1P1/4BP2/R5K1","stockfishScores":{"bn":0.4724404761904762}},{"fenStr":"r2q1rk1/5ppp/b3p3/2npP1PQ/p5N1/3PR1P1/1p2BP2/R5K1","stockfishScores":{"wn":0.4699404761904762}},{"fenStr":"r2q1rk1/5ppp/b3p3/2npP1PQ/p5N1/3PR1P1/1p2BP2/1R4K1","stockfishScores":{"bn":0.4741666666666667}},{"fenStr":"r2q1rk1/5ppp/b3p3/2npP1PQ/6N1/p2PR1P1/1p2BP2/1R4K1","stockfishScores":{"wn":0.4620238095238095}},{"fenStr":"r2q1rk1/5ppp/b3p3/2npP1PQ/6N1/p2PR1P1/1p2BPK1/1R6","stockfishScores":{"bn":0.4611904761904762}},{"fenStr":"r2qr1k1/5ppp/b3p3/2npP1PQ/6N1/p2PR1P1/1p2BPK1/1R6","stockfishScores":{"wn":0.4636904761904762}},{"fenStr":"r2qr1k1/5ppp/b3p3/2npP1PQ/6N1/p2P1RP1/1p2BPK1/1R6","stockfishScores":{"bn":0.4820238095238095}},{"fenStr":"3qr1k1/r4ppp/b3p3/2npP1PQ/6N1/p2P1RP1/1p2BPK1/1R6","stockfishScores":{"wn":0.46654761904761904}},{"fenStr":"3qr1k1/r4ppp/b3p3/2npP1PQ/6N1/p2P1RP1/1p2BPK1/7R","stockfishScores":{"bn":0.49273809523809525}},{"fenStr":"3qr1k1/r4ppp/4p3/2npP1PQ/6N1/p2b1RP1/1p2BPK1/7R","stockfishScores":{"wn":0.46017857142857144}},{"fenStr":"3qr1k1/r4ppp/4p3/2npP1PQ/6N1/p2B1RP1/1p3PK1/7R","stockfishScores":{"bn":0.5388690476190476}},{"fenStr":"3qr1k1/r4ppp/4p3/3pP1PQ/6N1/p2n1RP1/1p3PK1/7R","stockfishScores":{"wn":0.4788095238095238}},{"fenStr":"3qr1k1/r4ppQ/4p3/3pP1P1/6N1/p2n1RP1/1p3PK1/7R","stockfishScores":{"bn":0.5241666666666667}},{"fenStr":"3qrk2/r4ppQ/4p3/3pP1P1/6N1/p2n1RP1/1p3PK1/7R","stockfishScores":{"wn":0.5019047619047619}},{"fenStr":"3qrk1Q/r4pp1/4p3/3pP1P1/6N1/p2n1RP1/1p3PK1/7R","stockfishScores":{"bn":0.46541666666666665}},{"fenStr":"3qr2Q/r3kpp1/4p3/3pP1P1/6N1/p2n1RP1/1p3PK1/7R","stockfishScores":{"wn":0.4675595238095238}},{"fenStr":"3qr2Q/r3kRp1/4p3/3pP1P1/6N1/p2n2P1/1p3PK1/7R","stockfishScores":{"bn":0.4681547619047619}},{"fenStr":"3qr2Q/r4kp1/4p3/3pP1P1/6N1/p2n2P1/1p3PK1/7R","stockfishScores":{"wn":0.4505952380952381}},{"fenStr":"3qr2Q/r4kp1/4p1P1/3pP3/6N1/p2n2P1/1p3PK1/7R","stockfishScores":{"bn":0.4504166666666667}},{"fenStr":"3qr2Q/r5p1/4p1k1/3pP3/6N1/p2n2P1/1p3PK1/7R","stockfishScores":{"wn":0.4448809523809524}},{"fenStr":"3qr3/r5p1/4p1k1/3pP2Q/6N1/p2n2P1/1p3PK1/7R","stockfishScores":{"bn":0.44553571428571426}}],"result":{"ww":true}}