{"fens":[{"fenStr":"rnbqkbnr/pppppppp/8/8/4P3/8/PPPP1PPP/RNBQKBNR","stockfishScores":{"bn":0.5049404761904762}},{"fenStr":"rnbqkbnr/pp1ppppp/8/2p5/4P3/8/PPPP1PPP/RNBQKBNR","stockfishScores":{"wn":0.5038095238095238}},{"fenStr":"rnbqkbnr/pp1ppppp/8/2p5/4P3/5N2/PPPP1PPP/RNBQKB1R","stockfishScores":{"bn":0.5058928571428571}},{"fenStr":"rnbqkbnr/pp2pppp/3p4/2p5/4P3/5N2/PPPP1PPP/RNBQKB1R","stockfishScores":{"wn":0.5020833333333333}},{"fenStr":"rnbqkbnr/pp2pppp/3p4/2p5/3PP3/5N2/PPP2PPP/RNBQKB1R","stockfishScores":{"bn":0.5076785714285714}},{"fenStr":"rnbqkbnr/pp2pppp/3p4/8/3pP3/5N2/PPP2PPP/RNBQKB1R","stockfishScores":{"wn":0.4976190476190476}},{"fenStr":"rnbqkbnr/pp2pppp/3p4/8/3NP3/8/PPP2PPP/RNBQKB1R","stockfishScores":{"bn":0.51}},{"fenStr":"rnbqkb1r/pp2pppp/3p1n2/8/3NP3/8/PPP2PPP/RNBQKB1R","stockfishScores":{"wn":0.5031547619047619}},{"fenStr":"rnbqkb1r/pp2pppp/3p1n2/8/3NP3/2N5/PPP2PPP/R1BQKB1R","stockfishScores":{"bn":0.5076190476190476}},{"fenStr":"rnbqkb1r/1p2pppp/p2p1n2/8/3NP3/2N5/PPP2PPP/R1BQKB1R","stockfishScores":{"wn":0.5050595238095238}},{"fenStr":"rnbqkb1r/1p2pppp/p2p1n2/8/3NP3/2N1B3/PPP2PPP/R2QKB1R","stockfishScores":{"bn":0.5055357142857143}},{"fenStr":"r1bqkb1r/1p2pppp/p1np1n2/8/3NP3/2N1B3/PPP2PPP/R2QKB1R","stockfishScores":{"wn":0.5022619047619048}},{"fenStr":"r1bqkb1r/1p2pppp/p1np1n2/8/3NP3/2N1B3/PPP1BPPP/R2QK2R","stockfishScores":{"bn":0.5028571428571429}},{"fenStr":"r1bqkb1r/1p3ppp/p1nppn2/8/3NP3/2N1B3/PPP1BPPP/R2QK2R","stockfishScores":{"wn":0.5023214285714286}},{"fenStr":"r1bqkb1r/1p3ppp/p1nppn2/8/3NP3/2N1B3/PPPQBPPP/R3K2R","stockfishScores":{"bn":0.5011904761904762}},{"fenStr":"r1bqk2r/1p2bppp/p1nppn2/8/3NP3/2N1B3/PPPQBPPP/R3K2R","stockfishScores":{"wn":0.5013095238095238}},{"fenStr":"r1bqk2r/1p2bppp/p1nppn2/8/3NPP2/2N1B3/PPPQB1PP/R3K2R","stockfishScores":{"bn":0.5024404761904762}},{"fenStr":"r1bq1rk1/1p2bppp/p1nppn2/8/3NPP2/2N1B3/PPPQB1PP/R3K2R","stockfishScores":{"wn":0.4924404761904762}},{"fenStr":"r1bq1rk1/1p2bppp/p1nppn2/8/3NPP2/2N1B3/PPPQB1PP/2KR3R","stockfishScores":{"bn":0.5026190476190476}},{"fenStr":"r2q1rk1/1p1bbppp/p1nppn2/8/3NPP2/2N1B3/PPPQB1PP/2KR3R","stockfishScores":{"wn":0.5006547619047619}},{"fenStr":"r2q1rk1/1p1bbppp/p1nppn2/8/3NPP1P/2N1B3/PPPQB1P1/2KR3R","stockfishScores":{"bn":0.49988095238095237}},{"fenStr":"r2q1rk1/3bbppp/p1nppn2/1p6/3NPP1P/2N1B3/PPPQB1P1/2KR3R","stockfishScores":{"wn":0.49976190476190474}},{"fenStr":"r2q1rk1/3bbppp/p1nppn2/1p6/3NPP1P/2N1BB2/PPPQ2P1/2KR3R","stockfishScores":{"bn":0.49988095238095237}},{"fenStr":"2rq1rk1/3bbppp/p1nppn2/1p6/3NPP1P/2N1BB2/PPPQ2P1/2KR3R","stockfishScores":{"wn":0.4993452380952381}},{"fenStr":"2rq1rk1/3bbppp/p1nppn2/1p6/3NPPPP/2N1BB2/PPPQ4/2KR3R","stockfishScores":{"bn":0.5017261904761905}},{"fenStr":"2rq1rk1/3bbppp/p1nppn2/8/1p1NPPPP/2N1BB2/PPPQ4/2KR3R","stockfishScores":{"wn":0.5007142857142857}},{"fenStr":"2rq1rk1/3bbppp/p1nppn2/8/1p1NPPPP/4BB2/PPPQN3/2KR3R","stockfishScores":{"bn":0.5024404761904762}},{"fenStr":"2r2rk1/3bbppp/p1nppn2/q7/1p1NPPPP/4BB2/PPPQN3/2KR3R","stockfishScores":{"wn":0.5005952380952381}},{"fenStr":"2r2rk1/3bbppp/p1nppn2/q7/1p1NPPPP/4BB2/PPPQN3/1K1R3R","stockfishScores":{"bn":0.5053571428571428}},{"fenStr":"2r2rk1/3bbppp/p2ppn2/q7/1p1nPPPP/4BB2/PPPQN3/1K1R3R","stockfishScores":{"wn":0.4680357142857143}},{"fenStr":"2r2rk1/3bbppp/p2ppn2/q7/1p1NPPPP/4BB2/PPPQ4/1K1R3R","stockfishScores":{"bn":0.5041666666666667}},{"fenStr":"2r2rk1/4bppp/p2ppn2/q7/bp1NPPPP/4BB2/PPPQ4/1K1R3R","stockfishScores":{"wn":0.5058333333333334}},{"fenStr":"2r2rk1/4bppp/p2ppn2/q7/bp2PPPP/1N2BB2/PPPQ4/1K1R3R","stockfishScores":{"bn":0.5103571428571428}},{"fenStr":"2r2rk1/4bppp/p2ppn2/q7/1p2PPPP/1b2BB2/PPPQ4/1K1R3R","stockfishScores":{"wn":0.45452380952380955}},{"fenStr":"2r2rk1/4bppp/p2ppn2/q7/1p2PPPP/1P2BB2/PP1Q4/1K1R3R","stockfishScores":{"bn":0.5033928571428572}},{"fenStr":"2r2rk1/4bppp/p2ppn2/1q6/1p2PPPP/1P2BB2/PP1Q4/1K1R3R","stockfishScores":{"wn":0.5082142857142857}},{"fenStr":"2r2rk1/4bppp/p2ppn2/1q4P1/1p2PP1P/1P2BB2/PP1Q4/1K1R3R","stockfishScores":{"bn":0.5122619047619048}},{"fenStr":"2r2rk1/3nbppp/p2pp3/1q4P1/1p2PP1P/1P2BB2/PP1Q4/1K1R3R","stockfishScores":{"wn":0.5098809523809524}},{"fenStr":"2r2rk1/3nbppp/p2pp3/1q4PP/1p2PP2/1P2BB2/PP1Q4/1K1R3R","stockfishScores":{"bn":0.5111904761904762}},{"fenStr":"2r2rk1/3nbppp/3pp3/pq4PP/1p2PP2/1P2BB2/PP1Q4/1K1R3R","stockfishScores":{"wn":0.5104166666666666}},{"fenStr":"2r2rk1/3nbppp/3pp3/pq4PP/1p2PPB1/1P2B3/PP1Q4/1K1R3R","stockfishScores":{"bn":0.5088095238095238}},{"fenStr":"2r2rk1/3nbppp/2qpp3/p5PP/1p2PPB1/1P2B3/PP1Q4/1K1R3R","stockfishScores":{"wn":0.4961309523809524}},{"fenStr":"2r2rk1/3nbppp/2qpp3/p5PP/1p2PP2/1P2BB2/PP1Q4/1K1R3R","stockfishScores":{"bn":0.5070833333333333}},{"fenStr":"2r2rk1/4bppp/2qpp3/p1n3PP/1p2PP2/1P2BB2/PP1Q4/1K1R3R","stockfishScores":{"wn":0.5105952380952381}},{"fenStr":"2r2rk1/4bppp/2qpp3/p1B3PP/1p2PP2/1P3B2/PP1Q4/1K1R3R","stockfishScores":{"bn":0.5292261904761905}},{"fenStr":"2r2rk1/4bppp/3pp3/p1q3PP/1p2PP2/1P3B2/PP1Q4/1K1R3R","stockfishScores":{"wn":0.5010119047619047}},{"fenStr":"2r2rk1/4bppp/3pp3/p1q3PP/1p2PP2/1P3B2/PP1Q4/1KR4R","stockfishScores":{"bn":0.49976190476190474}},{"fenStr":"2r2rk1/4bppp/3pp3/pq4PP/1p2PP2/1P3B2/PP1Q4/1KR4R","stockfishScores":{"wn":0.5060714285714286}},{"fenStr":"2r2rk1/4bppp/3pp3/pq4PP/1p1QPP2/1P3B2/PP6/1KR4R","stockfishScores":{"bn":0.5048214285714285}},{"fenStr":"2r2rk1/4bppp/3p4/pq2p1PP/1p1QPP2/1P3B2/PP6/1KR4R","stockfishScores":{"wn":0.4992261904761905}},{"fenStr":"2r2rk1/4bppp/3p4/pq2P1PP/1p1QP3/1P3B2/PP6/1KR4R","stockfishScores":{"bn":0.5035119047619048}},{"fenStr":"2r2rk1/4bppp/8/pq2p1PP/1p1QP3/1P3B2/PP6/1KR4R","stockfishScores":{"wn":0.49351190476190476}},{"fenStr":"2r2rk1/4bppp/8/pq2p1PP/1p2P3/1P2QB2/PP6/1KR4R","stockfishScores":{"bn":0.5017857142857143}},{"fenStr":"2r2rk1/5ppp/8/pqb1p1PP/1p2P3/1P2QB2/PP6/1KR4R","stockfishScores":{"wn":0.5026785714285714}},{"fenStr":"2r2rk1/5ppp/8/pqb1p1PP/1p2P3/1P3B2/PP2Q3/1KR4R","stockfishScores":{"bn":0.5023809523809524}},{"fenStr":"2r2rk1/5ppp/8/p1b1p1PP/1p2P3/1P3B2/PP2q3/1KR4R","stockfishScores":{"wn":0.4236904761904762}},{"fenStr":"2r2rk1/5ppp/8/p1b1p1PP/1p2P3/1P6/PP2B3/1KR4R","stockfishScores":{"bn":0.5036904761904762}},{"fenStr":"2r2rk1/5ppp/8/p3p1PP/1p2P3/1P2b3/PP2B3/1KR4R","stockfishScores":{"wn":0.4969642857142857}},{"fenStr":"2R2rk1/5ppp/8/p3p1PP/1p2P3/1P2b3/PP2B3/1K5R","stockfishScores":{"bn":0.5355952380952381}},{"fenStr":"2r3k1/5ppp/8/p3p1PP/1p2P3/1P2b3/PP2B3/1K5R","stockfishScores":{"wn":0.49839285714285714}},{"fenStr":"2r3k1/5ppp/6P1/p3p2P/1p2P3/1P2b3/PP2B3/1K5R","stockfishScores":{"bn":0.4980952380952381}},{"fenStr":"2r3k1/6pp/6p1/p3p2P/1p2P3/1P2b3/PP2B3/1K5R","stockfishScores":{"wn":0.49160714285714285}},{"fenStr":"2r3k1/6pp/6p1/p3p2P/1pB1P3/1P2b3/PP6/1K5R","stockfishScores":{"bn":0.4911904761904762}},{"fenStr":"2r2k2/6pp/6p1/p3p2P/1pB1P3/1P2b3/PP6/1K5R","stockfishScores":{"wn":0.49339285714285713}},{"fenStr":"2r2k2/6pp/6P1/p3p3/1pB1P3/1P2b3/PP6/1K5R","stockfishScores":{"bn":0.4999404761904762}},{"fenStr":"2r2k2/6p1/6Pp/p3p3/1pB1P3/1P2b3/PP6/1K5R","stockfishScores":{"wn":0.5010119047619047}},{"fenStr":"2r2k2/6p1/4B1Pp/p3p3/1p2P3/1P2b3/PP6/1K5R","stockfishScores":{"bn":0.5020238095238095}},{"fenStr":"5k2/6p1/2r1B1Pp/p3p3/1p2P3/1P2b3/PP6/1K5R","stockfishScores":{"wn":0.4974404761904762}},{"fenStr":"5k2/6p1/2r3Pp/p3pB2/1p2P3/1P2b3/PP6/1K5R","stockfishScores":{"bn":0.4957738095238095}},{"fenStr":"5k2/6p1/3r2Pp/p3pB2/1p2P3/1P2b3/PP6/1K5R","stockfishScores":{"wn":0.49714285714285716}},{"fenStr":"5k2/6p1/3r2Pp/p3pB2/1p2P3/1P2b3/PP6/1K3R2","stockfishScores":{"bn":0.49607142857142855}},{"fenStr":"8/4k1p1/3r2Pp/p3pB2/1p2P3/1P2b3/PP6/1K3R2","stockfishScores":{"wn":0.4961309523809524}},{"fenStr":"8/4k1p1/3r2Pp/p3pB2/1p2P3/1P2b3/PP6/1K2R3","stockfishScores":{"bn":0.4969047619047619}},{"fenStr":"8/4k1p1/3r2Pp/p3pB2/1p2Pb2/1P6/PP6/1K2R3","stockfishScores":{"wn":0.49625}},{"fenStr":"8/4k1p1/3r2Pp/p3pB2/1p2Pb2/1P6/PP6/1K3R2","stockfishScores":{"bn":0.49535714285714283}},{"fenStr":"8/4k1p1/6Pp/p3pB2/1p2Pb2/1P6/PP1r4/1K3R2","stockfishScores":{"wn":0.4955357142857143}},{"fenStr":"8/4k1p1/6Pp/p3pB2/1p2Pb2/1P6/PP1r4/1K2R3","stockfishScores":{"bn":0.49404761904761907}},{"fenStr":"8/4k1p1/3r2Pp/p3pB2/1p2Pb2/1P6/PP6/1K2R3","stockfishScores":{"wn":0.49625}},{"fenStr":"8/4k1p1/3r2Pp/p3pB2/1p2Pb2/1P6/PP6/1K3R2","stockfishScores":{"bn":0.49535714285714283}},{"fenStr":"8/4k1p1/6Pp/p3pB2/1p2Pb2/1P6/PP1r4/1K3R2","stockfishScores":{"wn":0.4955357142857143}},{"fenStr":"8/4k1p1/6Pp/p3pB2/1p2Pb2/1P6/PP1r4/1KR5","stockfishScores":{"bn":0.4967857142857143}},{"fenStr":"8/6p1/3k2Pp/p3pB2/1p2Pb2/1P6/PP1r4/1KR5","stockfishScores":{"wn":0.4973214285714286}},{"fenStr":"8/6p1/3k2Pp/p3pB2/1p2Pb2/1P6/PP1r4/1K3R2","stockfishScores":{"bn":0.49333333333333335}},{"fenStr":"8/6p1/3k2P1/p3pB1p/1p2Pb2/1P6/PP1r4/1K3R2","stockfishScores":{"wn":0.49154761904761907}},{"fenStr":"8/6p1/3k2P1/p3pB1p/1p2Pb2/1P6/PP1r4/1K5R","stockfishScores":{"bn":0.49255952380952384}},{"fenStr":"8/6p1/3k2P1/p3pB1p/1p2P3/1P6/PP1r3b/1K5R","stockfishScores":{"wn":0.495}},{"fenStr":"8/6p1/3k2P1/p3p2p/1p2P3/1P5B/PP1r3b/1K5R","stockfishScores":{"bn":0.4938690476190476}},{"fenStr":"8/6p1/3k2P1/p3p3/1p2P2p/1P5B/PP1r3b/1K5R","stockfishScores":{"wn":0.49452380952380953}},{"fenStr":"8/6p1/3k2P1/p3pB2/1p2P2p/1P6/PP1r3b/1K5R","stockfishScores":{"bn":0.4936904761904762}},{"fenStr":"8/6p1/3k2P1/p3pB2/1p2P2p/1P4b1/PP1r4/1K5R","stockfishScores":{"wn":0.49220238095238095}},{"fenStr":"8/6p1/3k2P1/p3pB2/1p2P2p/1P4b1/PP1r4/1KR5","stockfishScores":{"bn":0.49333333333333335}},{"fenStr":"8/6p1/3k2P1/p3pB2/1p2P2p/1P6/PP1r1b2/1KR5","stockfishScores":{"wn":0.4944047619047619}},{"fenStr":"2R5/6p1/3k2P1/p3pB2/1p2P2p/1P6/PP1r1b2/1K6","stockfishScores":{"bn":0.49416666666666664}},{"fenStr":"2R5/6p1/3k2P1/p3pB2/1p2P2p/1P2b3/PP1r4/1K6","stockfishScores":{"wn":0.4938690476190476}},{"fenStr":"R7/6p1/3k2P1/p3pB2/1p2P2p/1P2b3/PP1r4/1K6","stockfishScores":{"bn":0.49214285714285716}},{"fenStr":"R7/6p1/3k2P1/p3pB2/1p2P2p/1P2b3/PP5r/1K6","stockfishScores":{"wn":0.4926785714285714}},{"fenStr":"8/6p1/3k2P1/R3pB2/1p2P2p/1P2b3/PP5r/1K6","stockfishScores":{"bn":0.4963690476190476}},{"fenStr":"8/6p1/3k2P1/R3pB2/1p2P3/1P2b2p/PP5r/1K6","stockfishScores":{"wn":0.49547619047619046}},{"fenStr":"8/6p1/3k2P1/3RpB2/1p2P3/1P2b2p/PP5r/1K6","stockfishScores":{"bn":0.4938690476190476}},{"fenStr":"8/6p1/2k3P1/3RpB2/1p2P3/1P2b2p/PP5r/1K6","stockfishScores":{"wn":0.4979166666666667}},{"fenStr":"8/6p1/2k3P1/4pB2/1p2P3/1P1Rb2p/PP5r/1K6","stockfishScores":{"bn":0.4961309523809524}},{"fenStr":"8/6p1/2k3P1/4pB2/1p2P3/1P1Rb2p/PP6/1K5r","stockfishScores":{"wn":0.49273809523809525}},{"fenStr":"8/6p1/2k3P1/4pB2/1p2P3/1P1Rb2p/PPK5/7r","stockfishScores":{"bn":0.4939880952380952}},{"fenStr":"8/6p1/2k3P1/4pB2/1p2P3/1P1Rb2p/PPK5/2r5","stockfishScores":{"wn":0.49910714285714286}}],"result":{"bw":true}}