{"fens":[{"fenStr":"rnbqkbnr/pppppppp/8/8/2P5/8/PP1PPPPP/RNBQKBNR","stockfishScores":{"bn":0.5016666666666667}},{"fenStr":"rnbqkbnr/ppp1pppp/3p4/8/2P5/8/PP1PPPPP/RNBQKBNR","stockfishScores":{"wn":0.4975595238095238}},{"fenStr":"rnbqkbnr/ppp1pppp/3p4/8/2PP4/8/PP2PPPP/RNBQKBNR","stockfishScores":{"bn":0.502797619047619}},{"fenStr":"rnbqkbnr/ppp2ppp/3p4/4p3/2PP4/8/PP2PPPP/RNBQKBNR","stockfishScores":{"wn":0.4992261904761905}},{"fenStr":"rnbqkbnr/ppp2ppp/3p4/4p3/2PP4/2N5/PP2PPPP/R1BQKBNR","stockfishScores":{"bn":0.5023214285714286}},{"fenStr":"rnbqkbnr/ppp2ppp/3p4/8/2Pp4/2N5/PP2PPPP/R1BQKBNR","stockfishScores":{"wn":0.4968452380952381}},{"fenStr":"rnbqkbnr/ppp2ppp/3p4/8/2PQ4/2N5/PP2PPPP/R1B1KBNR","stockfishScores":{"bn":0.5066666666666667}},{"fenStr":"r1bqkbnr/ppp2ppp/2np4/8/2PQ4/2N5/PP2PPPP/R1B1KBNR","stockfishScores":{"wn":0.5008928571428571}},{"fenStr":"r1bqkbnr/ppp2ppp/2np4/8/2P5/2N5/PP1QPPPP/R1B1KBNR","stockfishScores":{"bn":0.5055952380952381}},{"fenStr":"r1bqkbnr/ppp2p1p/2np2p1/8/2P5/2N5/PP1QPPPP/R1B1KBNR","stockfishScores":{"wn":0.5044642857142857}},{"fenStr":"r1bqkbnr/ppp2p1p/2np2p1/8/2P5/2N3P1/PP1QPP1P/R1B1KBNR","stockfishScores":{"bn":0.5054761904761905}},{"fenStr":"r1bqk1nr/ppp2p1p/2np2pb/8/2P5/2N3P1/PP1QPP1P/R1B1KBNR","stockfishScores":{"wn":0.502797619047619}},{"fenStr":"r1bqk1nr/ppp2p1p/2np2pb/8/2P2P2/2N3P1/PP1QP2P/R1B1KBNR","stockfishScores":{"bn":0.5030357142857143}},{"fenStr":"r1bqk2r/ppp2p1p/2np1npb/8/2P2P2/2N3P1/PP1QP2P/R1B1KBNR","stockfishScores":{"wn":0.4981547619047619}},{"fenStr":"r1bqk2r/ppp2p1p/2np1npb/8/2P2P2/2N3P1/PP1QP1BP/R1B1K1NR","stockfishScores":{"bn":0.5036309523809523}},{"fenStr":"r1bqk2r/ppp2pbp/2np1np1/8/2P2P2/2N3P1/PP1QP1BP/R1B1K1NR","stockfishScores":{"wn":0.5027380952380952}},{"fenStr":"r1bqk2r/ppp2pbp/2np1np1/8/2P2P2/2N3PN/PP1QP1BP/R1B1K2R","stockfishScores":{"bn":0.5025595238095238}},{"fenStr":"r1bq1rk1/ppp2pbp/2np1np1/8/2P2P2/2N3PN/PP1QP1BP/R1B1K2R","stockfishScores":{"wn":0.48851190476190476}},{"fenStr":"r1bq1rk1/ppp2pbp/2np1np1/8/2P2P2/2N3P1/PP1QPNBP/R1B1K2R","stockfishScores":{"bn":0.4913095238095238}},{"fenStr":"r1bqr1k1/ppp2pbp/2np1np1/8/2P2P2/2N3P1/PP1QPNBP/R1B1K2R","stockfishScores":{"wn":0.48946428571428574}},{"fenStr":"r1bqr1k1/ppp2pbp/2np1np1/8/2P2P2/2N3P1/PP1QPNBP/R1B2RK1","stockfishScores":{"bn":0.49898809523809523}},{"fenStr":"r1bqr1k1/ppp2pbp/2np2p1/8/2P2Pn1/2N3P1/PP1QPNBP/R1B2RK1","stockfishScores":{"wn":0.5}},{"fenStr":"r1bqr1k1/ppp2pbp/2np2p1/8/2P2PN1/2N3P1/PP1QP1BP/R1B2RK1","stockfishScores":{"bn":0.5218452380952381}},{"fenStr":"r2qr1k1/ppp2pbp/2np2p1/8/2P2Pb1/2N3P1/PP1QP1BP/R1B2RK1","stockfishScores":{"wn":0.49464285714285716}},{"fenStr":"r2qr1k1/ppp2pbp/2np2p1/8/2P2Pb1/2N3P1/PP1QP1BP/R1B1R1K1","stockfishScores":{"bn":0.49297619047619046}},{"fenStr":"r2qr1k1/ppp2pbp/3p2p1/8/2Pn1Pb1/2N3P1/PP1QP1BP/R1B1R1K1","stockfishScores":{"wn":0.49488095238095237}},{"fenStr":"r2qr1k1/ppp2pbp/3p2p1/8/2Pn1Pb1/2N3P1/PP1QPKBP/R1B1R3","stockfishScores":{"bn":0.4820238095238095}},{"fenStr":"r2qr1k1/ppp2pbp/3p2p1/5b2/2Pn1P2/2N3P1/PP1QPKBP/R1B1R3","stockfishScores":{"wn":0.4874404761904762}},{"fenStr":"r2qr1k1/ppp2pbp/3p2p1/5b2/2PnPP2/2N3P1/PP1Q1KBP/R1B1R3","stockfishScores":{"bn":0.49375}},{"fenStr":"r2qr1k1/ppp2pbp/3pb1p1/8/2PnPP2/2N3P1/PP1Q1KBP/R1B1R3","stockfishScores":{"wn":0.4919047619047619}},{"fenStr":"r2qr1k1/ppp2pbp/3pb1p1/8/2PnPP2/1PN3P1/P2Q1KBP/R1B1R3","stockfishScores":{"bn":0.49476190476190474}},{"fenStr":"r2qr1k1/p1p2pbp/3pb1p1/1p6/2PnPP2/1PN3P1/P2Q1KBP/R1B1R3","stockfishScores":{"wn":0.49535714285714283}},{"fenStr":"r2qr1k1/p1p2pbp/3pb1p1/1P6/3nPP2/1PN3P1/P2Q1KBP/R1B1R3","stockfishScores":{"bn":0.5011904761904762}},{"fenStr":"r2qr1k1/p1p2pbp/3pb1p1/1n6/4PP2/1PN3P1/P2Q1KBP/R1B1R3","stockfishScores":{"wn":0.49851190476190477}},{"fenStr":"r2qr1k1/p1p2pbp/3pb1p1/1n6/4PP2/1PN3P1/PB1Q1KBP/R3R3","stockfishScores":{"bn":0.5005952380952381}},{"fenStr":"r2qr1k1/p1p2p1p/3pb1p1/1n6/3bPP2/1PN3P1/PB1Q1KBP/R3R3","stockfishScores":{"wn":0.5023809523809524}},{"fenStr":"r2qr1k1/p1p2p1p/3pb1p1/1n6/3bPP2/1PN3P1/PB1Q2BP/R3RK2","stockfishScores":{"bn":0.5005357142857143}},{"fenStr":"r3r1k1/p1pq1p1p/3pb1p1/1n6/3bPP2/1PN3P1/PB1Q2BP/R3RK2","stockfishScores":{"wn":0.4998214285714286}},{"fenStr":"r3r1k1/p1pq1p1p/3pb1p1/1n6/3bPP2/1P4P1/PB1QN1BP/R3RK2","stockfishScores":{"bn":0.4994047619047619}},{"fenStr":"r3r1k1/p1pq1p1p/3pb1p1/1n6/4PP2/1P4P1/Pb1QN1BP/R3RK2","stockfishScores":{"wn":0.4700595238095238}},{"fenStr":"r3r1k1/p1pq1p1p/3pb1p1/1n6/4PP2/1P4P1/PQ2N1BP/R3RK2","stockfishScores":{"bn":0.5038095238095238}},{"fenStr":"r3r1k1/2pq1p1p/3pb1p1/pn6/4PP2/1P4P1/PQ2N1BP/R3RK2","stockfishScores":{"wn":0.5033928571428572}},{"fenStr":"r3r1k1/2pq1p1p/3pb1p1/pn6/P3PP2/1P4P1/1Q2N1BP/R3RK2","stockfishScores":{"bn":0.5057738095238096}},{"fenStr":"r3r1k1/n1pq1p1p/3pb1p1/p7/P3PP2/1P4P1/1Q2N1BP/R3RK2","stockfishScores":{"wn":0.5058333333333334}},{"fenStr":"r3r1k1/n1pq1p1p/3pb1p1/p4P2/P3P3/1P4P1/1Q2N1BP/R3RK2","stockfishScores":{"bn":0.5108333333333334}},{"fenStr":"r3r1k1/n1pq1p1p/3pb3/p4p2/P3P3/1P4P1/1Q2N1BP/R3RK2","stockfishScores":{"wn":0.5005952380952381}},{"fenStr":"r3r1k1/n1pq1p1p/3pb3/p4p2/P3PN2/1P4P1/1Q4BP/R3RK2","stockfishScores":{"bn":0.5056547619047619}},{"fenStr":"r3r1k1/n1pq3p/3pbp2/p4p2/P3PN2/1P4P1/1Q4BP/R3RK2","stockfishScores":{"wn":0.50625}},{"fenStr":"r3r1k1/n1pq3p/3pbp2/p4P2/P4N2/1P4P1/1Q4BP/R3RK2","stockfishScores":{"bn":0.51875}},{"fenStr":"r3r1k1/n1pq3p/3p1p2/p4b2/P4N2/1P4P1/1Q4BP/R3RK2","stockfishScores":{"wn":0.5098809523809524}},{"fenStr":"r3r1k1/n1pq3p/3p1p2/p2B1b2/P4N2/1P4P1/1Q5P/R3RK2","stockfishScores":{"bn":0.5101190476190476}},{"fenStr":"r3r3/n1pq2kp/3p1p2/p2B1b2/P4N2/1P4P1/1Q5P/R3RK2","stockfishScores":{"wn":0.5244047619047619}},{"fenStr":"r3r3/n1pq2kp/3p1p2/p2B1b1N/P7/1P4P1/1Q5P/R3RK2","stockfishScores":{"bn":0.5188095238095238}},{"fenStr":"r3r3/n1pq3p/3p1pk1/p2B1b1N/P7/1P4P1/1Q5P/R3RK2","stockfishScores":{"wn":0.5385714285714286}},{"fenStr":"r3r3/n1pq3p/3p1Qk1/p2B1b1N/P7/1P4P1/7P/R3RK2","stockfishScores":{"bn":0.5327380952380952}},{"fenStr":"r3r3/n1pq3p/3p1Q2/p2B1b1k/P7/1P4P1/7P/R3RK2","stockfishScores":{"wn":0.5140476190476191}},{"fenStr":"r3r3/n1pq1B1p/3p1Q2/p4b1k/P7/1P4P1/7P/R3RK2","stockfishScores":{"bn":0.5147619047619048}},{"fenStr":"r3r3/n1pq1B1p/3p1Qb1/p6k/P7/1P4P1/7P/R3RK2","stockfishScores":{"wn":0.5083333333333333}},{"fenStr":"r3r3/n1pq1B1p/3p2b1/p6k/P6Q/1P4P1/7P/R3RK2","stockfishScores":{"bn":0.49047619047619045}}],"result":{"ww":true}}