{"fens":[{"fenStr":"rnbqkbnr/pppppppp/8/8/3P4/8/PPP1PPPP/RNBQKBNR","stockfishScores":{"bn":0.5048809523809524}},{"fenStr":"rnbqkbnr/pp1ppppp/8/2p5/3P4/8/PPP1PPPP/RNBQKBNR","stockfishScores":{"wn":0.5050595238095238}},{"fenStr":"rnbqkbnr/pp1ppppp/8/2pP4/8/8/PPP1PPPP/RNBQKBNR","stockfishScores":{"bn":0.5049404761904762}},{"fenStr":"rnbqkb1r/pp1ppppp/5n2/2pP4/8/8/PPP1PPPP/RNBQKBNR","stockfishScores":{"wn":0.5016071428571428}},{"fenStr":"rnbqkb1r/pp1ppppp/5n2/2pP4/2P5/8/PP2PPPP/RNBQKBNR","stockfishScores":{"bn":0.5044047619047619}},{"fenStr":"rnbqkb1r/p2ppppp/5n2/1ppP4/2P5/8/PP2PPPP/RNBQKBNR","stockfishScores":{"wn":0.503095238095238}},{"fenStr":"rnbqkb1r/p2ppppp/5n2/1PpP4/8/8/PP2PPPP/RNBQKBNR","stockfishScores":{"bn":0.5075595238095238}},{"fenStr":"rnbqkb1r/p2ppp1p/5np1/1PpP4/8/8/PP2PPPP/RNBQKBNR","stockfishScores":{"wn":0.5069642857142858}},{"fenStr":"rnbqkb1r/p2ppp1p/5np1/1PpP4/8/2N5/PP2PPPP/R1BQKBNR","stockfishScores":{"bn":0.5104761904761905}},{"fenStr":"rnbqkb1r/3ppp1p/p4np1/1PpP4/8/2N5/PP2PPPP/R1BQKBNR","stockfishScores":{"wn":0.5125595238095239}},{"fenStr":"rnbqkb1r/3ppp1p/P4np1/2pP4/8/2N5/PP2PPPP/R1BQKBNR","stockfishScores":{"bn":0.5175}},{"fenStr":"rn1qkb1r/3ppp1p/b4np1/2pP4/8/2N5/PP2PPPP/R1BQKBNR","stockfishScores":{"wn":0.5076785714285714}},{"fenStr":"rn1qkb1r/3ppp1p/b4np1/2pP4/8/2N3P1/PP2PP1P/R1BQKBNR","stockfishScores":{"bn":0.5086309523809524}},{"fenStr":"rn1qkb1r/4pp1p/b2p1np1/2pP4/8/2N3P1/PP2PP1P/R1BQKBNR","stockfishScores":{"wn":0.5079166666666667}},{"fenStr":"rn1qkb1r/4pp1p/b2p1np1/2pP4/8/2N3P1/PP2PPBP/R1BQK1NR","stockfishScores":{"bn":0.5102380952380953}},{"fenStr":"rn1qk2r/4ppbp/b2p1np1/2pP4/8/2N3P1/PP2PPBP/R1BQK1NR","stockfishScores":{"wn":0.5088690476190476}},{"fenStr":"rn1qk2r/4ppbp/b2p1np1/2pP4/8/2N2NP1/PP2PPBP/R1BQK2R","stockfishScores":{"bn":0.5118452380952381}},{"fenStr":"rn1q1rk1/4ppbp/b2p1np1/2pP4/8/2N2NP1/PP2PPBP/R1BQK2R","stockfishScores":{"wn":0.4990476190476191}},{"fenStr":"rn1q1rk1/4ppbp/b2p1np1/2pP4/8/2N2NP1/PP2PPBP/1RBQK2R","stockfishScores":{"bn":0.4981547619047619}},{"fenStr":"rn3rk1/4ppbp/b2p1np1/q1pP4/8/2N2NP1/PP2PPBP/1RBQK2R","stockfishScores":{"wn":0.49357142857142855}},{"fenStr":"rn3rk1/4ppbp/b2p1np1/q1pP4/8/2N2NP1/PP1BPPBP/1R1QK2R","stockfishScores":{"bn":0.5008928571428571}},{"fenStr":"r4rk1/3nppbp/b2p1np1/q1pP4/8/2N2NP1/PP1BPPBP/1R1QK2R","stockfishScores":{"wn":0.4963690476190476}},{"fenStr":"r4rk1/3nppbp/b2p1np1/q1pP4/8/1PN2NP1/P2BPPBP/1R1QK2R","stockfishScores":{"bn":0.49375}},{"fenStr":"r3nrk1/3nppbp/b2p2p1/q1pP4/8/1PN2NP1/P2BPPBP/1R1QK2R","stockfishScores":{"wn":0.4932142857142857}},{"fenStr":"r3nrk1/3nppbp/b2p2p1/q1pP4/8/1PN2NP1/P1QBPPBP/1R2K2R","stockfishScores":{"bn":0.4955357142857143}},{"fenStr":"r4rk1/2nnppbp/b2p2p1/q1pP4/8/1PN2NP1/P1QBPPBP/1R2K2R","stockfishScores":{"wn":0.4944047619047619}},{"fenStr":"r4rk1/2nnppbp/b2p2p1/q1pP4/8/1PN2NP1/P1QBPPBP/1R3RK1","stockfishScores":{"bn":0.5061309523809524}},{"fenStr":"r4rk1/1bnnppbp/3p2p1/q1pP4/8/1PN2NP1/P1QBPPBP/1R3RK1","stockfishScores":{"wn":0.5038690476190476}},{"fenStr":"r4rk1/1bnnppbp/3p2p1/q1pP4/P7/1PN2NP1/2QBPPBP/1R3RK1","stockfishScores":{"bn":0.5048214285714285}},{"fenStr":"r4rk1/qbnnppbp/3p2p1/2pP4/P7/1PN2NP1/2QBPPBP/1R3RK1","stockfishScores":{"wn":0.5063690476190477}},{"fenStr":"r4rk1/qbnnppbp/3p2p1/2pP4/P3P3/1PN2NP1/2QB1PBP/1R3RK1","stockfishScores":{"bn":0.5075}},{"fenStr":"r4rk1/qb1nppbp/n2p2p1/2pP4/P3P3/1PN2NP1/2QB1PBP/1R3RK1","stockfishScores":{"wn":0.509702380952381}},{"fenStr":"r4rk1/qb1nppbp/n2p2p1/1NpP4/P3P3/1P3NP1/2QB1PBP/1R3RK1","stockfishScores":{"bn":0.5126785714285714}},{"fenStr":"r4rk1/1b1nppbp/nq1p2p1/1NpP4/P3P3/1P3NP1/2QB1PBP/1R3RK1","stockfishScores":{"wn":0.5113095238095238}},{"fenStr":"r4rk1/1b1nppbp/nq1p2p1/1NpP4/P3P3/1P3NP1/2QB1PBP/1RR3K1","stockfishScores":{"bn":0.5113690476190477}},{"fenStr":"r4rk1/1b2ppbp/nq1p1np1/1NpP4/P3P3/1P3NP1/2QB1PBP/1RR3K1","stockfishScores":{"wn":0.5130357142857143}},{"fenStr":"r4rk1/1b2ppbp/nq1p1np1/1NpP4/P3P3/1P3NP1/2QB1PBP/1R2R1K1","stockfishScores":{"bn":0.5122023809523809}},{"fenStr":"r1r3k1/1b2ppbp/nq1p1np1/1NpP4/P3P3/1P3NP1/2QB1PBP/1R2R1K1","stockfishScores":{"wn":0.51}},{"fenStr":"r1r3k1/1b2ppbp/nq1p1np1/1NpP4/P3P3/1P3NPB/2QB1P1P/1R2R1K1","stockfishScores":{"bn":0.5104166666666666}},{"fenStr":"r2r2k1/1b2ppbp/nq1p1np1/1NpP4/P3P3/1P3NPB/2QB1P1P/1R2R1K1","stockfishScores":{"wn":0.5122619047619048}},{"fenStr":"r2r2k1/1b2ppbp/nq1p1np1/1NpP4/P3P3/1PB2NPB/2Q2P1P/1R2R1K1","stockfishScores":{"bn":0.5136309523809524}},{"fenStr":"r2rn1k1/1b2ppbp/nq1p2p1/1NpP4/P3P3/1PB2NPB/2Q2P1P/1R2R1K1","stockfishScores":{"wn":0.514702380952381}},{"fenStr":"r2rn1k1/1b2ppBp/nq1p2p1/1NpP4/P3P3/1P3NPB/2Q2P1P/1R2R1K1","stockfishScores":{"bn":0.5423809523809524}},{"fenStr":"r2rn1k1/1b2ppBp/1q1p2p1/1NpP4/Pn2P3/1P3NPB/2Q2P1P/1R2R1K1","stockfishScores":{"wn":0.535952380952381}},{"fenStr":"r2rn1k1/1b2ppBp/1q1p2p1/1NpP4/Pn2P3/1PQ2NPB/5P1P/1R2R1K1","stockfishScores":{"bn":0.5397619047619048}},{"fenStr":"r2r2k1/1b2ppnp/1q1p2p1/1NpP4/Pn2P3/1PQ2NPB/5P1P/1R2R1K1","stockfishScores":{"wn":0.5089285714285714}},{"fenStr":"r2r2k1/1b2ppnp/1q1p2p1/1NpP4/Pn2P3/1PQ3PB/3N1P1P/1R2R1K1","stockfishScores":{"bn":0.5077380952380952}},{"fenStr":"rr4k1/1b2ppnp/1q1p2p1/1NpP4/Pn2P3/1PQ3PB/3N1P1P/1R2R1K1","stockfishScores":{"wn":0.5088095238095238}},{"fenStr":"rr4k1/1b2ppnp/1q1p2p1/1NpP4/PnN1P3/1PQ3PB/5P1P/1R2R1K1","stockfishScores":{"bn":0.5169047619047619}},{"fenStr":"rr1q2k1/1b2ppnp/3p2p1/1NpP4/PnN1P3/1PQ3PB/5P1P/1R2R1K1","stockfishScores":{"wn":0.5127380952380952}},{"fenStr":"rr1q2k1/1b2ppnp/3p2p1/1NpP4/PnN1PP2/1PQ3PB/7P/1R2R1K1","stockfishScores":{"bn":0.5123809523809524}},{"fenStr":"rr1q2k1/1b2p1np/3p2p1/1NpP1p2/PnN1PP2/1PQ3PB/7P/1R2R1K1","stockfishScores":{"wn":0.5126190476190476}},{"fenStr":"rr1q2k1/1b2p1np/3p2p1/1NpP1p2/PnN1PP2/1PQ3P1/6BP/1R2R1K1","stockfishScores":{"bn":0.513452380952381}},{"fenStr":"rr1q2k1/1b2p1np/3p2p1/1NpP4/PnN1pP2/1PQ3P1/6BP/1R2R1K1","stockfishScores":{"wn":0.5041071428571429}},{"fenStr":"rr1q2k1/1b2p1np/3p2p1/1NpP4/PnN1BP2/1PQ3P1/7P/1R2R1K1","stockfishScores":{"bn":0.5124404761904762}},{"fenStr":"rr1q2k1/1b2p1np/3p2p1/1Npn4/P1N1BP2/1PQ3P1/7P/1R2R1K1","stockfishScores":{"wn":0.5054166666666666}},{"fenStr":"rr1q2k1/1b2p1np/3p2p1/1Npn4/P1N1BP2/1P3QP1/7P/1R2R1K1","stockfishScores":{"bn":0.5056547619047619}},{"fenStr":"rr1q2k1/1b4np/3pp1p1/1Npn4/P1N1BP2/1P3QP1/7P/1R2R1K1","stockfishScores":{"wn":0.5061904761904762}},{"fenStr":"rr1q2k1/1b4np/3Np1p1/1Npn4/P3BP2/1P3QP1/7P/1R2R1K1","stockfishScores":{"bn":0.51875}},{"fenStr":"rr1q2k1/6np/2bNp1p1/1Npn4/P3BP2/1P3QP1/7P/1R2R1K1","stockfishScores":{"wn":0.51375}},{"fenStr":"rr1q2k1/6np/2bNp1p1/1Npn4/P3BP2/1P3QP1/7P/2R1R1K1","stockfishScores":{"bn":0.5157738095238096}},{"fenStr":"rr3qk1/6np/2bNp1p1/1Npn4/P3BP2/1P3QP1/7P/2R1R1K1","stockfishScores":{"wn":0.5152380952380953}},{"fenStr":"rr3qk1/6np/2bNp1p1/1Npn4/P3BP2/1P4P1/5Q1P/2R1R1K1","stockfishScores":{"bn":0.5140476190476191}},{"fenStr":"rr3qk1/6np/3Np1p1/1bpn4/P3BP2/1P4P1/5Q1P/2R1R1K1","stockfishScores":{"wn":0.4988095238095238}},{"fenStr":"rr3qk1/6np/4p1p1/1Npn4/P3BP2/1P4P1/5Q1P/2R1R1K1","stockfishScores":{"bn":0.5142857142857142}},{"fenStr":"r1r2qk1/6np/4p1p1/1Npn4/P3BP2/1P4P1/5Q1P/2R1R1K1","stockfishScores":{"wn":0.5151190476190476}},{"fenStr":"r1r2qk1/6np/4p1p1/1Npn4/P3BP2/1P4P1/5Q1P/2RR2K1","stockfishScores":{"bn":0.5141071428571429}},{"fenStr":"2r2qk1/6np/r3p1p1/1Npn4/P3BP2/1P4P1/5Q1P/2RR2K1","stockfishScores":{"wn":0.5150595238095238}},{"fenStr":"2r2qk1/6np/r3p1p1/1NpB4/P4P2/1P4P1/5Q1P/2RR2K1","stockfishScores":{"bn":0.5363690476190476}},{"fenStr":"2r2qk1/6np/r5p1/1Npp4/P4P2/1P4P1/5Q1P/2RR2K1","stockfishScores":{"wn":0.5103571428571428}},{"fenStr":"2r2qk1/6np/r5p1/1NpR4/P4P2/1P4P1/5Q1P/2R3K1","stockfishScores":{"bn":0.5172023809523809}},{"fenStr":"2r2qk1/6np/r5p1/1N1R4/P1p2P2/1P4P1/5Q1P/2R3K1","stockfishScores":{"wn":0.5161309523809524}},{"fenStr":"2r2qk1/6np/r5p1/1N1R4/P1P2P2/6P1/5Q1P/2R3K1","stockfishScores":{"bn":0.5183928571428571}},{"fenStr":"2r2qk1/6np/6p1/1N1R4/r1P2P2/6P1/5Q1P/2R3K1","stockfishScores":{"wn":0.5143452380952381}},{"fenStr":"2r2qk1/6np/6p1/1NPR4/r4P2/6P1/5Q1P/2R3K1","stockfishScores":{"bn":0.5145238095238095}},{"fenStr":"2r2qk1/6np/6p1/rNPR4/5P2/6P1/5Q1P/2R3K1","stockfishScores":{"wn":0.5126785714285714}},{"fenStr":"2r2qk1/6np/3N2p1/r1PR4/5P2/6P1/5Q1P/2R3K1","stockfishScores":{"bn":0.5206547619047619}},{"fenStr":"r4qk1/6np/3N2p1/r1PR4/5P2/6P1/5Q1P/2R3K1","stockfishScores":{"wn":0.5180357142857143}},{"fenStr":"r4qk1/6np/3N2p1/r1P5/5P2/6P1/3R1Q1P/2R3K1","stockfishScores":{"bn":0.5172619047619048}},{"fenStr":"r4qk1/7p/3Nn1p1/r1P5/5P2/6P1/3R1Q1P/2R3K1","stockfishScores":{"wn":0.5154761904761904}},{"fenStr":"r4qk1/7p/2PNn1p1/r7/5P2/6P1/3R1Q1P/2R3K1","stockfishScores":{"bn":0.5156547619047619}},{"fenStr":"r4qk1/7p/2PNn1p1/8/5P2/6P1/3R1Q1P/r1R3K1","stockfishScores":{"wn":0.5172619047619048}},{"fenStr":"r4qk1/7p/2PNn1p1/8/5P2/6P1/3R1Q1P/R5K1","stockfishScores":{"bn":0.5489285714285714}},{"fenStr":"5qk1/7p/2PNn1p1/8/5P2/6P1/3R1Q1P/r5K1","stockfishScores":{"wn":0.513154761904762}},{"fenStr":"5qk1/7p/2PNn1p1/8/5P2/6P1/3R1QKP/r7","stockfishScores":{"bn":0.5148809523809523}},{"fenStr":"5qk1/7p/2PNn1p1/8/5P2/6P1/3R1QKP/2r5","stockfishScores":{"wn":0.5142261904761904}},{"fenStr":"5qk1/7p/1QPNn1p1/8/5P2/6P1/3R2KP/2r5","stockfishScores":{"bn":0.5160714285714286}},{"fenStr":"6k1/7p/1QPNnqp1/8/5P2/6P1/3R2KP/2r5","stockfishScores":{"wn":0.5200595238095238}},{"fenStr":"6k1/7p/1QP1nqp1/8/4NP2/6P1/3R2KP/2r5","stockfishScores":{"bn":0.5338095238095238}},{"fenStr":"6k1/7p/1QP1n1p1/8/4NP2/6P1/3R2KP/q1r5","stockfishScores":{"wn":0.5238690476190476}},{"fenStr":"6k1/7p/2P1n1p1/8/4NP2/1Q4P1/3R2KP/q1r5","stockfishScores":{"bn":0.5366071428571428}},{"fenStr":"6k1/7p/2r1n1p1/8/4NP2/1Q4P1/3R2KP/q7","stockfishScores":{"wn":0.5292261904761905}},{"fenStr":"6k1/7p/2r1n1p1/6N1/5P2/1Q4P1/3R2KP/q7","stockfishScores":{"bn":0.53125}},{"fenStr":"6k1/7p/q1r1n1p1/6N1/5P2/1Q4P1/3R2KP/8","stockfishScores":{"wn":0.5333928571428571}},{"fenStr":"3R2k1/7p/q1r1n1p1/6N1/5P2/1Q4P1/6KP/8","stockfishScores":{"bn":0.5230952380952381}},{"fenStr":"3R4/6kp/q1r1n1p1/6N1/5P2/1Q4P1/6KP/8","stockfishScores":{"wn":0.5297619047619048}},{"fenStr":"3R4/6kp/q1r1n1p1/6N1/5P2/6P1/1Q4KP/8","stockfishScores":{"bn":0.5417857142857143}},{"fenStr":"3R4/7p/q1r1n1pk/6N1/5P2/6P1/1Q4KP/8","stockfishScores":{"wn":0.5147619047619048}},{"fenStr":"3R4/5N1p/q1r1n1pk/8/5P2/6P1/1Q4KP/8","stockfishScores":{"bn":0.5059523809523809}},{"fenStr":"3R4/5N1p/q1r1n1p1/7k/5P2/6P1/1Q4KP/8","stockfishScores":{"wn":0.535}},{"fenStr":"8/5N1p/q1r1n1p1/3R3k/5P2/6P1/1Q4KP/8","stockfishScores":{"bn":0.54625}},{"fenStr":"8/5N1p/q1r1n3/3R2pk/5P2/6P1/1Q4KP/8","stockfishScores":{"wn":0.525}},{"fenStr":"8/7p/q1r1n3/3R2Nk/5P2/6P1/1Q4KP/8","stockfishScores":{"bn":0.5217857142857143}},{"fenStr":"8/7p/q3n3/2rR2Nk/5P2/6P1/1Q4KP/8","stockfishScores":{"wn":0.5208928571428572}},{"fenStr":"8/7p/q3n3/2R3Nk/5P2/6P1/1Q4KP/8","stockfishScores":{"bn":0.550952380952381}},{"fenStr":"8/7p/q7/2n3Nk/5P2/6P1/1Q4KP/8","stockfishScores":{"wn":0.5132142857142857}},{"fenStr":"8/6Qp/q7/2n3Nk/5P2/6P1/6KP/8","stockfishScores":{"bn":0.5173809523809524}},{"fenStr":"8/6Qp/8/2n3Nk/5P2/6P1/4q1KP/8","stockfishScores":{"wn":0.5211309523809524}},{"fenStr":"8/6Qp/8/2n3Nk/5P2/6PK/4q2P/8","stockfishScores":{"bn":0.5139880952380952}},{"fenStr":"8/6Qp/8/2n3Nk/5P2/6PK/7P/5q2","stockfishScores":{"wn":0.5235119047619048}}],"result":{"bw":true}}