{"fens":[{"fenStr":"rnbqkbnr/pppppppp/8/8/3P4/8/PPP1PPPP/RNBQKBNR","stockfishScores":{"bn":0.5048809523809524}},{"fenStr":"rnbqkb1r/pppppppp/5n2/8/3P4/8/PPP1PPPP/RNBQKBNR","stockfishScores":{"wn":0.5016071428571428}},{"fenStr":"rnbqkb1r/pppppppp/5n2/8/3P4/5N2/PPP1PPPP/RNBQKB1R","stockfishScores":{"bn":0.5051785714285715}},{"fenStr":"rnbqkb1r/pppp1ppp/4pn2/8/3P4/5N2/PPP1PPPP/RNBQKB1R","stockfishScores":{"wn":0.5017857142857143}},{"fenStr":"rnbqkb1r/pppp1ppp/4pn2/8/2PP4/5N2/PP2PPPP/RNBQKB1R","stockfishScores":{"bn":0.5041071428571429}},{"fenStr":"rnbqkb1r/pp1p1ppp/4pn2/2p5/2PP4/5N2/PP2PPPP/RNBQKB1R","stockfishScores":{"wn":0.5029761904761905}},{"fenStr":"rnbqkb1r/pp1p1ppp/4pn2/2pP4/2P5/5N2/PP2PPPP/RNBQKB1R","stockfishScores":{"bn":0.5038690476190476}},{"fenStr":"rnbqkb1r/pp1p1ppp/5n2/2pp4/2P5/5N2/PP2PPPP/RNBQKB1R","stockfishScores":{"wn":0.4911309523809524}},{"fenStr":"rnbqkb1r/pp1p1ppp/5n2/2pP4/8/5N2/PP2PPPP/RNBQKB1R","stockfishScores":{"bn":0.5038690476190476}},{"fenStr":"rnbqkb1r/pp1p1p1p/5np1/2pP4/8/5N2/PP2PPPP/RNBQKB1R","stockfishScores":{"wn":0.504702380952381}},{"fenStr":"rnbqkb1r/pp1p1p1p/5np1/2pP4/8/2N2N2/PP2PPPP/R1BQKB1R","stockfishScores":{"bn":0.5075595238095238}},{"fenStr":"rnbqk2r/pp1p1pbp/5np1/2pP4/8/2N2N2/PP2PPPP/R1BQKB1R","stockfishScores":{"wn":0.5076785714285714}},{"fenStr":"rnbqk2r/pp1p1pbp/5np1/2pP4/4P3/2N2N2/PP3PPP/R1BQKB1R","stockfishScores":{"bn":0.5136309523809524}},{"fenStr":"rnbqk2r/pp3pbp/3p1np1/2pP4/4P3/2N2N2/PP3PPP/R1BQKB1R","stockfishScores":{"wn":0.5176190476190476}},{"fenStr":"rnbqk2r/pp3pbp/3p1np1/2pP4/4P3/2N2N1P/PP3PP1/R1BQKB1R","stockfishScores":{"bn":0.5210119047619047}},{"fenStr":"rnbq1rk1/pp3pbp/3p1np1/2pP4/4P3/2N2N1P/PP3PP1/R1BQKB1R","stockfishScores":{"wn":0.49916666666666665}},{"fenStr":"rnbq1rk1/pp3pbp/3p1np1/2pP4/4P3/2NB1N1P/PP3PP1/R1BQK2R","stockfishScores":{"bn":0.49898809523809523}},{"fenStr":"rnbq1rk1/p4pbp/3p1np1/1ppP4/4P3/2NB1N1P/PP3PP1/R1BQK2R","stockfishScores":{"wn":0.4969642857142857}},{"fenStr":"rnbq1rk1/p4pbp/3p1np1/1NpP4/4P3/3B1N1P/PP3PP1/R1BQK2R","stockfishScores":{"bn":0.5041071428571429}},{"fenStr":"rnbqr1k1/p4pbp/3p1np1/1NpP4/4P3/3B1N1P/PP3PP1/R1BQK2R","stockfishScores":{"wn":0.5036904761904762}},{"fenStr":"rnbqr1k1/p4pbp/3p1np1/1NpP4/4P3/3B3P/PP1N1PP1/R1BQK2R","stockfishScores":{"bn":0.500297619047619}},{"fenStr":"rnbqr1k1/p4pbp/3p2p1/1NpP4/4n3/3B3P/PP1N1PP1/R1BQK2R","stockfishScores":{"wn":0.4886904761904762}},{"fenStr":"rnbqr1k1/p4pbp/3p2p1/1NpP4/4B3/7P/PP1N1PP1/R1BQK2R","stockfishScores":{"bn":0.5076785714285714}},{"fenStr":"rn1qr1k1/p4pbp/b2p2p1/1NpP4/4B3/7P/PP1N1PP1/R1BQK2R","stockfishScores":{"wn":0.5057142857142857}},{"fenStr":"rn1qr1k1/p4pbp/b2p2p1/1NpP4/P3B3/7P/1P1N1PP1/R1BQK2R","stockfishScores":{"bn":0.5063690476190477}},{"fenStr":"rn2r1k1/p4pbp/b2p2p1/qNpP4/P3B3/7P/1P1N1PP1/R1BQK2R","stockfishScores":{"wn":0.4930952380952381}},{"fenStr":"rn2r1k1/p4pbp/b2N2p1/q1pP4/P3B3/7P/1P1N1PP1/R1BQK2R","stockfishScores":{"bn":0.5144642857142857}},{"fenStr":"rn4k1/p3rpbp/b2N2p1/q1pP4/P3B3/7P/1P1N1PP1/R1BQK2R","stockfishScores":{"wn":0.5113690476190477}},{"fenStr":"rn4k1/p3rpbp/b2N2p1/q1pP4/P3B3/5Q1P/1P1N1PP1/R1B1K2R","stockfishScores":{"bn":0.5147619047619048}},{"fenStr":"r5k1/p2nrpbp/b2N2p1/q1pP4/P3B3/5Q1P/1P1N1PP1/R1B1K2R","stockfishScores":{"wn":0.5102380952380953}},{"fenStr":"r5k1/p2nrpbp/b2N2p1/q1pP4/P3B3/5Q1P/1P1N1PP1/R1BK3R","stockfishScores":{"bn":0.5176785714285714}},{"fenStr":"r5k1/p3rpbp/b2N2p1/q1pPn3/P3B3/5Q1P/1P1N1PP1/R1BK3R","stockfishScores":{"wn":0.5156547619047619}},{"fenStr":"r5k1/p3rpbp/b2N2p1/q1pPn3/P3B3/2Q4P/1P1N1PP1/R1BK3R","stockfishScores":{"bn":0.5145238095238095}},{"fenStr":"r2q2k1/p3rpbp/b2N2p1/2pPn3/P3B3/2Q4P/1P1N1PP1/R1BK3R","stockfishScores":{"wn":0.513154761904762}},{"fenStr":"r2q2k1/p3rpbp/b5p1/1NpPn3/P3B3/2Q4P/1P1N1PP1/R1BK3R","stockfishScores":{"bn":0.5173214285714286}},{"fenStr":"r2q2k1/p3rpbp/6p1/1bpPn3/P3B3/2Q4P/1P1N1PP1/R1BK3R","stockfishScores":{"wn":0.49}},{"fenStr":"r2q2k1/p3rpbp/6p1/1PpPn3/4B3/2Q4P/1P1N1PP1/R1BK3R","stockfishScores":{"bn":0.5211904761904762}},{"fenStr":"1r1q2k1/p3rpbp/6p1/1PpPn3/4B3/2Q4P/1P1N1PP1/R1BK3R","stockfishScores":{"wn":0.5194047619047619}},{"fenStr":"1r1q2k1/p3rpbp/6p1/QPpPn3/4B3/7P/1P1N1PP1/R1BK3R","stockfishScores":{"bn":0.5188095238095238}},{"fenStr":"3q2k1/p3rpbp/1r4p1/QPpPn3/4B3/7P/1P1N1PP1/R1BK3R","stockfishScores":{"wn":0.5201190476190476}},{"fenStr":"3q2k1/p3rpbp/1r4p1/QPpPn3/4BP2/7P/1P1N2P1/R1BK3R","stockfishScores":{"bn":0.52375}},{"fenStr":"3q2k1/p2nrpbp/1r4p1/QPpP4/4BP2/7P/1P1N2P1/R1BK3R","stockfishScores":{"wn":0.5211309523809524}},{"fenStr":"3q2k1/Q2nrpbp/1r4p1/1PpP4/4BP2/7P/1P1N2P1/R1BK3R","stockfishScores":{"bn":0.5219047619047619}},{"fenStr":"3q2k1/Q3rpbp/1r3np1/1PpP4/4BP2/7P/1P1N2P1/R1BK3R","stockfishScores":{"wn":0.5141666666666667}},{"fenStr":"3q2k1/4rpbp/1r3np1/1PpP4/Q3BP2/7P/1P1N2P1/R1BK3R","stockfishScores":{"bn":0.5219642857142857}},{"fenStr":"3q2k1/4rpbp/1r4p1/1PpP4/Q3nP2/7P/1P1N2P1/R1BK3R","stockfishScores":{"wn":0.49023809523809525}},{"fenStr":"3q2k1/4rpbp/1r4p1/1PpP4/Q3NP2/7P/1P4P1/R1BK3R","stockfishScores":{"bn":0.5289285714285714}},{"fenStr":"6k1/4rpbp/1r4p1/1Ppq4/Q3NP2/7P/1P4P1/R1BK3R","stockfishScores":{"wn":0.5124404761904762}},{"fenStr":"6k1/4rpbp/1r4p1/1Ppq4/Q4P2/7P/1P1N2P1/R1BK3R","stockfishScores":{"bn":0.4783928571428571}},{"fenStr":"6k1/1r3pbp/1r4p1/1Ppq4/Q4P2/7P/1P1N2P1/R1BK3R","stockfishScores":{"wn":0.5019047619047619}},{"fenStr":"Q5k1/1r3pbp/1r4p1/1Ppq4/5P2/7P/1P1N2P1/R1BK3R","stockfishScores":{"bn":0.5017261904761905}},{"fenStr":"Q4bk1/1r3p1p/1r4p1/1Ppq4/5P2/7P/1P1N2P1/R1BK3R","stockfishScores":{"wn":0.5086309523809524}},{"fenStr":"Q4bk1/1r3p1p/1r4p1/1Ppq4/5P2/7P/1P1N2P1/R1BKR3","stockfishScores":{"bn":0.512797619047619}},{"fenStr":"Q4b2/1r3pkp/1r4p1/1Ppq4/5P2/7P/1P1N2P1/R1BKR3","stockfishScores":{"wn":0.5099404761904762}},{"fenStr":"Q4b2/1r3pkp/1r4p1/1Ppq4/5P2/1P5P/3N2P1/R1BKR3","stockfishScores":{"bn":0.5111904761904762}},{"fenStr":"Q7/1r3pkp/1r1b2p1/1Ppq4/5P2/1P5P/3N2P1/R1BKR3","stockfishScores":{"wn":0.5125595238095239}},{"fenStr":"Q7/1r3pkp/1r1b2p1/1Ppq4/5P2/1P5P/1B1N2P1/R2KR3","stockfishScores":{"bn":0.5193452380952381}},{"fenStr":"Q7/1r3p1p/1r1b2pk/1Ppq4/5P2/1P5P/1B1N2P1/R2KR3","stockfishScores":{"wn":0.5173214285714286}},{"fenStr":"3Q4/1r3p1p/1r1b2pk/1Ppq4/5P2/1P5P/1B1N2P1/R2KR3","stockfishScores":{"bn":0.5256547619047619}},{"fenStr":"3Q4/1r3p1p/1r1b2pk/1Pp4q/5P2/1P5P/1B1N2P1/R2KR3","stockfishScores":{"wn":0.5402976190476191}},{"fenStr":"3Q4/1r3p1p/1r1b2pk/1Pp4q/5PP1/1P5P/1B1N4/R2KR3","stockfishScores":{"bn":0.5449404761904761}},{"fenStr":"3Q4/1r3p1p/1r1b2pk/1Pp5/5PP1/1P5q/1B1N4/R2KR3","stockfishScores":{"wn":0.5503571428571429}},{"fenStr":"8/1r3p1p/1r1b2pk/1Pp3Q1/5PP1/1P5q/1B1N4/R2KR3","stockfishScores":{"bn":0.54375}}],"result":{"ww":true}}