{"fens":[{"fenStr":"rnbqkbnr/pppppppp/8/8/4P3/8/PPPP1PPP/RNBQKBNR","stockfishScores":{"bn":0.5049404761904762}},{"fenStr":"rnbqkbnr/pp1ppppp/8/2p5/4P3/8/PPPP1PPP/RNBQKBNR","stockfishScores":{"wn":0.5038095238095238}},{"fenStr":"rnbqkbnr/pp1ppppp/8/2p5/4P3/5N2/PPPP1PPP/RNBQKB1R","stockfishScores":{"bn":0.5058928571428571}},{"fenStr":"r1bqkbnr/pp1ppppp/2n5/2p5/4P3/5N2/PPPP1PPP/RNBQKB1R","stockfishScores":{"wn":0.5025}},{"fenStr":"r1bqkbnr/pp1ppppp/2n5/2p5/3PP3/5N2/PPP2PPP/RNBQKB1R","stockfishScores":{"bn":0.5116666666666667}},{"fenStr":"r1bqkbnr/pp1ppppp/2n5/8/3pP3/5N2/PPP2PPP/RNBQKB1R","stockfishScores":{"wn":0.4961309523809524}},{"fenStr":"r1bqkbnr/pp1ppppp/2n5/8/3NP3/8/PPP2PPP/RNBQKB1R","stockfishScores":{"bn":0.5067261904761905}},{"fenStr":"r1bqkbnr/pp1ppp1p/2n3p1/8/3NP3/8/PPP2PPP/RNBQKB1R","stockfishScores":{"wn":0.5058928571428571}},{"fenStr":"r1bqkbnr/pp1ppp1p/2n3p1/8/2PNP3/8/PP3PPP/RNBQKB1R","stockfishScores":{"bn":0.5048809523809524}},{"fenStr":"r1bqk1nr/pp1pppbp/2n3p1/8/2PNP3/8/PP3PPP/RNBQKB1R","stockfishScores":{"wn":0.5006547619047619}},{"fenStr":"r1bqk1nr/pp1pppbp/2n3p1/8/2PNP3/4B3/PP3PPP/RN1QKB1R","stockfishScores":{"bn":0.5011904761904762}},{"fenStr":"r1bqk2r/pp1pppbp/2n2np1/8/2PNP3/4B3/PP3PPP/RN1QKB1R","stockfishScores":{"wn":0.4994047619047619}},{"fenStr":"r1bqk2r/pp1pppbp/2n2np1/8/2PNP3/4BP2/PP4PP/RN1QKB1R","stockfishScores":{"bn":0.5007142857142857}},{"fenStr":"r1bqk2r/pp2ppbp/2np1np1/8/2PNP3/4BP2/PP4PP/RN1QKB1R","stockfishScores":{"wn":0.49797619047619046}},{"fenStr":"r1bqk2r/pp2ppbp/2np1np1/8/2PNP3/2N1BP2/PP4PP/R2QKB1R","stockfishScores":{"bn":0.5016666666666667}},{"fenStr":"r2qk2r/pp1bppbp/2np1np1/8/2PNP3/2N1BP2/PP4PP/R2QKB1R","stockfishScores":{"wn":0.5010119047619047}},{"fenStr":"r2qk2r/pp1bppbp/2np1np1/8/2PNP3/2N1BP2/PP2B1PP/R2QK2R","stockfishScores":{"bn":0.5001785714285715}},{"fenStr":"r2qk2r/1p1bppbp/p1np1np1/8/2PNP3/2N1BP2/PP2B1PP/R2QK2R","stockfishScores":{"wn":0.5002380952380953}},{"fenStr":"r2qk2r/1p1bppbp/p1np1np1/8/2PNP3/2N1BP2/PP2B1PP/R2Q1RK1","stockfishScores":{"bn":0.5111904761904762}},{"fenStr":"r2q1rk1/1p1bppbp/p1np1np1/8/2PNP3/2N1BP2/PP2B1PP/R2Q1RK1","stockfishScores":{"wn":0.5014880952380952}},{"fenStr":"r2q1rk1/1p1bppbp/p1np1np1/8/2PNP3/2N1BP2/PP2B1PP/2RQ1RK1","stockfishScores":{"bn":0.5011309523809524}},{"fenStr":"2rq1rk1/1p1bppbp/p1np1np1/8/2PNP3/2N1BP2/PP2B1PP/2RQ1RK1","stockfishScores":{"wn":0.5011904761904762}},{"fenStr":"2rq1rk1/1p1bppbp/p1np1np1/3N4/2PNP3/4BP2/PP2B1PP/2RQ1RK1","stockfishScores":{"bn":0.5017261904761905}},{"fenStr":"2rq1rk1/1p1b1pbp/p1nppnp1/3N4/2PNP3/4BP2/PP2B1PP/2RQ1RK1","stockfishScores":{"wn":0.5006547619047619}},{"fenStr":"2rq1rk1/1p1b1pbp/p1nppNp1/8/2PNP3/4BP2/PP2B1PP/2RQ1RK1","stockfishScores":{"bn":0.5290476190476191}},{"fenStr":"2r2rk1/1p1b1pbp/p1nppqp1/8/2PNP3/4BP2/PP2B1PP/2RQ1RK1","stockfishScores":{"wn":0.4995833333333333}},{"fenStr":"2r2rk1/1p1b1pbp/p1Nppqp1/8/2P1P3/4BP2/PP2B1PP/2RQ1RK1","stockfishScores":{"bn":0.518154761904762}},{"fenStr":"5rk1/1p1b1pbp/p1rppqp1/8/2P1P3/4BP2/PP2B1PP/2RQ1RK1","stockfishScores":{"wn":0.5017857142857143}},{"fenStr":"5rk1/1p1b1pbp/p1rppqp1/8/2P1P3/1P2BP2/P3B1PP/2RQ1RK1","stockfishScores":{"bn":0.5023809523809524}},{"fenStr":"4r1k1/1p1b1pbp/p1rppqp1/8/2P1P3/1P2BP2/P3B1PP/2RQ1RK1","stockfishScores":{"wn":0.5029166666666667}},{"fenStr":"4r1k1/1p1b1pbp/p1rppqp1/8/2P1P3/1P2BP2/P3B1PP/2R1QRK1","stockfishScores":{"bn":0.5000595238095238}},{"fenStr":"4r1k1/1p1b1pbp/p1rp1qp1/4p3/2P1P3/1P2BP2/P3B1PP/2R1QRK1","stockfishScores":{"wn":0.5049404761904762}},{"fenStr":"4r1k1/1p1b1pbp/p1rp1qp1/2P1p3/4P3/1P2BP2/P3B1PP/2R1QRK1","stockfishScores":{"bn":0.5020238095238095}},{"fenStr":"3r2k1/1p1b1pbp/p1rp1qp1/2P1p3/4P3/1P2BP2/P3B1PP/2R1QRK1","stockfishScores":{"wn":0.5033928571428572}},{"fenStr":"3r2k1/1p1b1pbp/p1rP1qp1/4p3/4P3/1P2BP2/P3B1PP/2R1QRK1","stockfishScores":{"bn":0.5104166666666666}},{"fenStr":"3r2k1/1p1b1pbp/p2r1qp1/4p3/4P3/1P2BP2/P3B1PP/2R1QRK1","stockfishScores":{"wn":0.5022619047619048}},{"fenStr":"3r2k1/1p1b1pbp/p2r1qp1/Q3p3/4P3/1P2BP2/P3B1PP/2R2RK1","stockfishScores":{"bn":0.5007142857142857}},{"fenStr":"3r2k1/1p3pbp/p1br1qp1/Q3p3/4P3/1P2BP2/P3B1PP/2R2RK1","stockfishScores":{"wn":0.5008928571428571}},{"fenStr":"3r2k1/1p3pbp/p1br1qp1/Q3p3/4P3/1P2BP2/P3B1PP/2RR2K1","stockfishScores":{"bn":0.4988690476190476}},{"fenStr":"3r2k1/1p3pbp/p1b2qp1/Q3p3/4P3/1P2BP2/P3B1PP/2Rr2K1","stockfishScores":{"wn":0.46851190476190474}},{"fenStr":"3r2k1/1p3pbp/p1b2qp1/Q3p3/4P3/1P2BP2/P5PP/2RB2K1","stockfishScores":{"bn":0.49785714285714283}},{"fenStr":"6k1/1p3pbp/p1b2qp1/Q3p3/4P3/1P1rBP2/P5PP/2RB2K1","stockfishScores":{"wn":0.49529761904761904}},{"fenStr":"6k1/1p3pbp/p1b2qp1/4p3/4P3/1P1rBP2/P5PP/2RBQ1K1","stockfishScores":{"bn":0.49773809523809526}},{"fenStr":"6k1/1p3pbp/p1b1q1p1/4p3/4P3/1P1rBP2/P5PP/2RBQ1K1","stockfishScores":{"wn":0.49857142857142855}},{"fenStr":"6k1/1p3pbp/p1b1q1p1/4p3/4P3/1P1rBP2/P1B3PP/2R1Q1K1","stockfishScores":{"bn":0.5022619047619048}},{"fenStr":"3r2k1/1p3pbp/p1b1q1p1/4p3/4P3/1P2BP2/P1B3PP/2R1Q1K1","stockfishScores":{"wn":0.5014285714285714}},{"fenStr":"3r2k1/1p3pbp/p1b1q1p1/4p3/4P3/1P2BP2/P1B3PP/3RQ1K1","stockfishScores":{"bn":0.5070238095238095}},{"fenStr":"6k1/1p3pbp/p1b1q1p1/4p3/4P3/1P2BP2/P1B3PP/3rQ1K1","stockfishScores":{"wn":0.45654761904761904}},{"fenStr":"6k1/1p3pbp/p1b1q1p1/4p3/4P3/1P2BP2/P1B3PP/3Q2K1","stockfishScores":{"bn":0.5031547619047619}},{"fenStr":"6k1/1p1q1pbp/p1b3p1/4p3/4P3/1P2BP2/P1B3PP/3Q2K1","stockfishScores":{"wn":0.501547619047619}},{"fenStr":"6k1/1p1Q1pbp/p1b3p1/4p3/4P3/1P2BP2/P1B3PP/6K1","stockfishScores":{"bn":0.5779166666666666}},{"fenStr":"6k1/1p1b1pbp/p5p1/4p3/4P3/1P2BP2/P1B3PP/6K1","stockfishScores":{"wn":0.5005952380952381}},{"fenStr":"6k1/1p1b1pbp/p5p1/4p3/4P3/1P2BP2/P1B2KPP/8","stockfishScores":{"bn":0.5022619047619048}},{"fenStr":"6k1/1p1b2bp/p5p1/4pp2/4P3/1P2BP2/P1B2KPP/8","stockfishScores":{"wn":0.5018452380952381}},{"fenStr":"6k1/1p1b2bp/p5p1/4pp2/4P3/1P2BP2/P1B1K1PP/8","stockfishScores":{"bn":0.5014880952380952}},{"fenStr":"8/1p1b1kbp/p5p1/4pp2/4P3/1P2BP2/P1B1K1PP/8","stockfishScores":{"wn":0.5}},{"fenStr":"8/1p1b1kbp/p5p1/4pp2/4P3/1P2BP2/P1BK2PP/8","stockfishScores":{"bn":0.49779761904761904}},{"fenStr":"8/1p1b2bp/p3k1p1/4pp2/4P3/1P2BP2/P1BK2PP/8","stockfishScores":{"wn":0.4986309523809524}},{"fenStr":"8/1p1b2bp/p3k1p1/4pp2/4P3/1PK1BP2/P1B3PP/8","stockfishScores":{"bn":0.5004166666666666}},{"fenStr":"8/1p4bp/p3k1p1/1b2pp2/4P3/1PK1BP2/P1B3PP/8","stockfishScores":{"wn":0.502797619047619}},{"fenStr":"8/1p4bp/p3k1p1/1b2pp2/4P3/1PKBBP2/P5PP/8","stockfishScores":{"bn":0.5039285714285714}},{"fenStr":"8/1p4bp/p3k1p1/4pp2/4P3/1PKbBP2/P5PP/8","stockfishScores":{"wn":0.47464285714285714}},{"fenStr":"8/1p4bp/p3k1p1/4pp2/4P3/1P1KBP2/P5PP/8","stockfishScores":{"bn":0.5011309523809524}},{"fenStr":"8/1p4bp/p3k1p1/4p3/4Pp2/1P1KBP2/P5PP/8","stockfishScores":{"wn":0.49988095238095237}},{"fenStr":"8/1p4bp/p3k1p1/4p3/4Pp2/1P1K1P2/P5PP/6B1","stockfishScores":{"bn":0.5002380952380953}},{"fenStr":"8/6bp/p3k1p1/1p2p3/4Pp2/1P1K1P2/P5PP/6B1","stockfishScores":{"wn":0.5013095238095238}},{"fenStr":"8/6bp/p3k1p1/1p2p3/4Pp2/1PK2P2/P5PP/6B1","stockfishScores":{"bn":0.4982142857142857}},{"fenStr":"5b2/7p/p3k1p1/1p2p3/4Pp2/1PK2P2/P5PP/6B1","stockfishScores":{"wn":0.4979166666666667}},{"fenStr":"5b2/7p/p3k1p1/1p2p3/P3Pp2/1PK2P2/6PP/6B1","stockfishScores":{"bn":0.49726190476190474}},{"fenStr":"5b2/3k3p/p5p1/1p2p3/P3Pp2/1PK2P2/6PP/6B1","stockfishScores":{"wn":0.5008928571428571}},{"fenStr":"5b2/3k3p/p5p1/1P2p3/4Pp2/1PK2P2/6PP/6B1","stockfishScores":{"bn":0.5139285714285714}},{"fenStr":"5b2/3k3p/6p1/1p2p3/4Pp2/1PK2P2/6PP/6B1","stockfishScores":{"wn":0.5005952380952381}},{"fenStr":"5b2/3k3p/6p1/1p2p3/4Pp2/1PK2P1P/6P1/6B1","stockfishScores":{"bn":0.4994642857142857}},{"fenStr":"5b2/3k4/6pp/1p2p3/4Pp2/1PK2P1P/6P1/6B1","stockfishScores":{"wn":0.5013690476190477}},{"fenStr":"5b2/3k4/6pp/1p2p3/1P2Pp2/2K2P1P/6P1/6B1","stockfishScores":{"bn":0.5006547619047619}},{"fenStr":"5b2/3k4/7p/1p2p1p1/1P2Pp2/2K2P1P/6P1/6B1","stockfishScores":{"wn":0.5022023809523809}},{"fenStr":"5b2/3k4/7p/1pB1p1p1/1P2Pp2/2K2P1P/6P1/8","stockfishScores":{"bn":0.5042857142857143}},{"fenStr":"8/3k4/7p/1pb1p1p1/1P2Pp2/2K2P1P/6P1/8","stockfishScores":{"wn":0.4776190476190476}},{"fenStr":"8/3k4/7p/1pP1p1p1/4Pp2/2K2P1P/6P1/8","stockfishScores":{"bn":0.5014285714285714}},{"fenStr":"8/8/2k4p/1pP1p1p1/4Pp2/2K2P1P/6P1/8","stockfishScores":{"wn":0.49339285714285713}},{"fenStr":"8/8/2k4p/1pP1p1p1/1K2Pp2/5P1P/6P1/8","stockfishScores":{"bn":0.49601190476190476}},{"fenStr":"8/8/2k5/1pP1p1pp/1K2Pp2/5P1P/6P1/8","stockfishScores":{"wn":0.4967857142857143}},{"fenStr":"8/8/2k5/1pP1p1pp/4Pp2/1K3P1P/6P1/8","stockfishScores":{"bn":0.4907738095238095}},{"fenStr":"8/8/8/1pk1p1pp/4Pp2/1K3P1P/6P1/8","stockfishScores":{"wn":0.48833333333333334}},{"fenStr":"8/8/8/1pk1p1pp/4Pp2/2K2P1P/6P1/8","stockfishScores":{"bn":0.48755952380952383}},{"fenStr":"8/8/8/2k1p1pp/1p2Pp2/2K2P1P/6P1/8","stockfishScores":{"wn":0.4881547619047619}},{"fenStr":"8/8/8/2k1p1pp/1p2Pp2/1K3P1P/6P1/8","stockfishScores":{"bn":0.4899404761904762}},{"fenStr":"8/8/8/1k2p1pp/1p2Pp2/1K3P1P/6P1/8","stockfishScores":{"wn":0.4917261904761905}},{"fenStr":"8/8/8/1k2p1pp/1p2Pp2/5P1P/1K4P1/8","stockfishScores":{"bn":0.48654761904761906}},{"fenStr":"8/8/8/4p1pp/1pk1Pp2/5P1P/1K4P1/8","stockfishScores":{"wn":0.48464285714285715}},{"fenStr":"8/8/8/4p1pp/1pk1Pp2/5P1P/2K3P1/8","stockfishScores":{"bn":0.4844047619047619}},{"fenStr":"8/8/8/4p1pp/2k1Pp2/1p3P1P/2K3P1/8","stockfishScores":{"wn":0.4841666666666667}},{"fenStr":"8/8/8/4p1pp/2k1Pp2/1p3P1P/1K4P1/8","stockfishScores":{"bn":0.4860714285714286}},{"fenStr":"8/8/8/4p1pp/1k2Pp2/1p3P1P/1K4P1/8","stockfishScores":{"wn":0.4882738095238095}},{"fenStr":"8/8/8/4p1pp/1k2Pp2/1p3P1P/6P1/1K6","stockfishScores":{"bn":0.4819047619047619}},{"fenStr":"8/8/8/4p1pp/4Pp2/1pk2P1P/6P1/1K6","stockfishScores":{"wn":0.4798809523809524}},{"fenStr":"8/8/8/4p1pp/4Pp2/1pk2P1P/6P1/2K5","stockfishScores":{"bn":0.4791666666666667}},{"fenStr":"8/8/8/4p1pp/4Pp2/2k2P1P/1p4P1/2K5","stockfishScores":{"wn":0.4795238095238095}},{"fenStr":"8/8/8/4p1pp/4Pp2/2k2P1P/1p4P1/1K6","stockfishScores":{"bn":0.48291666666666666}},{"fenStr":"8/8/8/4p1p1/4Pp1p/2k2P1P/1p4P1/1K6","stockfishScores":{"wn":0.4842261904761905}},{"fenStr":"8/8/8/4p1p1/4Pp1p/2k2P1P/Kp4P1/8","stockfishScores":{"bn":0.4799404761904762}},{"fenStr":"8/8/8/4p1p1/4Pp1p/5P1P/Kpk3P1/8","stockfishScores":{"wn":0.4779761904761905}},{"fenStr":"8/8/8/4p1p1/4Pp1p/K4P1P/1pk3P1/8","stockfishScores":{"bn":0.46529761904761907}},{"fenStr":"8/8/8/4p1p1/4Pp1p/K4P1P/2k3P1/1q6","stockfishScores":{"wn":0.42625}},{"fenStr":"8/8/8/4p1p1/4Pp1p/K4PPP/2k5/1q6","stockfishScores":{"bn":0.4261904761904762}},{"fenStr":"8/8/8/4p1p1/4Pp1p/Kq3PPP/2k5/8","stockfishScores":{"wn":0.4255357142857143}}],"result":{"bw":true}}