{"fens":[{"fenStr":"rnbqkbnr/pppppppp/8/8/4P3/8/PPPP1PPP/RNBQKBNR","stockfishScores":{"bn":0.5049404761904762}},{"fenStr":"rnbqkbnr/pp1ppppp/2p5/8/4P3/8/PPPP1PPP/RNBQKBNR","stockfishScores":{"wn":0.5039880952380953}},{"fenStr":"rnbqkbnr/pp1ppppp/2p5/8/3PP3/8/PPP2PPP/RNBQKBNR","stockfishScores":{"bn":0.5090476190476191}},{"fenStr":"rnbqkbnr/pp2pppp/2pp4/8/3PP3/8/PPP2PPP/RNBQKBNR","stockfishScores":{"wn":0.5060714285714286}},{"fenStr":"rnbqkbnr/pp2pppp/2pp4/8/3PPP2/8/PPP3PP/RNBQKBNR","stockfishScores":{"bn":0.5039880952380953}},{"fenStr":"r1bqkbnr/pp1npppp/2pp4/8/3PPP2/8/PPP3PP/RNBQKBNR","stockfishScores":{"wn":0.5022619047619048}},{"fenStr":"r1bqkbnr/pp1npppp/2pp4/8/3PPP2/5N2/PPP3PP/RNBQKB1R","stockfishScores":{"bn":0.5060119047619047}},{"fenStr":"r1bqkbnr/pp1npp1p/2pp2p1/8/3PPP2/5N2/PPP3PP/RNBQKB1R","stockfishScores":{"wn":0.5050595238095238}},{"fenStr":"r1bqkbnr/pp1npp1p/2pp2p1/8/3PPP2/3B1N2/PPP3PP/RNBQK2R","stockfishScores":{"bn":0.505}},{"fenStr":"r1bqk1nr/pp1nppbp/2pp2p1/8/3PPP2/3B1N2/PPP3PP/RNBQK2R","stockfishScores":{"wn":0.5033333333333333}},{"fenStr":"r1bqk1nr/pp1nppbp/2pp2p1/8/3PPP2/3B1N2/PPP3PP/RNBQ1RK1","stockfishScores":{"bn":0.5152976190476191}},{"fenStr":"r1bqk2r/pp1nppbp/2pp1np1/8/3PPP2/3B1N2/PPP3PP/RNBQ1RK1","stockfishScores":{"wn":0.5110714285714286}},{"fenStr":"r1bqk2r/pp1nppbp/2pp1np1/4P3/3P1P2/3B1N2/PPP3PP/RNBQ1RK1","stockfishScores":{"bn":0.5167857142857143}},{"fenStr":"r1bqk2r/pp1nppbp/2pp2p1/3nP3/3P1P2/3B1N2/PPP3PP/RNBQ1RK1","stockfishScores":{"wn":0.5120238095238095}},{"fenStr":"r1bqk2r/pp1nppbp/2pp2p1/3nP3/2PP1P2/3B1N2/PP4PP/RNBQ1RK1","stockfishScores":{"bn":0.518095238095238}},{"fenStr":"r1bqk2r/pp1nppbp/2pp2p1/4P3/1nPP1P2/3B1N2/PP4PP/RNBQ1RK1","stockfishScores":{"wn":0.5164880952380952}},{"fenStr":"r1bqk2r/pp1nppbp/2pP2p1/8/1nPP1P2/3B1N2/PP4PP/RNBQ1RK1","stockfishScores":{"bn":0.5217857142857143}},{"fenStr":"r1bqk2r/pp1n1pbp/2pPp1p1/8/1nPP1P2/3B1N2/PP4PP/RNBQ1RK1","stockfishScores":{"wn":0.5244047619047619}},{"fenStr":"r1bqk2r/pp1n1pbp/2pPp1p1/8/1nPP1P2/2NB1N2/PP4PP/R1BQ1RK1","stockfishScores":{"bn":0.5275}},{"fenStr":"r1bqk2r/pp1n1pbp/2pPp1p1/8/2PP1P2/2Nn1N2/PP4PP/R1BQ1RK1","stockfishScores":{"wn":0.4951190476190476}},{"fenStr":"r1bqk2r/pp1n1pbp/2pPp1p1/8/2PP1P2/2NQ1N2/PP4PP/R1B2RK1","stockfishScores":{"bn":0.525}},{"fenStr":"r1bq1rk1/pp1n1pbp/2pPp1p1/8/2PP1P2/2NQ1N2/PP4PP/R1B2RK1","stockfishScores":{"wn":0.5132738095238095}},{"fenStr":"r1bq1rk1/pp1n1pbp/2pPp1p1/8/2PP1P2/2NQBN2/PP4PP/R4RK1","stockfishScores":{"bn":0.5147619047619048}},{"fenStr":"r1bq1rk1/p2n1pbp/1ppPp1p1/8/2PP1P2/2NQBN2/PP4PP/R4RK1","stockfishScores":{"wn":0.5155952380952381}},{"fenStr":"r1bq1rk1/p2n1pbp/1ppPp1p1/4N3/2PP1P2/2NQB3/PP4PP/R4RK1","stockfishScores":{"bn":0.5175595238095239}},{"fenStr":"r2q1rk1/pb1n1pbp/1ppPp1p1/4N3/2PP1P2/2NQB3/PP4PP/R4RK1","stockfishScores":{"wn":0.5151785714285714}},{"fenStr":"r2q1rk1/pb1N1pbp/1ppPp1p1/8/2PP1P2/2NQB3/PP4PP/R4RK1","stockfishScores":{"bn":0.5401785714285714}},{"fenStr":"r4rk1/pb1q1pbp/1ppPp1p1/8/2PP1P2/2NQB3/PP4PP/R4RK1","stockfishScores":{"wn":0.5111904761904762}},{"fenStr":"r4rk1/pb1q1pbp/1ppPp1p1/2P5/3P1P2/2NQB3/PP4PP/R4RK1","stockfishScores":{"bn":0.5138690476190476}},{"fenStr":"r4rk1/1b1q1pbp/1ppPp1p1/p1P5/3P1P2/2NQB3/PP4PP/R4RK1","stockfishScores":{"wn":0.5139880952380952}},{"fenStr":"r4rk1/1b1q1pbp/1ppPp1p1/p1P5/3P1P2/2N1B3/PP1Q2PP/R4RK1","stockfishScores":{"bn":0.5135119047619048}},{"fenStr":"r4rk1/3q1pbp/bppPp1p1/p1P5/3P1P2/2N1B3/PP1Q2PP/R4RK1","stockfishScores":{"wn":0.5120238095238095}},{"fenStr":"r4rk1/3q1pbp/bppPp1p1/p1P5/3P1P2/2N1B3/PP1Q1RPP/R5K1","stockfishScores":{"bn":0.5121428571428571}},{"fenStr":"r4rk1/3q1pbp/b1pPp1p1/ppP5/3P1P2/2N1B3/PP1Q1RPP/R5K1","stockfishScores":{"wn":0.5106547619047619}},{"fenStr":"r4rk1/3q1pbp/b1pPp1p1/ppP5/3P1P2/P1N1B3/1P1Q1RPP/R5K1","stockfishScores":{"bn":0.5113690476190477}},{"fenStr":"r4rk1/3q1pbp/b1pPp1p1/p1P5/1p1P1P2/P1N1B3/1P1Q1RPP/R5K1","stockfishScores":{"wn":0.5075}},{"fenStr":"r4rk1/3q1pbp/b1pPp1p1/p1P5/Np1P1P2/P3B3/1P1Q1RPP/R5K1","stockfishScores":{"bn":0.5090476190476191}},{"fenStr":"rr4k1/3q1pbp/b1pPp1p1/p1P5/Np1P1P2/P3B3/1P1Q1RPP/R5K1","stockfishScores":{"wn":0.5099404761904762}},{"fenStr":"rr4k1/3q1pbp/bNpPp1p1/p1P5/1p1P1P2/P3B3/1P1Q1RPP/R5K1","stockfishScores":{"bn":0.518095238095238}},{"fenStr":"r5k1/3q1pbp/brpPp1p1/p1P5/1p1P1P2/P3B3/1P1Q1RPP/R5K1","stockfishScores":{"wn":0.48970238095238094}},{"fenStr":"r5k1/3q1pbp/bPpPp1p1/p7/1p1P1P2/P3B3/1P1Q1RPP/R5K1","stockfishScores":{"bn":0.5177380952380952}},{"fenStr":"r5k1/5pbp/bPpqp1p1/p7/1p1P1P2/P3B3/1P1Q1RPP/R5K1","stockfishScores":{"wn":0.5120833333333333}},{"fenStr":"r5k1/5pbp/bPpqp1p1/p7/1P1P1P2/4B3/1P1Q1RPP/R5K1","stockfishScores":{"bn":0.518095238095238}},{"fenStr":"r5k1/5pbp/bPpqp1p1/8/1p1P1P2/4B3/1P1Q1RPP/R5K1","stockfishScores":{"wn":0.5145833333333333}},{"fenStr":"r5k1/5pbp/bPpqp1p1/8/Rp1P1P2/4B3/1P1Q1RPP/6K1","stockfishScores":{"bn":0.5127380952380952}},{"fenStr":"r4bk1/5p1p/bPpqp1p1/8/Rp1P1P2/4B3/1P1Q1RPP/6K1","stockfishScores":{"wn":0.5152380952380953}},{"fenStr":"r4bk1/5p1p/bPpqp1p1/8/Rp1P1P2/4B3/1P1Q2PP/5RK1","stockfishScores":{"bn":0.5120238095238095}},{"fenStr":"rq3bk1/5p1p/bPp1p1p1/8/Rp1P1P2/4B3/1P1Q2PP/5RK1","stockfishScores":{"wn":0.5136904761904761}},{"fenStr":"rq3bk1/5p1p/bPp1p1p1/8/Rp1P1P2/4B3/1P1Q2PP/R5K1","stockfishScores":{"bn":0.516547619047619}},{"fenStr":"r4bk1/5p1p/bqp1p1p1/8/Rp1P1P2/4B3/1P1Q2PP/R5K1","stockfishScores":{"wn":0.5104761904761905}},{"fenStr":"r4bk1/5p1p/bqp1p1p1/8/Rp1P1P2/1P2B3/3Q2PP/R5K1","stockfishScores":{"bn":0.511547619047619}},{"fenStr":"r4bk1/5p1p/bq2p1p1/2p5/Rp1P1P2/1P2B3/3Q2PP/R5K1","stockfishScores":{"wn":0.5060119047619047}},{"fenStr":"r4bk1/5p1p/bq2p1p1/2P5/Rp3P2/1P2B3/3Q2PP/R5K1","stockfishScores":{"bn":0.521547619047619}},{"fenStr":"r5k1/5p1p/bq2p1p1/2b5/Rp3P2/1P2B3/3Q2PP/R5K1","stockfishScores":{"wn":0.5088095238095238}},{"fenStr":"r5k1/5p1p/bq2p1p1/2B5/Rp3P2/1P6/3Q2PP/R5K1","stockfishScores":{"bn":0.5314285714285715}},{"fenStr":"r5k1/5p1p/b3p1p1/2q5/Rp3P2/1P6/3Q2PP/R5K1","stockfishScores":{"wn":0.510297619047619}},{"fenStr":"r5k1/5p1p/b3p1p1/2q5/Rp3P2/1P6/5QPP/R5K1","stockfishScores":{"bn":0.5048214285714285}},{"fenStr":"r5k1/5p1p/b3p1p1/8/Rp3P2/1Pq5/5QPP/R5K1","stockfishScores":{"wn":0.5079166666666667}},{"fenStr":"r5k1/5p1p/b3p1p1/8/Rp3P2/1Pq4P/5QP1/R5K1","stockfishScores":{"bn":0.5063095238095238}},{"fenStr":"r5k1/5p1p/b3p1p1/8/Rp3P2/1P1q3P/5QP1/R5K1","stockfishScores":{"wn":0.5072619047619048}},{"fenStr":"r5k1/5p1p/bQ2p1p1/8/Rp3P2/1P1q3P/6P1/R5K1","stockfishScores":{"bn":0.5045833333333334}},{"fenStr":"2r3k1/5p1p/bQ2p1p1/8/Rp3P2/1P1q3P/6P1/R5K1","stockfishScores":{"wn":0.5049404761904762}},{"fenStr":"2r3k1/5p1p/RQ2p1p1/8/1p3P2/1P1q3P/6P1/R5K1","stockfishScores":{"bn":0.5327380952380952}},{"fenStr":"6k1/5p1p/RQ2p1p1/8/1p3P2/1P1q3P/2r3P1/R5K1","stockfishScores":{"wn":0.5298809523809523}},{"fenStr":"6k1/5p1p/R3p1p1/8/1Q3P2/1P1q3P/2r3P1/R5K1","stockfishScores":{"bn":0.5378571428571428}},{"fenStr":"6k1/5p1p/R3p1p1/8/1Q3P2/1P5P/2r1q1P1/R5K1","stockfishScores":{"wn":0.5325595238095238}},{"fenStr":"R5k1/5p1p/4p1p1/8/1Q3P2/1P5P/2r1q1P1/R5K1","stockfishScores":{"bn":0.5355357142857142}},{"fenStr":"R7/5pkp/4p1p1/8/1Q3P2/1P5P/2r1q1P1/R5K1","stockfishScores":{"wn":0.5325595238095238}},{"fenStr":"R4Q2/5pkp/4p1p1/8/5P2/1P5P/2r1q1P1/R5K1","stockfishScores":{"bn":0.5453571428571429}},{"fenStr":"R4Q2/5p1p/4pkp1/8/5P2/1P5P/2r1q1P1/R5K1","stockfishScores":{"wn":0.5342857142857143}},{"fenStr":"R6Q/5p1p/4pkp1/8/5P2/1P5P/2r1q1P1/R5K1","stockfishScores":{"bn":0.5267261904761905}},{"fenStr":"R6Q/5p1p/4p1p1/5k2/5P2/1P5P/2r1q1P1/R5K1","stockfishScores":{"wn":0.5294642857142857}},{"fenStr":"7Q/5p1p/4p1p1/R4k2/5P2/1P5P/2r1q1P1/R5K1","stockfishScores":{"bn":0.5275}},{"fenStr":"7Q/5p1p/4p1p1/R7/5k2/1P5P/2r1q1P1/R5K1","stockfishScores":{"wn":0.5322023809523809}},{"fenStr":"7Q/5p1p/4p1p1/R7/R4k2/1P5P/2r1q1P1/6K1","stockfishScores":{"bn":0.5358928571428572}},{"fenStr":"7Q/5p1p/4p1p1/R7/R7/1P2k2P/2r1q1P1/6K1","stockfishScores":{"wn":0.5411904761904762}},{"fenStr":"8/5p1p/4p1p1/R7/R2Q4/1P2k2P/2r1q1P1/6K1","stockfishScores":{"bn":0.5446428571428571}}],"result":{"ww":true}}