{"fens":[{"fenStr":"rnbqkbnr/pppppppp/8/8/4P3/8/PPPP1PPP/RNBQKBNR","stockfishScores":{"bn":0.5049404761904762}},{"fenStr":"rnbqkbnr/pppp1ppp/4p3/8/4P3/8/PPPP1PPP/RNBQKBNR","stockfishScores":{"wn":0.5002380952380953}},{"fenStr":"rnbqkbnr/pppp1ppp/4p3/8/3PP3/8/PPP2PPP/RNBQKBNR","stockfishScores":{"bn":0.5058928571428571}},{"fenStr":"rnbqkbnr/ppp2ppp/4p3/3p4/3PP3/8/PPP2PPP/RNBQKBNR","stockfishScores":{"wn":0.5010119047619047}},{"fenStr":"rnbqkbnr/ppp2ppp/4p3/3p4/3PP3/2N5/PPP2PPP/R1BQKBNR","stockfishScores":{"bn":0.5042857142857143}},{"fenStr":"rnbqkb1r/ppp2ppp/4pn2/3p4/3PP3/2N5/PPP2PPP/R1BQKBNR","stockfishScores":{"wn":0.5033333333333333}},{"fenStr":"rnbqkb1r/ppp2ppp/4pn2/3p2B1/3PP3/2N5/PPP2PPP/R2QKBNR","stockfishScores":{"bn":0.5073214285714286}},{"fenStr":"rnbqkb1r/ppp2ppp/4pn2/6B1/3Pp3/2N5/PPP2PPP/R2QKBNR","stockfishScores":{"wn":0.49642857142857144}},{"fenStr":"rnbqkb1r/ppp2ppp/4pn2/6B1/3PN3/8/PPP2PPP/R2QKBNR","stockfishScores":{"bn":0.5048214285714285}},{"fenStr":"rnbqk2r/ppp1bppp/4pn2/6B1/3PN3/8/PPP2PPP/R2QKBNR","stockfishScores":{"wn":0.5042261904761904}},{"fenStr":"rnbqk2r/ppp1bppp/4pB2/8/3PN3/8/PPP2PPP/R2QKBNR","stockfishScores":{"bn":0.5358333333333334}},{"fenStr":"rnbqk2r/ppp2ppp/4pb2/8/3PN3/8/PPP2PPP/R2QKBNR","stockfishScores":{"wn":0.5035119047619048}},{"fenStr":"rnbqk2r/ppp2ppp/4pb2/8/3PN3/5N2/PPP2PPP/R2QKB1R","stockfishScores":{"bn":0.5075}},{"fenStr":"r1bqk2r/pppn1ppp/4pb2/8/3PN3/5N2/PPP2PPP/R2QKB1R","stockfishScores":{"wn":0.5046428571428572}},{"fenStr":"r1bqk2r/pppn1ppp/4pb2/8/3PN3/3B1N2/PPP2PPP/R2QK2R","stockfishScores":{"bn":0.5041071428571429}},{"fenStr":"r1b1k2r/pppnqppp/4pb2/8/3PN3/3B1N2/PPP2PPP/R2QK2R","stockfishScores":{"wn":0.5044047619047619}},{"fenStr":"r1b1k2r/pppnqppp/4pb2/8/3PN3/2PB1N2/PP3PPP/R2QK2R","stockfishScores":{"bn":0.5074404761904762}},{"fenStr":"r1b2rk1/pppnqppp/4pb2/8/3PN3/2PB1N2/PP3PPP/R2QK2R","stockfishScores":{"wn":0.4975}},{"fenStr":"r1b2rk1/pppnqppp/4pb2/8/3PN1P1/2PB1N2/PP3P1P/R2QK2R","stockfishScores":{"bn":0.4975595238095238}},{"fenStr":"r1b2rk1/pppnqp1p/4pbp1/8/3PN1P1/2PB1N2/PP3P1P/R2QK2R","stockfishScores":{"wn":0.49964285714285717}},{"fenStr":"r1b2rk1/pppnqp1p/4pbp1/8/3PN1PP/2PB1N2/PP3P2/R2QK2R","stockfishScores":{"bn":0.5041666666666667}},{"fenStr":"r1b2rk1/pp1nqp1p/4pbp1/2p5/3PN1PP/2PB1N2/PP3P2/R2QK2R","stockfishScores":{"wn":0.5041666666666667}},{"fenStr":"r1b2rk1/pp1nqp1p/4pbp1/2p4P/3PN1P1/2PB1N2/PP3P2/R2QK2R","stockfishScores":{"bn":0.5048214285714285}},{"fenStr":"r1b2rk1/pp1nqp1p/4pbp1/7P/3pN1P1/2PB1N2/PP3P2/R2QK2R","stockfishScores":{"wn":0.49565476190476193}},{"fenStr":"r1b2rk1/pp1nqp1p/4pbp1/7P/3PN1P1/3B1N2/PP3P2/R2QK2R","stockfishScores":{"bn":0.5022619047619048}},{"fenStr":"r1b2rk1/pp1n1p1p/4pbp1/7P/1q1PN1P1/3B1N2/PP3P2/R2QK2R","stockfishScores":{"wn":0.5018452380952381}},{"fenStr":"r1b2rk1/pp1n1p1p/4pbp1/7P/1q1PN1P1/3B1N2/PP1Q1P2/R3K2R","stockfishScores":{"bn":0.5004166666666666}},{"fenStr":"r1b2rk1/pp1n1p1p/4pbp1/7P/3PN1P1/3B1N2/PP1q1P2/R3K2R","stockfishScores":{"wn":0.4207738095238095}},{"fenStr":"r1b2rk1/pp1n1p1p/4pbp1/7P/3PN1P1/3B1N2/PP1K1P2/R6R","stockfishScores":{"bn":0.5054166666666666}},{"fenStr":"r1b2rk1/p2n1p1p/1p2pbp1/7P/3PN1P1/3B1N2/PP1K1P2/R6R","stockfishScores":{"wn":0.5055952380952381}},{"fenStr":"r1b2rk1/p2n1p1p/1p2pbP1/8/3PN1P1/3B1N2/PP1K1P2/R6R","stockfishScores":{"bn":0.5144047619047619}},{"fenStr":"r1b2rk1/p2n1p2/1p2pbp1/8/3PN1P1/3B1N2/PP1K1P2/R6R","stockfishScores":{"wn":0.5072023809523809}},{"fenStr":"r1b2rk1/p2n1p2/1p2pbp1/6P1/3PN3/3B1N2/PP1K1P2/R6R","stockfishScores":{"bn":0.511547619047619}},{"fenStr":"r1b2rk1/p2nbp2/1p2p1p1/6P1/3PN3/3B1N2/PP1K1P2/R6R","stockfishScores":{"wn":0.5060714285714286}},{"fenStr":"r1b2rk1/p2nbp2/1p2p1p1/6P1/3PN3/3B1N2/PP1K1P2/2R4R","stockfishScores":{"bn":0.5073214285714286}},{"fenStr":"r1bb1rk1/p2n1p2/1p2p1p1/6P1/3PN3/3B1N2/PP1K1P2/2R4R","stockfishScores":{"wn":0.5125}},{"fenStr":"r1bb1rk1/p2n1p2/1p2p1pR/6P1/3PN3/3B1N2/PP1K1P2/2R5","stockfishScores":{"bn":0.5111904761904762}},{"fenStr":"r1bb1r2/p2n1pk1/1p2p1pR/6P1/3PN3/3B1N2/PP1K1P2/2R5","stockfishScores":{"wn":0.5101785714285715}},{"fenStr":"r1bb1r2/p2n1pk1/1p2p1pR/6P1/3PN3/3B1N2/PP1K1P2/7R","stockfishScores":{"bn":0.5210714285714285}},{"fenStr":"r1bb2r1/p2n1pk1/1p2p1pR/6P1/3PN3/3B1N2/PP1K1P2/7R","stockfishScores":{"wn":0.5223214285714286}},{"fenStr":"r1bb2r1/p2n1pk1/1p1Np1pR/6P1/3P4/3B1N2/PP1K1P2/7R","stockfishScores":{"bn":0.5420833333333334}},{"fenStr":"r1bb1nr1/p4pk1/1p1Np1pR/6P1/3P4/3B1N2/PP1K1P2/7R","stockfishScores":{"wn":0.54125}},{"fenStr":"r1bbNnr1/p4pk1/1p2p1pR/6P1/3P4/3B1N2/PP1K1P2/7R","stockfishScores":{"bn":0.5188690476190476}}],"result":{"ww":true}}