{"fens":[{"fenStr":"rnbqkbnr/pppppppp/8/8/4P3/8/PPPP1PPP/RNBQKBNR","stockfishScores":{"bn":0.5049404761904762}},{"fenStr":"rnbqkbnr/pp1ppppp/2p5/8/4P3/8/PPPP1PPP/RNBQKBNR","stockfishScores":{"wn":0.5039880952380953}},{"fenStr":"rnbqkbnr/pp1ppppp/2p5/8/2B1P3/8/PPPP1PPP/RNBQK1NR","stockfishScores":{"bn":0.5044047619047619}},{"fenStr":"rnbqkbnr/pp2pppp/2p5/3p4/2B1P3/8/PPPP1PPP/RNBQK1NR","stockfishScores":{"wn":0.48904761904761906}},{"fenStr":"rnbqkbnr/pp2pppp/2p5/3p4/4P3/1B6/PPPP1PPP/RNBQK1NR","stockfishScores":{"bn":0.49476190476190474}},{"fenStr":"rnbqkbnr/pp2pppp/2p5/8/4p3/1B6/PPPP1PPP/RNBQK1NR","stockfishScores":{"wn":0.4893452380952381}},{"fenStr":"rnbqkbnr/pp2pppp/2p5/7Q/4p3/1B6/PPPP1PPP/RNB1K1NR","stockfishScores":{"bn":0.507797619047619}},{"fenStr":"rnbqkbnr/pp2pp1p/2p3p1/7Q/4p3/1B6/PPPP1PPP/RNB1K1NR","stockfishScores":{"wn":0.4799404761904762}},{"fenStr":"rnbqkbnr/pp2pp1p/2p3p1/8/4p2Q/1B6/PPPP1PPP/RNB1K1NR","stockfishScores":{"bn":0.4880357142857143}},{"fenStr":"rnbqk1nr/pp2ppbp/2p3p1/8/4p2Q/1B6/PPPP1PPP/RNB1K1NR","stockfishScores":{"wn":0.48392857142857143}},{"fenStr":"rnbqk1nr/pp2ppbp/2p3p1/8/4Q3/1B6/PPPP1PPP/RNB1K1NR","stockfishScores":{"bn":0.4938690476190476}},{"fenStr":"rnbqk2r/pp2ppbp/2p2np1/8/4Q3/1B6/PPPP1PPP/RNB1K1NR","stockfishScores":{"wn":0.4880952380952381}},{"fenStr":"rnbqk2r/pp2ppbp/2p2np1/8/8/1B6/PPPPQPPP/RNB1K1NR","stockfishScores":{"bn":0.4899404761904762}},{"fenStr":"rnbq1rk1/pp2ppbp/2p2np1/8/8/1B6/PPPPQPPP/RNB1K1NR","stockfishScores":{"wn":0.47946428571428573}},{"fenStr":"rnbq1rk1/pp2ppbp/2p2np1/8/8/1B3N2/PPPPQPPP/RNB1K2R","stockfishScores":{"bn":0.48428571428571426}},{"fenStr":"rn1q1rk1/pp2ppbp/2p2np1/8/6b1/1B3N2/PPPPQPPP/RNB1K2R","stockfishScores":{"wn":0.48142857142857143}},{"fenStr":"rn1q1rk1/pp2ppbp/2p2np1/8/6b1/1B3N2/PPPPQPPP/RNB2RK1","stockfishScores":{"bn":0.4913095238095238}},{"fenStr":"rn1qr1k1/pp2ppbp/2p2np1/8/6b1/1B3N2/PPPPQPPP/RNB2RK1","stockfishScores":{"wn":0.4926190476190476}},{"fenStr":"rn1qr1k1/pp2pBbp/2p2np1/8/6b1/5N2/PPPPQPPP/RNB2RK1","stockfishScores":{"bn":0.50125}},{"fenStr":"rn1qr3/pp2pkbp/2p2np1/8/6b1/5N2/PPPPQPPP/RNB2RK1","stockfishScores":{"wn":0.49220238095238095}},{"fenStr":"rn1qr3/pp2pkbp/2p2np1/4N3/6b1/8/PPPPQPPP/RNB2RK1","stockfishScores":{"bn":0.48714285714285716}},{"fenStr":"rn1qr1k1/pp2p1bp/2p2np1/4N3/6b1/8/PPPPQPPP/RNB2RK1","stockfishScores":{"wn":0.4856547619047619}},{"fenStr":"rn1qr1k1/pp2p1bp/2p2np1/8/6N1/8/PPPPQPPP/RNB2RK1","stockfishScores":{"bn":0.5058333333333334}},{"fenStr":"rn1qr1k1/pp4bp/2p2np1/4p3/6N1/8/PPPPQPPP/RNB2RK1","stockfishScores":{"wn":0.5072023809523809}},{"fenStr":"rn1qr1k1/pp4bp/2p2np1/4p3/6N1/3P4/PPP1QPPP/RNB2RK1","stockfishScores":{"bn":0.5068452380952381}},{"fenStr":"rn1qr1k1/pp4bp/2p3p1/3np3/6N1/3P4/PPP1QPPP/RNB2RK1","stockfishScores":{"wn":0.5051785714285715}},{"fenStr":"rn1qr1k1/pp4bp/2p3p1/3np3/6N1/2NP4/PPP1QPPP/R1B2RK1","stockfishScores":{"bn":0.5066666666666667}},{"fenStr":"rn1qr1k1/pp4bp/2p3p1/4p3/5nN1/2NP4/PPP1QPPP/R1B2RK1","stockfishScores":{"wn":0.5060119047619047}},{"fenStr":"rn1qr1k1/pp4bp/2p3p1/4p3/5nN1/2NP1Q2/PPP2PPP/R1B2RK1","stockfishScores":{"bn":0.5110119047619047}},{"fenStr":"rn1q1rk1/pp4bp/2p3p1/4p3/5nN1/2NP1Q2/PPP2PPP/R1B2RK1","stockfishScores":{"wn":0.5086904761904761}},{"fenStr":"rn1q1rk1/pp4bp/2p3p1/4p3/4QnN1/2NP4/PPP2PPP/R1B2RK1","stockfishScores":{"bn":0.5172023809523809}},{"fenStr":"rn3rk1/pp4bp/2p3p1/4p1q1/4QnN1/2NP4/PPP2PPP/R1B2RK1","stockfishScores":{"wn":0.5179166666666667}},{"fenStr":"rn3rk1/pp4bp/2p3p1/4p1q1/4QnN1/2NP3P/PPP2PP1/R1B2RK1","stockfishScores":{"bn":0.5204761904761904}},{"fenStr":"rn3rk1/pp4b1/2p3p1/4p1qp/4QnN1/2NP3P/PPP2PP1/R1B2RK1","stockfishScores":{"wn":0.5189285714285714}},{"fenStr":"rn3rk1/pp4b1/2p3p1/4p1qp/2Q2nN1/2NP3P/PPP2PP1/R1B2RK1","stockfishScores":{"bn":0.5080357142857143}},{"fenStr":"rn3r1k/pp4b1/2p3p1/4p1qp/2Q2nN1/2NP3P/PPP2PP1/R1B2RK1","stockfishScores":{"wn":0.5091071428571429}},{"fenStr":"rn3r1k/pp4b1/2p3p1/4p1qp/2Q1NnN1/3P3P/PPP2PP1/R1B2RK1","stockfishScores":{"bn":0.513452380952381}},{"fenStr":"rn3r1k/pp4b1/2p3p1/4p2p/2Q1NnNq/3P3P/PPP2PP1/R1B2RK1","stockfishScores":{"wn":0.5091071428571429}},{"fenStr":"rn3r1k/pp4b1/2p3p1/4p2p/2Q1Nn1q/3PN2P/PPP2PP1/R1B2RK1","stockfishScores":{"bn":0.5094642857142857}},{"fenStr":"rn3r1k/pp4b1/2p3p1/4p2p/2Q1N2q/3PN2P/PPP1nPP1/R1B2RK1","stockfishScores":{"wn":0.5132142857142857}},{"fenStr":"rn3r1k/pp4b1/2p3p1/4p2p/2Q1N2q/3PN2P/PPP1nPPK/R1B2R2","stockfishScores":{"bn":0.4975}},{"fenStr":"rn3r1k/pp6/2p3pb/4p2p/2Q1N2q/3PN2P/PPP1nPPK/R1B2R2","stockfishScores":{"wn":0.4861904761904762}},{"fenStr":"rn3r1k/pp6/2p3pb/4p2p/2Q1N2q/3PN1PP/PPP1nP1K/R1B2R2","stockfishScores":{"bn":0.5049404761904762}},{"fenStr":"rn3r1k/pp2q3/2p3pb/4p2p/2Q1N3/3PN1PP/PPP1nP1K/R1B2R2","stockfishScores":{"wn":0.5058333333333334}},{"fenStr":"rn3r1k/pp2q3/2p3pb/4p2p/2Q1N3/2PPN1PP/PP2nP1K/R1B2R2","stockfishScores":{"bn":0.505}},{"fenStr":"rn3r1k/pp2q3/2p3pb/4p2p/2Q1N3/2PPN1PP/PP3P1K/R1n2R2","stockfishScores":{"wn":0.49178571428571427}},{"fenStr":"rn3r1k/pp2q3/2p3pb/4p2p/2Q1N3/2PPN1PP/PP3P1K/2R2R2","stockfishScores":{"bn":0.5123809523809524}},{"fenStr":"rn3r1k/pp2q3/2p3pb/4p3/2Q1N2p/2PPN1PP/PP3P1K/2R2R2","stockfishScores":{"wn":0.5164285714285715}},{"fenStr":"rn3r1k/pp2q3/2p3pb/4p3/2Q1N2p/2PPN1PP/PP3P1K/4RR2","stockfishScores":{"bn":0.5160119047619047}},{"fenStr":"rn5k/pp2q3/2p3pb/4p3/2Q1N2p/2PPNrPP/PP3P1K/4RR2","stockfishScores":{"wn":0.5173809523809524}},{"fenStr":"rn5k/pp2q3/2p3pb/4p3/2Q1N1Np/2PP1rPP/PP3P1K/4RR2","stockfishScores":{"bn":0.5252976190476191}},{"fenStr":"rn5k/pp2q1b1/2p3p1/4p3/2Q1N1Np/2PP1rPP/PP3P1K/4RR2","stockfishScores":{"wn":0.520952380952381}},{"fenStr":"rn5k/pp2q1b1/2p3p1/4p3/2Q3Np/2PP1rPP/PP1N1P1K/4RR2","stockfishScores":{"bn":0.5226785714285714}},{"fenStr":"rn5k/pp2q1b1/2p3p1/4pr2/2Q3Np/2PP2PP/PP1N1P1K/4RR2","stockfishScores":{"wn":0.5194047619047619}},{"fenStr":"rn5k/pp2q1b1/2p3p1/4pr2/2QP2Np/2P3PP/PP1N1P1K/4RR2","stockfishScores":{"bn":0.5199404761904762}},{"fenStr":"rn1q3k/pp4b1/2p3p1/4pr2/2QP2Np/2P3PP/PP1N1P1K/4RR2","stockfishScores":{"wn":0.5172023809523809}},{"fenStr":"rn1q3k/pp4b1/2p1Q1p1/4pr2/3P2Np/2P3PP/PP1N1P1K/4RR2","stockfishScores":{"bn":0.519702380952381}},{"fenStr":"rn1q3k/pp4b1/2p1Q1p1/5r2/3p2Np/2P3PP/PP1N1P1K/4RR2","stockfishScores":{"wn":0.5167261904761905}},{"fenStr":"rn1q3k/pp4b1/2p3Q1/5r2/3p2Np/2P3PP/PP1N1P1K/4RR2","stockfishScores":{"bn":0.53}},{"fenStr":"rn1q3k/pp4b1/2p3Q1/5r2/3p2N1/2P3pP/PP1N1P1K/4RR2","stockfishScores":{"wn":0.518154761904762}},{"fenStr":"rn1q3k/pp4b1/2p3Q1/5r2/3p2N1/2P3PP/PP1N3K/4RR2","stockfishScores":{"bn":0.5330357142857143}},{"fenStr":"rn1q1r1k/pp4b1/2p3Q1/8/3p2N1/2P3PP/PP1N3K/4RR2","stockfishScores":{"wn":0.5439285714285714}},{"fenStr":"rn1q1R1k/pp4b1/2p3Q1/8/3p2N1/2P3PP/PP1N3K/4R3","stockfishScores":{"bn":0.5461309523809523}},{"fenStr":"rn1q1b1k/pp6/2p3Q1/8/3p2N1/2P3PP/PP1N3K/4R3","stockfishScores":{"wn":0.5404761904761904}},{"fenStr":"rn1q1b1k/pp6/2p2NQ1/8/3p4/2P3PP/PP1N3K/4R3","stockfishScores":{"bn":0.5430952380952381}},{"fenStr":"rn3b1k/ppq5/2p2NQ1/8/3p4/2P3PP/PP1N3K/4R3","stockfishScores":{"wn":0.5416666666666666}},{"fenStr":"rn3bQk/ppq5/2p2N2/8/3p4/2P3PP/PP1N3K/4R3","stockfishScores":{"bn":0.5286904761904762}}],"result":{"ww":true}}