{"fens":[{"fenStr":"rnbqkbnr/pppppppp/8/8/3P4/8/PPP1PPPP/RNBQKBNR","stockfishScores":{"bn":0.5048809523809524}},{"fenStr":"rnbqkb1r/pppppppp/5n2/8/3P4/8/PPP1PPPP/RNBQKBNR","stockfishScores":{"wn":0.5016071428571428}},{"fenStr":"rnbqkb1r/pppppppp/5n2/8/2PP4/8/PP2PPPP/RNBQKBNR","stockfishScores":{"bn":0.5041071428571429}},{"fenStr":"rnbqkb1r/pppppp1p/5np1/8/2PP4/8/PP2PPPP/RNBQKBNR","stockfishScores":{"wn":0.5035119047619048}},{"fenStr":"rnbqkb1r/pppppp1p/5np1/8/2PP4/2N5/PP2PPPP/R1BQKBNR","stockfishScores":{"bn":0.5066666666666667}},{"fenStr":"rnbqk2r/ppppppbp/5np1/8/2PP4/2N5/PP2PPPP/R1BQKBNR","stockfishScores":{"wn":0.5055357142857143}},{"fenStr":"rnbqk2r/ppppppbp/5np1/8/2PPP3/2N5/PP3PPP/R1BQKBNR","stockfishScores":{"bn":0.510297619047619}},{"fenStr":"rnbq1rk1/ppppppbp/5np1/8/2PPP3/2N5/PP3PPP/R1BQKBNR","stockfishScores":{"wn":0.5016666666666667}},{"fenStr":"rnbq1rk1/ppppppbp/5np1/8/2PPP3/2N2P2/PP4PP/R1BQKBNR","stockfishScores":{"bn":0.5005952380952381}},{"fenStr":"rnbq1rk1/ppp1ppbp/3p1np1/8/2PPP3/2N2P2/PP4PP/R1BQKBNR","stockfishScores":{"wn":0.4951785714285714}},{"fenStr":"rnbq1rk1/ppp1ppbp/3p1np1/8/2PPP3/2N1BP2/PP4PP/R2QKBNR","stockfishScores":{"bn":0.49583333333333335}},{"fenStr":"rnbq1rk1/pppnppbp/3p2p1/8/2PPP3/2N1BP2/PP4PP/R2QKBNR","stockfishScores":{"wn":0.4961904761904762}},{"fenStr":"rnbq1rk1/pppnppbp/3p2p1/8/2PPP3/2N1BP2/PP1Q2PP/R3KBNR","stockfishScores":{"bn":0.49535714285714283}},{"fenStr":"rnbq1rk1/pp1nppbp/3p2p1/2p5/2PPP3/2N1BP2/PP1Q2PP/R3KBNR","stockfishScores":{"wn":0.4932142857142857}},{"fenStr":"rnbq1rk1/pp1nppbp/3p2p1/2pP4/2P1P3/2N1BP2/PP1Q2PP/R3KBNR","stockfishScores":{"bn":0.49047619047619045}},{"fenStr":"rnbq1rk1/1p1nppbp/p2p2p1/2pP4/2P1P3/2N1BP2/PP1Q2PP/R3KBNR","stockfishScores":{"wn":0.49202380952380953}},{"fenStr":"rnbq1rk1/1p1nppbp/p2p2p1/2pP4/P1P1P3/2N1BP2/1P1Q2PP/R3KBNR","stockfishScores":{"bn":0.49107142857142855}},{"fenStr":"rnbq1rk1/1p2ppbp/p2p2p1/2pPn3/P1P1P3/2N1BP2/1P1Q2PP/R3KBNR","stockfishScores":{"wn":0.4928571428571429}},{"fenStr":"rnbq1rk1/1p2ppbp/p2p2p1/2pPn3/P1P1P3/2N1BP1P/1P1Q2P1/R3KBNR","stockfishScores":{"bn":0.4920833333333333}},{"fenStr":"rnbq1rk1/1p2p1bp/p2p2p1/2pPnp2/P1P1P3/2N1BP1P/1P1Q2P1/R3KBNR","stockfishScores":{"wn":0.4932142857142857}},{"fenStr":"rnbq1rk1/1p2p1bp/p2p2p1/2pPnP2/P1P5/2N1BP1P/1P1Q2P1/R3KBNR","stockfishScores":{"bn":0.49857142857142855}},{"fenStr":"rn1q1rk1/1p2p1bp/p2p2p1/2pPnb2/P1P5/2N1BP1P/1P1Q2P1/R3KBNR","stockfishScores":{"wn":0.4903571428571429}},{"fenStr":"rn1q1rk1/1p2p1bp/p2p2p1/2pPnb2/P1P3P1/2N1BP1P/1P1Q4/R3KBNR","stockfishScores":{"bn":0.49107142857142855}},{"fenStr":"rnbq1rk1/1p2p1bp/p2p2p1/2pPn3/P1P3P1/2N1BP1P/1P1Q4/R3KBNR","stockfishScores":{"wn":0.49089285714285713}},{"fenStr":"rnbq1rk1/1p2p1bp/p2p2p1/2pPn3/P1P2PP1/2N1B2P/1P1Q4/R3KBNR","stockfishScores":{"bn":0.49720238095238095}},{"fenStr":"rnbq1rk1/1p2pnbp/p2p2p1/2pP4/P1P2PP1/2N1B2P/1P1Q4/R3KBNR","stockfishScores":{"wn":0.49666666666666665}},{"fenStr":"rnbq1rk1/1p2pnbp/p2p2p1/2pP4/P1P2PP1/2N1BN1P/1P1Q4/R3KB1R","stockfishScores":{"bn":0.50125}},{"fenStr":"rnbq1rk1/1p3nbp/p2p2p1/2pPp3/P1P2PP1/2N1BN1P/1P1Q4/R3KB1R","stockfishScores":{"wn":0.50375}},{"fenStr":"rnbq1rk1/1p3nbp/p2pP1p1/2p5/P1P2PP1/2N1BN1P/1P1Q4/R3KB1R","stockfishScores":{"bn":0.5085714285714286}},{"fenStr":"rn1q1rk1/1p3nbp/p2pb1p1/2p5/P1P2PP1/2N1BN1P/1P1Q4/R3KB1R","stockfishScores":{"wn":0.49529761904761904}},{"fenStr":"rn1q1rk1/1p3nbp/p2pb1p1/2p5/P1P2PP1/2NBBN1P/1P1Q4/R3K2R","stockfishScores":{"bn":0.49589285714285714}},{"fenStr":"r2q1rk1/1p3nbp/p1npb1p1/2p5/P1P2PP1/2NBBN1P/1P1Q4/R3K2R","stockfishScores":{"wn":0.4914880952380952}},{"fenStr":"r2q1rk1/1p3nbp/p1npb1p1/2p5/P1P2PP1/2NBBN1P/1P1Q4/R4RK1","stockfishScores":{"bn":0.49910714285714286}},{"fenStr":"r4rk1/1p1q1nbp/p1npb1p1/2p5/P1P2PP1/2NBBN1P/1P1Q4/R4RK1","stockfishScores":{"wn":0.5004166666666666}},{"fenStr":"r4rk1/1p1q1nbp/p1npb1p1/2p5/P1P2PP1/2NBBN1P/1P1Q4/3R1RK1","stockfishScores":{"bn":0.4998214285714286}},{"fenStr":"4rrk1/1p1q1nbp/p1npb1p1/2p5/P1P2PP1/2NBBN1P/1P1Q4/3R1RK1","stockfishScores":{"wn":0.4988095238095238}},{"fenStr":"4rrk1/1p1q1nbp/p1npb1p1/2p5/P1P2PP1/2NB1N1P/1P1Q1B2/3R1RK1","stockfishScores":{"bn":0.4981547619047619}},{"fenStr":"4rrk1/1p1q1nbp/p1np2p1/2p5/P1P2Pb1/2NB1N1P/1P1Q1B2/3R1RK1","stockfishScores":{"wn":0.48}},{"fenStr":"4rrk1/1p1q1nbp/p1np2p1/2p5/P1P2PP1/2NB1N2/1P1Q1B2/3R1RK1","stockfishScores":{"bn":0.5161904761904762}},{"fenStr":"4rrk1/1p3nbp/p1np2p1/2p5/P1P2Pq1/2NB1N2/1P1Q1B2/3R1RK1","stockfishScores":{"wn":0.503452380952381}},{"fenStr":"4rrk1/1p3nbp/p1np2p1/2p5/P1P2Pq1/2NB1N2/1P1Q1B1K/3R1R2","stockfishScores":{"bn":0.4895833333333333}},{"fenStr":"4rrk1/1p3nbp/p1np2p1/2p5/P1P2P2/2NB1q2/1P1Q1B1K/3R1R2","stockfishScores":{"wn":0.47523809523809524}},{"fenStr":"4rrk1/1p3nbp/p1np2p1/2p5/P1P2P2/2N2q2/1P1QBB1K/3R1R2","stockfishScores":{"bn":0.4832142857142857}},{"fenStr":"4rrk1/1p4bp/p1np2p1/2p3n1/P1P2P2/2N2q2/1P1QBB1K/3R1R2","stockfishScores":{"wn":0.4698809523809524}},{"fenStr":"4rrk1/1p4bp/p1np2p1/2p3P1/P1P5/2N2q2/1P1QBB1K/3R1R2","stockfishScores":{"bn":0.4942857142857143}},{"fenStr":"4rrk1/1p5p/p1np2p1/2p1b1P1/P1P5/2N2q2/1P1QBB1K/3R1R2","stockfishScores":{"wn":0.48946428571428574}},{"fenStr":"4rrk1/1p5p/p1np2p1/2p1b1P1/P1P5/2N2q2/1P1QBB2/3R1RK1","stockfishScores":{"bn":0.4905952380952381}},{"fenStr":"4rrk1/1p5p/p1np2p1/2p1b1P1/P1P5/2N4q/1P1QBB2/3R1RK1","stockfishScores":{"wn":0.46886904761904763}},{"fenStr":"4rrk1/1p5p/p1np2p1/2pQb1P1/P1P5/2N4q/1P2BB2/3R1RK1","stockfishScores":{"bn":0.47226190476190477}},{"fenStr":"4rr2/1p4kp/p1np2p1/2pQb1P1/P1P5/2N4q/1P2BB2/3R1RK1","stockfishScores":{"wn":0.4732142857142857}},{"fenStr":"4rr2/1p4kp/p1np2p1/2p1b1P1/P1P5/2N4q/1P2BBQ1/3R1RK1","stockfishScores":{"bn":0.5024404761904762}},{"fenStr":"4rr2/1p4kp/p1np2p1/2p1b1P1/P1P5/2N5/1P2BBq1/3R1RK1","stockfishScores":{"wn":0.43892857142857145}},{"fenStr":"4rr2/1p4kp/p1np2p1/2p1b1P1/P1P5/2N5/1P2BBK1/3R1R2","stockfishScores":{"bn":0.5123214285714286}},{"fenStr":"4rr2/1p4kp/p1np2p1/2p3P1/P1P5/2b5/1P2BBK1/3R1R2","stockfishScores":{"wn":0.4864880952380952}},{"fenStr":"4rr2/1p4kp/p1np2p1/2p3P1/P1P5/2P5/4BBK1/3R1R2","stockfishScores":{"bn":0.51125}},{"fenStr":"5r2/1p4kp/p1np2p1/2p3P1/P1P5/2P5/4rBK1/3R1R2","stockfishScores":{"wn":0.4808928571428571}},{"fenStr":"5r2/1p4kp/p1nR2p1/2p3P1/P1P5/2P5/4rBK1/5R2","stockfishScores":{"bn":0.4855952380952381}},{"fenStr":"5r2/1p4kp/p2R2p1/2p1n1P1/P1P5/2P5/4rBK1/5R2","stockfishScores":{"wn":0.4822619047619048}},{"fenStr":"5r2/1p4kp/p3R1p1/2p1n1P1/P1P5/2P5/4rBK1/5R2","stockfishScores":{"bn":0.4832738095238095}},{"fenStr":"8/1p4kp/p3R1p1/2p1nrP1/P1P5/2P5/4rBK1/5R2","stockfishScores":{"wn":0.477797619047619}},{"fenStr":"8/1p4kp/p3R1p1/2p1nrP1/P1P5/2P4K/4rB2/5R2","stockfishScores":{"bn":0.4819047619047619}},{"fenStr":"8/1p3k1p/p3R1p1/2p1nrP1/P1P5/2P4K/4rB2/5R2","stockfishScores":{"wn":0.47970238095238094}},{"fenStr":"8/1p3k1p/p4Rp1/2p1nrP1/P1P5/2P4K/4rB2/5R2","stockfishScores":{"bn":0.48023809523809524}},{"fenStr":"8/1p3k1p/p4rp1/2p1n1P1/P1P5/2P4K/4rB2/5R2","stockfishScores":{"wn":0.4531547619047619}},{"fenStr":"8/1p3k1p/p4Pp1/2p1n3/P1P5/2P4K/4rB2/5R2","stockfishScores":{"bn":0.4776190476190476}},{"fenStr":"8/1p3k1p/p4Pp1/2p1n3/P1P5/2P4K/2r2B2/5R2","stockfishScores":{"wn":0.475}},{"fenStr":"8/1p3k1p/p4Pp1/2B1n3/P1P5/2P4K/2r5/5R2","stockfishScores":{"bn":0.4816666666666667}},{"fenStr":"8/1p3k1p/p4Pp1/2B1n3/P1P5/2r4K/8/5R2","stockfishScores":{"wn":0.48095238095238096}},{"fenStr":"8/1p3k1p/p4Pp1/2B1n3/P1P5/2r5/6K1/5R2","stockfishScores":{"bn":0.48101190476190475}},{"fenStr":"8/1p3k1p/p4Pp1/2B1n3/P1r5/8/6K1/5R2","stockfishScores":{"wn":0.47696428571428573}},{"fenStr":"8/1p3k1p/p2B1Pp1/4n3/P1r5/8/6K1/5R2","stockfishScores":{"bn":0.48119047619047617}},{"fenStr":"8/1p1n1k1p/p2B1Pp1/8/P1r5/8/6K1/5R2","stockfishScores":{"wn":0.4794047619047619}},{"fenStr":"8/1p1n1k1p/p2B1Pp1/8/P1r5/8/6K1/1R6","stockfishScores":{"bn":0.47910714285714284}},{"fenStr":"8/3n1k1p/pp1B1Pp1/8/P1r5/8/6K1/1R6","stockfishScores":{"wn":0.4781547619047619}},{"fenStr":"8/3n1k1p/pp1B1Pp1/P7/2r5/8/6K1/1R6","stockfishScores":{"bn":0.47785714285714287}},{"fenStr":"8/3n1k1p/pprB1Pp1/P7/8/8/6K1/1R6","stockfishScores":{"wn":0.47636904761904764}},{"fenStr":"8/3n1k1p/ppr2Pp1/P7/8/B7/6K1/1R6","stockfishScores":{"bn":0.4751190476190476}},{"fenStr":"8/3n1k1p/pp3rp1/P7/8/B7/6K1/1R6","stockfishScores":{"wn":0.47678571428571426}},{"fenStr":"8/3n1k1p/pp3rp1/P7/8/B7/6K1/3R4","stockfishScores":{"bn":0.4789285714285714}},{"fenStr":"8/3n3p/pp2krp1/P7/8/B7/6K1/3R4","stockfishScores":{"wn":0.48375}},{"fenStr":"8/3n3p/pp2krp1/P7/8/B7/6K1/4R3","stockfishScores":{"bn":0.4791666666666667}},{"fenStr":"8/3n3p/pp3rp1/P2k4/8/B7/6K1/4R3","stockfishScores":{"wn":0.47827380952380955}},{"fenStr":"8/3nR2p/pp3rp1/P2k4/8/B7/6K1/8","stockfishScores":{"bn":0.4820238095238095}},{"fenStr":"8/3nR2p/ppk2rp1/P7/8/B7/6K1/8","stockfishScores":{"wn":0.4781547619047619}},{"fenStr":"8/3nR2p/pPk2rp1/8/8/B7/6K1/8","stockfishScores":{"bn":0.48529761904761903}},{"fenStr":"8/4R2p/pnk2rp1/8/8/B7/6K1/8","stockfishScores":{"wn":0.48642857142857143}},{"fenStr":"8/7R/pnk2rp1/8/8/B7/6K1/8","stockfishScores":{"bn":0.4919047619047619}},{"fenStr":"8/7R/p1k2rp1/8/2n5/B7/6K1/8","stockfishScores":{"wn":0.49029761904761904}},{"fenStr":"8/4B2R/p1k2rp1/8/2n5/8/6K1/8","stockfishScores":{"bn":0.49404761904761907}},{"fenStr":"8/4B2R/p1k1r1p1/8/2n5/8/6K1/8","stockfishScores":{"wn":0.4901785714285714}},{"fenStr":"8/4B2R/p1k1r1p1/8/2n5/6K1/8/8","stockfishScores":{"bn":0.4898214285714286}},{"fenStr":"8/4B2R/2k1r1p1/p7/2n5/6K1/8/8","stockfishScores":{"wn":0.4882738095238095}},{"fenStr":"8/4B2R/2k1r1p1/p7/2n3K1/8/8/8","stockfishScores":{"bn":0.4855952380952381}},{"fenStr":"8/4B2R/2k1r1p1/8/p1n3K1/8/8/8","stockfishScores":{"wn":0.48541666666666666}},{"fenStr":"8/4B2R/2k1r1p1/6K1/p1n5/8/8/8","stockfishScores":{"bn":0.48678571428571427}},{"fenStr":"8/4B2R/2knr1p1/6K1/p7/8/8/8","stockfishScores":{"wn":0.48291666666666666}},{"fenStr":"5B2/7R/2knr1p1/6K1/p7/8/8/8","stockfishScores":{"bn":0.48279761904761903}},{"fenStr":"5B2/7R/2k1r1p1/6K1/p3n3/8/8/8","stockfishScores":{"wn":0.4880952380952381}},{"fenStr":"5B2/7R/2k1r1p1/8/p3n2K/8/8/8","stockfishScores":{"bn":0.48482142857142857}},{"fenStr":"5B2/7R/2k1r3/6p1/p3n2K/8/8/8","stockfishScores":{"wn":0.48654761904761906}},{"fenStr":"5B2/7R/2k1r3/6p1/p3n3/7K/8/8","stockfishScores":{"bn":0.48464285714285715}},{"fenStr":"5B2/7R/2k1r3/8/p3n1p1/7K/8/8","stockfishScores":{"wn":0.4876785714285714}},{"fenStr":"5B2/7R/2k1r3/8/p3n1p1/8/6K1/8","stockfishScores":{"bn":0.48583333333333334}},{"fenStr":"5B2/7R/2k2r2/8/p3n1p1/8/6K1/8","stockfishScores":{"wn":0.48029761904761903}},{"fenStr":"8/4B2R/2k2r2/8/p3n1p1/8/6K1/8","stockfishScores":{"bn":0.48446428571428574}},{"fenStr":"8/4B2R/2k5/8/p3n1p1/8/5rK1/8","stockfishScores":{"wn":0.4856547619047619}},{"fenStr":"8/4B2R/2k5/8/p3n1p1/8/5r2/6K1","stockfishScores":{"bn":0.48136904761904764}},{"fenStr":"8/4B2R/2k5/8/p3n1p1/8/2r5/6K1","stockfishScores":{"wn":0.48}},{"fenStr":"8/4B3/2k5/8/p3n1pR/8/2r5/6K1","stockfishScores":{"bn":0.47970238095238094}},{"fenStr":"8/4B3/2k5/8/p5pR/8/2rn4/6K1","stockfishScores":{"wn":0.48392857142857143}},{"fenStr":"8/4B3/2k4R/8/p5p1/8/2rn4/6K1","stockfishScores":{"bn":0.48410714285714285}},{"fenStr":"8/3kB3/7R/8/p5p1/8/2rn4/6K1","stockfishScores":{"wn":0.48696428571428574}},{"fenStr":"8/3kB2R/8/8/p5p1/8/2rn4/6K1","stockfishScores":{"bn":0.4843452380952381}},{"fenStr":"8/4B2R/4k3/8/p5p1/8/2rn4/6K1","stockfishScores":{"wn":0.4851190476190476}},{"fenStr":"8/7R/4k3/8/pB4p1/8/2rn4/6K1","stockfishScores":{"bn":0.4882738095238095}},{"fenStr":"8/7R/4k3/8/pB4p1/5n2/2r5/6K1","stockfishScores":{"wn":0.48678571428571427}},{"fenStr":"8/7R/4k3/8/pB4p1/5n2/2r5/5K2","stockfishScores":{"bn":0.4867261904761905}},{"fenStr":"8/7R/4k3/8/pB6/5np1/2r5/5K2","stockfishScores":{"wn":0.48714285714285716}},{"fenStr":"8/6R1/4k3/8/pB6/5np1/2r5/5K2","stockfishScores":{"bn":0.4869047619047619}},{"fenStr":"8/6R1/4k3/8/pB6/5np1/5r2/5K2","stockfishScores":{"wn":0.48964285714285716}}],"result":{"bw":true}}