{"fens":[{"fenStr":"rnbqkbnr/pppppppp/8/8/4P3/8/PPPP1PPP/RNBQKBNR","stockfishScores":{"bn":0.5049404761904762}},{"fenStr":"rnbqkbnr/pp1ppppp/8/2p5/4P3/8/PPPP1PPP/RNBQKBNR","stockfishScores":{"wn":0.5038095238095238}},{"fenStr":"rnbqkbnr/pp1ppppp/8/2p5/4P3/5N2/PPPP1PPP/RNBQKB1R","stockfishScores":{"bn":0.5058928571428571}},{"fenStr":"r1bqkbnr/pp1ppppp/2n5/2p5/4P3/5N2/PPPP1PPP/RNBQKB1R","stockfishScores":{"wn":0.5025}},{"fenStr":"r1bqkbnr/pp1ppppp/2n5/1Bp5/4P3/5N2/PPPP1PPP/RNBQK2R","stockfishScores":{"bn":0.5023809523809524}},{"fenStr":"r1bqkbnr/pp1ppp1p/2n3p1/1Bp5/4P3/5N2/PPPP1PPP/RNBQK2R","stockfishScores":{"wn":0.5014285714285714}},{"fenStr":"r1bqkbnr/pp1ppp1p/2B3p1/2p5/4P3/5N2/PPPP1PPP/RNBQK2R","stockfishScores":{"bn":0.5225}},{"fenStr":"r1bqkbnr/pp2pp1p/2p3p1/2p5/4P3/5N2/PPPP1PPP/RNBQK2R","stockfishScores":{"wn":0.49714285714285716}},{"fenStr":"r1bqkbnr/pp2pp1p/2p3p1/2p5/4P3/5N1P/PPPP1PP1/RNBQK2R","stockfishScores":{"bn":0.4988095238095238}},{"fenStr":"r1bqk1nr/pp2ppbp/2p3p1/2p5/4P3/5N1P/PPPP1PP1/RNBQK2R","stockfishScores":{"wn":0.49666666666666665}},{"fenStr":"r1bqk1nr/pp2ppbp/2p3p1/2p5/4P3/3P1N1P/PPP2PP1/RNBQK2R","stockfishScores":{"bn":0.49785714285714283}},{"fenStr":"r1bqk2r/pp2ppbp/2p2np1/2p5/4P3/3P1N1P/PPP2PP1/RNBQK2R","stockfishScores":{"wn":0.4974404761904762}},{"fenStr":"r1bqk2r/pp2ppbp/2p2np1/2p5/4P3/3P1N1P/PPP2PP1/RNBQ1RK1","stockfishScores":{"bn":0.5105357142857143}},{"fenStr":"r1bqk2r/pp1nppbp/2p3p1/2p5/4P3/3P1N1P/PPP2PP1/RNBQ1RK1","stockfishScores":{"wn":0.5099404761904762}},{"fenStr":"r1bqk2r/pp1nppbp/2p3p1/2p5/4P3/2NP1N1P/PPP2PP1/R1BQ1RK1","stockfishScores":{"bn":0.5103571428571428}},{"fenStr":"r1bqk2r/pp1n1pbp/2p3p1/2p1p3/4P3/2NP1N1P/PPP2PP1/R1BQ1RK1","stockfishScores":{"wn":0.5153571428571428}},{"fenStr":"r1bqk2r/pp1n1pbp/2p3p1/2p1p3/4P3/P1NP1N1P/1PP2PP1/R1BQ1RK1","stockfishScores":{"bn":0.5146428571428572}},{"fenStr":"r1b1k2r/pp1nqpbp/2p3p1/2p1p3/4P3/P1NP1N1P/1PP2PP1/R1BQ1RK1","stockfishScores":{"wn":0.5155952380952381}},{"fenStr":"r1b1k2r/pp1nqpbp/2p3p1/2p1p3/4P3/P1NP1N1P/1PPB1PP1/R2Q1RK1","stockfishScores":{"bn":0.5163690476190477}},{"fenStr":"r1b2rk1/pp1nqpbp/2p3p1/2p1p3/4P3/P1NP1N1P/1PPB1PP1/R2Q1RK1","stockfishScores":{"wn":0.5069642857142858}},{"fenStr":"r1b2rk1/pp1nqpbp/2p3p1/2p1p3/4P3/P1NP1N1P/1PPB1PP1/R2QR1K1","stockfishScores":{"bn":0.5063690476190477}},{"fenStr":"r1b2rk1/1p1nqpbp/2p3p1/p1p1p3/4P3/P1NP1N1P/1PPB1PP1/R2QR1K1","stockfishScores":{"wn":0.5077380952380952}},{"fenStr":"r1b2rk1/1p1nqpbp/2p3p1/p1p1p3/4P3/P1NP1N1P/1PPB1PP1/R1Q1R1K1","stockfishScores":{"bn":0.5059523809523809}},{"fenStr":"r1br2k1/1p1nqpbp/2p3p1/p1p1p3/4P3/P1NP1N1P/1PPB1PP1/R1Q1R1K1","stockfishScores":{"wn":0.5061904761904762}},{"fenStr":"r1br2k1/1p1nqpbp/2p3p1/p1p1p3/4P3/PPNP1N1P/2PB1PP1/R1Q1R1K1","stockfishScores":{"bn":0.505}},{"fenStr":"r1br2k1/3nqpbp/1pp3p1/p1p1p3/4P3/PPNP1N1P/2PB1PP1/R1Q1R1K1","stockfishScores":{"wn":0.5038690476190476}},{"fenStr":"r1br2k1/3nqpbp/1pp3p1/p1p1p3/4P3/PP1P1N1P/2PBNPP1/R1Q1R1K1","stockfishScores":{"bn":0.5022619047619048}},{"fenStr":"r1br1nk1/4qpbp/1pp3p1/p1p1p3/4P3/PP1P1N1P/2PBNPP1/R1Q1R1K1","stockfishScores":{"wn":0.5039880952380953}},{"fenStr":"r1br1nk1/4qpbp/1pp3pB/p1p1p3/4P3/PP1P1N1P/2P1NPP1/R1Q1R1K1","stockfishScores":{"bn":0.5016666666666667}},{"fenStr":"r1br1nk1/4qp1p/1pp3pb/p1p1p3/4P3/PP1P1N1P/2P1NPP1/R1Q1R1K1","stockfishScores":{"wn":0.47285714285714286}},{"fenStr":"r1br1nk1/4qp1p/1pp3pQ/p1p1p3/4P3/PP1P1N1P/2P1NPP1/R3R1K1","stockfishScores":{"bn":0.5056547619047619}},{"fenStr":"r1br1nk1/4qp1p/1pp3pQ/2p1p3/p3P3/PP1P1N1P/2P1NPP1/R3R1K1","stockfishScores":{"wn":0.5077380952380952}},{"fenStr":"r1br1nk1/4qp1p/1pp3pQ/2p1p3/P3P3/P2P1N1P/2P1NPP1/R3R1K1","stockfishScores":{"bn":0.5059523809523809}},{"fenStr":"2br1nk1/4qp1p/1pp3pQ/2p1p3/r3P3/P2P1N1P/2P1NPP1/R3R1K1","stockfishScores":{"wn":0.5035714285714286}},{"fenStr":"2br1nk1/4qp1p/1pp3pQ/2p1p3/r3P3/P1NP1N1P/2P2PP1/R3R1K1","stockfishScores":{"bn":0.5077380952380952}},{"fenStr":"2br1nk1/4qp1p/rpp3pQ/2p1p3/4P3/P1NP1N1P/2P2PP1/R3R1K1","stockfishScores":{"wn":0.5045833333333334}},{"fenStr":"2br1nk1/4qp1p/rpp3pQ/2p1p3/P3P3/2NP1N1P/2P2PP1/R3R1K1","stockfishScores":{"bn":0.5048809523809524}},{"fenStr":"2br2k1/4qp1p/rpp1n1pQ/2p1p3/P3P3/2NP1N1P/2P2PP1/R3R1K1","stockfishScores":{"wn":0.5033333333333333}},{"fenStr":"2br2k1/4qp1p/rpp1n1pQ/2p1p3/P3P3/3P1N1P/2P1NPP1/R3R1K1","stockfishScores":{"bn":0.5014880952380952}},{"fenStr":"2br2k1/4q2p/rpp1nppQ/2p1p3/P3P3/3P1N1P/2P1NPP1/R3R1K1","stockfishScores":{"wn":0.49952380952380954}},{"fenStr":"2br2k1/4q2p/rpp1npp1/2p1p3/P3P3/3P1N1P/2P1NPP1/R1Q1R1K1","stockfishScores":{"bn":0.4975595238095238}},{"fenStr":"2br2k1/4q2p/rpp1npp1/4p3/P1p1P3/3P1N1P/2P1NPP1/R1Q1R1K1","stockfishScores":{"wn":0.5005952380952381}},{"fenStr":"2br2k1/4q2p/rpp1npp1/4p3/P1p1P3/3P1N1P/2P1NPP1/RQ2R1K1","stockfishScores":{"bn":0.49839285714285714}},{"fenStr":"2br2k1/4q2p/rpp2pp1/2n1p3/P1p1P3/3P1N1P/2P1NPP1/RQ2R1K1","stockfishScores":{"wn":0.4998214285714286}},{"fenStr":"2br2k1/4q2p/rpp2pp1/2n1p3/P1pPP3/5N1P/2P1NPP1/RQ2R1K1","stockfishScores":{"bn":0.4994047619047619}},{"fenStr":"2br2k1/4q2p/rpp2pp1/4p3/n1pPP3/5N1P/2P1NPP1/RQ2R1K1","stockfishScores":{"wn":0.498452380952381}},{"fenStr":"2br2k1/4q2p/rpp2pp1/4p3/n1pPP3/5N1P/R1P1NPP1/1Q2R1K1","stockfishScores":{"bn":0.4969047619047619}},{"fenStr":"2br2k1/4q2p/rpp2pp1/8/n1ppP3/5N1P/R1P1NPP1/1Q2R1K1","stockfishScores":{"wn":0.4853571428571429}},{"fenStr":"2br2k1/4q2p/rpp2pp1/8/n1ppP3/5N1P/R1P1NPP1/Q3R1K1","stockfishScores":{"bn":0.4851785714285714}},{"fenStr":"2br2k1/4q2p/rpp2pp1/8/n1p1P3/3p1N1P/R1P1NPP1/Q3R1K1","stockfishScores":{"wn":0.47773809523809524}},{"fenStr":"2br2k1/4q2p/rpp2pp1/8/R1p1P3/3p1N1P/2P1NPP1/Q3R1K1","stockfishScores":{"bn":0.49773809523809526}},{"fenStr":"2br2k1/4q2p/1pp2pp1/8/r1p1P3/3p1N1P/2P1NPP1/Q3R1K1","stockfishScores":{"wn":0.45976190476190476}},{"fenStr":"2br2k1/4q2p/1pp2pp1/8/Q1p1P3/3p1N1P/2P1NPP1/4R1K1","stockfishScores":{"bn":0.50125}},{"fenStr":"2br2k1/4q2p/2p2pp1/1p6/Q1p1P3/3p1N1P/2P1NPP1/4R1K1","stockfishScores":{"wn":0.49464285714285716}},{"fenStr":"2br2k1/4q2p/2p2pp1/1p6/2p1P3/3p1N1P/2P1NPP1/Q3R1K1","stockfishScores":{"bn":0.49839285714285714}},{"fenStr":"2br2k1/4q2p/2p2pp1/1p6/2p1P3/5N1P/2P1pPP1/Q3R1K1","stockfishScores":{"wn":0.48017857142857145}},{"fenStr":"2br2k1/4q2p/2p2pp1/1p6/2p1P3/5N1P/2P1RPP1/Q5K1","stockfishScores":{"bn":0.4930952380952381}},{"fenStr":"2br2k1/4q2p/5pp1/1pp5/2p1P3/5N1P/2P1RPP1/Q5K1","stockfishScores":{"wn":0.4944047619047619}},{"fenStr":"2br2k1/4q2p/5pp1/1pp5/2p1P3/5N1P/2P2PP1/Q3R1K1","stockfishScores":{"bn":0.4944642857142857}},{"fenStr":"2br2k1/4q2p/5pp1/2p5/1pp1P3/5N1P/2P2PP1/Q3R1K1","stockfishScores":{"wn":0.4928571428571429}},{"fenStr":"2br2k1/4q2p/5pp1/2p1P3/1pp5/5N1P/2P2PP1/Q3R1K1","stockfishScores":{"bn":0.4926190476190476}},{"fenStr":"2br2k1/4q2p/6p1/2p1Pp2/1pp5/5N1P/2P2PP1/Q3R1K1","stockfishScores":{"wn":0.49523809523809526}},{"fenStr":"2br2k1/4q2p/6p1/2p1Pp2/1pp4P/5N2/2P2PP1/Q3R1K1","stockfishScores":{"bn":0.49392857142857144}},{"fenStr":"3r2k1/1b2q2p/6p1/2p1Pp2/1pp4P/5N2/2P2PP1/Q3R1K1","stockfishScores":{"wn":0.49083333333333334}},{"fenStr":"3r2k1/1b2q2p/6p1/2p1PpN1/1pp4P/8/2P2PP1/Q3R1K1","stockfishScores":{"bn":0.4895833333333333}},{"fenStr":"3r2k1/1b2q3/6pp/2p1PpN1/1pp4P/8/2P2PP1/Q3R1K1","stockfishScores":{"wn":0.4876785714285714}},{"fenStr":"3r2k1/1b2q3/6pp/2p1Pp2/1pp4P/7N/2P2PP1/Q3R1K1","stockfishScores":{"bn":0.48446428571428574}},{"fenStr":"3r2k1/1b6/6pp/2p1Pp2/1pp4q/7N/2P2PP1/Q3R1K1","stockfishScores":{"wn":0.48160714285714284}},{"fenStr":"3r2k1/Qb6/6pp/2p1Pp2/1pp4q/7N/2P2PP1/4R1K1","stockfishScores":{"bn":0.4835714285714286}},{"fenStr":"3r2k1/Qb2q3/6pp/2p1Pp2/1pp5/7N/2P2PP1/4R1K1","stockfishScores":{"wn":0.4791666666666667}},{"fenStr":"3r2k1/1b2q3/1Q4pp/2p1Pp2/1pp5/7N/2P2PP1/4R1K1","stockfishScores":{"bn":0.4864880952380952}},{"fenStr":"6k1/1b2q3/1Q4pp/2p1Pp2/1ppr4/7N/2P2PP1/4R1K1","stockfishScores":{"wn":0.48720238095238094}},{"fenStr":"6k1/1b2q3/1Q4pp/2p1Pp2/1ppr4/5P1N/2P3P1/4R1K1","stockfishScores":{"bn":0.4894047619047619}},{"fenStr":"8/1b2q2k/1Q4pp/2p1Pp2/1ppr4/5P1N/2P3P1/4R1K1","stockfishScores":{"wn":0.4853571428571429}},{"fenStr":"8/1b2q2k/1Q4pp/2p1Pp2/1ppr4/5P1N/2P3P1/R5K1","stockfishScores":{"bn":0.4825595238095238}},{"fenStr":"8/1b2q2k/1Q4pp/2p1Pp2/2pr4/1p3P1N/2P3P1/R5K1","stockfishScores":{"wn":0.4781547619047619}},{"fenStr":"8/1b2q2k/1Q4pp/2p1Pp2/2pr4/1pP2P1N/6P1/R5K1","stockfishScores":{"bn":0.48214285714285715}},{"fenStr":"8/1b1rq2k/1Q4pp/2p1Pp2/2p5/1pP2P1N/6P1/R5K1","stockfishScores":{"wn":0.48136904761904764}},{"fenStr":"8/1b1rq2k/1Q4pp/2p1Pp2/2p2N2/1pP2P2/6P1/R5K1","stockfishScores":{"bn":0.4919642857142857}},{"fenStr":"4q3/1b1r3k/1Q4pp/2p1Pp2/2p2N2/1pP2P2/6P1/R5K1","stockfishScores":{"wn":0.4864880952380952}},{"fenStr":"4q3/Rb1r3k/1Q4pp/2p1Pp2/2p2N2/1pP2P2/6P1/6K1","stockfishScores":{"bn":0.48529761904761903}},{"fenStr":"4q3/Rb1r3k/1Q5p/2p1Ppp1/2p2N2/1pP2P2/6P1/6K1","stockfishScores":{"wn":0.48369047619047617}},{"fenStr":"4q3/Rb1r3k/1Q2N2p/2p1Ppp1/2p5/1pP2P2/6P1/6K1","stockfishScores":{"bn":0.4863095238095238}},{"fenStr":"2b1q3/R2r3k/1Q2N2p/2p1Ppp1/2p5/1pP2P2/6P1/6K1","stockfishScores":{"wn":0.4905357142857143}},{"fenStr":"2b1q3/R2r3k/1Q5p/2N1Ppp1/2p5/1pP2P2/6P1/6K1","stockfishScores":{"bn":0.4963095238095238}},{"fenStr":"2b1q3/r6k/1Q5p/2N1Ppp1/2p5/1pP2P2/6P1/6K1","stockfishScores":{"wn":0.4570238095238095}},{"fenStr":"2b1q3/Q6k/7p/2N1Ppp1/2p5/1pP2P2/6P1/6K1","stockfishScores":{"bn":0.48660714285714285}},{"fenStr":"2b1q3/Q7/6kp/2N1Ppp1/2p5/1pP2P2/6P1/6K1","stockfishScores":{"wn":0.48541666666666666}},{"fenStr":"2b1q3/2Q5/6kp/2N1Ppp1/2p5/1pP2P2/6P1/6K1","stockfishScores":{"bn":0.48601190476190476}},{"fenStr":"2b1q3/2Q5/7p/2N1Pppk/2p5/1pP2P2/6P1/6K1","stockfishScores":{"wn":0.4832738095238095}},{"fenStr":"2b1q3/2Q5/4P2p/2N2ppk/2p5/1pP2P2/6P1/6K1","stockfishScores":{"bn":0.4893452380952381}},{"fenStr":"4q3/2Q5/4b2p/2N2ppk/2p5/1pP2P2/6P1/6K1","stockfishScores":{"wn":0.4772619047619048}},{"fenStr":"4q3/8/4b2p/2N2ppk/2p5/1pP2P2/6PQ/6K1","stockfishScores":{"bn":0.4739285714285714}},{"fenStr":"4q3/8/4b1kp/2N2pp1/2p5/1pP2P2/6PQ/6K1","stockfishScores":{"wn":0.4725595238095238}},{"fenStr":"4q3/8/3Qb1kp/2N2pp1/2p5/1pP2P2/6P1/6K1","stockfishScores":{"bn":0.4782142857142857}},{"fenStr":"4q3/5k2/3Qb2p/2N2pp1/2p5/1pP2P2/6P1/6K1","stockfishScores":{"wn":0.4813095238095238}},{"fenStr":"4q3/1N3k2/3Qb2p/5pp1/2p5/1pP2P2/6P1/6K1","stockfishScores":{"bn":0.47791666666666666}},{"fenStr":"8/1N1q1k2/3Qb2p/5pp1/2p5/1pP2P2/6P1/6K1","stockfishScores":{"wn":0.4719047619047619}},{"fenStr":"8/1N1q1k2/1Q2b2p/5pp1/2p5/1pP2P2/6P1/6K1","stockfishScores":{"bn":0.4791666666666667}},{"fenStr":"8/1N3k2/1Q2b2p/3q1pp1/2p5/1pP2P2/6P1/6K1","stockfishScores":{"wn":0.48196428571428573}},{"fenStr":"3N4/5k2/1Q2b2p/3q1pp1/2p5/1pP2P2/6P1/6K1","stockfishScores":{"bn":0.48083333333333333}},{"fenStr":"3N4/8/1Q2bk1p/3q1pp1/2p5/1pP2P2/6P1/6K1","stockfishScores":{"wn":0.4814880952380952}},{"fenStr":"8/1N6/1Q2bk1p/3q1pp1/2p5/1pP2P2/6P1/6K1","stockfishScores":{"bn":0.4755357142857143}},{"fenStr":"8/1N6/1Q2bk1p/3q1p2/2p3p1/1pP2P2/6P1/6K1","stockfishScores":{"wn":0.4760714285714286}},{"fenStr":"8/1N6/1Q2bk1p/3q1p2/2p3P1/1pP5/6P1/6K1","stockfishScores":{"bn":0.47898809523809527}},{"fenStr":"8/1N6/1Q2bk1p/3q4/2p3p1/1pP5/6P1/6K1","stockfishScores":{"wn":0.4776190476190476}},{"fenStr":"8/1N6/1Q2bk1p/3q4/2p3p1/1pP5/5KP1/8","stockfishScores":{"bn":0.4763095238095238}},{"fenStr":"8/1N6/1Q2bk1p/8/2p3p1/1pP5/3q1KP1/8","stockfishScores":{"wn":0.4750595238095238}},{"fenStr":"8/1N6/1Q2bk1p/8/2p3p1/1pP3K1/3q2P1/8","stockfishScores":{"bn":0.47410714285714284}},{"fenStr":"8/1N6/1Q2bk1p/8/2p3p1/1pP3K1/6P1/4q3","stockfishScores":{"wn":0.4805357142857143}},{"fenStr":"8/1N6/1Q2bk1p/8/2p2Kp1/1pP5/6P1/4q3","stockfishScores":{"bn":0.47482142857142856}},{"fenStr":"8/1N6/1Q2bk1p/4q3/2p2Kp1/1pP5/6P1/8","stockfishScores":{"wn":0.47601190476190475}}],"result":{"bw":true}}