{"fens":[{"fenStr":"rnbqkbnr/pppppppp/8/8/4P3/8/PPPP1PPP/RNBQKBNR","stockfishScores":{"bn":0.5049404761904762}},{"fenStr":"rnbqkbnr/pp1ppppp/2p5/8/4P3/8/PPPP1PPP/RNBQKBNR","stockfishScores":{"wn":0.5039880952380953}},{"fenStr":"rnbqkbnr/pp1ppppp/2p5/8/3PP3/8/PPP2PPP/RNBQKBNR","stockfishScores":{"bn":0.5090476190476191}},{"fenStr":"rnbqkbnr/pp2pppp/2p5/3p4/3PP3/8/PPP2PPP/RNBQKBNR","stockfishScores":{"wn":0.5023214285714286}},{"fenStr":"rnbqkbnr/pp2pppp/2p5/3p4/3PP3/2N5/PPP2PPP/R1BQKBNR","stockfishScores":{"bn":0.5055952380952381}},{"fenStr":"rnbqkbnr/pp2pppp/2p5/8/3Pp3/2N5/PPP2PPP/R1BQKBNR","stockfishScores":{"wn":0.49714285714285716}},{"fenStr":"rnbqkbnr/pp2pppp/2p5/8/3PN3/8/PPP2PPP/R1BQKBNR","stockfishScores":{"bn":0.5049404761904762}},{"fenStr":"rn1qkbnr/pp2pppp/2p5/5b2/3PN3/8/PPP2PPP/R1BQKBNR","stockfishScores":{"wn":0.503452380952381}},{"fenStr":"rn1qkbnr/pp2pppp/2p5/5b2/3P4/6N1/PPP2PPP/R1BQKBNR","stockfishScores":{"bn":0.5043452380952381}},{"fenStr":"rn1qkbnr/pp2pppp/2p3b1/8/3P4/6N1/PPP2PPP/R1BQKBNR","stockfishScores":{"wn":0.5013690476190477}},{"fenStr":"rn1qkbnr/pp2pppp/2p3b1/8/3P3P/6N1/PPP2PP1/R1BQKBNR","stockfishScores":{"bn":0.5064285714285715}},{"fenStr":"rn1qkbnr/pp2ppp1/2p3bp/8/3P3P/6N1/PPP2PP1/R1BQKBNR","stockfishScores":{"wn":0.5060119047619047}},{"fenStr":"rn1qkbnr/pp2ppp1/2p3bp/8/3P3P/6NN/PPP2PP1/R1BQKB1R","stockfishScores":{"bn":0.5055357142857143}},{"fenStr":"rn1qkb1r/pp2ppp1/2p2nbp/8/3P3P/6NN/PPP2PP1/R1BQKB1R","stockfishScores":{"wn":0.4982738095238095}},{"fenStr":"rn1qkb1r/pp2ppp1/2p2nbp/8/3P1N1P/6N1/PPP2PP1/R1BQKB1R","stockfishScores":{"bn":0.5026785714285714}},{"fenStr":"rn1qkb1r/pp2pppb/2p2n1p/8/3P1N1P/6N1/PPP2PP1/R1BQKB1R","stockfishScores":{"wn":0.5026190476190476}},{"fenStr":"rn1qkb1r/pp2pppb/2p2n1p/8/2BP1N1P/6N1/PPP2PP1/R1BQK2R","stockfishScores":{"bn":0.5055952380952381}},{"fenStr":"rn1qkb1r/pp3ppb/2p1pn1p/8/2BP1N1P/6N1/PPP2PP1/R1BQK2R","stockfishScores":{"wn":0.49107142857142855}},{"fenStr":"rn1qkb1r/pp3ppb/2p1pn1p/8/2BP1N1P/6N1/PPP1QPP1/R1B1K2R","stockfishScores":{"bn":0.4901190476190476}},{"fenStr":"r2qkb1r/pp1n1ppb/2p1pn1p/8/2BP1N1P/6N1/PPP1QPP1/R1B1K2R","stockfishScores":{"wn":0.4895833333333333}},{"fenStr":"r2qkb1r/pp1n1ppb/2p1pn1p/8/2BP1N1P/6N1/PPPBQPP1/R3K2R","stockfishScores":{"bn":0.49970238095238095}},{"fenStr":"r2qk2r/pp1n1ppb/2pbpn1p/8/2BP1N1P/6N1/PPPBQPP1/R3K2R","stockfishScores":{"wn":0.4968452380952381}},{"fenStr":"r2qk2r/pp1n1ppb/2pbpn1p/8/2BP1N1P/6N1/PPPBQPP1/2KR3R","stockfishScores":{"bn":0.5036904761904762}},{"fenStr":"r3k2r/ppqn1ppb/2pbpn1p/8/2BP1N1P/6N1/PPPBQPP1/2KR3R","stockfishScores":{"wn":0.505}},{"fenStr":"r3k2r/ppqn1ppb/2pbpn1p/7N/2BP1N1P/8/PPPBQPP1/2KR3R","stockfishScores":{"bn":0.5232142857142857}},{"fenStr":"r4rk1/ppqn1ppb/2pbpn1p/7N/2BP1N1P/8/PPPBQPP1/2KR3R","stockfishScores":{"wn":0.4923214285714286}},{"fenStr":"r4rk1/ppqn1ppb/2pbpn1p/7N/2BP1NPP/8/PPPBQP2/2KR3R","stockfishScores":{"bn":0.4932738095238095}},{"fenStr":"r4rk1/ppqn1ppb/2pbp2p/7n/2BP1NPP/8/PPPBQP2/2KR3R","stockfishScores":{"wn":0.47601190476190475}},{"fenStr":"r4rk1/ppqn1ppb/2pbp2p/7N/2BP2PP/8/PPPBQP2/2KR3R","stockfishScores":{"bn":0.49535714285714283}},{"fenStr":"r4rk1/ppqn1ppb/3bp2p/2p4N/2BP2PP/8/PPPBQP2/2KR3R","stockfishScores":{"wn":0.49714285714285716}},{"fenStr":"r4rk1/ppqn1ppb/3bp2p/2pP3N/2B3PP/8/PPPBQP2/2KR3R","stockfishScores":{"bn":0.49666666666666665}},{"fenStr":"r4rk1/ppqn1ppb/3b3p/2pp3N/2B3PP/8/PPPBQP2/2KR3R","stockfishScores":{"wn":0.4907738095238095}},{"fenStr":"r4rk1/ppqn1ppb/3b3p/2pB3N/6PP/8/PPPBQP2/2KR3R","stockfishScores":{"bn":0.5041666666666667}},{"fenStr":"r4rk1/ppq2ppb/1n1b3p/2pB3N/6PP/8/PPPBQP2/2KR3R","stockfishScores":{"wn":0.5007738095238096}},{"fenStr":"r4rk1/ppq2ppb/1n1b3p/B1pB3N/6PP/8/PPP1QP2/2KR3R","stockfishScores":{"bn":0.4992261904761905}},{"fenStr":"r4rk1/ppq2pp1/1n1b2bp/B1pB3N/6PP/8/PPP1QP2/2KR3R","stockfishScores":{"wn":0.49851190476190477}},{"fenStr":"r4rk1/ppq2pp1/1n1b2bp/B1pB3N/6PP/5Q2/PPP2P2/2KR3R","stockfishScores":{"bn":0.49970238095238095}},{"fenStr":"1r3rk1/ppq2pp1/1n1b2bp/B1pB3N/6PP/5Q2/PPP2P2/2KR3R","stockfishScores":{"wn":0.5004166666666666}},{"fenStr":"1r3rk1/ppq2pp1/1n1b2bp/B1pB2PN/7P/5Q2/PPP2P2/2KR3R","stockfishScores":{"bn":0.5020833333333333}},{"fenStr":"1r3rk1/ppq2pp1/1n1b3p/B1pB2Pb/7P/5Q2/PPP2P2/2KR3R","stockfishScores":{"wn":0.4707142857142857}},{"fenStr":"1r3rk1/ppq2pp1/1n1b3p/B1pB2PQ/7P/8/PPP2P2/2KR3R","stockfishScores":{"bn":0.5009523809523809}},{"fenStr":"1r3rk1/ppq2pp1/1n5p/B1pB2PQ/5b1P/8/PPP2P2/2KR3R","stockfishScores":{"wn":0.5021428571428571}},{"fenStr":"1r3rk1/ppq2pp1/1n5p/B1pB2PQ/5b1P/8/PPP2P2/1K1R3R","stockfishScores":{"bn":0.5045238095238095}},{"fenStr":"1r3rk1/pp3pp1/1n5p/B1pBq1PQ/5b1P/8/PPP2P2/1K1R3R","stockfishScores":{"wn":0.5038690476190476}},{"fenStr":"1r3rk1/pp3pp1/1n5p/B1pBq1PQ/5b1P/8/PPP2P2/1K1RR3","stockfishScores":{"bn":0.5129761904761905}},{"fenStr":"1r3rk1/pp3pp1/1n5p/B1pB1qPQ/5b1P/8/PPP2P2/1K1RR3","stockfishScores":{"wn":0.5057142857142857}},{"fenStr":"1r3rk1/pp3pp1/1n5p/B1p2qPQ/4Bb1P/8/PPP2P2/1K1RR3","stockfishScores":{"bn":0.5142261904761904}},{"fenStr":"1rq2rk1/pp3pp1/1n5p/B1p3PQ/4Bb1P/8/PPP2P2/1K1RR3","stockfishScores":{"wn":0.5108333333333334}},{"fenStr":"1rq2rk1/pp3pp1/1n5p/2p3PQ/4Bb1P/2B5/PPP2P2/1K1RR3","stockfishScores":{"bn":0.5185119047619048}},{"fenStr":"1rqr2k1/pp3pp1/1n5p/2p3PQ/4Bb1P/2B5/PPP2P2/1K1RR3","stockfishScores":{"wn":0.5216071428571428}},{"fenStr":"1rqR2k1/pp3pp1/1n5p/2p3PQ/4Bb1P/2B5/PPP2P2/1K2R3","stockfishScores":{"bn":0.5927976190476191}},{"fenStr":"1r1q2k1/pp3pp1/1n5p/2p3PQ/4Bb1P/2B5/PPP2P2/1K2R3","stockfishScores":{"wn":0.5177380952380952}},{"fenStr":"1r1q2k1/pp3pB1/1n5p/2p3PQ/4Bb1P/8/PPP2P2/1K2R3","stockfishScores":{"bn":0.5364880952380953}},{"fenStr":"1r4k1/pp3pB1/1n1q3p/2p3PQ/4Bb1P/8/PPP2P2/1K2R3","stockfishScores":{"wn":0.5342261904761905}},{"fenStr":"1r4k1/pp3pB1/1n1q3P/2p4Q/4Bb1P/8/PPP2P2/1K2R3","stockfishScores":{"bn":0.5489285714285714}},{"fenStr":"1r4k1/pp3pB1/3q3P/2p4Q/2n1Bb1P/8/PPP2P2/1K2R3","stockfishScores":{"wn":0.5452976190476191}},{"fenStr":"1r4k1/pp3pB1/3q3P/2p4Q/2n1Bb1P/8/PPP2P2/1K4R1","stockfishScores":{"bn":0.5560119047619048}},{"fenStr":"1r4k1/pp3pB1/3q3P/2p4Q/4Bb1P/8/PPPn1P2/1K4R1","stockfishScores":{"wn":0.5564285714285714}},{"fenStr":"1r4k1/pp3pB1/3q3P/2p4Q/4Bb1P/8/PPPn1P2/K5R1","stockfishScores":{"bn":0.5550595238095238}},{"fenStr":"1r4k1/pp4B1/3q1p1P/2p4Q/4Bb1P/8/PPPn1P2/K5R1","stockfishScores":{"wn":0.5689880952380952}},{"fenStr":"1r4k1/pp4BP/3q1p2/2p4Q/4Bb1P/8/PPPn1P2/K5R1","stockfishScores":{"bn":0.570952380952381}}],"result":{"ww":true}}