{"fens":[{"fenStr":"rnbqkbnr/pppppppp/8/8/4P3/8/PPPP1PPP/RNBQKBNR","stockfishScores":{"bn":0.5049404761904762}},{"fenStr":"rnbqkbnr/pp1ppppp/8/2p5/4P3/8/PPPP1PPP/RNBQKBNR","stockfishScores":{"wn":0.5038095238095238}},{"fenStr":"rnbqkbnr/pp1ppppp/8/2p5/4P3/5N2/PPPP1PPP/RNBQKB1R","stockfishScores":{"bn":0.5058928571428571}},{"fenStr":"rnbqkbnr/pp1p1ppp/4p3/2p5/4P3/5N2/PPPP1PPP/RNBQKB1R","stockfishScores":{"wn":0.5020238095238095}},{"fenStr":"rnbqkbnr/pp1p1ppp/4p3/2p5/3PP3/5N2/PPP2PPP/RNBQKB1R","stockfishScores":{"bn":0.5095833333333334}},{"fenStr":"rnbqkbnr/pp1p1ppp/4p3/8/3pP3/5N2/PPP2PPP/RNBQKB1R","stockfishScores":{"wn":0.4922619047619048}},{"fenStr":"rnbqkbnr/pp1p1ppp/4p3/8/3NP3/8/PPP2PPP/RNBQKB1R","stockfishScores":{"bn":0.5060119047619047}},{"fenStr":"rnbqkb1r/pp1p1ppp/4pn2/8/3NP3/8/PPP2PPP/RNBQKB1R","stockfishScores":{"wn":0.5032142857142857}},{"fenStr":"rnbqkb1r/pp1p1ppp/4pn2/8/3NP3/2N5/PPP2PPP/R1BQKB1R","stockfishScores":{"bn":0.5070238095238095}},{"fenStr":"r1bqkb1r/pp1p1ppp/2n1pn2/8/3NP3/2N5/PPP2PPP/R1BQKB1R","stockfishScores":{"wn":0.5021428571428571}},{"fenStr":"r1bqkb1r/pp1p1ppp/2n1pn2/1N6/4P3/2N5/PPP2PPP/R1BQKB1R","stockfishScores":{"bn":0.5055952380952381}},{"fenStr":"r1bqkb1r/pp3ppp/2nppn2/1N6/4P3/2N5/PPP2PPP/R1BQKB1R","stockfishScores":{"wn":0.5051785714285715}},{"fenStr":"r1bqkb1r/pp3ppp/2nppn2/1N6/4PB2/2N5/PPP2PPP/R2QKB1R","stockfishScores":{"bn":0.5064880952380952}},{"fenStr":"r1bqkb1r/pp3ppp/2np1n2/1N2p3/4PB2/2N5/PPP2PPP/R2QKB1R","stockfishScores":{"wn":0.4979166666666667}},{"fenStr":"r1bqkb1r/pp3ppp/2np1n2/1N2p1B1/4P3/2N5/PPP2PPP/R2QKB1R","stockfishScores":{"bn":0.5075}},{"fenStr":"r1bqkb1r/1p3ppp/p1np1n2/1N2p1B1/4P3/2N5/PPP2PPP/R2QKB1R","stockfishScores":{"wn":0.5035714285714286}},{"fenStr":"r1bqkb1r/1p3ppp/p1np1n2/4p1B1/4P3/N1N5/PPP2PPP/R2QKB1R","stockfishScores":{"bn":0.4988690476190476}},{"fenStr":"r2qkb1r/1p3ppp/p1npbn2/4p1B1/4P3/N1N5/PPP2PPP/R2QKB1R","stockfishScores":{"wn":0.4979166666666667}},{"fenStr":"r2qkb1r/1p3ppp/p1npbn2/4p1B1/2N1P3/2N5/PPP2PPP/R2QKB1R","stockfishScores":{"bn":0.5001785714285715}},{"fenStr":"2rqkb1r/1p3ppp/p1npbn2/4p1B1/2N1P3/2N5/PPP2PPP/R2QKB1R","stockfishScores":{"wn":0.5004166666666666}},{"fenStr":"2rqkb1r/1p3ppp/p1npbB2/4p3/2N1P3/2N5/PPP2PPP/R2QKB1R","stockfishScores":{"bn":0.5235714285714286}},{"fenStr":"2rqkb1r/1p3p1p/p1npbp2/4p3/2N1P3/2N5/PPP2PPP/R2QKB1R","stockfishScores":{"wn":0.4973214285714286}},{"fenStr":"2rqkb1r/1p3p1p/p1npbp2/4p3/4P3/2N1N3/PPP2PPP/R2QKB1R","stockfishScores":{"bn":0.5}},{"fenStr":"2rqkb1r/1p3p1p/p2pbp2/4p3/3nP3/2N1N3/PPP2PPP/R2QKB1R","stockfishScores":{"wn":0.49797619047619046}},{"fenStr":"2rqkb1r/1p3p1p/p2pbp2/4p3/3nP3/2NBN3/PPP2PPP/R2QK2R","stockfishScores":{"bn":0.4970833333333333}},{"fenStr":"2rqk2r/1p3pbp/p2pbp2/4p3/3nP3/2NBN3/PPP2PPP/R2QK2R","stockfishScores":{"wn":0.4982738095238095}},{"fenStr":"2rqk2r/1p3pbp/p2pbp2/4p3/3nP3/2NBN3/PPP2PPP/R2Q1RK1","stockfishScores":{"bn":0.5096428571428572}},{"fenStr":"2rq1rk1/1p3pbp/p2pbp2/4p3/3nP3/2NBN3/PPP2PPP/R2Q1RK1","stockfishScores":{"wn":0.5006547619047619}},{"fenStr":"2rq1rk1/1p3pbp/p2pbp2/3Np3/3nP3/3BN3/PPP2PPP/R2Q1RK1","stockfishScores":{"bn":0.5038690476190476}},{"fenStr":"2rq1r1k/1p3pbp/p2pbp2/3Np3/3nP3/3BN3/PPP2PPP/R2Q1RK1","stockfishScores":{"wn":0.5057738095238096}},{"fenStr":"2rq1r1k/1p3pbp/p2pbp2/3Np2Q/3nP3/3BN3/PPP2PPP/R4RK1","stockfishScores":{"bn":0.5071428571428571}},{"fenStr":"2rq1r1k/1p3pbp/p2pbp2/1n1Np2Q/4P3/3BN3/PPP2PPP/R4RK1","stockfishScores":{"wn":0.5141666666666667}},{"fenStr":"2rq1r1k/1p3pbp/p2pbp2/1n1Np2Q/4PP2/3BN3/PPP3PP/R4RK1","stockfishScores":{"bn":0.516547619047619}},{"fenStr":"2rq1r1k/1p3pb1/p2pbp1p/1n1Np2Q/4PP2/3BN3/PPP3PP/R4RK1","stockfishScores":{"wn":0.5166666666666667}},{"fenStr":"2rq1r1k/1p3pb1/p2pbp1p/1n1NP2Q/4P3/3BN3/PPP3PP/R4RK1","stockfishScores":{"bn":0.5221428571428571}},{"fenStr":"2rq1r1k/1p3pb1/p2pb2p/1n1Np2Q/4P3/3BN3/PPP3PP/R4RK1","stockfishScores":{"wn":0.5113690476190477}},{"fenStr":"2rq1r1k/1p3pb1/p2pbR1p/1n1Np2Q/4P3/3BN3/PPP3PP/R5K1","stockfishScores":{"bn":0.5069642857142858}},{"fenStr":"2rq1r1k/1pn2pb1/p2pbR1p/3Np2Q/4P3/3BN3/PPP3PP/R5K1","stockfishScores":{"wn":0.5064285714285715}},{"fenStr":"2rq1r1k/1pn2pb1/p2pb2R/3Np2Q/4P3/3BN3/PPP3PP/R5K1","stockfishScores":{"bn":0.5155952380952381}},{"fenStr":"2rq1rk1/1pn2pb1/p2pb2R/3Np2Q/4P3/3BN3/PPP3PP/R5K1","stockfishScores":{"wn":0.5211309523809524}},{"fenStr":"2rq1rk1/1pn2pb1/p2pb2R/3Np2Q/4P3/3BN3/PPP3PP/5RK1","stockfishScores":{"bn":0.5320833333333334}},{"fenStr":"2rq1rk1/1pn3b1/p2pbp1R/3Np2Q/4P3/3BN3/PPP3PP/5RK1","stockfishScores":{"wn":0.5383928571428571}},{"fenStr":"2rq1rk1/1pn3bR/p2pbp2/3Np2Q/4P3/3BN3/PPP3PP/5RK1","stockfishScores":{"bn":0.5538095238095238}},{"fenStr":"2r1qrk1/1pn3bR/p2pbp2/3Np2Q/4P3/3BN3/PPP3PP/5RK1","stockfishScores":{"wn":0.5545833333333333}},{"fenStr":"2r1qrk1/1pn3bR/p2pbp2/3Np3/4P2Q/3BN3/PPP3PP/5RK1","stockfishScores":{"bn":0.5458333333333334}},{"fenStr":"2r1qrk1/1p4bR/p2pbp2/3np3/4P2Q/3BN3/PPP3PP/5RK1","stockfishScores":{"wn":0.5}},{"fenStr":"2r1qrk1/1p4bR/p2pbp2/3Pp3/7Q/3BN3/PPP3PP/5RK1","stockfishScores":{"bn":0.5416666666666666}},{"fenStr":"2r1qrk1/1p4bR/p2pbp2/3P4/4p2Q/3BN3/PPP3PP/5RK1","stockfishScores":{"wn":0.5280952380952381}},{"fenStr":"2r1qrk1/1p4bR/p2pbp2/3P4/4B2Q/4N3/PPP3PP/5RK1","stockfishScores":{"bn":0.5479761904761905}},{"fenStr":"2r1qrk1/1p4bR/p2pb3/3P1p2/4B2Q/4N3/PPP3PP/5RK1","stockfishScores":{"wn":0.5178571428571429}},{"fenStr":"2r1qrk1/1p4bR/p2pP3/5p2/4B2Q/4N3/PPP3PP/5RK1","stockfishScores":{"bn":0.5483928571428571}},{"fenStr":"2r1qrk1/1p4bR/p2pP3/8/4p2Q/4N3/PPP3PP/5RK1","stockfishScores":{"wn":0.531547619047619}},{"fenStr":"2r1qRk1/1p4bR/p2pP3/8/4p2Q/4N3/PPP3PP/6K1","stockfishScores":{"bn":0.5483333333333333}},{"fenStr":"2r2qk1/1p4bR/p2pP3/8/4p2Q/4N3/PPP3PP/6K1","stockfishScores":{"wn":0.5199404761904762}},{"fenStr":"2r2qk1/1p4bR/p2pP3/8/4Q3/4N3/PPP3PP/6K1","stockfishScores":{"bn":0.5286904761904762}},{"fenStr":"5qk1/1p4bR/p2pP3/2r5/4Q3/4N3/PPP3PP/6K1","stockfishScores":{"wn":0.5273809523809524}},{"fenStr":"5qk1/1p4b1/p2pP3/2r5/4Q3/4N2R/PPP3PP/6K1","stockfishScores":{"bn":0.535952380952381}},{"fenStr":"6k1/1p2q1b1/p2pP3/2r5/4Q3/4N2R/PPP3PP/6K1","stockfishScores":{"wn":0.5344047619047619}},{"fenStr":"6k1/1p2q1bQ/p2pP3/2r5/8/4N2R/PPP3PP/6K1","stockfishScores":{"bn":0.524702380952381}},{"fenStr":"5k2/1p2q1bQ/p2pP3/2r5/8/4N2R/PPP3PP/6K1","stockfishScores":{"wn":0.5317261904761905}},{"fenStr":"5k2/1p2q1bQ/p2pP3/2r5/8/4NR2/PPP3PP/6K1","stockfishScores":{"bn":0.5348809523809523}},{"fenStr":"5k2/1p2q2Q/p2pPb2/2r5/8/4NR2/PPP3PP/6K1","stockfishScores":{"wn":0.5505357142857142}},{"fenStr":"5k1Q/1p2q3/p2pPb2/2r5/8/4NR2/PPP3PP/6K1","stockfishScores":{"bn":0.5564880952380953}}],"result":{"ww":true}}