{"fens":[{"fenStr":"rnbqkbnr/pppppppp/8/8/3P4/8/PPP1PPPP/RNBQKBNR","stockfishScores":{"bn":0.5048809523809524}},{"fenStr":"rnbqkbnr/pppppp1p/6p1/8/3P4/8/PPP1PPPP/RNBQKBNR","stockfishScores":{"wn":0.5045833333333334}},{"fenStr":"rnbqkbnr/pppppp1p/6p1/8/2PP4/8/PP2PPPP/RNBQKBNR","stockfishScores":{"bn":0.5066071428571428}},{"fenStr":"rnbqk1nr/ppppppbp/6p1/8/2PP4/8/PP2PPPP/RNBQKBNR","stockfishScores":{"wn":0.5048809523809524}},{"fenStr":"rnbqk1nr/ppppppbp/6p1/8/2PP4/2N5/PP2PPPP/R1BQKBNR","stockfishScores":{"bn":0.5080357142857143}},{"fenStr":"rnbqk1nr/ppp1ppbp/3p2p1/8/2PP4/2N5/PP2PPPP/R1BQKBNR","stockfishScores":{"wn":0.5036904761904762}},{"fenStr":"rnbqk1nr/ppp1ppbp/3p2p1/8/2PPP3/2N5/PP3PPP/R1BQKBNR","stockfishScores":{"bn":0.5071428571428571}},{"fenStr":"rnbqk1nr/ppp2pbp/3p2p1/4p3/2PPP3/2N5/PP3PPP/R1BQKBNR","stockfishScores":{"wn":0.5066071428571428}},{"fenStr":"rnbqk1nr/ppp2pbp/3p2p1/4p3/2PPP3/2N1B3/PP3PPP/R2QKBNR","stockfishScores":{"bn":0.5073214285714286}},{"fenStr":"r1bqk1nr/ppp2pbp/2np2p1/4p3/2PPP3/2N1B3/PP3PPP/R2QKBNR","stockfishScores":{"wn":0.5058928571428571}},{"fenStr":"r1bqk1nr/ppp2pbp/2np2p1/4p3/2PPP3/2N1BN2/PP3PPP/R2QKB1R","stockfishScores":{"bn":0.5101190476190476}},{"fenStr":"r2qk1nr/ppp2pbp/2np2p1/4p3/2PPP1b1/2N1BN2/PP3PPP/R2QKB1R","stockfishScores":{"wn":0.5082142857142857}},{"fenStr":"r2qk1nr/ppp2pbp/2np2p1/3Pp3/2P1P1b1/2N1BN2/PP3PPP/R2QKB1R","stockfishScores":{"bn":0.5110119047619047}},{"fenStr":"r2qk1nr/ppp2pbp/3p2p1/3Pp3/2PnP1b1/2N1BN2/PP3PPP/R2QKB1R","stockfishScores":{"wn":0.5113690476190477}},{"fenStr":"r2qk1nr/ppp2pbp/3p2p1/3Pp3/2PnP1b1/2N1BN1P/PP3PP1/R2QKB1R","stockfishScores":{"bn":0.5178571428571429}},{"fenStr":"r2qk1nr/ppp2pbp/3p2p1/3Pp3/2PnP3/2N1Bb1P/PP3PP1/R2QKB1R","stockfishScores":{"wn":0.4876785714285714}},{"fenStr":"r2qk1nr/ppp2pbp/3p2p1/3Pp3/2PnP3/2N1BP1P/PP3P2/R2QKB1R","stockfishScores":{"bn":0.5108928571428571}},{"fenStr":"r2qk1nr/pp3pbp/3p2p1/2pPp3/2PnP3/2N1BP1P/PP3P2/R2QKB1R","stockfishScores":{"wn":0.5101190476190476}},{"fenStr":"r2qk1nr/pp3pbp/2Pp2p1/4p3/2PnP3/2N1BP1P/PP3P2/R2QKB1R","stockfishScores":{"bn":0.5148809523809523}},{"fenStr":"r2qk1nr/p4pbp/2pp2p1/4p3/2PnP3/2N1BP1P/PP3P2/R2QKB1R","stockfishScores":{"wn":0.5030357142857143}},{"fenStr":"r2qk1nr/p4pbp/2pp2p1/4p3/Q1PnP3/2N1BP1P/PP3P2/R3KB1R","stockfishScores":{"bn":0.4930952380952381}},{"fenStr":"r2qk2r/p3npbp/2pp2p1/4p3/Q1PnP3/2N1BP1P/PP3P2/R3KB1R","stockfishScores":{"wn":0.4905952380952381}},{"fenStr":"r2qk2r/p3npbp/2pp2p1/4p3/Q1PnP3/2N1BP1P/PP3PB1/R3K2R","stockfishScores":{"bn":0.4969047619047619}},{"fenStr":"r2q1rk1/p3npbp/2pp2p1/4p3/Q1PnP3/2N1BP1P/PP3PB1/R3K2R","stockfishScores":{"wn":0.48791666666666667}},{"fenStr":"r2q1rk1/p3npbp/2pp2p1/4p3/Q1PnPP2/2N1B2P/PP3PB1/R3K2R","stockfishScores":{"bn":0.48892857142857143}},{"fenStr":"1r1q1rk1/p3npbp/2pp2p1/4p3/Q1PnPP2/2N1B2P/PP3PB1/R3K2R","stockfishScores":{"wn":0.4895833333333333}},{"fenStr":"1r1q1rk1/p3npbp/2pp2p1/4p3/Q1PnPP2/2N1B2P/PP3PB1/2KR3R","stockfishScores":{"bn":0.4930357142857143}},{"fenStr":"1r1q1rk1/4npbp/2pp2p1/p3p3/Q1PnPP2/2N1B2P/PP3PB1/2KR3R","stockfishScores":{"wn":0.49029761904761904}},{"fenStr":"1r1q1rk1/4npbp/2pp2p1/p3P3/Q1PnP3/2N1B2P/PP3PB1/2KR3R","stockfishScores":{"bn":0.5030357142857143}},{"fenStr":"1r1q1rk1/4npbp/2p3p1/p3p3/Q1PnP3/2N1B2P/PP3PB1/2KR3R","stockfishScores":{"wn":0.4943452380952381}},{"fenStr":"1r1q1rk1/4npbp/2p3p1/p3p3/Q1PnP3/1PN1B2P/P4PB1/2KR3R","stockfishScores":{"bn":0.49333333333333335}},{"fenStr":"1r3rk1/2q1npbp/2p3p1/p3p3/Q1PnP3/1PN1B2P/P4PB1/2KR3R","stockfishScores":{"wn":0.4928571428571429}},{"fenStr":"1r3rk1/2q1npbp/2p3p1/p3p3/2PnP3/QPN1B2P/P4PB1/2KR3R","stockfishScores":{"bn":0.4942261904761905}},{"fenStr":"5rk1/2q1npbp/2p3p1/p3p3/1rPnP3/QPN1B2P/P4PB1/2KR3R","stockfishScores":{"wn":0.49488095238095237}},{"fenStr":"5rk1/2q1npbp/2p3p1/p3p3/1rPnP3/QPNRB2P/P4PB1/2K4R","stockfishScores":{"bn":0.4932738095238095}},{"fenStr":"1r4k1/2q1npbp/2p3p1/p3p3/1rPnP3/QPNRB2P/P4PB1/2K4R","stockfishScores":{"wn":0.4897619047619048}},{"fenStr":"1r4k1/2q1npbp/2p3p1/p3p3/NrPnP3/QP1RB2P/P4PB1/2K4R","stockfishScores":{"bn":0.4775595238095238}},{"fenStr":"1r4k1/2q1npb1/2p3p1/p3p2p/NrPnP3/QP1RB2P/P4PB1/2K4R","stockfishScores":{"wn":0.4791666666666667}},{"fenStr":"1r4k1/2q1npb1/2p3p1/p3p2p/NrPnP3/QP1RB2P/P2K1PB1/7R","stockfishScores":{"bn":0.48791666666666667}},{"fenStr":"1r6/2q1npbk/2p3p1/p3p2p/NrPnP3/QP1RB2P/P2K1PB1/7R","stockfishScores":{"wn":0.48839285714285713}},{"fenStr":"1r6/2q1npbk/2p3p1/p3p2p/NrPnP3/QP1RB2P/P2K1PB1/2R5","stockfishScores":{"bn":0.49041666666666667}},{"fenStr":"1r6/2q1np1k/2p3pb/p3p2p/NrPnP3/QP1RB2P/P2K1PB1/2R5","stockfishScores":{"wn":0.48446428571428574}},{"fenStr":"1r6/2q1np1k/2p3pB/p3p2p/NrPnP3/QP1R3P/P2K1PB1/2R5","stockfishScores":{"bn":0.514702380952381}},{"fenStr":"1r6/2q1np2/2p3pk/p3p2p/NrPnP3/QP1R3P/P2K1PB1/2R5","stockfishScores":{"wn":0.49214285714285716}},{"fenStr":"1r6/2q1np2/2p3pk/p3p2p/NrPnP3/QP1R3P/P4PB1/2R1K3","stockfishScores":{"bn":0.49142857142857144}},{"fenStr":"1r6/2q1np2/2p4k/p3p1pp/NrPnP3/QP1R3P/P4PB1/2R1K3","stockfishScores":{"wn":0.4944642857142857}},{"fenStr":"1r6/2q1np2/2p4k/p3p1pp/NrPnP3/QPRR3P/P4PB1/4K3","stockfishScores":{"bn":0.4938095238095238}},{"fenStr":"1r6/2q2p2/2p3nk/p3p1pp/NrPnP3/QPRR3P/P4PB1/4K3","stockfishScores":{"wn":0.4932738095238095}},{"fenStr":"1r6/2q2p2/2p3nk/p3p1pp/NrPnP3/QPRR3P/P4P2/4KB2","stockfishScores":{"bn":0.49357142857142855}},{"fenStr":"1r6/2q2p2/2p4k/p3p1pp/NrPnPn2/QPRR3P/P4P2/4KB2","stockfishScores":{"wn":0.4836309523809524}},{"fenStr":"1r6/2q2p2/2p4k/p3p1pp/NrPnPn2/QPR3RP/P4P2/4KB2","stockfishScores":{"bn":0.48547619047619045}},{"fenStr":"3r4/2q2p2/2p4k/p3p1pp/NrPnPn2/QPR3RP/P4P2/4KB2","stockfishScores":{"wn":0.48529761904761903}},{"fenStr":"3r4/2q2p2/2p4k/p1N1p1pp/1rPnPn2/QPR3RP/P4P2/4KB2","stockfishScores":{"bn":0.48464285714285715}},{"fenStr":"3r4/5p2/2pq3k/p1N1p1pp/1rPnPn2/QPR3RP/P4P2/4KB2","stockfishScores":{"wn":0.4856547619047619}},{"fenStr":"3r4/5p2/2pq3k/p3p1pp/1rPnPn2/QPRN2RP/P4P2/4KB2","stockfishScores":{"bn":0.48964285714285716}},{"fenStr":"3r4/5p2/2pq3k/p3p1pp/2PnPn2/QrRN2RP/P4P2/4KB2","stockfishScores":{"wn":0.465}},{"fenStr":"3r4/5p2/2pq3k/p3p1pp/2PnPn2/1rRN2RP/P4P2/2Q1KB2","stockfishScores":{"bn":0.4814880952380952}},{"fenStr":"3r4/1r3p2/2pq3k/p3p1pp/2PnPn2/2RN2RP/P4P2/2Q1KB2","stockfishScores":{"wn":0.4764285714285714}},{"fenStr":"3r4/1r3p2/2pq3k/p3p1pp/2PnPn1P/2RN2R1/P4P2/2Q1KB2","stockfishScores":{"bn":0.4754761904761905}},{"fenStr":"3r4/1r3p2/2pq3k/p3p2p/2PnPnpP/2RN2R1/P4P2/2Q1KB2","stockfishScores":{"wn":0.48660714285714285}},{"fenStr":"3r4/1r3p2/2pq3k/p3p2p/2PnPnpP/2RN2R1/P4P2/3QKB2","stockfishScores":{"bn":0.4716666666666667}},{"fenStr":"1r6/1r3p2/2pq3k/p3p2p/2PnPnpP/2RN2R1/P4P2/3QKB2","stockfishScores":{"wn":0.45511904761904765}},{"fenStr":"1r6/1r3p2/2pq3k/p3p2p/2PnPnRP/2RN4/P4P2/3QKB2","stockfishScores":{"bn":0.46363095238095237}},{"fenStr":"1r6/1r3p2/2pq3k/p3p3/2PnPnpP/2RN4/P4P2/3QKB2","stockfishScores":{"wn":0.4229761904761905}},{"fenStr":"1r6/1r3p2/2pq3k/p3p3/2PnPnQP/2RN4/P4P2/4KB2","stockfishScores":{"bn":0.4519047619047619}},{"fenStr":"1r6/1r3p2/2p3qk/p3p3/2PnPnQP/2RN4/P4P2/4KB2","stockfishScores":{"wn":0.42107142857142854}},{"fenStr":"1r6/1r3p2/2p3qk/p3N3/2PnPnQP/2R5/P4P2/4KB2","stockfishScores":{"bn":0.4550595238095238}},{"fenStr":"1r6/1r3p2/2p4k/p3N3/2PnqnQP/2R5/P4P2/4KB2","stockfishScores":{"wn":0.4423809523809524}},{"fenStr":"1r6/1r3p2/2p4k/p3N3/2PnqnQP/4R3/P4P2/4KB2","stockfishScores":{"bn":0.4369642857142857}},{"fenStr":"1r6/5p2/2p4k/p3N3/2PnqnQP/4R3/P4P2/1r2KB2","stockfishScores":{"wn":0.4706547619047619}},{"fenStr":"1r6/5p2/2p4k/p3N3/2PnqnQP/4R3/P2K1P2/1r3B2","stockfishScores":{"bn":0.4386309523809524}},{"fenStr":"1r6/5p2/2p4k/p3N3/2Pn1nQP/4R3/P1qK1P2/1r3B2","stockfishScores":{"wn":0.4585119047619048}}],"result":{"bw":true}}