{"fens":[{"fenStr":"rnbqkbnr/pppppppp/8/8/4P3/8/PPPP1PPP/RNBQKBNR","stockfishScores":{"bn":0.5049404761904762}},{"fenStr":"rnbqkbnr/pp1ppppp/8/2p5/4P3/8/PPPP1PPP/RNBQKBNR","stockfishScores":{"wn":0.5038095238095238}},{"fenStr":"rnbqkbnr/pp1ppppp/8/2p5/4P3/5N2/PPPP1PPP/RNBQKB1R","stockfishScores":{"bn":0.5058928571428571}},{"fenStr":"r1bqkbnr/pp1ppppp/2n5/2p5/4P3/5N2/PPPP1PPP/RNBQKB1R","stockfishScores":{"wn":0.5025}},{"fenStr":"r1bqkbnr/pp1ppppp/2n5/2p5/3PP3/5N2/PPP2PPP/RNBQKB1R","stockfishScores":{"bn":0.5116666666666667}},{"fenStr":"r1bqkbnr/pp1ppppp/2n5/8/3pP3/5N2/PPP2PPP/RNBQKB1R","stockfishScores":{"wn":0.4961309523809524}},{"fenStr":"r1bqkbnr/pp1ppppp/2n5/8/3NP3/8/PPP2PPP/RNBQKB1R","stockfishScores":{"bn":0.5067261904761905}},{"fenStr":"r1bqkb1r/pp1ppppp/2n2n2/8/3NP3/8/PPP2PPP/RNBQKB1R","stockfishScores":{"wn":0.5020833333333333}},{"fenStr":"r1bqkb1r/pp1ppppp/2n2n2/8/3NP3/2N5/PPP2PPP/R1BQKB1R","stockfishScores":{"bn":0.5061309523809524}},{"fenStr":"r1bqkb1r/pp1p1ppp/2n2n2/4p3/3NP3/2N5/PPP2PPP/R1BQKB1R","stockfishScores":{"wn":0.49833333333333335}},{"fenStr":"r1bqkb1r/pp1p1ppp/2n2n2/1N2p3/4P3/2N5/PPP2PPP/R1BQKB1R","stockfishScores":{"bn":0.5066071428571428}},{"fenStr":"r1bqkb1r/pp3ppp/2np1n2/1N2p3/4P3/2N5/PPP2PPP/R1BQKB1R","stockfishScores":{"wn":0.5030357142857143}},{"fenStr":"r1bqkb1r/pp3ppp/2np1n2/1N2p1B1/4P3/2N5/PPP2PPP/R2QKB1R","stockfishScores":{"bn":0.5075}},{"fenStr":"r1bqkb1r/1p3ppp/p1np1n2/1N2p1B1/4P3/2N5/PPP2PPP/R2QKB1R","stockfishScores":{"wn":0.5035714285714286}},{"fenStr":"r1bqkb1r/1p3ppp/p1np1n2/4p1B1/4P3/N1N5/PPP2PPP/R2QKB1R","stockfishScores":{"bn":0.4988690476190476}},{"fenStr":"r1bqkb1r/5ppp/p1np1n2/1p2p1B1/4P3/N1N5/PPP2PPP/R2QKB1R","stockfishScores":{"wn":0.495}},{"fenStr":"r1bqkb1r/5ppp/p1np1B2/1p2p3/4P3/N1N5/PPP2PPP/R2QKB1R","stockfishScores":{"bn":0.5161309523809524}},{"fenStr":"r1bqkb1r/5p1p/p1np1p2/1p2p3/4P3/N1N5/PPP2PPP/R2QKB1R","stockfishScores":{"wn":0.49357142857142855}},{"fenStr":"r1bqkb1r/5p1p/p1np1p2/1p1Np3/4P3/N7/PPP2PPP/R2QKB1R","stockfishScores":{"bn":0.5005357142857143}},{"fenStr":"r1bqkb1r/5p1p/p1np4/1p1Npp2/4P3/N7/PPP2PPP/R2QKB1R","stockfishScores":{"wn":0.495952380952381}},{"fenStr":"r1bqkb1r/5p1p/p1np4/1p1Npp2/4P3/N2B4/PPP2PPP/R2QK2R","stockfishScores":{"bn":0.4961904761904762}},{"fenStr":"r2qkb1r/5p1p/p1npb3/1p1Npp2/4P3/N2B4/PPP2PPP/R2QK2R","stockfishScores":{"wn":0.493452380952381}},{"fenStr":"r2qkb1r/5p1p/p1npb3/1p1Npp2/4P3/N2B4/PPP2PPP/R2Q1RK1","stockfishScores":{"bn":0.5042261904761904}},{"fenStr":"r2qkb1r/5p1p/p1np4/1p1bpp2/4P3/N2B4/PPP2PPP/R2Q1RK1","stockfishScores":{"wn":0.48095238095238096}},{"fenStr":"r2qkb1r/5p1p/p1np4/1p1Ppp2/8/N2B4/PPP2PPP/R2Q1RK1","stockfishScores":{"bn":0.5069047619047619}},{"fenStr":"r2qkb1r/4np1p/p2p4/1p1Ppp2/8/N2B4/PPP2PPP/R2Q1RK1","stockfishScores":{"wn":0.5001785714285715}},{"fenStr":"r2qkb1r/4np1p/p2p4/1p1Ppp2/8/N2B4/PPP2PPP/R2QR1K1","stockfishScores":{"bn":0.500297619047619}},{"fenStr":"r2qk2r/4npbp/p2p4/1p1Ppp2/8/N2B4/PPP2PPP/R2QR1K1","stockfishScores":{"wn":0.5005952380952381}},{"fenStr":"r2qk2r/4npbp/p2p4/1p1Ppp2/8/N1PB4/PP3PPP/R2QR1K1","stockfishScores":{"bn":0.5042857142857143}},{"fenStr":"r2qk2r/4npbp/p2p4/1p1P1p2/4p3/N1PB4/PP3PPP/R2QR1K1","stockfishScores":{"wn":0.4995833333333333}},{"fenStr":"r2qk2r/4npbp/p2p4/1p1P1p2/4p3/N1P5/PP3PPP/R2QRBK1","stockfishScores":{"bn":0.5032738095238095}},{"fenStr":"2rqk2r/4npbp/p2p4/1p1P1p2/4p3/N1P5/PP3PPP/R2QRBK1","stockfishScores":{"wn":0.5033333333333333}},{"fenStr":"2rqk2r/4npbp/p2p4/1p1P1p2/4p3/N1P2P2/PP4PP/R2QRBK1","stockfishScores":{"bn":0.4974404761904762}},{"fenStr":"2rqk2r/4npbp/p2p4/3P1p2/1p2p3/N1P2P2/PP4PP/R2QRBK1","stockfishScores":{"wn":0.5092261904761904}},{"fenStr":"2rqk2r/4npbp/p2p4/3P1p2/1P2p3/N4P2/PP4PP/R2QRBK1","stockfishScores":{"bn":0.5051785714285715}},{"fenStr":"2r1k2r/4npbp/pq1p4/3P1p2/1P2p3/N4P2/PP4PP/R2QRBK1","stockfishScores":{"wn":0.5004761904761905}},{"fenStr":"2r1k2r/4npbp/pq1p4/3P1p2/1P2p3/N4P2/PP4PP/R2QRB1K","stockfishScores":{"bn":0.5014880952380952}},{"fenStr":"2r1k2r/4npbp/p2p4/3P1p2/1q2p3/N4P2/PP4PP/R2QRB1K","stockfishScores":{"wn":0.4992261904761905}},{"fenStr":"2r1k2r/4npbp/B2p4/3P1p2/1q2p3/N4P2/PP4PP/R2QR2K","stockfishScores":{"bn":0.5063095238095238}},{"fenStr":"4k2r/4npbp/B2p4/2rP1p2/1q2p3/N4P2/PP4PP/R2QR2K","stockfishScores":{"wn":0.5022619047619048}},{"fenStr":"4k2r/4npbp/B2p4/2rP1p2/1qN1p3/5P2/PP4PP/R2QR2K","stockfishScores":{"bn":0.5135119047619048}},{"fenStr":"4k2r/4npbp/B2p4/3P1p2/1qr1p3/5P2/PP4PP/R2QR2K","stockfishScores":{"wn":0.48351190476190475}},{"fenStr":"4k2r/4npbp/B2p4/3P1p2/1qr1p3/P4P2/1P4PP/R2QR2K","stockfishScores":{"bn":0.4861309523809524}},{"fenStr":"4k2r/4npbp/B2p4/2qP1p2/2r1p3/P4P2/1P4PP/R2QR2K","stockfishScores":{"wn":0.4830357142857143}},{"fenStr":"4k2r/4npbp/B2p4/2qP1p2/1Pr1p3/P4P2/6PP/R2QR2K","stockfishScores":{"bn":0.4876190476190476}},{"fenStr":"4k2r/2q1npbp/B2p4/3P1p2/1Pr1p3/P4P2/6PP/R2QR2K","stockfishScores":{"wn":0.4911309523809524}},{"fenStr":"4k2r/2q1npbp/3p4/3P1p2/1PB1p3/P4P2/6PP/R2QR2K","stockfishScores":{"bn":0.5233333333333333}},{"fenStr":"4k2r/4npbp/3p4/3P1p2/1Pq1p3/P4P2/6PP/R2QR2K","stockfishScores":{"wn":0.49202380952380953}},{"fenStr":"4k2r/4npbp/3p4/3P1p2/QPq1p3/P4P2/6PP/R3R2K","stockfishScores":{"bn":0.49333333333333335}},{"fenStr":"5k1r/4npbp/3p4/3P1p2/QPq1p3/P4P2/6PP/R3R2K","stockfishScores":{"wn":0.4955952380952381}},{"fenStr":"5k1r/4npbp/3p4/3P1p2/QPq1p3/P4P2/6PP/2R1R2K","stockfishScores":{"bn":0.5056547619047619}},{"fenStr":"5k1r/4np1p/3p4/3P1p2/QPq1p3/P1b2P2/6PP/2R1R2K","stockfishScores":{"wn":0.5005357142857143}},{"fenStr":"5k1r/3Qnp1p/3p4/3P1p2/1Pq1p3/P1b2P2/6PP/2R1R2K","stockfishScores":{"bn":0.5039285714285714}},{"fenStr":"5k1r/3Qnp1p/3p4/3P1p2/1P1qp3/P1b2P2/6PP/2R1R2K","stockfishScores":{"wn":0.5051785714285715}},{"fenStr":"3Q1k1r/4np1p/3p4/3P1p2/1P1qp3/P1b2P2/6PP/2R1R2K","stockfishScores":{"bn":0.49565476190476193}},{"fenStr":"3Q3r/4npkp/3p4/3P1p2/1P1qp3/P1b2P2/6PP/2R1R2K","stockfishScores":{"wn":0.48410714285714285}},{"fenStr":"7r/4Qpkp/3p4/3P1p2/1P1qp3/P1b2P2/6PP/2R1R2K","stockfishScores":{"bn":0.5230357142857143}},{"fenStr":"7r/4Qpkp/3p4/3P1p2/1P1qp3/P4P2/6PP/2R1b2K","stockfishScores":{"wn":0.48738095238095236}},{"fenStr":"7r/5pkp/3p4/3P1pQ1/1P1qp3/P4P2/6PP/2R1b2K","stockfishScores":{"bn":0.4793452380952381}},{"fenStr":"5k1r/5p1p/3p4/3P1pQ1/1P1qp3/P4P2/6PP/2R1b2K","stockfishScores":{"wn":0.5022619047619048}},{"fenStr":"2R2k1r/5p1p/3p4/3P1pQ1/1P1qp3/P4P2/6PP/4b2K","stockfishScores":{"bn":0.5036309523809523}}],"result":{"ww":true}}