{"fens":[{"fenStr":"rnbqkbnr/pppppppp/8/8/4P3/8/PPPP1PPP/RNBQKBNR","stockfishScores":{"bn":0.5049404761904762}},{"fenStr":"rnbqkbnr/pp1ppppp/8/2p5/4P3/8/PPPP1PPP/RNBQKBNR","stockfishScores":{"wn":0.5038095238095238}},{"fenStr":"rnbqkbnr/pp1ppppp/8/2p5/4P3/5N2/PPPP1PPP/RNBQKB1R","stockfishScores":{"bn":0.5058928571428571}},{"fenStr":"rnbqkbnr/pp2pppp/3p4/2p5/4P3/5N2/PPPP1PPP/RNBQKB1R","stockfishScores":{"wn":0.5020833333333333}},{"fenStr":"rnbqkbnr/pp2pppp/3p4/2p5/3PP3/5N2/PPP2PPP/RNBQKB1R","stockfishScores":{"bn":0.5076785714285714}},{"fenStr":"rnbqkbnr/pp2pppp/3p4/8/3pP3/5N2/PPP2PPP/RNBQKB1R","stockfishScores":{"wn":0.4976190476190476}},{"fenStr":"rnbqkbnr/pp2pppp/3p4/8/3NP3/8/PPP2PPP/RNBQKB1R","stockfishScores":{"bn":0.51}},{"fenStr":"rnbqkb1r/pp2pppp/3p1n2/8/3NP3/8/PPP2PPP/RNBQKB1R","stockfishScores":{"wn":0.5031547619047619}},{"fenStr":"rnbqkb1r/pp2pppp/3p1n2/8/3NP3/2N5/PPP2PPP/R1BQKB1R","stockfishScores":{"bn":0.5076190476190476}},{"fenStr":"rnbqkb1r/1p2pppp/p2p1n2/8/3NP3/2N5/PPP2PPP/R1BQKB1R","stockfishScores":{"wn":0.5050595238095238}},{"fenStr":"rnbqkb1r/1p2pppp/p2p1n2/8/3NP3/2N5/PPP1BPPP/R1BQK2R","stockfishScores":{"bn":0.5053571428571428}},{"fenStr":"rnbqkb1r/1p3ppp/p2p1n2/4p3/3NP3/2N5/PPP1BPPP/R1BQK2R","stockfishScores":{"wn":0.5011309523809524}},{"fenStr":"rnbqkb1r/1p3ppp/p2p1n2/4p3/4P3/1NN5/PPP1BPPP/R1BQK2R","stockfishScores":{"bn":0.503452380952381}},{"fenStr":"rnbqk2r/1p2bppp/p2p1n2/4p3/4P3/1NN5/PPP1BPPP/R1BQK2R","stockfishScores":{"wn":0.5040476190476191}},{"fenStr":"rnbqk2r/1p2bppp/p2p1n2/4p3/4P3/1NN5/PPP1BPPP/R1BQ1RK1","stockfishScores":{"bn":0.5136904761904761}},{"fenStr":"rnbq1rk1/1p2bppp/p2p1n2/4p3/4P3/1NN5/PPP1BPPP/R1BQ1RK1","stockfishScores":{"wn":0.5032738095238095}},{"fenStr":"rnbq1rk1/1p2bppp/p2p1n2/4p3/4P3/1NN5/PPP1BPPP/R1BQ1R1K","stockfishScores":{"bn":0.5004761904761905}},{"fenStr":"rnbq1rk1/4bppp/pp1p1n2/4p3/4P3/1NN5/PPP1BPPP/R1BQ1R1K","stockfishScores":{"wn":0.502797619047619}},{"fenStr":"rnbq1rk1/4bppp/pp1p1n2/4p3/4PP2/1NN5/PPP1B1PP/R1BQ1R1K","stockfishScores":{"bn":0.5020833333333333}},{"fenStr":"rn1q1rk1/1b2bppp/pp1p1n2/4p3/4PP2/1NN5/PPP1B1PP/R1BQ1R1K","stockfishScores":{"wn":0.5003571428571428}},{"fenStr":"rn1q1rk1/1b2bppp/pp1p1n2/4p3/4PP2/1NN2B2/PPP3PP/R1BQ1R1K","stockfishScores":{"bn":0.49857142857142855}},{"fenStr":"r2q1rk1/1b1nbppp/pp1p1n2/4p3/4PP2/1NN2B2/PPP3PP/R1BQ1R1K","stockfishScores":{"wn":0.4955952380952381}},{"fenStr":"r2q1rk1/1b1nbppp/pp1p1n2/4p3/4PP2/1NN1BB2/PPP3PP/R2Q1R1K","stockfishScores":{"bn":0.4979166666666667}},{"fenStr":"2rq1rk1/1b1nbppp/pp1p1n2/4p3/4PP2/1NN1BB2/PPP3PP/R2Q1R1K","stockfishScores":{"wn":0.49779761904761904}},{"fenStr":"2rq1rk1/1b1nbppp/pp1p1n2/4p3/4PP2/1NN1BB2/PPPQ2PP/R4R1K","stockfishScores":{"bn":0.4969642857142857}},{"fenStr":"2rqr1k1/1b1nbppp/pp1p1n2/4p3/4PP2/1NN1BB2/PPPQ2PP/R4R1K","stockfishScores":{"wn":0.49797619047619046}},{"fenStr":"2rqr1k1/1b1nbppp/pp1p1n2/4p3/4PP2/1NN1BB2/PPPQ2PP/3R1R1K","stockfishScores":{"bn":0.4988095238095238}},{"fenStr":"2rqr1k1/1b1nbppp/p2p1n2/1p2p3/4PP2/1NN1BB2/PPPQ2PP/3R1R1K","stockfishScores":{"wn":0.4986904761904762}},{"fenStr":"2rqr1k1/1b1nbppp/p2p1n2/1p2p3/4PP2/1NN1BB2/PPP2QPP/3R1R1K","stockfishScores":{"bn":0.49648809523809523}},{"fenStr":"2rqr1k1/1b1nbppp/p2p1n2/4p3/1p2PP2/1NN1BB2/PPP2QPP/3R1R1K","stockfishScores":{"wn":0.4955357142857143}},{"fenStr":"2rqr1k1/1b1nbppp/p2p1n2/4P3/1p2P3/1NN1BB2/PPP2QPP/3R1R1K","stockfishScores":{"bn":0.4975}},{"fenStr":"2rqr1k1/1b1nbppp/p4n2/4p3/1p2P3/1NN1BB2/PPP2QPP/3R1R1K","stockfishScores":{"wn":0.49547619047619046}},{"fenStr":"2rqr1k1/1b1nbppp/p4n2/4p3/Np2P3/1N2BB2/PPP2QPP/3R1R1K","stockfishScores":{"bn":0.4993452380952381}},{"fenStr":"2r1r1k1/1bqnbppp/p4n2/4p3/Np2P3/1N2BB2/PPP2QPP/3R1R1K","stockfishScores":{"wn":0.49589285714285714}},{"fenStr":"2r1r1k1/1bqnbppp/p4n2/4p3/Np2P3/1N2BB2/PPPR1QPP/5R1K","stockfishScores":{"bn":0.4951190476190476}},{"fenStr":"2r1r1k1/1b1nbppp/p1q2n2/4p3/Np2P3/1N2BB2/PPPR1QPP/5R1K","stockfishScores":{"wn":0.4951190476190476}},{"fenStr":"2r1r1k1/1b1nbppp/pNq2n2/4p3/1p2P3/1N2BB2/PPPR1QPP/5R1K","stockfishScores":{"bn":0.49964285714285717}},{"fenStr":"2r1r1k1/1b2bppp/pnq2n2/4p3/1p2P3/1N2BB2/PPPR1QPP/5R1K","stockfishScores":{"wn":0.47422619047619047}},{"fenStr":"2r1r1k1/1b2bppp/pBq2n2/4p3/1p2P3/1N3B2/PPPR1QPP/5R1K","stockfishScores":{"bn":0.49476190476190474}},{"fenStr":"2r1r1k1/1b2bppp/pB3n2/1q2p3/1p2P3/1N3B2/PPPR1QPP/5R1K","stockfishScores":{"wn":0.49773809523809526}},{"fenStr":"2r1r1k1/1b2bppp/pB3n2/1q2p3/1p2P3/1N3B2/PPPR1QPP/4R2K","stockfishScores":{"bn":0.4974404761904762}},{"fenStr":"4r1k1/1b2bppp/pBr2n2/1q2p3/1p2P3/1N3B2/PPPR1QPP/4R2K","stockfishScores":{"wn":0.4951190476190476}},{"fenStr":"4r1k1/Bb2bppp/p1r2n2/1q2p3/1p2P3/1N3B2/PPPR1QPP/4R2K","stockfishScores":{"bn":0.4967261904761905}},{"fenStr":"2r3k1/Bb2bppp/p1r2n2/1q2p3/1p2P3/1N3B2/PPPR1QPP/4R2K","stockfishScores":{"wn":0.4967261904761905}},{"fenStr":"2r3k1/Bb2bppp/p1r2n2/1q2p3/1p2P3/1N3B2/PPP1RQPP/4R2K","stockfishScores":{"bn":0.49238095238095236}},{"fenStr":"2r3k1/Bb2bppp/2r2n2/pq2p3/1p2P3/1N3B2/PPP1RQPP/4R2K","stockfishScores":{"wn":0.4901785714285714}},{"fenStr":"2r3k1/1b2bppp/2r2n2/pq2p3/1p2P3/1N2BB2/PPP1RQPP/4R2K","stockfishScores":{"bn":0.4913095238095238}},{"fenStr":"2r3k1/1b2bpp1/2r2n1p/pq2p3/1p2P3/1N2BB2/PPP1RQPP/4R2K","stockfishScores":{"wn":0.490952380952381}},{"fenStr":"2r3k1/1b2bpp1/2r2n1p/pq2p3/1p2P3/4BB2/PPP1RQPP/2N1R2K","stockfishScores":{"bn":0.48720238095238094}},{"fenStr":"2r3k1/1b2bpp1/5n1p/pq2p3/1pr1P3/4BB2/PPP1RQPP/2N1R2K","stockfishScores":{"wn":0.4866666666666667}},{"fenStr":"2r3k1/Bb2bpp1/5n1p/pq2p3/1pr1P3/5B2/PPP1RQPP/2N1R2K","stockfishScores":{"bn":0.48351190476190475}},{"fenStr":"2r3k1/Bb3pp1/5n1p/pqb1p3/1pr1P3/5B2/PPP1RQPP/2N1R2K","stockfishScores":{"wn":0.4794047619047619}},{"fenStr":"2r3k1/1b3pp1/5n1p/pqB1p3/1pr1P3/5B2/PPP1RQPP/2N1R2K","stockfishScores":{"bn":0.5110714285714286}},{"fenStr":"2r3k1/1b3pp1/5n1p/p1q1p3/1pr1P3/5B2/PPP1RQPP/2N1R2K","stockfishScores":{"wn":0.48654761904761906}},{"fenStr":"2r3k1/1b3pp1/5n1p/p1q1p3/1pr1P3/5BQ1/PPP1R1PP/2N1R2K","stockfishScores":{"bn":0.4866666666666667}},{"fenStr":"2r3k1/1b3pp1/5n1p/p1q1p3/1p2P3/5BQ1/PPr1R1PP/2N1R2K","stockfishScores":{"wn":0.47339285714285717}},{"fenStr":"2r3k1/1b3pp1/5n1p/p1q1p3/1p2P3/3N1BQ1/PPr1R1PP/4R2K","stockfishScores":{"bn":0.48428571428571426}},{"fenStr":"2r3k1/1b3pp1/5n1p/p3p3/1p1qP3/3N1BQ1/PPr1R1PP/4R2K","stockfishScores":{"wn":0.48297619047619045}},{"fenStr":"2r3k1/1b3pp1/5n1p/p3p3/1p1qP3/3N1BQ1/PPR3PP/4R2K","stockfishScores":{"bn":0.5219642857142857}},{"fenStr":"6k1/1b3pp1/5n1p/p3p3/1p1qP3/3N1BQ1/PPr3PP/4R2K","stockfishScores":{"wn":0.4824404761904762}},{"fenStr":"6k1/1b3pp1/5n1p/p3N3/1p1qP3/5BQ1/PPr3PP/4R2K","stockfishScores":{"bn":0.49089285714285713}},{"fenStr":"6k1/1b3pp1/7p/p3N3/1p1qn3/5BQ1/PPr3PP/4R2K","stockfishScores":{"wn":0.4831547619047619}},{"fenStr":"6k1/1b3pp1/7p/p3N3/1p1qB3/6Q1/PPr3PP/4R2K","stockfishScores":{"bn":0.5251190476190476}},{"fenStr":"6k1/5pp1/7p/p3N3/1p1qb3/6Q1/PPr3PP/4R2K","stockfishScores":{"wn":0.48369047619047617}},{"fenStr":"6k1/5pp1/7p/p7/1p1qb3/5NQ1/PPr3PP/4R2K","stockfishScores":{"bn":0.48970238095238094}},{"fenStr":"6k1/5pp1/7p/p2q4/1p2b3/5NQ1/PPr3PP/4R2K","stockfishScores":{"wn":0.48654761904761906}},{"fenStr":"6k1/5pp1/7p/p2q4/1p2bQ2/5N2/PPr3PP/4R2K","stockfishScores":{"bn":0.4830357142857143}},{"fenStr":"6k1/6p1/7p/p2q1p2/1p2bQ2/5N2/PPr3PP/4R2K","stockfishScores":{"wn":0.4820238095238095}},{"fenStr":"6k1/6p1/7p/p2q1p2/1p2bQ2/5N2/PPr3PP/5R1K","stockfishScores":{"bn":0.4807142857142857}},{"fenStr":"6k1/6p1/7p/p2q1p2/1p2bQ2/5N2/Pr4PP/5R1K","stockfishScores":{"wn":0.477797619047619}},{"fenStr":"1Q4k1/6p1/7p/p2q1p2/1p2b3/5N2/Pr4PP/5R1K","stockfishScores":{"bn":0.47625}},{"fenStr":"1Q6/6pk/7p/p2q1p2/1p2b3/5N2/Pr4PP/5R1K","stockfishScores":{"wn":0.47410714285714284}},{"fenStr":"4Q3/6pk/7p/p2q1p2/1p2b3/5N2/Pr4PP/5R1K","stockfishScores":{"bn":0.4764880952380952}},{"fenStr":"4Q3/6pk/7p/p2q1p2/1p6/5b2/Pr4PP/5R1K","stockfishScores":{"wn":0.45363095238095236}},{"fenStr":"4Q3/6pk/7p/p2q1p2/1p6/5P2/Pr5P/5R1K","stockfishScores":{"bn":0.4779761904761905}},{"fenStr":"4Q3/6pk/7p/p4p2/1p6/5P2/Pr1q3P/5R1K","stockfishScores":{"wn":0.46714285714285714}},{"fenStr":"8/6pk/7p/p4p1Q/1p6/5P2/Pr1q3P/5R1K","stockfishScores":{"bn":0.47410714285714284}},{"fenStr":"8/6pk/7p/p4p1Q/1p6/5P2/Pr4qP/5R1K","stockfishScores":{"wn":0.47351190476190474}}],"result":{"bw":true}}