{"fens":[{"fenStr":"rnbqkbnr/pppppppp/8/8/8/5N2/PPPPPPPP/RNBQKB1R","stockfishScores":{"bn":0.5038690476190476}},{"fenStr":"rnbqkb1r/pppppppp/5n2/8/8/5N2/PPPPPPPP/RNBQKB1R","stockfishScores":{"wn":0.5005952380952381}},{"fenStr":"rnbqkb1r/pppppppp/5n2/8/2P5/5N2/PP1PPPPP/RNBQKB1R","stockfishScores":{"bn":0.5021428571428571}},{"fenStr":"rnbqkb1r/p1pppppp/1p3n2/8/2P5/5N2/PP1PPPPP/RNBQKB1R","stockfishScores":{"wn":0.5011904761904762}},{"fenStr":"rnbqkb1r/p1pppppp/1p3n2/8/2P5/5NP1/PP1PPP1P/RNBQKB1R","stockfishScores":{"bn":0.5026190476190476}},{"fenStr":"rn1qkb1r/pbpppppp/1p3n2/8/2P5/5NP1/PP1PPP1P/RNBQKB1R","stockfishScores":{"wn":0.4979166666666667}},{"fenStr":"rn1qkb1r/pbpppppp/1p3n2/8/2P5/5NP1/PP1PPPBP/RNBQK2R","stockfishScores":{"bn":0.4990476190476191}},{"fenStr":"rn1qkb1r/pbpppp1p/1p3np1/8/2P5/5NP1/PP1PPPBP/RNBQK2R","stockfishScores":{"wn":0.4976190476190476}},{"fenStr":"rn1qkb1r/pbpppp1p/1p3np1/8/2P5/5NP1/PP1PPPBP/RNBQ1RK1","stockfishScores":{"bn":0.5056547619047619}},{"fenStr":"rn1qk2r/pbppppbp/1p3np1/8/2P5/5NP1/PP1PPPBP/RNBQ1RK1","stockfishScores":{"wn":0.5045238095238095}},{"fenStr":"rn1qk2r/pbppppbp/1p3np1/8/2PP4/5NP1/PP2PPBP/RNBQ1RK1","stockfishScores":{"bn":0.5117857142857143}},{"fenStr":"rn1q1rk1/pbppppbp/1p3np1/8/2PP4/5NP1/PP2PPBP/RNBQ1RK1","stockfishScores":{"wn":0.5033928571428572}},{"fenStr":"rn1q1rk1/pbppppbp/1p3np1/3P4/2P5/5NP1/PP2PPBP/RNBQ1RK1","stockfishScores":{"bn":0.5085714285714286}},{"fenStr":"r2q1rk1/pbppppbp/np3np1/3P4/2P5/5NP1/PP2PPBP/RNBQ1RK1","stockfishScores":{"wn":0.506547619047619}},{"fenStr":"r2q1rk1/pbppppbp/np3np1/3P4/2P5/2N2NP1/PP2PPBP/R1BQ1RK1","stockfishScores":{"bn":0.5094642857142857}},{"fenStr":"r2q1rk1/pbppppbp/1p3np1/2nP4/2P5/2N2NP1/PP2PPBP/R1BQ1RK1","stockfishScores":{"wn":0.5075}},{"fenStr":"r2q1rk1/pbppppbp/1p3np1/2nP4/2P5/2N2NP1/PPQ1PPBP/R1B2RK1","stockfishScores":{"bn":0.5070238095238095}},{"fenStr":"r2q1rk1/1bppppbp/1p3np1/p1nP4/2P5/2N2NP1/PPQ1PPBP/R1B2RK1","stockfishScores":{"wn":0.5060119047619047}},{"fenStr":"r2q1rk1/1bppppbp/1p3np1/p1nP4/2P1P3/2N2NP1/PPQ2PBP/R1B2RK1","stockfishScores":{"bn":0.5060119047619047}},{"fenStr":"r2q1rk1/1bp1ppbp/1p1p1np1/p1nP4/2P1P3/2N2NP1/PPQ2PBP/R1B2RK1","stockfishScores":{"wn":0.5032738095238095}},{"fenStr":"r2q1rk1/1bp1ppbp/1p1p1np1/p1nP4/2P1P3/2N2NP1/PPQ2PBP/1RB2RK1","stockfishScores":{"bn":0.5023809523809524}},{"fenStr":"r2q1rk1/1bp2pbp/1p1p1np1/p1nPp3/2P1P3/2N2NP1/PPQ2PBP/1RB2RK1","stockfishScores":{"wn":0.5010714285714286}},{"fenStr":"r2q1rk1/1bp2pbp/1p1p1np1/p1nPp3/2P1P3/1PN2NP1/P1Q2PBP/1RB2RK1","stockfishScores":{"bn":0.5014285714285714}},{"fenStr":"r1bq1rk1/2p2pbp/1p1p1np1/p1nPp3/2P1P3/1PN2NP1/P1Q2PBP/1RB2RK1","stockfishScores":{"wn":0.5026190476190476}},{"fenStr":"r1bq1rk1/2p2pbp/1p1p1np1/p1nPp3/2P1P3/1PN3P1/P1QN1PBP/1RB2RK1","stockfishScores":{"bn":0.4994642857142857}},{"fenStr":"r1bq1rk1/2p2pbp/1p1p2p1/p1nPp2n/2P1P3/1PN3P1/P1QN1PBP/1RB2RK1","stockfishScores":{"wn":0.5013690476190477}},{"fenStr":"r1bq1rk1/2p2pbp/1p1p2p1/p1nPp2n/2P1P3/PPN3P1/2QN1PBP/1RB2RK1","stockfishScores":{"bn":0.4995833333333333}},{"fenStr":"r1bq1rk1/2p3bp/1p1p2p1/p1nPpp1n/2P1P3/PPN3P1/2QN1PBP/1RB2RK1","stockfishScores":{"wn":0.5005357142857143}},{"fenStr":"r1bq1rk1/2p3bp/1p1p2p1/p1nPpp1n/1PP1P3/P1N3P1/2QN1PBP/1RB2RK1","stockfishScores":{"bn":0.5054761904761905}},{"fenStr":"r1bq1rk1/2p3bp/1p1p2p1/2nPpp1n/1pP1P3/P1N3P1/2QN1PBP/1RB2RK1","stockfishScores":{"wn":0.4876785714285714}},{"fenStr":"r1bq1rk1/2p3bp/1p1p2p1/2nPpp1n/1PP1P3/2N3P1/2QN1PBP/1RB2RK1","stockfishScores":{"bn":0.5032142857142857}},{"fenStr":"r1bq1rk1/2p3bp/np1p2p1/3Ppp1n/1PP1P3/2N3P1/2QN1PBP/1RB2RK1","stockfishScores":{"wn":0.5072023809523809}},{"fenStr":"r1bq1rk1/2p3bp/np1p2p1/3Ppp1n/1PP1P3/B1N3P1/2QN1PBP/1R3RK1","stockfishScores":{"bn":0.5076190476190476}},{"fenStr":"r1bq1rk1/2p3bp/np1p2p1/3Pp2n/1PP1Pp2/B1N3P1/2QN1PBP/1R3RK1","stockfishScores":{"wn":0.5053571428571428}},{"fenStr":"r1bq1rk1/2p3bp/np1p2p1/2PPp2n/1P2Pp2/B1N3P1/2QN1PBP/1R3RK1","stockfishScores":{"bn":0.5040476190476191}},{"fenStr":"r1b2rk1/2p3bp/np1p2p1/2PPp1qn/1P2Pp2/B1N3P1/2QN1PBP/1R3RK1","stockfishScores":{"wn":0.5072023809523809}},{"fenStr":"r1b2rk1/2p3bp/np1p2p1/2PPp1qn/1P2Pp2/B1N2NP1/2Q2PBP/1R3RK1","stockfishScores":{"bn":0.51125}},{"fenStr":"r1b2rk1/2p3bp/np1p2pq/2PPp2n/1P2Pp2/B1N2NP1/2Q2PBP/1R3RK1","stockfishScores":{"wn":0.5075595238095238}},{"fenStr":"r1b2rk1/2p3bp/nP1p2pq/3Pp2n/1P2Pp2/B1N2NP1/2Q2PBP/1R3RK1","stockfishScores":{"bn":0.512797619047619}},{"fenStr":"r4rk1/2p3bp/nP1p2pq/3Pp2n/1P2Ppb1/B1N2NP1/2Q2PBP/1R3RK1","stockfishScores":{"wn":0.5155357142857143}},{"fenStr":"r4rk1/2p3bp/nP1p2pq/3Pp2n/1P2Ppb1/2N2NP1/2Q2PBP/1RB2RK1","stockfishScores":{"bn":0.5144047619047619}},{"fenStr":"r4rk1/6bp/np1p2pq/3Pp2n/1P2Ppb1/2N2NP1/2Q2PBP/1RB2RK1","stockfishScores":{"wn":0.5039285714285714}},{"fenStr":"r4rk1/6bp/np1p2pq/1N1Pp2n/1P2Ppb1/5NP1/2Q2PBP/1RB2RK1","stockfishScores":{"bn":0.5029166666666667}},{"fenStr":"r1r3k1/6bp/np1p2pq/1N1Pp2n/1P2Ppb1/5NP1/2Q2PBP/1RB2RK1","stockfishScores":{"wn":0.4976785714285714}},{"fenStr":"r1r3k1/6bp/np1p2pq/1N1Pp2n/1P2Ppb1/3Q1NP1/5PBP/1RB2RK1","stockfishScores":{"bn":0.5028571428571429}},{"fenStr":"r1r3k1/6bp/np1p3q/1N1Pp1pn/1P2Ppb1/3Q1NP1/5PBP/1RB2RK1","stockfishScores":{"wn":0.5022619047619048}},{"fenStr":"r1r3k1/6bp/np1p3q/1N1Pp1pn/1P2Ppb1/3Q1NP1/3B1PBP/1R3RK1","stockfishScores":{"bn":0.5032142857142857}},{"fenStr":"r1r3k1/6bp/np1p2q1/1N1Pp1pn/1P2Ppb1/3Q1NP1/3B1PBP/1R3RK1","stockfishScores":{"wn":0.5023214285714286}},{"fenStr":"r1r3k1/6bp/np1p2q1/1N1Pp1pn/1P2Ppb1/3Q1NP1/3B1PBP/1RR3K1","stockfishScores":{"bn":0.5036904761904762}},{"fenStr":"r1r3k1/6bp/np1p2q1/1N1Pp1pn/1P2Pp2/3Q1bP1/3B1PBP/1RR3K1","stockfishScores":{"wn":0.48035714285714287}},{"fenStr":"r1r3k1/6bp/np1p2q1/1N1Pp1pn/1P2Pp2/3Q1BP1/3B1P1P/1RR3K1","stockfishScores":{"bn":0.5139285714285714}},{"fenStr":"r1r3k1/6bp/np1p2q1/1N1Pp2n/1P2Ppp1/3Q1BP1/3B1P1P/1RR3K1","stockfishScores":{"wn":0.5030357142857143}},{"fenStr":"r1r3k1/6bp/np1p2q1/1N1Pp2n/1P2Ppp1/3Q2P1/3B1PBP/1RR3K1","stockfishScores":{"bn":0.5057142857142857}},{"fenStr":"r1r3k1/6bp/np1p2q1/1N1Pp2n/1P2P1p1/3Q1pP1/3B1PBP/1RR3K1","stockfishScores":{"wn":0.5048809523809524}},{"fenStr":"r1r3k1/6bp/np1p2q1/1N1Pp2n/1P2P1p1/3Q1pP1/3B1P1P/1RR2BK1","stockfishScores":{"bn":0.508452380952381}},{"fenStr":"r1r3k1/7p/np1p2qb/1N1Pp2n/1P2P1p1/3Q1pP1/3B1P1P/1RR2BK1","stockfishScores":{"wn":0.5116071428571428}},{"fenStr":"r1R3k1/7p/np1p2qb/1N1Pp2n/1P2P1p1/3Q1pP1/3B1P1P/1R3BK1","stockfishScores":{"bn":0.5582142857142857}},{"fenStr":"2r3k1/7p/np1p2qb/1N1Pp2n/1P2P1p1/3Q1pP1/3B1P1P/1R3BK1","stockfishScores":{"wn":0.5076785714285714}},{"fenStr":"2r3k1/7p/np1p2qB/1N1Pp2n/1P2P1p1/3Q1pP1/5P1P/1R3BK1","stockfishScores":{"bn":0.5283928571428571}},{"fenStr":"2r3k1/7p/np1p3q/1N1Pp2n/1P2P1p1/3Q1pP1/5P1P/1R3BK1","stockfishScores":{"wn":0.5033333333333333}},{"fenStr":"2r3k1/N6p/np1p3q/3Pp2n/1P2P1p1/3Q1pP1/5P1P/1R3BK1","stockfishScores":{"bn":0.5073214285714286}},{"fenStr":"6k1/N1r4p/np1p3q/3Pp2n/1P2P1p1/3Q1pP1/5P1P/1R3BK1","stockfishScores":{"wn":0.5006547619047619}},{"fenStr":"6k1/N1r4p/Qp1p3q/3Pp2n/1P2P1p1/5pP1/5P1P/1R3BK1","stockfishScores":{"bn":0.5216071428571428}},{"fenStr":"6k1/N6p/Qp1p3q/3Pp2n/1P2P1p1/5pP1/2r2P1P/1R3BK1","stockfishScores":{"wn":0.522797619047619}},{"fenStr":"6k1/N6p/1Q1p3q/3Pp2n/1P2P1p1/5pP1/2r2P1P/1R3BK1","stockfishScores":{"bn":0.5297619047619048}},{"fenStr":"6k1/N6p/1Q1p1n1q/3Pp3/1P2P1p1/5pP1/2r2P1P/1R3BK1","stockfishScores":{"wn":0.5252976190476191}},{"fenStr":"6k1/N6p/1Q1p1n1q/3Pp3/1P2P1p1/5pP1/2r2P1P/4RBK1","stockfishScores":{"bn":0.5251785714285714}},{"fenStr":"6k1/N6p/1Q1p1n2/3Pp3/1P2P1p1/5pP1/2rq1P1P/4RBK1","stockfishScores":{"wn":0.524702380952381}},{"fenStr":"6k1/N6p/3p1n2/3Pp3/1P2P1p1/4QpP1/2rq1P1P/4RBK1","stockfishScores":{"bn":0.5255357142857143}},{"fenStr":"6k1/N6p/3p1n2/3Pp3/1q2P1p1/4QpP1/2r2P1P/4RBK1","stockfishScores":{"wn":0.5192261904761905}},{"fenStr":"6k1/7p/2Np1n2/3Pp3/1q2P1p1/4QpP1/2r2P1P/4RBK1","stockfishScores":{"bn":0.5367857142857143}},{"fenStr":"6k1/7p/2Np1n2/3Pp3/4P1p1/4QpP1/1qr2P1P/4RBK1","stockfishScores":{"wn":0.5347619047619048}},{"fenStr":"6k1/7p/2Np1n2/3Pp3/4P1p1/3BQpP1/1qr2P1P/4R1K1","stockfishScores":{"bn":0.5372023809523809}},{"fenStr":"6k1/7p/2Np1n2/3Pp3/4P1p1/2rBQpP1/1q3P1P/4R1K1","stockfishScores":{"wn":0.5360119047619047}},{"fenStr":"6k1/7p/2Np1n2/3Pp1Q1/4P1p1/2rB1pP1/1q3P1P/4R1K1","stockfishScores":{"bn":0.5335119047619048}},{"fenStr":"8/5k1p/2Np1n2/3Pp1Q1/4P1p1/2rB1pP1/1q3P1P/4R1K1","stockfishScores":{"wn":0.5461904761904762}},{"fenStr":"3N4/5k1p/3p1n2/3Pp1Q1/4P1p1/2rB1pP1/1q3P1P/4R1K1","stockfishScores":{"bn":0.5285119047619048}},{"fenStr":"3N4/4k2p/3p1n2/3Pp1Q1/4P1p1/2rB1pP1/1q3P1P/4R1K1","stockfishScores":{"wn":0.5442261904761905}},{"fenStr":"8/4k2p/3pNn2/3Pp1Q1/4P1p1/2rB1pP1/1q3P1P/4R1K1","stockfishScores":{"bn":0.5495238095238095}},{"fenStr":"8/4k2p/3pNn2/3Pp1Q1/4P1p1/3r1pP1/1q3P1P/4R1K1","stockfishScores":{"wn":0.5205357142857143}},{"fenStr":"8/4k1Qp/3pNn2/3Pp3/4P1p1/3r1pP1/1q3P1P/4R1K1","stockfishScores":{"bn":0.5160119047619047}},{"fenStr":"4k3/6Qp/3pNn2/3Pp3/4P1p1/3r1pP1/1q3P1P/4R1K1","stockfishScores":{"wn":0.5406547619047619}},{"fenStr":"4kQ2/7p/3pNn2/3Pp3/4P1p1/3r1pP1/1q3P1P/4R1K1","stockfishScores":{"bn":0.5226190476190476}},{"fenStr":"5Q2/3k3p/3pNn2/3Pp3/4P1p1/3r1pP1/1q3P1P/4R1K1","stockfishScores":{"wn":0.5313690476190476}},{"fenStr":"3Q4/3k3p/3pNn2/3Pp3/4P1p1/3r1pP1/1q3P1P/4R1K1","stockfishScores":{"bn":0.5405952380952381}}],"result":{"ww":true}}