{"fens":[{"fenStr":"rnbqkbnr/pppppppp/8/8/4P3/8/PPPP1PPP/RNBQKBNR","stockfishScores":{"bn":0.5049404761904762}},{"fenStr":"rnbqkbnr/pppp1ppp/8/4p3/4P3/8/PPPP1PPP/RNBQKBNR","stockfishScores":{"wn":0.5005952380952381}},{"fenStr":"rnbqkbnr/pppp1ppp/8/4p3/4P3/5N2/PPPP1PPP/RNBQKB1R","stockfishScores":{"bn":0.5044047619047619}},{"fenStr":"r1bqkbnr/pppp1ppp/2n5/4p3/4P3/5N2/PPPP1PPP/RNBQKB1R","stockfishScores":{"wn":0.5004166666666666}},{"fenStr":"r1bqkbnr/pppp1ppp/2n5/1B2p3/4P3/5N2/PPPP1PPP/RNBQK2R","stockfishScores":{"bn":0.5002380952380953}},{"fenStr":"r1bqkbnr/1ppp1ppp/p1n5/1B2p3/4P3/5N2/PPPP1PPP/RNBQK2R","stockfishScores":{"wn":0.49535714285714283}},{"fenStr":"r1bqkbnr/1ppp1ppp/p1n5/4p3/B3P3/5N2/PPPP1PPP/RNBQK2R","stockfishScores":{"bn":0.49654761904761907}},{"fenStr":"r1bqkb1r/1ppp1ppp/p1n2n2/4p3/B3P3/5N2/PPPP1PPP/RNBQK2R","stockfishScores":{"wn":0.49273809523809525}},{"fenStr":"r1bqkb1r/1ppp1ppp/p1n2n2/4p3/B3P3/5N2/PPPP1PPP/RNBQ1RK1","stockfishScores":{"bn":0.5022619047619048}},{"fenStr":"r1bqk2r/1pppbppp/p1n2n2/4p3/B3P3/5N2/PPPP1PPP/RNBQ1RK1","stockfishScores":{"wn":0.5031547619047619}},{"fenStr":"r1bqk2r/1pppbppp/p1n2n2/4p3/B3P3/5N2/PPPP1PPP/RNBQR1K1","stockfishScores":{"bn":0.5042857142857143}},{"fenStr":"r1bqk2r/2ppbppp/p1n2n2/1p2p3/B3P3/5N2/PPPP1PPP/RNBQR1K1","stockfishScores":{"wn":0.49773809523809526}},{"fenStr":"r1bqk2r/2ppbppp/p1n2n2/1p2p3/4P3/1B3N2/PPPP1PPP/RNBQR1K1","stockfishScores":{"bn":0.5060714285714286}},{"fenStr":"r1bqk2r/2p1bppp/p1np1n2/1p2p3/4P3/1B3N2/PPPP1PPP/RNBQR1K1","stockfishScores":{"wn":0.5039285714285714}},{"fenStr":"r1bqk2r/2p1bppp/p1np1n2/1p2p3/4P3/1BP2N2/PP1P1PPP/RNBQR1K1","stockfishScores":{"bn":0.504702380952381}},{"fenStr":"r1bq1rk1/2p1bppp/p1np1n2/1p2p3/4P3/1BP2N2/PP1P1PPP/RNBQR1K1","stockfishScores":{"wn":0.49351190476190476}},{"fenStr":"r1bq1rk1/2p1bppp/p1np1n2/1p2p3/4P3/1BP2N1P/PP1P1PP1/RNBQR1K1","stockfishScores":{"bn":0.49404761904761907}},{"fenStr":"r1bq1rk1/2p1bppp/p2p1n2/np2p3/4P3/1BP2N1P/PP1P1PP1/RNBQR1K1","stockfishScores":{"wn":0.4936904761904762}},{"fenStr":"r1bq1rk1/2p1bppp/p2p1n2/np2p3/4P3/2P2N1P/PPBP1PP1/RNBQR1K1","stockfishScores":{"bn":0.49720238095238095}},{"fenStr":"r1bq1rk1/4bppp/p2p1n2/npp1p3/4P3/2P2N1P/PPBP1PP1/RNBQR1K1","stockfishScores":{"wn":0.49529761904761904}},{"fenStr":"r1bq1rk1/4bppp/p2p1n2/npp1p3/3PP3/2P2N1P/PPB2PP1/RNBQR1K1","stockfishScores":{"bn":0.501547619047619}},{"fenStr":"r1bq1rk1/4bppp/p1np1n2/1pp1p3/3PP3/2P2N1P/PPB2PP1/RNBQR1K1","stockfishScores":{"wn":0.5017857142857143}},{"fenStr":"r1bq1rk1/4bppp/p1np1n2/1ppPp3/4P3/2P2N1P/PPB2PP1/RNBQR1K1","stockfishScores":{"bn":0.5072023809523809}},{"fenStr":"r1bq1rk1/4bppp/p2p1n2/nppPp3/4P3/2P2N1P/PPB2PP1/RNBQR1K1","stockfishScores":{"wn":0.5044642857142857}},{"fenStr":"r1bq1rk1/4bppp/p2p1n2/nppPp3/4P3/1PP2N1P/P1B2PP1/RNBQR1K1","stockfishScores":{"bn":0.5041071428571429}},{"fenStr":"r1bqr1k1/4bppp/p2p1n2/nppPp3/4P3/1PP2N1P/P1B2PP1/RNBQR1K1","stockfishScores":{"wn":0.5049404761904762}},{"fenStr":"r1bqr1k1/4bppp/p2p1n2/nppPp3/4P3/1PP1BN1P/P1B2PP1/RN1QR1K1","stockfishScores":{"bn":0.5040476190476191}},{"fenStr":"r2qr1k1/3bbppp/p2p1n2/nppPp3/4P3/1PP1BN1P/P1B2PP1/RN1QR1K1","stockfishScores":{"wn":0.503095238095238}},{"fenStr":"r2qr1k1/3bbppp/p2p1n2/nppPp3/4P3/1PP1BN1P/P1BN1PP1/R2QR1K1","stockfishScores":{"bn":0.5060714285714286}},{"fenStr":"r2qr1k1/1n1bbppp/p2p1n2/1ppPp3/4P3/1PP1BN1P/P1BN1PP1/R2QR1K1","stockfishScores":{"wn":0.5061904761904762}},{"fenStr":"r2qr1k1/1n1bbppp/p2p1n2/1ppPp3/P3P3/1PP1BN1P/2BN1PP1/R2QR1K1","stockfishScores":{"bn":0.5059523809523809}},{"fenStr":"r2qr1k1/1n1bbp1p/p2p1np1/1ppPp3/P3P3/1PP1BN1P/2BN1PP1/R2QR1K1","stockfishScores":{"wn":0.5088095238095238}},{"fenStr":"r2qr1k1/1n1bbp1p/p2p1np1/1ppPp3/P3P3/1PPBBN1P/3N1PP1/R2QR1K1","stockfishScores":{"bn":0.5079761904761905}},{"fenStr":"r2qr1k1/1n1bbp1p/p2p2p1/1ppPp2n/P3P3/1PPBBN1P/3N1PP1/R2QR1K1","stockfishScores":{"wn":0.5104166666666666}},{"fenStr":"r2qr1k1/1n1bbp1p/p2p2p1/1ppPp2n/P3P3/1PPBBN1P/2QN1PP1/R3R1K1","stockfishScores":{"bn":0.5093452380952381}},{"fenStr":"r2qr1k1/1n1b1p1p/p2p1bp1/1ppPp2n/P3P3/1PPBBN1P/2QN1PP1/R3R1K1","stockfishScores":{"wn":0.5104166666666666}},{"fenStr":"r2qr1k1/1n1b1p1p/p2p1bp1/1ppPp2n/P3P3/1PPBBN1P/R1QN1PP1/4R1K1","stockfishScores":{"bn":0.50875}},{"fenStr":"r2qr1k1/1n1b1p1p/p2p1bp1/1ppPp3/P3Pn2/1PPBBN1P/R1QN1PP1/4R1K1","stockfishScores":{"wn":0.5025}},{"fenStr":"r2qr1k1/1n1b1p1p/p2p1bp1/1ppPp3/P3Pn2/1PP1BN1P/R1QN1PP1/4RBK1","stockfishScores":{"bn":0.505297619047619}},{"fenStr":"r2qr1k1/1n1b1pbp/p2p2p1/1ppPp3/P3Pn2/1PP1BN1P/R1QN1PP1/4RBK1","stockfishScores":{"wn":0.5051190476190476}},{"fenStr":"r2qr1k1/1n1b1pbp/p2p2p1/1PpPp3/4Pn2/1PP1BN1P/R1QN1PP1/4RBK1","stockfishScores":{"bn":0.5146428571428572}},{"fenStr":"r2qr1k1/1n1b1pbp/3p2p1/1ppPp3/4Pn2/1PP1BN1P/R1QN1PP1/4RBK1","stockfishScores":{"wn":0.5038690476190476}},{"fenStr":"r2qr1k1/1n1b1pbp/3p2p1/1ppPp3/4Pn2/1PP1BN1P/R1QN1PP1/R4BK1","stockfishScores":{"bn":0.5086309523809524}},{"fenStr":"1r1qr1k1/1n1b1pbp/3p2p1/1ppPp3/4Pn2/1PP1BN1P/R1QN1PP1/R4BK1","stockfishScores":{"wn":0.507797619047619}},{"fenStr":"1r1qr1k1/1n1b1pbp/3p2p1/1ppPp3/4Pn2/1PP1BNPP/R1QN1P2/R4BK1","stockfishScores":{"bn":0.5070833333333333}},{"fenStr":"1r1qr1k1/1n1b1pbp/3p2p1/1ppPp3/4P3/1PP1BNPn/R1QN1P2/R4BK1","stockfishScores":{"wn":0.5029761904761905}},{"fenStr":"1r1qr1k1/1n1b1pbp/3p2p1/1ppPp3/4P3/1PP1BNPn/R1QN1P1K/R4B2","stockfishScores":{"bn":0.5026785714285714}},{"fenStr":"1rq1r1k1/1n1b1pbp/3p2p1/1ppPp3/4P3/1PP1BNPn/R1QN1P1K/R4B2","stockfishScores":{"wn":0.5038095238095238}},{"fenStr":"1rq1r1k1/1n1b1pbp/R2p2p1/1ppPp3/4P3/1PP1BNPn/2QN1P1K/R4B2","stockfishScores":{"bn":0.5044642857142857}},{"fenStr":"1rq1r1k1/1n1b1pb1/R2p2pp/1ppPp3/4P3/1PP1BNPn/2QN1P1K/R4B2","stockfishScores":{"wn":0.5051190476190476}},{"fenStr":"1rq1r1k1/1n1b1pb1/R2p2pp/1ppPp3/4P3/1PP1BNPB/2QN1P1K/R7","stockfishScores":{"bn":0.5264285714285715}},{"fenStr":"1rq1r1k1/1n3pb1/R2p2pp/1ppPp3/4P3/1PP1BNPb/2QN1P1K/R7","stockfishScores":{"wn":0.4975}},{"fenStr":"1rq1r1k1/1n3pb1/2Rp2pp/1ppPp3/4P3/1PP1BNPb/2QN1P1K/R7","stockfishScores":{"bn":0.49333333333333335}},{"fenStr":"1r2r1k1/1n1q1pb1/2Rp2pp/1ppPp3/4P3/1PP1BNPb/2QN1P1K/R7","stockfishScores":{"wn":0.49291666666666667}},{"fenStr":"1r2r1k1/1n1q1pb1/2Rp2pp/1ppPp3/4P3/1PP1B1Pb/2QN1P1K/R5N1","stockfishScores":{"bn":0.49529761904761904}},{"fenStr":"1r2r1k1/1n1q1pb1/2Rp2pp/1ppPp3/4P1b1/1PP1B1P1/2QN1P1K/R5N1","stockfishScores":{"wn":0.4913690476190476}},{"fenStr":"1r2r1k1/1n1q1pb1/2Rp2pp/1ppPp3/4P1b1/1PP1BPP1/2QN3K/R5N1","stockfishScores":{"bn":0.4944642857142857}},{"fenStr":"1r2r1k1/1n1q1pb1/2Rp2pp/1ppPp2b/4P3/1PP1BPP1/2QN3K/R5N1","stockfishScores":{"wn":0.49410714285714286}},{"fenStr":"1r2r1k1/1n1q1pb1/2Rp2pp/1ppPp2b/4P1P1/1PP1BP2/2QN3K/R5N1","stockfishScores":{"bn":0.4963690476190476}},{"fenStr":"1r2r1k1/1n1q1pb1/2Rp2pp/1ppPp3/4P1b1/1PP1BP2/2QN3K/R5N1","stockfishScores":{"wn":0.4876190476190476}},{"fenStr":"1r2r1k1/1n1q1pb1/2Rp2pp/1ppPp3/4P1P1/1PP1B3/2QN3K/R5N1","stockfishScores":{"bn":0.5082142857142857}},{"fenStr":"1r2r1k1/1n3pb1/2Rp2pp/1ppPp3/4P1q1/1PP1B3/2QN3K/R5N1","stockfishScores":{"wn":0.4903571428571429}},{"fenStr":"1r2r1k1/Rn3pb1/2Rp2pp/1ppPp3/4P1q1/1PP1B3/2QN3K/6N1","stockfishScores":{"bn":0.48833333333333334}},{"fenStr":"1r2r1k1/Rn3p2/2Rp1bpp/1ppPp3/4P1q1/1PP1B3/2QN3K/6N1","stockfishScores":{"wn":0.49041666666666667}},{"fenStr":"1r2r1k1/Rn3p2/1R1p1bpp/1ppPp3/4P1q1/1PP1B3/2QN3K/6N1","stockfishScores":{"bn":0.4926785714285714}},{"fenStr":"1r2r1k1/Rn3p2/1R1p2pp/1ppPp1b1/4P1q1/1PP1B3/2QN3K/6N1","stockfishScores":{"wn":0.48547619047619045}},{"fenStr":"1r2r1k1/Rn3p2/1R1p2pp/1ppPp1B1/4P1q1/1PP5/2QN3K/6N1","stockfishScores":{"bn":0.5197619047619048}},{"fenStr":"1r2r1k1/Rn3p2/1R1p2p1/1ppPp1p1/4P1q1/1PP5/2QN3K/6N1","stockfishScores":{"wn":0.4905357142857143}},{"fenStr":"1r2r1k1/Rn3p2/1R1p2p1/1ppPp1p1/4P1q1/1PP5/2Q4K/5NN1","stockfishScores":{"bn":0.4955952380952381}},{"fenStr":"1r2r3/Rn3pk1/1R1p2p1/1ppPp1p1/4P1q1/1PP5/2Q4K/5NN1","stockfishScores":{"wn":0.4768452380952381}},{"fenStr":"1r2r3/Rn3pk1/1R1p2p1/1ppPp1p1/4P1q1/1PP3N1/2Q4K/6N1","stockfishScores":{"bn":0.48125}},{"fenStr":"1r5r/Rn3pk1/1R1p2p1/1ppPp1p1/4P1q1/1PP3N1/2Q4K/6N1","stockfishScores":{"wn":0.4754761904761905}},{"fenStr":"1r5r/Rn3pk1/1R1p2p1/1ppPp1p1/4P1q1/1PP3N1/2Q3K1/6N1","stockfishScores":{"bn":0.4875}},{"fenStr":"1r6/Rn3pk1/1R1p2p1/1ppPp1p1/4P1q1/1PP3N1/2Q3K1/6Nr","stockfishScores":{"wn":0.4886309523809524}},{"fenStr":"1r6/Rn3pk1/1R1p2p1/1ppPp1p1/4P1q1/1PP3N1/5QK1/6Nr","stockfishScores":{"bn":0.48077380952380955}},{"fenStr":"7r/Rn3pk1/1R1p2p1/1ppPp1p1/4P1q1/1PP3N1/5QK1/6Nr","stockfishScores":{"wn":0.4411309523809524}},{"fenStr":"7r/Rn3Qk1/1R1p2p1/1ppPp1p1/4P1q1/1PP3N1/6K1/6Nr","stockfishScores":{"bn":0.43202380952380953}},{"fenStr":"7r/Rn3k2/1R1p2p1/1ppPp1p1/4P1q1/1PP3N1/6K1/6Nr","stockfishScores":{"wn":0.43851190476190477}},{"fenStr":"7r/RR3k2/3p2p1/1ppPp1p1/4P1q1/1PP3N1/6K1/6Nr","stockfishScores":{"bn":0.4075}},{"fenStr":"7r/RR6/3p1kp1/1ppPp1p1/4P1q1/1PP3N1/6K1/6Nr","stockfishScores":{"wn":0.4125}},{"fenStr":"7r/R4R2/3p1kp1/1ppPp1p1/4P1q1/1PP3N1/6K1/6Nr","stockfishScores":{"bn":0.40476190476190477}}],"result":{"ww":true}}