{"fens":[{"fenStr":"rnbqkbnr/pppppppp/8/8/3P4/8/PPP1PPPP/RNBQKBNR","stockfishScores":{"bn":0.5048809523809524}},{"fenStr":"rnbqkb1r/pppppppp/5n2/8/3P4/8/PPP1PPPP/RNBQKBNR","stockfishScores":{"wn":0.5016071428571428}},{"fenStr":"rnbqkb1r/pppppppp/5n2/8/3P4/5N2/PPP1PPPP/RNBQKB1R","stockfishScores":{"bn":0.5051785714285715}},{"fenStr":"rnbqkb1r/pppppp1p/5np1/8/3P4/5N2/PPP1PPPP/RNBQKB1R","stockfishScores":{"wn":0.5045833333333334}},{"fenStr":"rnbqkb1r/pppppp1p/5np1/8/2PP4/5N2/PP2PPPP/RNBQKB1R","stockfishScores":{"bn":0.5070833333333333}},{"fenStr":"rnbqk2r/ppppppbp/5np1/8/2PP4/5N2/PP2PPPP/RNBQKB1R","stockfishScores":{"wn":0.5059523809523809}},{"fenStr":"rnbqk2r/ppppppbp/5np1/8/2PP4/2N2N2/PP2PPPP/R1BQKB1R","stockfishScores":{"bn":0.5090476190476191}},{"fenStr":"rnbq1rk1/ppppppbp/5np1/8/2PP4/2N2N2/PP2PPPP/R1BQKB1R","stockfishScores":{"wn":0.5008928571428571}},{"fenStr":"rnbq1rk1/ppppppbp/5np1/8/2PP1B2/2N2N2/PP2PPPP/R2QKB1R","stockfishScores":{"bn":0.5005357142857143}},{"fenStr":"rnbq1rk1/ppp1ppbp/3p1np1/8/2PP1B2/2N2N2/PP2PPPP/R2QKB1R","stockfishScores":{"wn":0.4955357142857143}},{"fenStr":"rnbq1rk1/ppp1ppbp/3p1np1/8/2PP1B2/2N1PN2/PP3PPP/R2QKB1R","stockfishScores":{"bn":0.49773809523809526}},{"fenStr":"r1bq1rk1/pppnppbp/3p1np1/8/2PP1B2/2N1PN2/PP3PPP/R2QKB1R","stockfishScores":{"wn":0.4967261904761905}},{"fenStr":"r1bq1rk1/pppnppbp/3p1np1/8/2PP1B2/2N1PN2/PP2BPPP/R2QK2R","stockfishScores":{"bn":0.4961309523809524}},{"fenStr":"r1bq1rk1/pp1nppbp/2pp1np1/8/2PP1B2/2N1PN2/PP2BPPP/R2QK2R","stockfishScores":{"wn":0.4951190476190476}},{"fenStr":"r1bq1rk1/pp1nppbp/2pp1np1/8/2PP1B2/2N1PN2/PP2BPPP/R2Q1RK1","stockfishScores":{"bn":0.50625}},{"fenStr":"r1bq1rk1/1p1nppbp/p1pp1np1/8/2PP1B2/2N1PN2/PP2BPPP/R2Q1RK1","stockfishScores":{"wn":0.5070833333333333}},{"fenStr":"r1bq1rk1/1p1nppbp/p1pp1np1/8/2PP1B2/P1N1PN2/1P2BPPP/R2Q1RK1","stockfishScores":{"bn":0.5064880952380952}},{"fenStr":"r1bq1rk1/3nppbp/p1pp1np1/1p6/2PP1B2/P1N1PN2/1P2BPPP/R2Q1RK1","stockfishScores":{"wn":0.50625}},{"fenStr":"r1bq1rk1/3nppbp/p1pp1np1/1p6/2PP1B2/P1N1PN1P/1P2BPP1/R2Q1RK1","stockfishScores":{"bn":0.5069642857142858}},{"fenStr":"r1bq1rk1/4ppbp/pnpp1np1/1p6/2PP1B2/P1N1PN1P/1P2BPP1/R2Q1RK1","stockfishScores":{"wn":0.5078571428571429}},{"fenStr":"r1bq1rk1/4ppbp/pnpp1np1/1p6/2PP1B2/P1N1P2P/1P1NBPP1/R2Q1RK1","stockfishScores":{"bn":0.5069642857142858}},{"fenStr":"r2q1rk1/3bppbp/pnpp1np1/1p6/2PP1B2/P1N1P2P/1P1NBPP1/R2Q1RK1","stockfishScores":{"wn":0.50625}},{"fenStr":"r2q1rk1/3bppbp/pnpp1np1/1p6/2PPPB2/P1N4P/1P1NBPP1/R2Q1RK1","stockfishScores":{"bn":0.5056547619047619}},{"fenStr":"r2q1rk1/3bppbp/pnpp1np1/8/2pPPB2/P1N4P/1P1NBPP1/R2Q1RK1","stockfishScores":{"wn":0.5007142857142857}},{"fenStr":"r2q1rk1/3bppbp/pnpp1np1/8/2NPPB2/P1N4P/1P2BPP1/R2Q1RK1","stockfishScores":{"bn":0.5073214285714286}},{"fenStr":"r2q1rk1/4ppbp/pnppbnp1/8/2NPPB2/P1N4P/1P2BPP1/R2Q1RK1","stockfishScores":{"wn":0.5070238095238095}},{"fenStr":"r2q1rk1/4ppbp/pnppbnp1/N7/3PPB2/P1N4P/1P2BPP1/R2Q1RK1","stockfishScores":{"bn":0.509702380952381}},{"fenStr":"r2q1rk1/3bppbp/pnpp1np1/N7/3PPB2/P1N4P/1P2BPP1/R2Q1RK1","stockfishScores":{"wn":0.5092857142857143}},{"fenStr":"r2q1rk1/3bppbp/pnpp1np1/N7/1P1PPB2/P1N4P/4BPP1/R2Q1RK1","stockfishScores":{"bn":0.508095238095238}},{"fenStr":"r2qnrk1/3bppbp/pnpp2p1/N7/1P1PPB2/P1N4P/4BPP1/R2Q1RK1","stockfishScores":{"wn":0.5114880952380952}},{"fenStr":"r2qnrk1/3bppbp/pnpp2p1/N7/1P1PPB2/P1N4P/4BPP1/2RQ1RK1","stockfishScores":{"bn":0.511547619047619}},{"fenStr":"r2q1rk1/2nbppbp/pnpp2p1/N7/1P1PPB2/P1N4P/4BPP1/2RQ1RK1","stockfishScores":{"wn":0.5103571428571428}},{"fenStr":"r2q1rk1/2nbppbp/pnpp2p1/N7/1P1PPB2/P1N4P/3QBPP1/2R2RK1","stockfishScores":{"bn":0.5100595238095238}},{"fenStr":"r2q1rk1/2nbp1bp/pnpp2p1/N4p2/1P1PPB2/P1N4P/3QBPP1/2R2RK1","stockfishScores":{"wn":0.5183928571428571}},{"fenStr":"r2q1rk1/2nbp1bp/pnpp2p1/N4p2/1P1PPB2/P1N2P1P/3QB1P1/2R2RK1","stockfishScores":{"bn":0.5167857142857143}},{"fenStr":"r2q1rk1/3bp1bp/pnppn1p1/N4p2/1P1PPB2/P1N2P1P/3QB1P1/2R2RK1","stockfishScores":{"wn":0.504702380952381}},{"fenStr":"r2q1rk1/3bp1bp/pnppn1p1/N4p2/1P1PP3/P1N1BP1P/3QB1P1/2R2RK1","stockfishScores":{"bn":0.5066071428571428}},{"fenStr":"r2q1rk1/3bp1bp/pnppn1p1/N7/1P1PPp2/P1N1BP1P/3QB1P1/2R2RK1","stockfishScores":{"wn":0.5028571428571429}},{"fenStr":"r2q1rk1/3bp1bp/pnppn1p1/N7/1P1PPp2/P1N2P1P/3QBBP1/2R2RK1","stockfishScores":{"bn":0.5067261904761905}},{"fenStr":"r2q1rk1/3bp1bp/pnp1n1p1/N2p4/1P1PPp2/P1N2P1P/3QBBP1/2R2RK1","stockfishScores":{"wn":0.5064285714285715}},{"fenStr":"r2q1rk1/3bp1bp/pnp1n1p1/N2pP3/1P1P1p2/P1N2P1P/3QBBP1/2R2RK1","stockfishScores":{"bn":0.5064285714285715}},{"fenStr":"r2q2k1/3bp1bp/pnp1n1p1/N2pPr2/1P1P1p2/P1N2P1P/3QBBP1/2R2RK1","stockfishScores":{"wn":0.5086309523809524}},{"fenStr":"r2q2k1/3bp1bp/pnp1n1p1/N2pPr2/1P1P1p2/P1NB1P1P/3Q1BP1/2R2RK1","stockfishScores":{"bn":0.5114880952380952}},{"fenStr":"r2q2k1/3bp1bp/pnp1n1p1/N2pP2r/1P1P1p2/P1NB1P1P/3Q1BP1/2R2RK1","stockfishScores":{"wn":0.5102380952380953}},{"fenStr":"r2q2k1/3bp1bp/pnp1n1p1/N2pP2r/1P1P1p2/P2B1P1P/3QNBP1/2R2RK1","stockfishScores":{"bn":0.5089285714285714}},{"fenStr":"r3q1k1/3bp1bp/pnp1n1p1/N2pP2r/1P1P1p2/P2B1P1P/3QNBP1/2R2RK1","stockfishScores":{"wn":0.5089880952380952}},{"fenStr":"r3q1k1/3bp1bp/pnp1n1p1/N2pP2r/1P1P1p2/P2B1P1P/2RQNBP1/5RK1","stockfishScores":{"bn":0.5069642857142858}},{"fenStr":"r3q1k1/3bp1bp/pnp1n3/N2pP1pr/1P1P1p2/P2B1P1P/2RQNBP1/5RK1","stockfishScores":{"wn":0.5107142857142857}},{"fenStr":"r3q1k1/3bp1bp/pnp1n3/N2pPBpr/1P1P1p2/P4P1P/2RQNBP1/5RK1","stockfishScores":{"bn":0.5120833333333333}},{"fenStr":"r5k1/3bpqbp/pnp1n3/N2pPBpr/1P1P1p2/P4P1P/2RQNBP1/5RK1","stockfishScores":{"wn":0.5104166666666666}},{"fenStr":"r5k1/3bpqbp/pnp1n3/N2pP1pr/1P1P1pB1/P4P1P/2RQNBP1/5RK1","stockfishScores":{"bn":0.5129761904761905}},{"fenStr":"2r3k1/3bpqbp/pnp1n3/N2pP1pr/1P1P1pB1/P4P1P/2RQNBP1/5RK1","stockfishScores":{"wn":0.513452380952381}},{"fenStr":"2r3k1/3bpqbp/pnp1n3/N2pP1pB/1P1P1p2/P4P1P/2RQNBP1/5RK1","stockfishScores":{"bn":0.5407142857142857}},{"fenStr":"2r3k1/3bp1bp/pnp1n3/N2pP1pq/1P1P1p2/P4P1P/2RQNBP1/5RK1","stockfishScores":{"wn":0.513452380952381}},{"fenStr":"2r3k1/3bp1bp/pnp1n3/N2pP1pq/1P1P1p2/P4P1P/2RQNBP1/2R3K1","stockfishScores":{"bn":0.5133928571428571}},{"fenStr":"2r3k1/3bpqbp/pnp1n3/N2pP1p1/1P1P1p2/P4P1P/2RQNBP1/2R3K1","stockfishScores":{"wn":0.5126785714285714}},{"fenStr":"2r3k1/3bpqbp/pnp1n3/N2pP1p1/1P1P1p2/P2Q1P1P/2R1NBP1/2R3K1","stockfishScores":{"bn":0.5145238095238095}},{"fenStr":"2r3k1/3bpqb1/pnp1n3/N2pP1pp/1P1P1p2/P2Q1P1P/2R1NBP1/2R3K1","stockfishScores":{"wn":0.51625}},{"fenStr":"2r3k1/3bpqb1/Qnp1n3/N2pP1pp/1P1P1p2/P4P1P/2R1NBP1/2R3K1","stockfishScores":{"bn":0.5135714285714286}},{"fenStr":"n1r3k1/3bpqb1/Q1p1n3/N2pP1pp/1P1P1p2/P4P1P/2R1NBP1/2R3K1","stockfishScores":{"wn":0.5223214285714286}},{"fenStr":"n1r3k1/3bpqb1/Q1N1n3/3pP1pp/1P1P1p2/P4P1P/2R1NBP1/2R3K1","stockfishScores":{"bn":0.522797619047619}},{"fenStr":"2r3k1/2nbpqb1/Q1N1n3/3pP1pp/1P1P1p2/P4P1P/2R1NBP1/2R3K1","stockfishScores":{"wn":0.5174404761904762}},{"fenStr":"2r3k1/2nbpqb1/2N1n3/3pP1pp/1P1P1p2/P2Q1P1P/2R1NBP1/2R3K1","stockfishScores":{"bn":0.5272619047619047}},{"fenStr":"2r3k1/2nbpqb1/2N1n3/3pP2p/1P1P1pp1/P2Q1P1P/2R1NBP1/2R3K1","stockfishScores":{"wn":0.5278571428571428}},{"fenStr":"2r3k1/N1nbpqb1/4n3/3pP2p/1P1P1pp1/P2Q1P1P/2R1NBP1/2R3K1","stockfishScores":{"bn":0.5263095238095238}},{"fenStr":"5rk1/N1nbpqb1/4n3/3pP2p/1P1P1pp1/P2Q1P1P/2R1NBP1/2R3K1","stockfishScores":{"wn":0.52625}},{"fenStr":"5rk1/N1Rbpqb1/4n3/3pP2p/1P1P1pp1/P2Q1P1P/4NBP1/2R3K1","stockfishScores":{"bn":0.544345238095238}},{"fenStr":"5rk1/N1nbpqb1/8/3pP2p/1P1P1pp1/P2Q1P1P/4NBP1/2R3K1","stockfishScores":{"wn":0.5132738095238095}},{"fenStr":"5rk1/N1Rbpqb1/8/3pP2p/1P1P1pp1/P2Q1P1P/4NBP1/6K1","stockfishScores":{"bn":0.5391071428571429}},{"fenStr":"5rk1/N1R1pqb1/8/3pPb1p/1P1P1pp1/P2Q1P1P/4NBP1/6K1","stockfishScores":{"wn":0.5360119047619047}},{"fenStr":"5rk1/N1R1pqb1/8/3pPb1p/1P1P1pp1/P4P1P/3QNBP1/6K1","stockfishScores":{"bn":0.5393452380952382}},{"fenStr":"5rk1/N1R1pqb1/8/3pPb1p/1P1P1p2/P4p1P/3QNBP1/6K1","stockfishScores":{"wn":0.5311309523809524}},{"fenStr":"5rk1/N1R1pqb1/8/3pPb1p/1P1P1N2/P4p1P/3Q1BP1/6K1","stockfishScores":{"bn":0.5399404761904762}},{"fenStr":"5rk1/N1R1pq2/7b/3pPb1p/1P1P1N2/P4p1P/3Q1BP1/6K1","stockfishScores":{"wn":0.5374404761904762}},{"fenStr":"5rk1/2R1pq2/2N4b/3pPb1p/1P1P1N2/P4p1P/3Q1BP1/6K1","stockfishScores":{"bn":0.5472619047619047}},{"fenStr":"4r1k1/2R1pq2/2N4b/3pPb1p/1P1P1N2/P4p1P/3Q1BP1/6K1","stockfishScores":{"wn":0.544404761904762}},{"fenStr":"4r1k1/2R1pq2/2N4b/3pPb1p/1P1P1N2/P3Bp1P/3Q2P1/6K1","stockfishScores":{"bn":0.5427380952380952}},{"fenStr":"4r1k1/2R1pq2/2N4b/3pPb1p/1P1P1N2/P3B2P/3Q2p1/6K1","stockfishScores":{"wn":0.5424404761904762}},{"fenStr":"4r1k1/2R1pq2/2N4b/1P1pPb1p/3P1N2/P3B2P/3Q2p1/6K1","stockfishScores":{"bn":0.544047619047619}},{"fenStr":"4r1k1/2R1p3/2N2q1b/1P1pPb1p/3P1N2/P3B2P/3Q2p1/6K1","stockfishScores":{"wn":0.5492261904761905}},{"fenStr":"4r1k1/2R1p3/2N2q1b/1P1pPb1N/3P4/P3B2P/3Q2p1/6K1","stockfishScores":{"bn":0.5546428571428571}},{"fenStr":"4r1k1/2R1p3/2N2q2/1P1pPb1N/3P4/P3b2P/3Q2p1/6K1","stockfishScores":{"wn":0.5138095238095238}},{"fenStr":"4r1k1/2R1p3/2N2q2/1P1pPb1N/3P4/P3Q2P/6p1/6K1","stockfishScores":{"bn":0.5580357142857143}},{"fenStr":"4r1k1/2R1p3/2N5/1P1pPb1N/3P3q/P3Q2P/6p1/6K1","stockfishScores":{"wn":0.542797619047619}},{"fenStr":"4r1k1/2R1p3/2N5/1P1pPb1N/3P3q/P5QP/6p1/6K1","stockfishScores":{"bn":0.5513690476190476}},{"fenStr":"4r1k1/2R1p3/2N5/1P1pPb1N/3P4/P5qP/6p1/6K1","stockfishScores":{"wn":0.44642857142857145}},{"fenStr":"4r1k1/2R1p3/2N5/1P1pPb2/3P4/P5NP/6p1/6K1","stockfishScores":{"bn":0.5481547619047619}},{"fenStr":"4r1k1/2R1p3/2N5/1P1pP3/3P4/P5Nb/6p1/6K1","stockfishScores":{"wn":0.5410714285714285}},{"fenStr":"4r1k1/2R1N3/8/1P1pP3/3P4/P5Nb/6p1/6K1","stockfishScores":{"bn":0.5452976190476191}},{"fenStr":"4rk2/2R1N3/8/1P1pP3/3P4/P5Nb/6p1/6K1","stockfishScores":{"wn":0.5447619047619048}},{"fenStr":"4rk2/2R5/6N1/1P1pP3/3P4/P5Nb/6p1/6K1","stockfishScores":{"bn":0.5449404761904761}},{"fenStr":"4r1k1/2R5/6N1/1P1pP3/3P4/P5Nb/6p1/6K1","stockfishScores":{"wn":0.5491071428571429}},{"fenStr":"4r1k1/2R5/6N1/1P1pP2N/3P4/P6b/6p1/6K1","stockfishScores":{"bn":0.5560714285714285}},{"fenStr":"6k1/2R5/4r1N1/1P1pP2N/3P4/P6b/6p1/6K1","stockfishScores":{"wn":0.552797619047619}},{"fenStr":"6k1/6R1/4r1N1/1P1pP2N/3P4/P6b/6p1/6K1","stockfishScores":{"bn":0.5469047619047619}}],"result":{"ww":true}}