{"fens":[{"fenStr":"rnbqkbnr/pppppppp/8/8/3P4/8/PPP1PPPP/RNBQKBNR","stockfishScores":{"bn":0.5048809523809524}},{"fenStr":"rnbqkbnr/ppp1pppp/8/3p4/3P4/8/PPP1PPPP/RNBQKBNR","stockfishScores":{"wn":0.5005952380952381}},{"fenStr":"rnbqkbnr/ppp1pppp/8/3p4/2PP4/8/PP2PPPP/RNBQKBNR","stockfishScores":{"bn":0.5009523809523809}},{"fenStr":"rnbqkbnr/ppp2ppp/4p3/3p4/2PP4/8/PP2PPPP/RNBQKBNR","stockfishScores":{"wn":0.4981547619047619}},{"fenStr":"rnbqkbnr/ppp2ppp/4p3/3p4/2PP4/2N5/PP2PPPP/R1BQKBNR","stockfishScores":{"bn":0.5005952380952381}},{"fenStr":"rnbqkbnr/pp3ppp/2p1p3/3p4/2PP4/2N5/PP2PPPP/R1BQKBNR","stockfishScores":{"wn":0.4998214285714286}},{"fenStr":"rnbqkbnr/pp3ppp/2p1p3/3p4/2PP4/2N2N2/PP2PPPP/R1BQKB1R","stockfishScores":{"bn":0.504702380952381}},{"fenStr":"rnbqkbnr/pp3ppp/2p1p3/8/2pP4/2N2N2/PP2PPPP/R1BQKB1R","stockfishScores":{"wn":0.5017857142857143}},{"fenStr":"rnbqkbnr/pp3ppp/2p1p3/8/P1pP4/2N2N2/1P2PPPP/R1BQKB1R","stockfishScores":{"bn":0.5000595238095238}},{"fenStr":"rnbqk1nr/pp3ppp/2p1p3/8/PbpP4/2N2N2/1P2PPPP/R1BQKB1R","stockfishScores":{"wn":0.4963690476190476}},{"fenStr":"rnbqk1nr/pp3ppp/2p1p3/8/PbpP4/2N1PN2/1P3PPP/R1BQKB1R","stockfishScores":{"bn":0.49851190476190477}},{"fenStr":"rnbqk1nr/p4ppp/2p1p3/1p6/PbpP4/2N1PN2/1P3PPP/R1BQKB1R","stockfishScores":{"wn":0.49410714285714286}},{"fenStr":"rnbqk1nr/p4ppp/2p1p3/1p6/PbpP4/2N1PN2/1P1B1PPP/R2QKB1R","stockfishScores":{"bn":0.49714285714285716}},{"fenStr":"rnbqk1nr/5ppp/2p1p3/pp6/PbpP4/2N1PN2/1P1B1PPP/R2QKB1R","stockfishScores":{"wn":0.4970833333333333}},{"fenStr":"rnbqk1nr/5ppp/2p1p3/pP6/1bpP4/2N1PN2/1P1B1PPP/R2QKB1R","stockfishScores":{"bn":0.5145238095238095}},{"fenStr":"rnbqk1nr/5ppp/2p1p3/pP6/2pP4/2b1PN2/1P1B1PPP/R2QKB1R","stockfishScores":{"wn":0.4888095238095238}},{"fenStr":"rnbqk1nr/5ppp/2p1p3/pP6/2pP4/2B1PN2/1P3PPP/R2QKB1R","stockfishScores":{"bn":0.5192261904761905}},{"fenStr":"rnbqk1nr/5ppp/4p3/pp6/2pP4/2B1PN2/1P3PPP/R2QKB1R","stockfishScores":{"wn":0.502797619047619}},{"fenStr":"rnbqk1nr/5ppp/4p3/pp6/2pP4/1PB1PN2/5PPP/R2QKB1R","stockfishScores":{"bn":0.5007142857142857}},{"fenStr":"rn1qk1nr/1b3ppp/4p3/pp6/2pP4/1PB1PN2/5PPP/R2QKB1R","stockfishScores":{"wn":0.49726190476190474}},{"fenStr":"rn1qk1nr/1b3ppp/4p3/pp1P4/2p5/1PB1PN2/5PPP/R2QKB1R","stockfishScores":{"bn":0.5050595238095238}},{"fenStr":"rn1qk2r/1b3ppp/4pn2/pp1P4/2p5/1PB1PN2/5PPP/R2QKB1R","stockfishScores":{"wn":0.5016071428571428}},{"fenStr":"rn1qk2r/1b3ppp/4pn2/pp1P4/2P5/2B1PN2/5PPP/R2QKB1R","stockfishScores":{"bn":0.5183333333333333}},{"fenStr":"rn1qk2r/1b3ppp/4pn2/p2P4/1pP5/2B1PN2/5PPP/R2QKB1R","stockfishScores":{"wn":0.5152976190476191}},{"fenStr":"rn1qk2r/1b3ppp/4pB2/p2P4/1pP5/4PN2/5PPP/R2QKB1R","stockfishScores":{"bn":0.5518452380952381}},{"fenStr":"rn2k2r/1b3ppp/4pq2/p2P4/1pP5/4PN2/5PPP/R2QKB1R","stockfishScores":{"wn":0.5098214285714285}},{"fenStr":"rn2k2r/1b3ppp/4pq2/p2P4/QpP5/4PN2/5PPP/R3KB1R","stockfishScores":{"bn":0.5083333333333333}},{"fenStr":"rn5r/1b2kppp/4pq2/p2P4/QpP5/4PN2/5PPP/R3KB1R","stockfishScores":{"wn":0.4990476190476191}},{"fenStr":"rn5r/1b2kppp/4pq2/p2P4/QpPN4/4P3/5PPP/R3KB1R","stockfishScores":{"bn":0.5048214285714285}},{"fenStr":"rn5r/1b2kppp/5q2/p2Pp3/QpPN4/4P3/5PPP/R3KB1R","stockfishScores":{"wn":0.5043452380952381}},{"fenStr":"rn5r/1b2kppp/5q2/p2Pp3/QpP5/1N2P3/5PPP/R3KB1R","stockfishScores":{"bn":0.5011904761904762}},{"fenStr":"r6r/1b1nkppp/5q2/p2Pp3/QpP5/1N2P3/5PPP/R3KB1R","stockfishScores":{"wn":0.4944642857142857}},{"fenStr":"r6r/1b1nkppp/5q2/p2Pp3/QpP5/1N2P3/4BPPP/R3K2R","stockfishScores":{"bn":0.4951190476190476}},{"fenStr":"r6r/1b1nkppp/3q4/p2Pp3/QpP5/1N2P3/4BPPP/R3K2R","stockfishScores":{"wn":0.49660714285714286}},{"fenStr":"r6r/1b1nkppp/3q4/p2Pp3/QpP3B1/1N2P3/5PPP/R3K2R","stockfishScores":{"bn":0.4994047619047619}},{"fenStr":"r6r/1b2kppp/3q4/p1nPp3/QpP3B1/1N2P3/5PPP/R3K2R","stockfishScores":{"wn":0.48482142857142857}},{"fenStr":"r6r/1b2kppp/3q4/p1NPp3/QpP3B1/4P3/5PPP/R3K2R","stockfishScores":{"bn":0.5325}},{"fenStr":"r6r/1b2kppp/8/p1qPp3/QpP3B1/4P3/5PPP/R3K2R","stockfishScores":{"wn":0.5064880952380952}},{"fenStr":"r6r/1b1Qkppp/8/p1qPp3/1pP3B1/4P3/5PPP/R3K2R","stockfishScores":{"bn":0.4976785714285714}},{"fenStr":"r6r/1b1Q1ppp/5k2/p1qPp3/1pP3B1/4P3/5PPP/R3K2R","stockfishScores":{"wn":0.5129166666666667}},{"fenStr":"r6r/1Q3ppp/5k2/p1qPp3/1pP3B1/4P3/5PPP/R3K2R","stockfishScores":{"bn":0.5242261904761905}},{"fenStr":"r6r/1Q3ppp/5k2/2qPp3/ppP3B1/4P3/5PPP/R3K2R","stockfishScores":{"wn":0.5204761904761904}},{"fenStr":"r6r/1Q3ppp/5k2/2qPp3/ppP3B1/4P3/5PPP/R4RK1","stockfishScores":{"bn":0.52875}},{"fenStr":"r6r/1Q3ppp/5k2/2qPp3/1pP3B1/p3P3/5PPP/R4RK1","stockfishScores":{"wn":0.52625}},{"fenStr":"r6r/1Q3ppp/3P1k2/2q1p3/1pP3B1/p3P3/5PPP/R4RK1","stockfishScores":{"bn":0.5436309523809524}},{"fenStr":"r6r/1Q3ppp/3P2k1/2q1p3/1pP3B1/p3P3/5PPP/R4RK1","stockfishScores":{"wn":0.5435119047619048}},{"fenStr":"r6r/5ppp/3P2k1/2q1p3/1pP3B1/p3PQ2/5PPP/R4RK1","stockfishScores":{"bn":0.5486904761904762}},{"fenStr":"r6r/5ppp/3P2k1/2q5/1pP1p1B1/p3PQ2/5PPP/R4RK1","stockfishScores":{"wn":0.5398809523809524}},{"fenStr":"r6r/5ppp/3P2k1/2q5/1pP1Q1B1/p3P3/5PPP/R4RK1","stockfishScores":{"bn":0.5305357142857143}},{"fenStr":"r6r/6pp/3P2k1/2q2p2/1pP1Q1B1/p3P3/5PPP/R4RK1","stockfishScores":{"wn":0.5331547619047619}},{"fenStr":"r6r/6pp/3PQ1k1/2q2p2/1pP3B1/p3P3/5PPP/R4RK1","stockfishScores":{"bn":0.531547619047619}},{"fenStr":"r6r/6pp/3PQ3/2q2pk1/1pP3B1/p3P3/5PPP/R4RK1","stockfishScores":{"wn":0.5425}},{"fenStr":"r6r/6pp/3PQ3/2q2Bk1/1pP5/p3P3/5PPP/R4RK1","stockfishScores":{"bn":0.5533928571428571}},{"fenStr":"r6r/7p/3PQ1p1/2q2Bk1/1pP5/p3P3/5PPP/R4RK1","stockfishScores":{"wn":0.5532142857142857}},{"fenStr":"r6r/7p/3PQ1p1/2q3k1/1pP5/p3P3/2B2PPP/R4RK1","stockfishScores":{"bn":0.5615476190476191}},{"fenStr":"r3r3/7p/3PQ1p1/2q3k1/1pP5/p3P3/2B2PPP/R4RK1","stockfishScores":{"wn":0.5458333333333334}},{"fenStr":"r3r3/7p/3P2p1/2q3k1/1pP5/p3P2Q/2B2PPP/R4RK1","stockfishScores":{"bn":0.5628571428571428}},{"fenStr":"r3r3/7p/3P2p1/6k1/1pq5/p3P2Q/2B2PPP/R4RK1","stockfishScores":{"wn":0.5444642857142857}},{"fenStr":"r3r3/7p/3P2p1/6k1/1pq5/p3P2Q/2B2PPP/R1R3K1","stockfishScores":{"bn":0.5475}},{"fenStr":"r3r3/7p/3P2p1/6k1/2q5/pp2P2Q/2B2PPP/R1R3K1","stockfishScores":{"wn":0.5304166666666666}},{"fenStr":"r3r3/7p/3P2B1/6k1/2q5/pp2P2Q/5PPP/R1R3K1","stockfishScores":{"bn":0.5589285714285714}},{"fenStr":"r3r3/7p/3P2B1/6k1/2q5/p3P2Q/1p3PPP/R1R3K1","stockfishScores":{"wn":0.5550595238095238}},{"fenStr":"r3r3/7p/3P2B1/5Qk1/2q5/p3P3/1p3PPP/R1R3K1","stockfishScores":{"bn":0.5441071428571429}},{"fenStr":"r3r3/7p/3P2Bk/5Q2/2q5/p3P3/1p3PPP/R1R3K1","stockfishScores":{"wn":0.5589880952380952}},{"fenStr":"r3r3/7p/3P2Bk/7Q/2q5/p3P3/1p3PPP/R1R3K1","stockfishScores":{"bn":0.5342261904761905}},{"fenStr":"r3r3/6kp/3P2B1/7Q/2q5/p3P3/1p3PPP/R1R3K1","stockfishScores":{"wn":0.5511904761904762}},{"fenStr":"r3r3/6kQ/3P2B1/8/2q5/p3P3/1p3PPP/R1R3K1","stockfishScores":{"bn":0.5489880952380952}},{"fenStr":"r3r3/7Q/3P1kB1/8/2q5/p3P3/1p3PPP/R1R3K1","stockfishScores":{"wn":0.5404166666666667}},{"fenStr":"r3r3/7Q/3P1kB1/8/2R5/p3P3/1p3PPP/R5K1","stockfishScores":{"bn":0.6141666666666666}},{"fenStr":"r3r3/7Q/3P1kB1/8/2R5/p3P3/5PPP/q5K1","stockfishScores":{"wn":0.5486309523809524}},{"fenStr":"r3r3/7Q/3P1k2/8/2R5/p3P3/5PPP/qB4K1","stockfishScores":{"bn":0.5396428571428571}},{"fenStr":"r3r3/7Q/3P1k2/8/2R5/4P3/p4PPP/qB4K1","stockfishScores":{"wn":0.5404166666666667}},{"fenStr":"r3r3/8/3P1kQ1/8/2R5/4P3/p4PPP/qB4K1","stockfishScores":{"bn":0.5198809523809523}},{"fenStr":"r3r3/8/3P2Q1/4k3/2R5/4P3/p4PPP/qB4K1","stockfishScores":{"wn":0.5528571428571428}},{"fenStr":"r3r3/8/3P2Q1/2R1k3/8/4P3/p4PPP/qB4K1","stockfishScores":{"bn":0.5345238095238095}}],"result":{"ww":true}}