{"fens":[{"fenStr":"rnbqkbnr/pppppppp/8/8/4P3/8/PPPP1PPP/RNBQKBNR","stockfishScores":{"bn":0.5049404761904762}},{"fenStr":"rnbqkbnr/pppp1ppp/8/4p3/4P3/8/PPPP1PPP/RNBQKBNR","stockfishScores":{"wn":0.5005952380952381}},{"fenStr":"rnbqkbnr/pppp1ppp/8/4p3/4P3/5N2/PPPP1PPP/RNBQKB1R","stockfishScores":{"bn":0.5044047619047619}},{"fenStr":"r1bqkbnr/pppp1ppp/2n5/4p3/4P3/5N2/PPPP1PPP/RNBQKB1R","stockfishScores":{"wn":0.5004166666666666}},{"fenStr":"r1bqkbnr/pppp1ppp/2n5/1B2p3/4P3/5N2/PPPP1PPP/RNBQK2R","stockfishScores":{"bn":0.5002380952380953}},{"fenStr":"r1bqkbnr/1ppp1ppp/p1n5/1B2p3/4P3/5N2/PPPP1PPP/RNBQK2R","stockfishScores":{"wn":0.49535714285714283}},{"fenStr":"r1bqkbnr/1ppp1ppp/p1n5/4p3/B3P3/5N2/PPPP1PPP/RNBQK2R","stockfishScores":{"bn":0.49654761904761907}},{"fenStr":"r1bqkb1r/1ppp1ppp/p1n2n2/4p3/B3P3/5N2/PPPP1PPP/RNBQK2R","stockfishScores":{"wn":0.49273809523809525}},{"fenStr":"r1bqkb1r/1ppp1ppp/p1n2n2/4p3/B3P3/5N2/PPPP1PPP/RNBQ1RK1","stockfishScores":{"bn":0.5022619047619048}},{"fenStr":"r1bqk2r/1pppbppp/p1n2n2/4p3/B3P3/5N2/PPPP1PPP/RNBQ1RK1","stockfishScores":{"wn":0.5031547619047619}},{"fenStr":"r1bqk2r/1pppbppp/p1n2n2/4p3/B3P3/3P1N2/PPP2PPP/RNBQ1RK1","stockfishScores":{"bn":0.5094047619047619}},{"fenStr":"r1bqk2r/2ppbppp/p1n2n2/1p2p3/B3P3/3P1N2/PPP2PPP/RNBQ1RK1","stockfishScores":{"wn":0.5029166666666667}},{"fenStr":"r1bqk2r/2ppbppp/p1n2n2/1p2p3/4P3/1B1P1N2/PPP2PPP/RNBQ1RK1","stockfishScores":{"bn":0.5120833333333333}},{"fenStr":"r1bqk2r/2p1bppp/p1np1n2/1p2p3/4P3/1B1P1N2/PPP2PPP/RNBQ1RK1","stockfishScores":{"wn":0.5098809523809524}},{"fenStr":"r1bqk2r/2p1bppp/p1np1n2/1p2p3/4P3/PB1P1N2/1PP2PPP/RNBQ1RK1","stockfishScores":{"bn":0.5101785714285715}},{"fenStr":"r1bq1rk1/2p1bppp/p1np1n2/1p2p3/4P3/PB1P1N2/1PP2PPP/RNBQ1RK1","stockfishScores":{"wn":0.49898809523809523}},{"fenStr":"r1bq1rk1/2p1bppp/p1np1n2/1p2p3/4P3/PBNP1N2/1PP2PPP/R1BQ1RK1","stockfishScores":{"bn":0.5005952380952381}},{"fenStr":"r2q1rk1/2p1bppp/p1np1n2/1p2p3/4P1b1/PBNP1N2/1PP2PPP/R1BQ1RK1","stockfishScores":{"wn":0.4979166666666667}},{"fenStr":"r2q1rk1/2p1bppp/p1np1n2/1p2p3/4P1b1/PBNPBN2/1PP2PPP/R2Q1RK1","stockfishScores":{"bn":0.4988095238095238}},{"fenStr":"r4rk1/2pqbppp/p1np1n2/1p2p3/4P1b1/PBNPBN2/1PP2PPP/R2Q1RK1","stockfishScores":{"wn":0.4986904761904762}},{"fenStr":"r4rk1/2pqbppp/p1np1n2/1p2p3/4P1b1/PBNPBN1P/1PP2PP1/R2Q1RK1","stockfishScores":{"bn":0.5028571428571429}},{"fenStr":"r4rk1/2pqbppp/p1npbn2/1p2p3/4P3/PBNPBN1P/1PP2PP1/R2Q1RK1","stockfishScores":{"wn":0.5029761904761905}},{"fenStr":"r4rk1/2pqbppp/p1npbn2/1p1Np3/4P3/PB1PBN1P/1PP2PP1/R2Q1RK1","stockfishScores":{"bn":0.5076785714285714}},{"fenStr":"r2b1rk1/2pq1ppp/p1npbn2/1p1Np3/4P3/PB1PBN1P/1PP2PP1/R2Q1RK1","stockfishScores":{"wn":0.5089880952380952}},{"fenStr":"r2b1rk1/2pq1ppp/p1npbn2/1p1Np3/4P3/PB1PBN1P/1PPQ1PP1/R4RK1","stockfishScores":{"bn":0.507797619047619}},{"fenStr":"r2b1rk1/2pq1ppp/p1np1n2/1p1bp3/4P3/PB1PBN1P/1PPQ1PP1/R4RK1","stockfishScores":{"wn":0.4851190476190476}},{"fenStr":"r2b1rk1/2pq1ppp/p1np1n2/1p1Pp3/8/PB1PBN1P/1PPQ1PP1/R4RK1","stockfishScores":{"bn":0.5070238095238095}},{"fenStr":"r2b1rk1/2pqnppp/p2p1n2/1p1Pp3/8/PB1PBN1P/1PPQ1PP1/R4RK1","stockfishScores":{"wn":0.5041666666666667}},{"fenStr":"r2b1rk1/2pqnppp/p2p1n2/1p1Pp3/2P5/PB1PBN1P/1P1Q1PP1/R4RK1","stockfishScores":{"bn":0.507797619047619}},{"fenStr":"1r1b1rk1/2pqnppp/p2p1n2/1p1Pp3/2P5/PB1PBN1P/1P1Q1PP1/R4RK1","stockfishScores":{"wn":0.5086309523809524}},{"fenStr":"1r1b1rk1/2pqnppp/p2p1n2/1p1Pp3/2P5/P2PBN1P/BP1Q1PP1/R4RK1","stockfishScores":{"bn":0.5063095238095238}},{"fenStr":"1r1b1rk1/2pq1ppp/p2p1n2/1p1Ppn2/2P5/P2PBN1P/BP1Q1PP1/R4RK1","stockfishScores":{"wn":0.50375}},{"fenStr":"1r1b1rk1/2pq1ppp/p2p1n2/1p1Ppn2/1PP5/P2PBN1P/B2Q1PP1/R4RK1","stockfishScores":{"bn":0.5033333333333333}},{"fenStr":"1r1b1rk1/2pq1ppp/p2p1n2/3Ppn2/1Pp5/P2PBN1P/B2Q1PP1/R4RK1","stockfishScores":{"wn":0.49255952380952384}},{"fenStr":"1r1b1rk1/2pq1ppp/p2p1n2/3Ppn2/1PP5/P3BN1P/B2Q1PP1/R4RK1","stockfishScores":{"bn":0.5023809523809524}},{"fenStr":"1r1br1k1/2pq1ppp/p2p1n2/3Ppn2/1PP5/P3BN1P/B2Q1PP1/R4RK1","stockfishScores":{"wn":0.502797619047619}},{"fenStr":"1r1br1k1/2pq1ppp/p2p1n2/3Ppn2/1PP5/P3BN1P/B2Q1PP1/R3R1K1","stockfishScores":{"bn":0.5029166666666667}},{"fenStr":"1r1br1k1/3q1ppp/p1pp1n2/3Ppn2/1PP5/P3BN1P/B2Q1PP1/R3R1K1","stockfishScores":{"wn":0.5021428571428571}},{"fenStr":"1r1br1k1/3q1ppp/p1Pp1n2/4pn2/1PP5/P3BN1P/B2Q1PP1/R3R1K1","stockfishScores":{"bn":0.5100595238095238}},{"fenStr":"1r1br1k1/5ppp/p1qp1n2/4pn2/1PP5/P3BN1P/B2Q1PP1/R3R1K1","stockfishScores":{"wn":0.5016071428571428}},{"fenStr":"1r1br1k1/5ppp/p1qp1n2/2P1pn2/1P6/P3BN1P/B2Q1PP1/R3R1K1","stockfishScores":{"bn":0.5046428571428572}},{"fenStr":"1r1br1k1/5ppp/p1q2n2/2Pppn2/1P6/P3BN1P/B2Q1PP1/R3R1K1","stockfishScores":{"wn":0.5005952380952381}},{"fenStr":"1r1br1k1/5ppp/p1q2n2/2PppnB1/1P6/P4N1P/B2Q1PP1/R3R1K1","stockfishScores":{"bn":0.5058928571428571}},{"fenStr":"1r1br1k1/5ppp/p1q5/2PppnB1/1P2n3/P4N1P/B2Q1PP1/R3R1K1","stockfishScores":{"wn":0.4973214285714286}},{"fenStr":"1r1br1k1/5ppp/p1q5/2PBpnB1/1P2n3/P4N1P/3Q1PP1/R3R1K1","stockfishScores":{"bn":0.5219047619047619}},{"fenStr":"1r1br1k1/5ppp/p1q5/2PBpnB1/1P6/P4N1P/3n1PP1/R3R1K1","stockfishScores":{"wn":0.434047619047619}},{"fenStr":"1r1br1k1/5ppp/p1B5/2P1pnB1/1P6/P4N1P/3n1PP1/R3R1K1","stockfishScores":{"bn":0.5198809523809523}},{"fenStr":"1r1br1k1/5ppp/p1B5/2P1pnB1/1P6/P4n1P/5PP1/R3R1K1","stockfishScores":{"wn":0.4936904761904762}},{"fenStr":"1r1br1k1/5ppp/p1B5/2P1pnB1/1P6/P4P1P/5P2/R3R1K1","stockfishScores":{"bn":0.51125}},{"fenStr":"1r2r1k1/5ppp/p1B5/2P1pnb1/1P6/P4P1P/5P2/R3R1K1","stockfishScores":{"wn":0.4851190476190476}},{"fenStr":"1r2B1k1/5ppp/p7/2P1pnb1/1P6/P4P1P/5P2/R3R1K1","stockfishScores":{"bn":0.5157142857142857}},{"fenStr":"4r1k1/5ppp/p7/2P1pnb1/1P6/P4P1P/5P2/R3R1K1","stockfishScores":{"wn":0.49607142857142855}},{"fenStr":"4r1k1/5ppp/p7/2P1pnb1/1P6/P4P1P/5P2/3RR1K1","stockfishScores":{"bn":0.4968452380952381}},{"fenStr":"4rk2/5ppp/p7/2P1pnb1/1P6/P4P1P/5P2/3RR1K1","stockfishScores":{"wn":0.4968452380952381}},{"fenStr":"4rk2/5ppp/p7/2P1pnb1/1P2R3/P4P1P/5P2/3R2K1","stockfishScores":{"bn":0.4969642857142857}},{"fenStr":"4rk2/5ppp/p7/2P1pn2/1P2Rb2/P4P1P/5P2/3R2K1","stockfishScores":{"wn":0.49625}},{"fenStr":"4rk2/5ppp/p7/2P1pn2/PP2Rb2/5P1P/5P2/3R2K1","stockfishScores":{"bn":0.4963690476190476}},{"fenStr":"2r2k2/5ppp/p7/2P1pn2/PP2Rb2/5P1P/5P2/3R2K1","stockfishScores":{"wn":0.4967857142857143}},{"fenStr":"2r2k2/5ppp/p7/2PRpn2/PP2Rb2/5P1P/5P2/6K1","stockfishScores":{"bn":0.4955357142857143}},{"fenStr":"2r2k2/5p1p/p7/2PRpnp1/PP2Rb2/5P1P/5P2/6K1","stockfishScores":{"wn":0.4980952380952381}},{"fenStr":"2r2k2/5p1p/p7/2PRpnp1/PPR2b2/5P1P/5P2/6K1","stockfishScores":{"bn":0.49654761904761907}},{"fenStr":"2r5/4kp1p/p7/2PRpnp1/PPR2b2/5P1P/5P2/6K1","stockfishScores":{"wn":0.4938095238095238}},{"fenStr":"2r5/4kp1p/p1P5/3Rpnp1/PPR2b2/5P1P/5P2/6K1","stockfishScores":{"bn":0.4949404761904762}},{"fenStr":"2r5/5p1p/p1P1k3/3Rpnp1/PPR2b2/5P1P/5P2/6K1","stockfishScores":{"wn":0.49005952380952383}},{"fenStr":"2r5/5p1p/p1P1k3/R3pnp1/PPR2b2/5P1P/5P2/6K1","stockfishScores":{"bn":0.49166666666666664}},{"fenStr":"2r5/5p1p/p1P1k3/R3p1p1/PPRn1b2/5P1P/5P2/6K1","stockfishScores":{"wn":0.48755952380952383}},{"fenStr":"2r5/5p1p/R1P1k3/4p1p1/PPRn1b2/5P1P/5P2/6K1","stockfishScores":{"bn":0.49392857142857144}},{"fenStr":"2r5/5p1p/R1P1k3/4p1p1/PPR2b2/5n1P/5P2/6K1","stockfishScores":{"wn":0.49666666666666665}},{"fenStr":"2r5/5p1p/R1P1k3/4p1p1/PPR2b2/5n1P/5PK1/8","stockfishScores":{"bn":0.5014285714285714}},{"fenStr":"2r5/5p1p/R1P1k3/4p1p1/PPRn1b2/7P/5PK1/8","stockfishScores":{"wn":0.4957142857142857}},{"fenStr":"2r5/2P2p1p/R3k3/4p1p1/PPRn1b2/7P/5PK1/8","stockfishScores":{"bn":0.4986309523809524}},{"fenStr":"2r5/2Pk1p1p/R7/4p1p1/PPRn1b2/7P/5PK1/8","stockfishScores":{"wn":0.49648809523809523}},{"fenStr":"2r5/2Pk1p1p/5R2/4p1p1/PPRn1b2/7P/5PK1/8","stockfishScores":{"bn":0.4992261904761905}},{"fenStr":"2r5/2Pk1p1p/4nR2/4p1p1/PPR2b2/7P/5PK1/8","stockfishScores":{"wn":0.4990476190476191}},{"fenStr":"2r5/2Pk1R1p/4n3/4p1p1/PPR2b2/7P/5PK1/8","stockfishScores":{"bn":0.5090476190476191}},{"fenStr":"2r5/2P2R1p/3kn3/4p1p1/PPR2b2/7P/5PK1/8","stockfishScores":{"wn":0.5111904761904762}},{"fenStr":"2r5/2P2R1p/3kn3/1P2p1p1/P1R2b2/7P/5PK1/8","stockfishScores":{"bn":0.5138690476190476}},{"fenStr":"8/2r2R1p/3kn3/1P2p1p1/P1R2b2/7P/5PK1/8","stockfishScores":{"wn":0.4981547619047619}},{"fenStr":"8/2R2R1p/3kn3/1P2p1p1/P4b2/7P/5PK1/8","stockfishScores":{"bn":0.5455952380952381}},{"fenStr":"8/2n2R1p/3k4/1P2p1p1/P4b2/7P/5PK1/8","stockfishScores":{"wn":0.51}},{"fenStr":"8/2n2R1p/3k4/PP2p1p1/5b2/7P/5PK1/8","stockfishScores":{"bn":0.5094642857142857}},{"fenStr":"8/5R1p/3k4/Pn2p1p1/5b2/7P/5PK1/8","stockfishScores":{"wn":0.4948214285714286}},{"fenStr":"8/5R1p/P2k4/1n2p1p1/5b2/7P/5PK1/8","stockfishScores":{"bn":0.4963690476190476}},{"fenStr":"8/5R1p/P1k5/1n2p1p1/5b2/7P/5PK1/8","stockfishScores":{"wn":0.4963095238095238}},{"fenStr":"8/P4R1p/2k5/1n2p1p1/5b2/7P/5PK1/8","stockfishScores":{"bn":0.5066071428571428}},{"fenStr":"8/n4R1p/2k5/4p1p1/5b2/7P/5PK1/8","stockfishScores":{"wn":0.49642857142857144}},{"fenStr":"8/R6p/2k5/4p1p1/5b2/7P/5PK1/8","stockfishScores":{"bn":0.5117261904761905}},{"fenStr":"8/R6p/2k5/6p1/4pb2/7P/5PK1/8","stockfishScores":{"wn":0.5120833333333333}},{"fenStr":"8/7R/2k5/6p1/4pb2/7P/5PK1/8","stockfishScores":{"bn":0.5139285714285714}},{"fenStr":"8/7R/8/3k2p1/4pb2/7P/5PK1/8","stockfishScores":{"wn":0.5122619047619048}},{"fenStr":"8/4R3/8/3k2p1/4pb2/7P/5PK1/8","stockfishScores":{"bn":0.512797619047619}},{"fenStr":"8/4R3/8/6p1/3kpb2/7P/5PK1/8","stockfishScores":{"wn":0.513452380952381}},{"fenStr":"8/4R3/8/6p1/3kpb2/7P/5P2/5K2","stockfishScores":{"bn":0.5114880952380952}},{"fenStr":"8/4R3/8/3k2p1/4pb2/7P/5P2/5K2","stockfishScores":{"wn":0.513095238095238}},{"fenStr":"8/4R3/8/3k2p1/4pb2/7P/4KP2/8","stockfishScores":{"bn":0.5128571428571429}},{"fenStr":"8/4R3/8/3kb1p1/4p3/7P/4KP2/8","stockfishScores":{"wn":0.5136904761904761}},{"fenStr":"4R3/8/8/3kb1p1/4p3/7P/4KP2/8","stockfishScores":{"bn":0.5126190476190476}},{"fenStr":"4R3/8/5b2/3k2p1/4p3/7P/4KP2/8","stockfishScores":{"wn":0.5135714285714286}},{"fenStr":"5R2/8/5b2/3k2p1/4p3/7P/4KP2/8","stockfishScores":{"bn":0.513154761904762}},{"fenStr":"5R2/4b3/8/3k2p1/4p3/7P/4KP2/8","stockfishScores":{"wn":0.5082738095238095}},{"fenStr":"8/4b3/8/3k1Rp1/4p3/7P/4KP2/8","stockfishScores":{"bn":0.5121428571428571}},{"fenStr":"8/4b3/8/5Rp1/3kp3/7P/4KP2/8","stockfishScores":{"wn":0.512797619047619}},{"fenStr":"8/4b3/8/5Rp1/3kp3/5P1P/4K3/8","stockfishScores":{"bn":0.5099404761904762}},{"fenStr":"3b4/8/8/5Rp1/3kp3/5P1P/4K3/8","stockfishScores":{"wn":0.5122619047619048}},{"fenStr":"3b4/8/8/1R4p1/3kp3/5P1P/4K3/8","stockfishScores":{"bn":0.5125}},{"fenStr":"8/4b3/8/1R4p1/3kp3/5P1P/4K3/8","stockfishScores":{"wn":0.5125}},{"fenStr":"8/4b3/8/R5p1/3kp3/5P1P/4K3/8","stockfishScores":{"bn":0.5110714285714286}},{"fenStr":"8/4b3/8/R5p1/3k4/4pP1P/4K3/8","stockfishScores":{"wn":0.5142857142857142}},{"fenStr":"8/4b3/8/6p1/R2k4/4pP1P/4K3/8","stockfishScores":{"bn":0.5129761904761905}},{"fenStr":"8/4b3/8/4k1p1/R7/4pP1P/4K3/8","stockfishScores":{"wn":0.5148214285714285}},{"fenStr":"8/4b3/8/4k1p1/R7/4KP1P/8/8","stockfishScores":{"bn":0.5173214285714286}},{"fenStr":"8/8/8/2b1k1p1/R7/4KP1P/8/8","stockfishScores":{"wn":0.5173809523809524}},{"fenStr":"8/8/8/2b1k1p1/R7/5P1P/4K3/8","stockfishScores":{"bn":0.5152976190476191}},{"fenStr":"8/8/1b6/4k1p1/R7/5P1P/4K3/8","stockfishScores":{"wn":0.5168452380952381}},{"fenStr":"8/8/1b6/4k1p1/R7/5P1P/8/5K2","stockfishScores":{"bn":0.5141071428571429}},{"fenStr":"8/8/1b6/5kp1/R7/5P1P/8/5K2","stockfishScores":{"wn":0.515}},{"fenStr":"8/8/1b6/5kp1/2R5/5P1P/8/5K2","stockfishScores":{"bn":0.5138095238095238}},{"fenStr":"8/8/8/5kp1/2R5/4bP1P/8/5K2","stockfishScores":{"wn":0.5141666666666667}},{"fenStr":"8/8/8/5kp1/2R5/4bP1P/6K1/8","stockfishScores":{"bn":0.5144047619047619}},{"fenStr":"8/8/8/5kp1/2R5/5P1P/3b2K1/8","stockfishScores":{"wn":0.5161904761904762}},{"fenStr":"8/8/8/5kp1/3R4/5P1P/3b2K1/8","stockfishScores":{"bn":0.517797619047619}},{"fenStr":"8/8/8/5kp1/3R1b2/5P1P/6K1/8","stockfishScores":{"wn":0.5158928571428572}},{"fenStr":"8/8/8/3R1kp1/5b2/5P1P/6K1/8","stockfishScores":{"bn":0.5163095238095238}},{"fenStr":"8/8/8/3Rbkp1/8/5P1P/6K1/8","stockfishScores":{"wn":0.52125}},{"fenStr":"8/8/8/3Rbkp1/8/5P1P/5K2/8","stockfishScores":{"bn":0.5207738095238095}},{"fenStr":"8/8/8/3Rb1p1/5k2/5P1P/5K2/8","stockfishScores":{"wn":0.5161309523809524}},{"fenStr":"3R4/8/8/4b1p1/5k2/5P1P/5K2/8","stockfishScores":{"bn":0.5129761904761905}},{"fenStr":"3R4/8/8/4bkp1/8/5P1P/5K2/8","stockfishScores":{"wn":0.5160119047619047}},{"fenStr":"5R2/8/8/4bkp1/8/5P1P/5K2/8","stockfishScores":{"bn":0.515}},{"fenStr":"5R2/8/6k1/4b1p1/8/5P1P/5K2/8","stockfishScores":{"wn":0.5155357142857143}},{"fenStr":"5R2/8/6k1/4b1p1/8/4KP1P/8/8","stockfishScores":{"bn":0.5159523809523809}},{"fenStr":"5R2/8/8/4b1pk/8/4KP1P/8/8","stockfishScores":{"wn":0.5189880952380952}},{"fenStr":"5R2/8/8/4b1pk/4K3/5P1P/8/8","stockfishScores":{"bn":0.5208928571428572}},{"fenStr":"5R2/8/8/6pk/4K3/5PbP/8/8","stockfishScores":{"wn":0.5200595238095238}},{"fenStr":"5R2/8/8/5Kpk/8/5PbP/8/8","stockfishScores":{"bn":0.5207738095238095}},{"fenStr":"5R2/8/8/5Kp1/7k/5PbP/8/8","stockfishScores":{"wn":0.5189285714285714}},{"fenStr":"7R/8/8/5Kp1/7k/5PbP/8/8","stockfishScores":{"bn":0.5179761904761905}}],"result":{"ww":true}}