{"fens":[{"fenStr":"rnbqkbnr/pppppppp/8/8/8/5N2/PPPPPPPP/RNBQKB1R","stockfishScores":{"bn":0.5038690476190476}},{"fenStr":"rnbqkb1r/pppppppp/5n2/8/8/5N2/PPPPPPPP/RNBQKB1R","stockfishScores":{"wn":0.5005952380952381}},{"fenStr":"rnbqkb1r/pppppppp/5n2/8/8/5NP1/PPPPPP1P/RNBQKB1R","stockfishScores":{"bn":0.5019642857142858}},{"fenStr":"rnbqkb1r/ppp1pppp/5n2/3p4/8/5NP1/PPPPPP1P/RNBQKB1R","stockfishScores":{"wn":0.49654761904761907}},{"fenStr":"rnbqkb1r/ppp1pppp/5n2/3p4/8/5NP1/PPPPPPBP/RNBQK2R","stockfishScores":{"bn":0.4976785714285714}},{"fenStr":"rnbqkb1r/ppp2ppp/4pn2/3p4/8/5NP1/PPPPPPBP/RNBQK2R","stockfishScores":{"wn":0.49648809523809523}},{"fenStr":"rnbqkb1r/ppp2ppp/4pn2/3p4/8/5NP1/PPPPPPBP/RNBQ1RK1","stockfishScores":{"bn":0.5051785714285715}},{"fenStr":"rnbqk2r/ppp1bppp/4pn2/3p4/8/5NP1/PPPPPPBP/RNBQ1RK1","stockfishScores":{"wn":0.5057738095238096}},{"fenStr":"rnbqk2r/ppp1bppp/4pn2/3p4/8/3P1NP1/PPP1PPBP/RNBQ1RK1","stockfishScores":{"bn":0.5104761904761905}},{"fenStr":"rnbq1rk1/ppp1bppp/4pn2/3p4/8/3P1NP1/PPP1PPBP/RNBQ1RK1","stockfishScores":{"wn":0.5007142857142857}},{"fenStr":"rnbq1rk1/ppp1bppp/4pn2/3p4/8/3P1NP1/PPPNPPBP/R1BQ1RK1","stockfishScores":{"bn":0.5010714285714286}},{"fenStr":"rnbq1rk1/p1p1bppp/1p2pn2/3p4/8/3P1NP1/PPPNPPBP/R1BQ1RK1","stockfishScores":{"wn":0.5010714285714286}},{"fenStr":"rnbq1rk1/p1p1bppp/1p2pn2/3p4/8/3P1NP1/PPPNPPBP/R1BQR1K1","stockfishScores":{"bn":0.49988095238095237}},{"fenStr":"rn1q1rk1/pbp1bppp/1p2pn2/3p4/8/3P1NP1/PPPNPPBP/R1BQR1K1","stockfishScores":{"wn":0.49970238095238095}},{"fenStr":"rn1q1rk1/pbp1bppp/1p2pn2/3p4/8/2PP1NP1/PP1NPPBP/R1BQR1K1","stockfishScores":{"bn":0.500297619047619}},{"fenStr":"r2q1rk1/pbpnbppp/1p2pn2/3p4/8/2PP1NP1/PP1NPPBP/R1BQR1K1","stockfishScores":{"wn":0.49720238095238095}},{"fenStr":"r2q1rk1/pbpnbppp/1p2pn2/3p4/8/2PP1NP1/PPQNPPBP/R1B1R1K1","stockfishScores":{"bn":0.4963095238095238}},{"fenStr":"r2q1rk1/pb1nbppp/1p2pn2/2pp4/8/2PP1NP1/PPQNPPBP/R1B1R1K1","stockfishScores":{"wn":0.49410714285714286}},{"fenStr":"r2q1rk1/pb1nbppp/1p2pn2/2pp4/4P3/2PP1NP1/PPQN1PBP/R1B1R1K1","stockfishScores":{"bn":0.495952380952381}},{"fenStr":"r2q1rk1/pb1nbppp/1p2pn2/2p5/4p3/2PP1NP1/PPQN1PBP/R1B1R1K1","stockfishScores":{"wn":0.4822619047619048}},{"fenStr":"r2q1rk1/pb1nbppp/1p2pn2/2p5/4P3/2P2NP1/PPQN1PBP/R1B1R1K1","stockfishScores":{"bn":0.4951190476190476}},{"fenStr":"r2q1rk1/pb1nbppp/1p3n2/2p1p3/4P3/2P2NP1/PPQN1PBP/R1B1R1K1","stockfishScores":{"wn":0.4951785714285714}},{"fenStr":"r2q1rk1/pb1nbppp/1p3n2/2p1p3/4P2N/2P3P1/PPQN1PBP/R1B1R1K1","stockfishScores":{"bn":0.49125}},{"fenStr":"r2q1rk1/pb1nbp1p/1p3np1/2p1p3/4P2N/2P3P1/PPQN1PBP/R1B1R1K1","stockfishScores":{"wn":0.49315476190476193}},{"fenStr":"r2q1rk1/pb1nbp1p/1p3np1/2p1p3/2N1P2N/2P3P1/PPQ2PBP/R1B1R1K1","stockfishScores":{"bn":0.4973214285714286}},{"fenStr":"r2qr1k1/pb1nbp1p/1p3np1/2p1p3/2N1P2N/2P3P1/PPQ2PBP/R1B1R1K1","stockfishScores":{"wn":0.4982142857142857}},{"fenStr":"r2qr1k1/pb1nbp1p/1p3np1/2p1p3/P1N1P2N/2P3P1/1PQ2PBP/R1B1R1K1","stockfishScores":{"bn":0.4982142857142857}},{"fenStr":"r3r1k1/pbqnbp1p/1p3np1/2p1p3/P1N1P2N/2P3P1/1PQ2PBP/R1B1R1K1","stockfishScores":{"wn":0.49785714285714283}},{"fenStr":"r3r1k1/pbqnbp1p/1p3np1/2p1p3/P3P2N/2P1N1P1/1PQ2PBP/R1B1R1K1","stockfishScores":{"bn":0.4949404761904762}},{"fenStr":"r3rbk1/pbqn1p1p/1p3np1/2p1p3/P3P2N/2P1N1P1/1PQ2PBP/R1B1R1K1","stockfishScores":{"wn":0.4955357142857143}},{"fenStr":"r3rbk1/pbqn1p1p/1p3np1/2p1p3/P3P2N/2P1N1P1/1PQB1PBP/R3R1K1","stockfishScores":{"bn":0.49654761904761907}},{"fenStr":"r3rbk1/pbqn1p1p/1p3np1/4p3/P1p1P2N/2P1N1P1/1PQB1PBP/R3R1K1","stockfishScores":{"wn":0.49738095238095237}},{"fenStr":"r3rbk1/pbqn1p1p/1p3np1/4p3/P1p1P2N/2P1N1P1/1PQB1PBP/3RR1K1","stockfishScores":{"bn":0.4975595238095238}},{"fenStr":"2r1rbk1/pbqn1p1p/1p3np1/4p3/P1p1P2N/2P1N1P1/1PQB1PBP/3RR1K1","stockfishScores":{"wn":0.4975595238095238}},{"fenStr":"2r1rbk1/pbqn1p1p/1p3np1/4p3/P1p1P2N/2P1N1P1/1PQ2PBP/2BRR1K1","stockfishScores":{"bn":0.49529761904761904}},{"fenStr":"2r1rbk1/1bqn1p1p/pp3np1/4p3/P1p1P2N/2P1N1P1/1PQ2PBP/2BRR1K1","stockfishScores":{"wn":0.49720238095238095}},{"fenStr":"2r1rbk1/1bqn1p1p/pp3np1/3Np3/P1p1P2N/2P3P1/1PQ2PBP/2BRR1K1","stockfishScores":{"bn":0.5039880952380953}},{"fenStr":"2r1rbk1/1bqn1p1p/pp4p1/3np3/P1p1P2N/2P3P1/1PQ2PBP/2BRR1K1","stockfishScores":{"wn":0.48083333333333333}},{"fenStr":"2r1rbk1/1bqn1p1p/pp4p1/3Pp3/P1p4N/2P3P1/1PQ2PBP/2BRR1K1","stockfishScores":{"bn":0.50375}},{"fenStr":"2r1rbk1/1b1n1p1p/pp1q2p1/3Pp3/P1p4N/2P3P1/1PQ2PBP/2BRR1K1","stockfishScores":{"wn":0.5038690476190476}},{"fenStr":"2r1rbk1/1b1n1p1p/pp1q2p1/3Pp3/P1p4N/2P1B1P1/1PQ2PBP/3RR1K1","stockfishScores":{"bn":0.5041666666666667}},{"fenStr":"2r1rbk1/1b3p1p/pp1q2p1/2nPp3/P1p4N/2P1B1P1/1PQ2PBP/3RR1K1","stockfishScores":{"wn":0.5055952380952381}},{"fenStr":"2r1rbk1/1b3p1p/pp1q2p1/2BPp3/P1p4N/2P3P1/1PQ2PBP/3RR1K1","stockfishScores":{"bn":0.5213690476190476}},{"fenStr":"4rbk1/1b3p1p/pp1q2p1/2rPp3/P1p4N/2P3P1/1PQ2PBP/3RR1K1","stockfishScores":{"wn":0.5029761904761905}},{"fenStr":"4rbk1/1b3p1p/pp1q2p1/2rPp3/P1p4N/2P3P1/1PQR1PBP/4R1K1","stockfishScores":{"bn":0.5005357142857143}},{"fenStr":"4r1k1/1b3pbp/pp1q2p1/2rPp3/P1p4N/2P3P1/1PQR1PBP/4R1K1","stockfishScores":{"wn":0.5007142857142857}},{"fenStr":"4r1k1/1b3pbp/pp1q2p1/2rPp3/P1p4N/2P3P1/1PQR1PBP/3R2K1","stockfishScores":{"bn":0.49851190476190477}},{"fenStr":"4r1k1/1b3pbp/p2q2p1/1prPp3/P1p4N/2P3P1/1PQR1PBP/3R2K1","stockfishScores":{"wn":0.4981547619047619}},{"fenStr":"4r1k1/1b3pbp/p2q2p1/1PrPp3/2p4N/2P3P1/1PQR1PBP/3R2K1","stockfishScores":{"bn":0.5053571428571428}},{"fenStr":"4r1k1/1b3pbp/3q2p1/1prPp3/2p4N/2P3P1/1PQR1PBP/3R2K1","stockfishScores":{"wn":0.49875}},{"fenStr":"4r1k1/1b3pbp/3q2p1/1prPp3/2p1Q2N/2P3P1/1P1R1PBP/3R2K1","stockfishScores":{"bn":0.49654761904761907}},{"fenStr":"3r2k1/1b3pbp/3q2p1/1prPp3/2p1Q2N/2P3P1/1P1R1PBP/3R2K1","stockfishScores":{"wn":0.49702380952380953}},{"fenStr":"3r2k1/1b3pbp/3q2p1/1prPp3/2p4N/2P3P1/1P1RQPBP/3R2K1","stockfishScores":{"bn":0.49773809523809526}},{"fenStr":"2br2k1/5pbp/3q2p1/1prPp3/2p4N/2P3P1/1P1RQPBP/3R2K1","stockfishScores":{"wn":0.4986904761904762}},{"fenStr":"2br2k1/5pbp/3q2p1/1prPp3/2p5/2P2NP1/1P1RQPBP/3R2K1","stockfishScores":{"bn":0.5005952380952381}},{"fenStr":"3r2k1/5pbp/3q2p1/1prPp3/2p3b1/2P2NP1/1P1RQPBP/3R2K1","stockfishScores":{"wn":0.4980952380952381}},{"fenStr":"3r2k1/5pbp/3q2p1/1prPp3/2p3b1/2P2NPP/1P1RQPB1/3R2K1","stockfishScores":{"bn":0.5010714285714286}},{"fenStr":"2br2k1/5pbp/3q2p1/1prPp3/2p5/2P2NPP/1P1RQPB1/3R2K1","stockfishScores":{"wn":0.5014880952380952}},{"fenStr":"2br2k1/5pbp/3q2p1/1prPp1N1/2p5/2P3PP/1P1RQPB1/3R2K1","stockfishScores":{"bn":0.5019642857142858}},{"fenStr":"2br2k1/5pb1/3q2pp/1prPp1N1/2p5/2P3PP/1P1RQPB1/3R2K1","stockfishScores":{"wn":0.49738095238095237}},{"fenStr":"2br2k1/5pb1/3q2pp/1prPp3/2p1N3/2P3PP/1P1RQPB1/3R2K1","stockfishScores":{"bn":0.5076785714285714}},{"fenStr":"2br2k1/5pb1/1q4pp/1prPp3/2p1N3/2P3PP/1P1RQPB1/3R2K1","stockfishScores":{"wn":0.5061904761904762}},{"fenStr":"2br2k1/5pb1/1q4pp/1pNPp3/2p5/2P3PP/1P1RQPB1/3R2K1","stockfishScores":{"bn":0.5366666666666666}},{"fenStr":"2br2k1/5pb1/6pp/1pqPp3/2p5/2P3PP/1P1RQPB1/3R2K1","stockfishScores":{"wn":0.5142261904761904}},{"fenStr":"2br2k1/5pb1/6pp/1pqPp3/2p5/2P3PP/1P1RQPB1/R5K1","stockfishScores":{"bn":0.5143452380952381}},{"fenStr":"3r2k1/5pb1/6pp/1pqPpb2/2p5/2P3PP/1P1RQPB1/R5K1","stockfishScores":{"wn":0.5136904761904761}},{"fenStr":"3r2k1/5pb1/6pp/1pqPpb2/2p5/2P3PP/1P1R1PB1/R2Q2K1","stockfishScores":{"bn":0.513154761904762}},{"fenStr":"3r2k1/5pb1/6pp/1pqPp3/2p5/2Pb2PP/1P1R1PB1/R2Q2K1","stockfishScores":{"wn":0.5107142857142857}},{"fenStr":"3r2k1/5pb1/6pp/1pqPp3/2p5/2Pb2PP/1P1R1P2/R2Q1BK1","stockfishScores":{"bn":0.5070833333333333}},{"fenStr":"6k1/5pb1/6pp/1pqrp3/2p5/2Pb2PP/1P1R1P2/R2Q1BK1","stockfishScores":{"wn":0.5041666666666667}},{"fenStr":"6k1/5pb1/6pp/1pqrp3/2p5/2PB2PP/1P1R1P2/R2Q2K1","stockfishScores":{"bn":0.5253571428571429}},{"fenStr":"6k1/5pb1/6pp/1pqrp3/8/2Pp2PP/1P1R1P2/R2Q2K1","stockfishScores":{"wn":0.5036309523809523}},{"fenStr":"6k1/5pb1/6pp/1pqrp3/8/2PR2PP/1P3P2/R2Q2K1","stockfishScores":{"bn":0.5100595238095238}},{"fenStr":"6k1/5pb1/6pp/1pq1p3/8/2Pr2PP/1P3P2/R2Q2K1","stockfishScores":{"wn":0.4716666666666667}},{"fenStr":"6k1/5pb1/6pp/1pq1p3/8/2PQ2PP/1P3P2/R5K1","stockfishScores":{"bn":0.5211904761904762}},{"fenStr":"8/5pbk/6pp/1pq1p3/8/2PQ2PP/1P3P2/R5K1","stockfishScores":{"wn":0.5164285714285715}},{"fenStr":"8/5pbk/6pp/1pq1p3/8/2PQ2PP/1P3PK1/R7","stockfishScores":{"bn":0.5145238095238095}},{"fenStr":"8/5pbk/2q3pp/1p2p3/8/2PQ2PP/1P3PK1/R7","stockfishScores":{"wn":0.5141666666666667}},{"fenStr":"8/5pbk/2q3pp/1p2p3/8/2P2QPP/1P3PK1/R7","stockfishScores":{"bn":0.5122619047619048}},{"fenStr":"8/5pbk/2q3pp/1p6/4p3/2P2QPP/1P3PK1/R7","stockfishScores":{"wn":0.5122023809523809}},{"fenStr":"8/5pbk/2q3pp/1p6/4p3/2P1Q1PP/1P3PK1/R7","stockfishScores":{"bn":0.514702380952381}},{"fenStr":"8/5pbk/2q3p1/1p5p/4p3/2P1Q1PP/1P3PK1/R7","stockfishScores":{"wn":0.5142261904761904}},{"fenStr":"8/5pbk/2q3p1/1p5p/4p2P/2P1Q1P1/1P3PK1/R7","stockfishScores":{"bn":0.5133928571428571}},{"fenStr":"8/5p1k/2q3pb/1p5p/4p2P/2P1Q1P1/1P3PK1/R7","stockfishScores":{"wn":0.5142261904761904}},{"fenStr":"8/5p1k/2q3pb/1p5p/4p2P/2P3P1/1P2QPK1/R7","stockfishScores":{"bn":0.5143452380952381}},{"fenStr":"8/5pk1/2q3pb/1p5p/4p2P/2P3P1/1P2QPK1/R7","stockfishScores":{"wn":0.515}},{"fenStr":"8/5pk1/2q3pb/1p5p/4p2P/2P3P1/1P2QP1K/R7","stockfishScores":{"bn":0.5129166666666667}},{"fenStr":"8/5p1k/2q3pb/1p5p/4p2P/2P3P1/1P2QP1K/R7","stockfishScores":{"wn":0.5141071428571429}},{"fenStr":"8/5p1k/2q3pb/1p5p/4p2P/2P3P1/1P2QP1K/4R3","stockfishScores":{"bn":0.512797619047619}},{"fenStr":"8/7k/2q3pb/1p3p1p/4p2P/2P3P1/1P2QP1K/4R3","stockfishScores":{"wn":0.5126785714285714}},{"fenStr":"8/7k/2q3pb/1p3p1p/4p2P/2P3P1/1P2QP1K/3R4","stockfishScores":{"bn":0.513154761904762}},{"fenStr":"8/6bk/2q3p1/1p3p1p/4p2P/2P3P1/1P2QP1K/3R4","stockfishScores":{"wn":0.5123809523809524}},{"fenStr":"8/6bk/2q3p1/1p3p1p/4p2P/2P3P1/1P1Q1P1K/3R4","stockfishScores":{"bn":0.51375}},{"fenStr":"8/6bk/6p1/1p3p1p/2q1p2P/2P3P1/1P1Q1P1K/3R4","stockfishScores":{"wn":0.5141071428571429}},{"fenStr":"8/3Q2bk/6p1/1p3p1p/2q1p2P/2P3P1/1P3P1K/3R4","stockfishScores":{"bn":0.5186904761904761}},{"fenStr":"8/3Q2bk/6p1/1p3p1p/4p2P/2P3P1/1P2qP1K/3R4","stockfishScores":{"wn":0.5139285714285714}},{"fenStr":"8/3Q2bk/6p1/1p3p1p/4p2P/2P3P1/1P1RqP1K/8","stockfishScores":{"bn":0.5195238095238095}},{"fenStr":"8/3Q2bk/6p1/1p3p1p/4p2P/2P2qP1/1P1R1P1K/8","stockfishScores":{"wn":0.5185714285714286}},{"fenStr":"8/6bk/6p1/1Q3p1p/4p2P/2P2qP1/1P1R1P1K/8","stockfishScores":{"bn":0.5189285714285714}},{"fenStr":"8/6bk/6p1/1Q5p/4pp1P/2P2qP1/1P1R1P1K/8","stockfishScores":{"wn":0.5188690476190476}},{"fenStr":"8/6bk/6p1/7p/4pp1P/2P2qP1/1P1RQP1K/8","stockfishScores":{"bn":0.5157142857142857}},{"fenStr":"8/6bk/6p1/7p/4p2P/2P2qp1/1P1RQP1K/8","stockfishScores":{"wn":0.505}},{"fenStr":"8/6bk/6p1/7p/4p2P/2P2qP1/1P1RQ2K/8","stockfishScores":{"bn":0.5148809523809523}},{"fenStr":"8/6bk/6p1/5q1p/4p2P/2P3P1/1P1RQ2K/8","stockfishScores":{"wn":0.5185119047619048}},{"fenStr":"8/6bk/6p1/5q1p/4p2P/2P3P1/1P1R1Q1K/8","stockfishScores":{"bn":0.5169047619047619}},{"fenStr":"8/6bk/4q1p1/7p/4p2P/2P3P1/1P1R1Q1K/8","stockfishScores":{"wn":0.5171428571428571}},{"fenStr":"8/6bk/4q1p1/7p/4p2P/2P3P1/1P2RQ1K/8","stockfishScores":{"bn":0.5157738095238096}},{"fenStr":"8/7k/4q1pb/7p/4p2P/2P3P1/1P2RQ1K/8","stockfishScores":{"wn":0.52}},{"fenStr":"8/7k/4q1pb/7p/4p2P/2P3P1/1P2R1QK/8","stockfishScores":{"bn":0.5166666666666667}},{"fenStr":"8/7k/4q1pb/7p/7P/2P1p1P1/1P2R1QK/8","stockfishScores":{"wn":0.5155357142857143}},{"fenStr":"8/7k/4q1pb/7p/7P/2P1pQP1/1P2R2K/8","stockfishScores":{"bn":0.5200595238095238}},{"fenStr":"8/7k/1q4pb/7p/7P/2P1pQP1/1P2R2K/8","stockfishScores":{"wn":0.5217857142857143}},{"fenStr":"8/7k/1q4pb/7p/1P5P/2P1pQP1/4R2K/8","stockfishScores":{"bn":0.5235119047619048}},{"fenStr":"8/7k/6pb/1q5p/1P5P/2P1pQP1/4R2K/8","stockfishScores":{"wn":0.5235119047619048}},{"fenStr":"8/5Q1k/6pb/1q5p/1P5P/2P1p1P1/4R2K/8","stockfishScores":{"bn":0.5204761904761904}},{"fenStr":"8/5Qbk/6p1/1q5p/1P5P/2P1p1P1/4R2K/8","stockfishScores":{"wn":0.5260119047619047}},{"fenStr":"8/6bk/6p1/1q5p/1P5P/2P1pQP1/4R2K/8","stockfishScores":{"bn":0.5158928571428572}},{"fenStr":"8/7k/6pb/1q5p/1P5P/2P1pQP1/4R2K/8","stockfishScores":{"wn":0.5235119047619048}},{"fenStr":"8/7k/6pb/1q5p/1P5P/2P1pQP1/4R1K1/8","stockfishScores":{"bn":0.5236309523809524}},{"fenStr":"8/7k/6pb/7p/1Pq4P/2P1pQP1/4R1K1/8","stockfishScores":{"wn":0.523154761904762}},{"fenStr":"8/7k/6pb/7p/1Pq4P/2P1pQP1/2R3K1/8","stockfishScores":{"bn":0.5208928571428572}},{"fenStr":"8/6k1/6pb/7p/1Pq4P/2P1pQP1/2R3K1/8","stockfishScores":{"wn":0.5233333333333333}},{"fenStr":"8/6k1/6pb/7p/1Pq4P/2P1p1P1/2R1Q1K1/8","stockfishScores":{"bn":0.5176190476190476}},{"fenStr":"8/6k1/6pb/7p/1P2q2P/2P1p1P1/2R1Q1K1/8","stockfishScores":{"wn":0.5201190476190476}},{"fenStr":"8/6k1/6pb/7p/1P2q2P/2P1p1P1/2R1Q2K/8","stockfishScores":{"bn":0.5164285714285715}},{"fenStr":"8/7k/6pb/7p/1P2q2P/2P1p1P1/2R1Q2K/8","stockfishScores":{"wn":0.516547619047619}},{"fenStr":"8/7k/6pb/7p/1PP1q2P/4p1P1/2R1Q2K/8","stockfishScores":{"bn":0.5192857142857142}},{"fenStr":"8/7k/7b/6pp/1PP1q2P/4p1P1/2R1Q2K/8","stockfishScores":{"wn":0.5222023809523809}},{"fenStr":"8/7k/7b/6Pp/1PP1q3/4p1P1/2R1Q2K/8","stockfishScores":{"bn":0.52625}},{"fenStr":"8/7k/8/6bp/1PP1q3/4p1P1/2R1Q2K/8","stockfishScores":{"wn":0.5193452380952381}},{"fenStr":"8/7k/8/6bQ/1PP1q3/4p1P1/2R4K/8","stockfishScores":{"bn":0.5191071428571429}},{"fenStr":"8/7k/7b/7Q/1PP1q3/4p1P1/2R4K/8","stockfishScores":{"wn":0.5274404761904762}},{"fenStr":"8/7k/7b/8/1PP1q3/4p1P1/2R1Q2K/8","stockfishScores":{"bn":0.5243452380952381}},{"fenStr":"8/7k/7b/4q3/1PP5/4p1P1/2R1Q2K/8","stockfishScores":{"wn":0.523452380952381}},{"fenStr":"8/7k/7b/2P1q3/1P6/4p1P1/2R1Q2K/8","stockfishScores":{"bn":0.5280952380952381}},{"fenStr":"8/7k/7b/2P5/1P1q4/4p1P1/2R1Q2K/8","stockfishScores":{"wn":0.5325}},{"fenStr":"8/7k/7b/1PP5/3q4/4p1P1/2R1Q2K/8","stockfishScores":{"bn":0.5372023809523809}},{"fenStr":"8/7k/7b/1PP5/1q6/4p1P1/2R1Q2K/8","stockfishScores":{"wn":0.5360119047619047}},{"fenStr":"8/7k/2P4b/1P6/1q6/4p1P1/2R1Q2K/8","stockfishScores":{"bn":0.5414880952380953}},{"fenStr":"8/6bk/2P5/1P6/1q6/4p1P1/2R1Q2K/8","stockfishScores":{"wn":0.5413690476190476}},{"fenStr":"8/2P3bk/8/1P6/1q6/4p1P1/2R1Q2K/8","stockfishScores":{"bn":0.5484523809523809}},{"fenStr":"8/2P3bk/3q4/1P6/8/4p1P1/2R1Q2K/8","stockfishScores":{"wn":0.5450595238095238}},{"fenStr":"2Q5/6bk/3q4/1P6/8/4p1P1/2R1Q2K/8","stockfishScores":{"bn":0.5903571428571428}},{"fenStr":"2Q5/6bk/7q/1P6/8/4p1P1/2R1Q2K/8","stockfishScores":{"wn":0.5910714285714286}},{"fenStr":"2Q5/6bk/7q/1P6/8/4p1P1/2R1Q1K1/8","stockfishScores":{"bn":0.5920833333333333}},{"fenStr":"2Q5/6bk/6q1/1P6/8/4p1P1/2R1Q1K1/8","stockfishScores":{"wn":0.5916071428571429}},{"fenStr":"8/6bk/2Q3q1/1P6/8/4p1P1/2R1Q1K1/8","stockfishScores":{"bn":0.5921428571428572}},{"fenStr":"8/6bk/2Q5/1P4q1/8/4p1P1/2R1Q1K1/8","stockfishScores":{"wn":0.5919642857142857}},{"fenStr":"8/6bk/8/1P4q1/4Q3/4p1P1/2R1Q1K1/8","stockfishScores":{"bn":0.5925}},{"fenStr":"8/6b1/7k/1P4q1/4Q3/4p1P1/2R1Q1K1/8","stockfishScores":{"wn":0.5932142857142857}},{"fenStr":"8/6b1/2R4k/1P4q1/4Q3/4p1P1/4Q1K1/8","stockfishScores":{"bn":0.5932738095238095}},{"fenStr":"8/8/2R2b1k/1P4q1/4Q3/4p1P1/4Q1K1/8","stockfishScores":{"wn":0.5933928571428572}},{"fenStr":"8/8/2R2b1k/1P4q1/7Q/4p1P1/4Q1K1/8","stockfishScores":{"bn":0.5926785714285714}},{"fenStr":"8/8/2R2b1k/1P6/7q/4p1P1/4Q1K1/8","stockfishScores":{"wn":0.5305357142857143}},{"fenStr":"8/8/2R2b1k/1P6/7P/4p3/4Q1K1/8","stockfishScores":{"bn":0.59375}},{"fenStr":"8/8/2R2bk1/1P6/7P/4p3/4Q1K1/8","stockfishScores":{"wn":0.5922619047619048}},{"fenStr":"8/8/2R2bk1/1P6/7P/4Q3/6K1/8","stockfishScores":{"bn":0.597202380952381}},{"fenStr":"8/6k1/2R2b2/1P6/7P/4Q3/6K1/8","stockfishScores":{"wn":0.5970238095238095}},{"fenStr":"8/6k1/2R2b2/1P6/7P/6Q1/6K1/8","stockfishScores":{"bn":0.5967261904761905}},{"fenStr":"8/5k2/2R2b2/1P6/7P/6Q1/6K1/8","stockfishScores":{"wn":0.5970238095238095}},{"fenStr":"8/2Q2k2/2R2b2/1P6/7P/8/6K1/8","stockfishScores":{"bn":0.5970238095238095}},{"fenStr":"8/2Q5/2R2bk1/1P6/7P/8/6K1/8","stockfishScores":{"wn":0.596845238095238}},{"fenStr":"8/2Q5/5Rk1/1P6/7P/8/6K1/8","stockfishScores":{"bn":0.9107738095238096}},{"fenStr":"8/2Q5/5k2/1P6/7P/8/6K1/8","stockfishScores":{"wn":0.8733333333333333}},{"fenStr":"8/2Q5/1P3k2/8/7P/8/6K1/8","stockfishScores":{"bn":0.8733333333333333}},{"fenStr":"8/2Q5/1P4k1/8/7P/8/6K1/8","stockfishScores":{"wn":0.8738690476190476}},{"fenStr":"8/1PQ5/6k1/8/7P/8/6K1/8","stockfishScores":{"bn":0.8738690476190476}},{"fenStr":"8/1PQ5/7k/8/7P/8/6K1/8","stockfishScores":{"wn":0.8744642857142857}},{"fenStr":"1Q6/2Q5/7k/8/7P/8/6K1/8","stockfishScores":{"bn":0.9408928571428571}},{"fenStr":"1Q6/2Q5/6k1/8/7P/8/6K1/8","stockfishScores":{"wn":0.9402976190476191}},{"fenStr":"6Q1/2Q5/6k1/8/7P/8/6K1/8","stockfishScores":{"bn":0.9402976190476191}},{"fenStr":"6Q1/2Q5/7k/8/7P/8/6K1/8","stockfishScores":{"wn":0.9408928571428571}},{"fenStr":"6Q1/7Q/7k/8/7P/8/6K1/8","stockfishScores":{"bn":0.5}}],"result":{"ww":true}}