{"fens":[{"fenStr":"rnbqkbnr/pppppppp/8/8/4P3/8/PPPP1PPP/RNBQKBNR","stockfishScores":{"bn":0.5049404761904762}},{"fenStr":"rnbqkbnr/pp1ppppp/8/2p5/4P3/8/PPPP1PPP/RNBQKBNR","stockfishScores":{"wn":0.5038095238095238}},{"fenStr":"rnbqkbnr/pp1ppppp/8/2p5/4P3/5N2/PPPP1PPP/RNBQKB1R","stockfishScores":{"bn":0.5058928571428571}},{"fenStr":"rnbqkbnr/pp2pppp/3p4/2p5/4P3/5N2/PPPP1PPP/RNBQKB1R","stockfishScores":{"wn":0.5020833333333333}},{"fenStr":"rnbqkbnr/pp2pppp/3p4/2p5/3PP3/5N2/PPP2PPP/RNBQKB1R","stockfishScores":{"bn":0.5076785714285714}},{"fenStr":"rnbqkbnr/pp2pppp/3p4/8/3pP3/5N2/PPP2PPP/RNBQKB1R","stockfishScores":{"wn":0.4976190476190476}},{"fenStr":"rnbqkbnr/pp2pppp/3p4/8/3NP3/8/PPP2PPP/RNBQKB1R","stockfishScores":{"bn":0.51}},{"fenStr":"rnbqkb1r/pp2pppp/3p1n2/8/3NP3/8/PPP2PPP/RNBQKB1R","stockfishScores":{"wn":0.5031547619047619}},{"fenStr":"rnbqkb1r/pp2pppp/3p1n2/8/3NP3/2N5/PPP2PPP/R1BQKB1R","stockfishScores":{"bn":0.5076190476190476}},{"fenStr":"rnbqkb1r/1p2pppp/p2p1n2/8/3NP3/2N5/PPP2PPP/R1BQKB1R","stockfishScores":{"wn":0.5050595238095238}},{"fenStr":"rnbqkb1r/1p2pppp/p2p1n2/6B1/3NP3/2N5/PPP2PPP/R2QKB1R","stockfishScores":{"bn":0.5054761904761905}},{"fenStr":"rnbqkb1r/1p3ppp/p2ppn2/6B1/3NP3/2N5/PPP2PPP/R2QKB1R","stockfishScores":{"wn":0.5088095238095238}},{"fenStr":"rnbqkb1r/1p3ppp/p2ppn2/6B1/3NPP2/2N5/PPP3PP/R2QKB1R","stockfishScores":{"bn":0.5075}},{"fenStr":"rnbqk2r/1p2bppp/p2ppn2/6B1/3NPP2/2N5/PPP3PP/R2QKB1R","stockfishScores":{"wn":0.5061309523809524}},{"fenStr":"rnbqk2r/1p2bppp/p2ppn2/6B1/3NPP2/2N2Q2/PPP3PP/R3KB1R","stockfishScores":{"bn":0.50625}},{"fenStr":"r1bqk2r/1p1nbppp/p2ppn2/6B1/3NPP2/2N2Q2/PPP3PP/R3KB1R","stockfishScores":{"wn":0.5031547619047619}},{"fenStr":"r1bqk2r/1p1nbppp/p2ppn2/6B1/3NPP2/2N2Q2/PPP3PP/2KR1B1R","stockfishScores":{"bn":0.5136309523809524}},{"fenStr":"r1b1k2r/1pqnbppp/p2ppn2/6B1/3NPP2/2N2Q2/PPP3PP/2KR1B1R","stockfishScores":{"wn":0.513452380952381}},{"fenStr":"r1b1k2r/1pqnbppp/p2ppn2/6B1/3NPP2/2NB1Q2/PPP3PP/2KR3R","stockfishScores":{"bn":0.5138095238095238}},{"fenStr":"r1b1k2r/2qnbppp/p2ppn2/1p4B1/3NPP2/2NB1Q2/PPP3PP/2KR3R","stockfishScores":{"wn":0.5113690476190477}},{"fenStr":"r1b1k2r/2qnbppp/p2ppn2/1p4B1/3NPP2/2NB1Q2/PPP3PP/2KRR3","stockfishScores":{"bn":0.5116071428571428}},{"fenStr":"r3k2r/1bqnbppp/p2ppn2/1p4B1/3NPP2/2NB1Q2/PPP3PP/2KRR3","stockfishScores":{"wn":0.5068452380952381}},{"fenStr":"r3k2r/1bqnbppp/p2ppn2/1p4B1/3NPP2/2NB2Q1/PPP3PP/2KRR3","stockfishScores":{"bn":0.5073214285714286}},{"fenStr":"r3k2r/1bqnbpp1/p2ppn1p/1p4B1/3NPP2/2NB2Q1/PPP3PP/2KRR3","stockfishScores":{"wn":0.5026190476190476}},{"fenStr":"r3k2r/1bqnbpp1/p2ppB1p/1p6/3NPP2/2NB2Q1/PPP3PP/2KRR3","stockfishScores":{"bn":0.5354761904761904}},{"fenStr":"r3k2r/1bqn1pp1/p2ppb1p/1p6/3NPP2/2NB2Q1/PPP3PP/2KRR3","stockfishScores":{"wn":0.5002380952380953}},{"fenStr":"r3k2r/1bqn1pp1/p2ppb1p/1B6/3NPP2/2N3Q1/PPP3PP/2KRR3","stockfishScores":{"bn":0.5138095238095238}},{"fenStr":"r3k2r/1bqn1pp1/3ppb1p/1p6/3NPP2/2N3Q1/PPP3PP/2KRR3","stockfishScores":{"wn":0.4824404761904762}},{"fenStr":"r3k2r/1bqn1pp1/3ppb1p/1N6/4PP2/2N3Q1/PPP3PP/2KRR3","stockfishScores":{"bn":0.5014285714285714}},{"fenStr":"rq2k2r/1b1n1pp1/3ppb1p/1N6/4PP2/2N3Q1/PPP3PP/2KRR3","stockfishScores":{"wn":0.5013690476190477}},{"fenStr":"rq2k2r/1b1n1pp1/3Npb1p/8/4PP2/2N3Q1/PPP3PP/2KRR3","stockfishScores":{"bn":0.5050595238095238}},{"fenStr":"rq3k1r/1b1n1pp1/3Npb1p/8/4PP2/2N3Q1/PPP3PP/2KRR3","stockfishScores":{"wn":0.5022619047619048}},{"fenStr":"rq3k1r/1b1n1Np1/4pb1p/8/4PP2/2N3Q1/PPP3PP/2KRR3","stockfishScores":{"bn":0.5088095238095238}},{"fenStr":"rq3k1r/1b1n1Np1/4p2p/8/4PP2/2b3Q1/PPP3PP/2KRR3","stockfishScores":{"wn":0.4804761904761905}},{"fenStr":"rq3k1r/1b1n1Np1/4p2p/8/4PP2/2P3Q1/P1P3PP/2KRR3","stockfishScores":{"bn":0.5027380952380952}},{"fenStr":"rq3k1r/3n1Np1/2b1p2p/8/4PP2/2P3Q1/P1P3PP/2KRR3","stockfishScores":{"wn":0.49851190476190477}},{"fenStr":"rq3k1N/3n2p1/2b1p2p/8/4PP2/2P3Q1/P1P3PP/2KRR3","stockfishScores":{"bn":0.5360119047619047}},{"fenStr":"1q3k1N/3n2p1/2b1p2p/8/4PP2/2P3Q1/r1P3PP/2KRR3","stockfishScores":{"wn":0.49779761904761904}},{"fenStr":"1q3k2/3n2p1/2b1p1Np/8/4PP2/2P3Q1/r1P3PP/2KRR3","stockfishScores":{"bn":0.49410714285714286}},{"fenStr":"1q2k3/3n2p1/2b1p1Np/8/4PP2/2P3Q1/r1P3PP/2KRR3","stockfishScores":{"wn":0.49714285714285716}},{"fenStr":"1q2k3/3n2p1/2b1p2p/4N3/4PP2/2P3Q1/r1P3PP/2KRR3","stockfishScores":{"bn":0.5167857142857143}},{"fenStr":"4k3/3n2p1/2b1p2p/4N3/4PP2/2P3Q1/rqP3PP/2KRR3","stockfishScores":{"wn":0.5117857142857143}},{"fenStr":"4k3/3n2p1/2b1p2p/4N3/4PP2/2P3Q1/rqPK2PP/3RR3","stockfishScores":{"bn":0.5155357142857143}},{"fenStr":"4k3/3n2p1/2b1p2p/4N3/4PP2/2P3Q1/r1qK2PP/3RR3","stockfishScores":{"wn":0.5335714285714286}},{"fenStr":"4k3/3n2p1/2b1p2p/4N3/4PP2/2P1K1Q1/r1q3PP/3RR3","stockfishScores":{"bn":0.520952380952381}},{"fenStr":"4k3/3n2p1/2b1p2p/4N3/4qP2/2P1K1Q1/r5PP/3RR3","stockfishScores":{"wn":0.5193452380952381}}],"result":{"bw":true}}