{"fens":[{"fenStr":"rnbqkbnr/pppppppp/8/8/3P4/8/PPP1PPPP/RNBQKBNR","stockfishScores":{"bn":0.5048809523809524}},{"fenStr":"rnbqkbnr/ppppp1pp/8/5p2/3P4/8/PPP1PPPP/RNBQKBNR","stockfishScores":{"wn":0.5067261904761905}},{"fenStr":"rnbqkbnr/ppppp1pp/8/5pB1/3P4/8/PPP1PPPP/RN1QKBNR","stockfishScores":{"bn":0.5071428571428571}},{"fenStr":"rnbqkbnr/ppppp2p/6p1/5pB1/3P4/8/PPP1PPPP/RN1QKBNR","stockfishScores":{"wn":0.5066666666666667}},{"fenStr":"rnbqkbnr/ppppp2p/6p1/5pB1/3P4/5N2/PPP1PPPP/RN1QKB1R","stockfishScores":{"bn":0.5104166666666666}},{"fenStr":"rnbqk1nr/ppppp1bp/6p1/5pB1/3P4/5N2/PPP1PPPP/RN1QKB1R","stockfishScores":{"wn":0.5083333333333333}},{"fenStr":"rnbqk1nr/ppppp1bp/6p1/5pB1/3P3P/5N2/PPP1PPP1/RN1QKB1R","stockfishScores":{"bn":0.5105357142857143}},{"fenStr":"rnbqk2r/ppppp1bp/5np1/5pB1/3P3P/5N2/PPP1PPP1/RN1QKB1R","stockfishScores":{"wn":0.5061904761904762}},{"fenStr":"rnbqk2r/ppppp1bp/5np1/5pB1/2PP3P/5N2/PP2PPP1/RN1QKB1R","stockfishScores":{"bn":0.5090476190476191}},{"fenStr":"rnbqk2r/ppp1p1bp/3p1np1/5pB1/2PP3P/5N2/PP2PPP1/RN1QKB1R","stockfishScores":{"wn":0.5096428571428572}},{"fenStr":"rnbqk2r/ppp1p1bp/3p1np1/5pB1/2PP3P/2N2N2/PP2PPP1/R2QKB1R","stockfishScores":{"bn":0.512797619047619}},{"fenStr":"rnbqk2r/pp2p1bp/2pp1np1/5pB1/2PP3P/2N2N2/PP2PPP1/R2QKB1R","stockfishScores":{"wn":0.5070238095238095}},{"fenStr":"rnbqk2r/pp2p1bp/2pp1Bp1/5p2/2PP3P/2N2N2/PP2PPP1/R2QKB1R","stockfishScores":{"bn":0.5279761904761905}},{"fenStr":"rnbqk2r/pp2p2p/2pp1bp1/5p2/2PP3P/2N2N2/PP2PPP1/R2QKB1R","stockfishScores":{"wn":0.5043452380952381}},{"fenStr":"rnbqk2r/pp2p2p/2pp1bp1/5p2/2PP3P/2N2N2/PP1QPPP1/R3KB1R","stockfishScores":{"bn":0.5039880952380953}},{"fenStr":"rnbqk2r/pp5p/2pp1bp1/4pp2/2PP3P/2N2N2/PP1QPPP1/R3KB1R","stockfishScores":{"wn":0.5011309523809524}},{"fenStr":"rnbqk2r/pp5p/2pp1bp1/4pp2/2PPP2P/2N2N2/PP1Q1PP1/R3KB1R","stockfishScores":{"bn":0.5059523809523809}},{"fenStr":"rnbqk2r/pp5p/2pp1bp1/5p2/2PpP2P/2N2N2/PP1Q1PP1/R3KB1R","stockfishScores":{"wn":0.4903571428571429}},{"fenStr":"rnbqk2r/pp5p/2pp1bp1/5p2/2PNP2P/2N5/PP1Q1PP1/R3KB1R","stockfishScores":{"bn":0.5020833333333333}},{"fenStr":"rnb1k2r/pp2q2p/2pp1bp1/5p2/2PNP2P/2N5/PP1Q1PP1/R3KB1R","stockfishScores":{"wn":0.501547619047619}},{"fenStr":"rnb1k2r/pp2q2p/2pp1bp1/5p2/2PNP2P/2N5/PP1Q1PP1/2KR1B1R","stockfishScores":{"bn":0.5057738095238096}},{"fenStr":"rnb2rk1/pp2q2p/2pp1bp1/5p2/2PNP2P/2N5/PP1Q1PP1/2KR1B1R","stockfishScores":{"wn":0.49738095238095237}},{"fenStr":"rnb2rk1/pp2q2p/2pp1bp1/5P2/2PN3P/2N5/PP1Q1PP1/2KR1B1R","stockfishScores":{"bn":0.5089285714285714}},{"fenStr":"rnb2rk1/pp2q2p/2pp2p1/5P2/2PN3b/2N5/PP1Q1PP1/2KR1B1R","stockfishScores":{"wn":0.5133333333333333}},{"fenStr":"rnb2rk1/pp2q2p/2pp2p1/5P2/2PN3b/2N3P1/PP1Q1P2/2KR1B1R","stockfishScores":{"bn":0.5182142857142857}},{"fenStr":"rnb2rk1/pp2q2p/2pp1bp1/5P2/2PN4/2N3P1/PP1Q1P2/2KR1B1R","stockfishScores":{"wn":0.5086309523809524}},{"fenStr":"rnb2rk1/pp2q2p/2pp1bP1/8/2PN4/2N3P1/PP1Q1P2/2KR1B1R","stockfishScores":{"bn":0.5238095238095238}},{"fenStr":"rnb2rk1/pp2q3/2pp1bp1/8/2PN4/2N3P1/PP1Q1P2/2KR1B1R","stockfishScores":{"wn":0.5095833333333334}},{"fenStr":"rnb2rk1/pp2q3/2pp1bp1/8/2PN4/2N3P1/PP1Q1P2/2K1RB1R","stockfishScores":{"bn":0.5176190476190476}},{"fenStr":"rnb2rk1/pp4q1/2pp1bp1/8/2PN4/2N3P1/PP1Q1P2/2K1RB1R","stockfishScores":{"wn":0.5127380952380952}},{"fenStr":"rnb2rk1/pp4q1/2ppNbp1/8/2P5/2N3P1/PP1Q1P2/2K1RB1R","stockfishScores":{"bn":0.5210714285714285}},{"fenStr":"rn3rk1/pp4q1/2ppbbp1/8/2P5/2N3P1/PP1Q1P2/2K1RB1R","stockfishScores":{"wn":0.48601190476190476}},{"fenStr":"rn3rk1/pp4q1/2ppRbp1/8/2P5/2N3P1/PP1Q1P2/2K2B1R","stockfishScores":{"bn":0.5155952380952381}},{"fenStr":"r4rk1/pp4q1/n1ppRbp1/8/2P5/2N3P1/PP1Q1P2/2K2B1R","stockfishScores":{"wn":0.5136309523809524}},{"fenStr":"r4rk1/pp4q1/n1pR1bp1/8/2P5/2N3P1/PP1Q1P2/2K2B1R","stockfishScores":{"bn":0.5170238095238096}},{"fenStr":"r4rk1/pp4q1/n1pR2p1/8/2P5/2b3P1/PP1Q1P2/2K2B1R","stockfishScores":{"wn":0.4988690476190476}},{"fenStr":"r4rk1/pp4q1/n1pR2p1/8/2P5/2P3P1/P2Q1P2/2K2B1R","stockfishScores":{"bn":0.5202380952380953}},{"fenStr":"r5k1/pp4q1/n1pR2p1/8/2P5/2P3P1/P2Q1r2/2K2B1R","stockfishScores":{"wn":0.5130357142857143}},{"fenStr":"r5k1/pp4q1/n1pR2p1/8/2P5/2P3P1/P4Q2/2K2B1R","stockfishScores":{"bn":0.5536309523809524}},{"fenStr":"r5k1/pp6/n1pR2p1/8/2P5/2q3P1/P4Q2/2K2B1R","stockfishScores":{"wn":0.5639285714285714}},{"fenStr":"r5k1/pp6/n1pR2p1/8/2P5/2q3P1/P1Q5/2K2B1R","stockfishScores":{"bn":0.542797619047619}},{"fenStr":"r5k1/pp6/n1pR2p1/8/2P5/q5P1/P1Q5/2K2B1R","stockfishScores":{"wn":0.5795238095238096}},{"fenStr":"r5k1/pp6/n1pR2p1/8/2P5/q5P1/PQ6/2K2B1R","stockfishScores":{"bn":0.5472023809523809}},{"fenStr":"r5k1/pp6/n1pq2p1/8/2P5/6P1/PQ6/2K2B1R","stockfishScores":{"wn":0.5335119047619048}},{"fenStr":"r5kQ/pp6/n1pq2p1/8/2P5/6P1/P7/2K2B1R","stockfishScores":{"bn":0.5057738095238096}},{"fenStr":"r6Q/pp3k2/n1pq2p1/8/2P5/6P1/P7/2K2B1R","stockfishScores":{"wn":0.5013690476190477}},{"fenStr":"r6Q/pp3k1R/n1pq2p1/8/2P5/6P1/P7/2K2B2","stockfishScores":{"bn":0.504702380952381}},{"fenStr":"r6Q/pp5R/n1pqk1p1/8/2P5/6P1/P7/2K2B2","stockfishScores":{"wn":0.49660714285714286}},{"fenStr":"r6Q/pp5R/n1pqk1p1/8/2P5/6PB/P7/2K5","stockfishScores":{"bn":0.4969642857142857}}],"result":{"ww":true}}