{"fens":[{"fenStr":"rnbqkbnr/pppppppp/8/8/4P3/8/PPPP1PPP/RNBQKBNR","stockfishScores":{"bn":0.5049404761904762}},{"fenStr":"rnbqkbnr/pppp1ppp/8/4p3/4P3/8/PPPP1PPP/RNBQKBNR","stockfishScores":{"wn":0.5005952380952381}},{"fenStr":"rnbqkbnr/pppp1ppp/8/4p3/4P3/5N2/PPPP1PPP/RNBQKB1R","stockfishScores":{"bn":0.5044047619047619}},{"fenStr":"r1bqkbnr/pppp1ppp/2n5/4p3/4P3/5N2/PPPP1PPP/RNBQKB1R","stockfishScores":{"wn":0.5004166666666666}},{"fenStr":"r1bqkbnr/pppp1ppp/2n5/4p3/2B1P3/5N2/PPPP1PPP/RNBQK2R","stockfishScores":{"bn":0.5013095238095238}},{"fenStr":"r1bqk1nr/ppppbppp/2n5/4p3/2B1P3/5N2/PPPP1PPP/RNBQK2R","stockfishScores":{"wn":0.5023809523809524}},{"fenStr":"r1bqk1nr/ppppbppp/2n5/4p3/2B1P3/2N2N2/PPPP1PPP/R1BQK2R","stockfishScores":{"bn":0.5046428571428572}},{"fenStr":"r1bqk2r/ppppbppp/2n2n2/4p3/2B1P3/2N2N2/PPPP1PPP/R1BQK2R","stockfishScores":{"wn":0.5023214285714286}},{"fenStr":"r1bqk2r/ppppbppp/2n2n2/4p3/2B1P3/2NP1N2/PPP2PPP/R1BQK2R","stockfishScores":{"bn":0.5061904761904762}},{"fenStr":"r1bqk2r/ppp1bppp/2np1n2/4p3/2B1P3/2NP1N2/PPP2PPP/R1BQK2R","stockfishScores":{"wn":0.5032738095238095}},{"fenStr":"r1bqk2r/ppp1bppp/2np1n2/4p3/2B1P3/2NP1N1P/PPP2PP1/R1BQK2R","stockfishScores":{"bn":0.505}},{"fenStr":"r1bqk2r/1pp1bppp/p1np1n2/4p3/2B1P3/2NP1N1P/PPP2PP1/R1BQK2R","stockfishScores":{"wn":0.5030357142857143}},{"fenStr":"r1bqk2r/1pp1bppp/p1np1n2/4p3/2B1P3/P1NP1N1P/1PP2PP1/R1BQK2R","stockfishScores":{"bn":0.5038095238095238}},{"fenStr":"r2qk2r/1pp1bppp/p1npbn2/4p3/2B1P3/P1NP1N1P/1PP2PP1/R1BQK2R","stockfishScores":{"wn":0.5005952380952381}},{"fenStr":"r2qk2r/1pp1bppp/p1npbn2/4p3/4P3/PBNP1N1P/1PP2PP1/R1BQK2R","stockfishScores":{"bn":0.5021428571428571}},{"fenStr":"r2qk2r/1pp1bppp/p1np1n2/4p3/4P3/PbNP1N1P/1PP2PP1/R1BQK2R","stockfishScores":{"wn":0.4791666666666667}},{"fenStr":"r2qk2r/1pp1bppp/p1np1n2/4p3/4P3/PPNP1N1P/1P3PP1/R1BQK2R","stockfishScores":{"bn":0.4992857142857143}},{"fenStr":"r2qk2r/1pp1bppp/p1n2n2/3pp3/4P3/PPNP1N1P/1P3PP1/R1BQK2R","stockfishScores":{"wn":0.49720238095238095}},{"fenStr":"r2qk2r/1pp1bppp/p1n2n2/3pp3/4P3/PPNP1N1P/1P3PP1/R1BQ1RK1","stockfishScores":{"bn":0.5070238095238095}},{"fenStr":"r2q1rk1/1pp1bppp/p1n2n2/3pp3/4P3/PPNP1N1P/1P3PP1/R1BQ1RK1","stockfishScores":{"wn":0.495952380952381}},{"fenStr":"r2q1rk1/1pp1bppp/p1n2n2/3pp3/4P3/PPNP1N1P/1P3PP1/R1BQR1K1","stockfishScores":{"bn":0.495}},{"fenStr":"r4rk1/1pp1bppp/p1nq1n2/3pp3/4P3/PPNP1N1P/1P3PP1/R1BQR1K1","stockfishScores":{"wn":0.49476190476190474}},{"fenStr":"r4rk1/1pp1bppp/p1nq1n2/3pp3/4P3/PPNP1N1P/1P1B1PP1/R2QR1K1","stockfishScores":{"bn":0.49642857142857144}},{"fenStr":"3r1rk1/1pp1bppp/p1nq1n2/3pp3/4P3/PPNP1N1P/1P1B1PP1/R2QR1K1","stockfishScores":{"wn":0.4969047619047619}},{"fenStr":"3r1rk1/1pp1bppp/p1nq1n2/3pp3/4P3/PPNP1N1P/1PQB1PP1/R3R1K1","stockfishScores":{"bn":0.49547619047619046}},{"fenStr":"3rr1k1/1pp1bppp/p1nq1n2/3pp3/4P3/PPNP1N1P/1PQB1PP1/R3R1K1","stockfishScores":{"wn":0.49607142857142855}},{"fenStr":"3rr1k1/1pp1bppp/p1nq1n2/3pp3/4P3/PPNP1N1P/1PQB1PP1/3RR1K1","stockfishScores":{"bn":0.4955952380952381}},{"fenStr":"3rr1k1/1pp1bppp/p1nq1n2/4p3/3pP3/PPNP1N1P/1PQB1PP1/3RR1K1","stockfishScores":{"wn":0.49392857142857144}},{"fenStr":"3rr1k1/1pp1bppp/p1nq1n2/4p3/3pP3/PP1P1N1P/1PQBNPP1/3RR1K1","stockfishScores":{"bn":0.4992857142857143}},{"fenStr":"3rr1k1/1pp1bppp/p1nq4/4p3/3pn3/PP1P1N1P/1PQBNPP1/3RR1K1","stockfishScores":{"wn":0.493452380952381}},{"fenStr":"3rr1k1/1pp1bppp/p1nq4/4p3/3pP3/PP3N1P/1PQBNPP1/3RR1K1","stockfishScores":{"bn":0.514702380952381}},{"fenStr":"3rr1k1/1pp1bppp/p1nq4/4p3/4P3/PP1p1N1P/1PQBNPP1/3RR1K1","stockfishScores":{"wn":0.504702380952381}},{"fenStr":"3rr1k1/1pp1bppp/p1nq4/4p3/4P3/PPQp1N1P/1P1BNPP1/3RR1K1","stockfishScores":{"bn":0.5105952380952381}},{"fenStr":"3rr1k1/1pp1bppp/p1nq4/4p3/4P3/PPQ2N1P/1P1BpPP1/3RR1K1","stockfishScores":{"wn":0.48642857142857143}},{"fenStr":"3rr1k1/1pp1bppp/p1nq4/4p3/4P3/PPQ2N1P/1P1BRPP1/3R2K1","stockfishScores":{"bn":0.49666666666666665}},{"fenStr":"3rr1k1/1pp2ppp/p1nq1b2/4p3/4P3/PPQ2N1P/1P1BRPP1/3R2K1","stockfishScores":{"wn":0.49779761904761904}},{"fenStr":"3rr1k1/1pp2ppp/p1nq1b2/4p3/4P3/PPQ2N1P/1P1BRPP1/2R3K1","stockfishScores":{"bn":0.49547619047619046}},{"fenStr":"3rr1k1/1pp2ppp/p1n1qb2/4p3/4P3/PPQ2N1P/1P1BRPP1/2R3K1","stockfishScores":{"wn":0.5001190476190476}},{"fenStr":"3rr1k1/1pp2ppp/p1n1qb2/4p3/1P2P3/P1Q2N1P/1P1BRPP1/2R3K1","stockfishScores":{"bn":0.4994047619047619}},{"fenStr":"4r1k1/1ppr1ppp/p1n1qb2/4p3/1P2P3/P1Q2N1P/1P1BRPP1/2R3K1","stockfishScores":{"wn":0.5014285714285714}},{"fenStr":"4r1k1/1ppr1ppp/p1n1qb2/2Q1p3/1P2P3/P4N1P/1P1BRPP1/2R3K1","stockfishScores":{"bn":0.4986904761904762}},{"fenStr":"3r2k1/1ppr1ppp/p1n1qb2/2Q1p3/1P2P3/P4N1P/1P1BRPP1/2R3K1","stockfishScores":{"wn":0.4945833333333333}},{"fenStr":"3r2k1/1ppr1ppp/p1n1qb2/2Q1p3/1P2P3/P1B2N1P/1P2RPP1/2R3K1","stockfishScores":{"bn":0.4950595238095238}},{"fenStr":"3r2k1/1pprbppp/p1n1q3/2Q1p3/1P2P3/P1B2N1P/1P2RPP1/2R3K1","stockfishScores":{"wn":0.4913690476190476}},{"fenStr":"3r2k1/1pprbppp/p1n1q3/4p3/1P2P3/P1B1QN1P/1P2RPP1/2R3K1","stockfishScores":{"bn":0.4955357142857143}},{"fenStr":"3r2k1/1pp1bppp/p1n1q3/4p3/1P2P3/P1BrQN1P/1P2RPP1/2R3K1","stockfishScores":{"wn":0.49720238095238095}},{"fenStr":"3r2k1/1pp1bppp/p1n1q3/4p3/1P1NP3/P1BrQ2P/1P2RPP1/2R3K1","stockfishScores":{"bn":0.4919047619047619}},{"fenStr":"3r2k1/1pp1bppp/p1n1q3/4p3/1P1NP3/P1B1r2P/1P2RPP1/2R3K1","stockfishScores":{"wn":0.4233928571428571}},{"fenStr":"3r2k1/1pp1bppp/p1n1N3/4p3/1P2P3/P1B1r2P/1P2RPP1/2R3K1","stockfishScores":{"bn":0.5000595238095238}},{"fenStr":"3r2k1/1pp1bppp/p1n1N3/4p3/1P2P3/P1B4P/1P2rPP1/2R3K1","stockfishScores":{"wn":0.45416666666666666}},{"fenStr":"3N2k1/1pp1bppp/p1n5/4p3/1P2P3/P1B4P/1P2rPP1/2R3K1","stockfishScores":{"bn":0.4924404761904762}},{"fenStr":"3b2k1/1pp2ppp/p1n5/4p3/1P2P3/P1B4P/1P2rPP1/2R3K1","stockfishScores":{"wn":0.46898809523809526}},{"fenStr":"3b2k1/1pp2ppp/p1n5/4p3/1P2P3/P1B2P1P/1P2r1P1/2R3K1","stockfishScores":{"bn":0.4707142857142857}},{"fenStr":"3b2k1/1pp2ppp/p7/4p3/1P1nP3/P1B2P1P/1P2r1P1/2R3K1","stockfishScores":{"wn":0.46922619047619046}},{"fenStr":"3b2k1/1pp2ppp/p7/4p3/1P1nP3/P1B2P1P/1P2r1P1/3R2K1","stockfishScores":{"bn":0.46910714285714283}},{"fenStr":"6k1/1pp2ppp/p4b2/4p3/1P1nP3/P1B2P1P/1P2r1P1/3R2K1","stockfishScores":{"wn":0.47023809523809523}},{"fenStr":"6k1/1pp2ppp/p4b2/4p3/1P1nP3/P1B2P1P/1P2r1P1/3R1K2","stockfishScores":{"bn":0.47059523809523807}},{"fenStr":"6k1/1pp2ppp/p4b2/4p3/1P1nP3/P1B1rP1P/1P4P1/3R1K2","stockfishScores":{"wn":0.472797619047619}},{"fenStr":"6k1/1pp2ppp/p4b2/4p3/1P1nP3/P1B1rP1P/1P1R2P1/5K2","stockfishScores":{"bn":0.470297619047619}},{"fenStr":"6k1/1pp2ppp/p7/4p1b1/1P1nP3/P1B1rP1P/1P1R2P1/5K2","stockfishScores":{"wn":0.46922619047619046}},{"fenStr":"6k1/1pp2ppp/p7/4p1b1/1P1nP3/P1B1rP1P/1P4P1/3R1K2","stockfishScores":{"bn":0.4695238095238095}},{"fenStr":"5k2/1pp2ppp/p7/4p1b1/1P1nP3/P1B1rP1P/1P4P1/3R1K2","stockfishScores":{"wn":0.470297619047619}},{"fenStr":"5k2/1pp2ppp/p7/4p1b1/1P1nP3/P1B1rP1P/1P3KP1/3R4","stockfishScores":{"bn":0.46922619047619046}},{"fenStr":"4k3/1pp2ppp/p7/4p1b1/1P1nP3/P1B1rP1P/1P3KP1/3R4","stockfishScores":{"wn":0.47059523809523807}},{"fenStr":"4k3/1pp2ppp/p7/4p1b1/PP1nP3/2B1rP1P/1P3KP1/3R4","stockfishScores":{"bn":0.4711904761904762}},{"fenStr":"4k3/1pp2ppp/p7/4p1b1/PP1nP3/2B2P1P/1P2rKP1/3R4","stockfishScores":{"wn":0.47125}},{"fenStr":"4k3/1pp2ppp/p7/4p1b1/PP1nP3/2B2P1P/1P2r1P1/3R1K2","stockfishScores":{"bn":0.4680952380952381}},{"fenStr":"4k3/1pp2ppp/p7/4p1b1/PP1nP3/2B2P1P/1Pr3P1/3R1K2","stockfishScores":{"wn":0.46767857142857144}},{"fenStr":"4k3/1pp2ppp/p7/4p1b1/PP1nP3/2BR1P1P/1Pr3P1/5K2","stockfishScores":{"bn":0.4638095238095238}},{"fenStr":"4k3/1pp2ppp/p7/4p3/PP1nP3/2BR1P1P/1Pr3P1/2b2K2","stockfishScores":{"wn":0.4680357142857143}},{"fenStr":"4k3/1pp2ppp/p7/4p3/PP1nP3/3R1P1P/1Pr3P1/2b1BK2","stockfishScores":{"bn":0.46690476190476193}},{"fenStr":"4k3/1pp2ppp/p7/4p3/PP1nP3/3R1P1P/1br3P1/4BK2","stockfishScores":{"wn":0.46523809523809523}},{"fenStr":"4k3/1pp2ppp/p7/4p3/PP1nP3/3R1PBP/1br3P1/5K2","stockfishScores":{"bn":0.4638690476190476}},{"fenStr":"4k3/1pp3pp/p4p2/4p3/PP1nP3/3R1PBP/1br3P1/5K2","stockfishScores":{"wn":0.4630952380952381}},{"fenStr":"4k3/1pp3pp/p4p2/4p3/PP1nPP2/3R2BP/1br3P1/5K2","stockfishScores":{"bn":0.4619642857142857}},{"fenStr":"4k3/1pp3pp/p4p2/4p3/PP2PP2/3R2BP/1br1n1P1/5K2","stockfishScores":{"wn":0.46577380952380953}},{"fenStr":"4k3/1pp3pp/p4p2/4P3/PP2P3/3R2BP/1br1n1P1/5K2","stockfishScores":{"bn":0.46964285714285714}},{"fenStr":"4k3/1pp3pp/p4p2/4b3/PP2P3/3R2BP/2r1n1P1/5K2","stockfishScores":{"wn":0.4636904761904762}},{"fenStr":"4k3/1pp3pp/p4p2/4b3/PP2P3/3R3P/2r1nBP1/5K2","stockfishScores":{"bn":0.465}},{"fenStr":"4k3/1pp3pp/p4p2/4b3/PP2Pn2/3R3P/2r2BP1/5K2","stockfishScores":{"wn":0.4580952380952381}},{"fenStr":"4k3/1pp3pp/p4p2/4b3/PP2Pn2/6RP/2r2BP1/5K2","stockfishScores":{"bn":0.46077380952380953}},{"fenStr":"4k3/1pp3pp/p4p2/4b3/PP2Pn2/6RP/5BP1/2r2K2","stockfishScores":{"wn":0.46458333333333335}},{"fenStr":"4k3/1pp3pp/p4p2/4b3/PP2Pn2/6RP/6P1/2r1BK2","stockfishScores":{"bn":0.4604761904761905}},{"fenStr":"4k3/1pp3pp/p4p2/4b3/PP2Pn2/6RP/6P1/3rBK2","stockfishScores":{"wn":0.4600595238095238}},{"fenStr":"4k3/1pp3pp/p4p2/4b3/PP2Pn2/4R2P/6P1/3rBK2","stockfishScores":{"bn":0.46053571428571427}},{"fenStr":"4k3/1pp3pp/p4p2/4b3/PP2P3/3nR2P/6P1/3rBK2","stockfishScores":{"wn":0.4560119047619048}},{"fenStr":"4k3/1pp3pp/p4p2/4b3/PP2P3/3nR2P/4K1P1/3rB3","stockfishScores":{"bn":0.45922619047619045}},{"fenStr":"4k3/1pp3pp/p4p2/4b3/PP2P3/3nR2P/4K1P1/4r3","stockfishScores":{"wn":0.4382142857142857}},{"fenStr":"4k3/1pp3pp/p4p2/4b3/PP2P3/3KR2P/6P1/4r3","stockfishScores":{"bn":0.4617857142857143}},{"fenStr":"4k3/1pp3pp/p4p2/4b3/PP2P3/3Kr2P/6P1/8","stockfishScores":{"wn":0.4275}},{"fenStr":"4k3/1pp3pp/p4p2/4b3/PP2P3/4K2P/6P1/8","stockfishScores":{"bn":0.4664285714285714}},{"fenStr":"4k3/2p3pp/p4p2/1p2b3/PP2P3/4K2P/6P1/8","stockfishScores":{"wn":0.4670238095238095}},{"fenStr":"4k3/2p3pp/p4p2/1P2b3/1P2P3/4K2P/6P1/8","stockfishScores":{"bn":0.4711904761904762}},{"fenStr":"4k3/2p3pp/5p2/1p2b3/1P2P3/4K2P/6P1/8","stockfishScores":{"wn":0.4676190476190476}},{"fenStr":"4k3/2p3pp/5p2/1p2b3/1P2P3/3K3P/6P1/8","stockfishScores":{"bn":0.46595238095238095}},{"fenStr":"8/2pk2pp/5p2/1p2b3/1P2P3/3K3P/6P1/8","stockfishScores":{"wn":0.46535714285714286}},{"fenStr":"8/2pk2pp/5p2/1p2b3/1P2P1P1/3K3P/8/8","stockfishScores":{"bn":0.4642857142857143}},{"fenStr":"8/2pk2pp/3b1p2/1p6/1P2P1P1/3K3P/8/8","stockfishScores":{"wn":0.4639285714285714}},{"fenStr":"8/2pk2pp/3b1p2/1p6/1P2P1P1/2K4P/8/8","stockfishScores":{"bn":0.4631547619047619}},{"fenStr":"8/2p3pp/3bkp2/1p6/1P2P1P1/2K4P/8/8","stockfishScores":{"wn":0.46279761904761907}},{"fenStr":"8/2p3pp/3bkp2/1p6/1P2P1P1/3K3P/8/8","stockfishScores":{"bn":0.46125}},{"fenStr":"8/2p3pp/4kp2/1p6/1b2P1P1/3K3P/8/8","stockfishScores":{"wn":0.4569642857142857}},{"fenStr":"8/2p3pp/4kp2/1p6/1b1KP1P1/7P/8/8","stockfishScores":{"bn":0.45398809523809525}},{"fenStr":"8/6pp/4kp2/1pp5/1b1KP1P1/7P/8/8","stockfishScores":{"wn":0.4546428571428571}},{"fenStr":"8/6pp/4kp2/1pp5/1b2P1P1/3K3P/8/8","stockfishScores":{"bn":0.45416666666666666}},{"fenStr":"8/6pp/5p2/1pp1k3/1b2P1P1/3K3P/8/8","stockfishScores":{"wn":0.4525595238095238}},{"fenStr":"8/6pp/5p2/1pp1k3/1b2P1P1/4K2P/8/8","stockfishScores":{"bn":0.4505952380952381}},{"fenStr":"8/6pp/5p2/1p2k3/1bp1P1P1/4K2P/8/8","stockfishScores":{"wn":0.44720238095238096}},{"fenStr":"8/6pp/5p2/1p2k3/1bp1P1PP/4K3/8/8","stockfishScores":{"bn":0.44642857142857145}},{"fenStr":"8/6pp/5p2/1p2k3/1b2P1PP/2p1K3/8/8","stockfishScores":{"wn":0.44470238095238096}},{"fenStr":"8/6pp/5p2/1p2k3/1b2P1PP/2pK4/8/8","stockfishScores":{"bn":0.45375}},{"fenStr":"8/6pp/5p2/bp2k3/4P1PP/2pK4/8/8","stockfishScores":{"wn":0.4541071428571429}},{"fenStr":"8/6pp/5p2/bp2k2P/4P1P1/2pK4/8/8","stockfishScores":{"bn":0.45285714285714285}},{"fenStr":"8/6pp/5p2/b3k2P/1p2P1P1/2pK4/8/8","stockfishScores":{"wn":0.44708333333333333}},{"fenStr":"8/6pp/5p2/b3k2P/1p2P1P1/2p5/2K5/8","stockfishScores":{"bn":0.45011904761904764}},{"fenStr":"8/6pp/5p2/b6P/1p2k1P1/2p5/2K5/8","stockfishScores":{"wn":0.45607142857142857}},{"fenStr":"8/6pp/5p2/b6P/1p2k1P1/1Kp5/8/8","stockfishScores":{"bn":0.4561904761904762}},{"fenStr":"8/6pp/5p2/b6P/1p4P1/1Kpk4/8/8","stockfishScores":{"wn":0.4567857142857143}},{"fenStr":"8/6pp/5p1P/b7/1p4P1/1Kpk4/8/8","stockfishScores":{"bn":0.4556547619047619}},{"fenStr":"8/7p/5ppP/b7/1p4P1/1Kpk4/8/8","stockfishScores":{"wn":0.4563690476190476}},{"fenStr":"8/7p/5ppP/b7/Kp4P1/2pk4/8/8","stockfishScores":{"bn":0.4546428571428571}},{"fenStr":"8/7p/5ppP/b7/Kp4P1/3k4/2p5/8","stockfishScores":{"wn":0.42666666666666664}},{"fenStr":"8/7p/5ppP/K7/1p4P1/3k4/2p5/8","stockfishScores":{"bn":0.44410714285714287}},{"fenStr":"8/7p/5ppP/K7/1p4P1/3k4/8/2q5","stockfishScores":{"wn":0.41428571428571426}},{"fenStr":"8/7p/5ppP/8/1K4P1/3k4/8/2q5","stockfishScores":{"bn":0.42095238095238097}},{"fenStr":"8/7p/2q2ppP/8/1K4P1/3k4/8/8","stockfishScores":{"wn":0.42029761904761903}},{"fenStr":"8/7p/2q2ppP/8/6P1/1K1k4/8/8","stockfishScores":{"bn":0.42101190476190475}},{"fenStr":"8/7p/5ppP/2q5/6P1/1K1k4/8/8","stockfishScores":{"wn":0.4207142857142857}},{"fenStr":"8/7p/5ppP/2q5/6P1/3k4/1K6/8","stockfishScores":{"bn":0.4208928571428572}},{"fenStr":"8/7p/5ppP/8/6P1/2qk4/1K6/8","stockfishScores":{"wn":0.4213095238095238}},{"fenStr":"8/7p/5ppP/8/6P1/2qk4/8/1K6","stockfishScores":{"bn":0.4207738095238095}},{"fenStr":"8/7p/5ppP/8/6P1/2q5/3k4/1K6","stockfishScores":{"wn":0.42160714285714285}},{"fenStr":"8/7p/5ppP/8/6P1/2q5/K2k4/8","stockfishScores":{"bn":0.4211309523809524}},{"fenStr":"8/7p/5ppP/8/1q4P1/8/K2k4/8","stockfishScores":{"wn":0.42095238095238097}},{"fenStr":"8/7p/5ppP/8/1q4P1/8/3k4/K7","stockfishScores":{"bn":0.4200595238095238}},{"fenStr":"8/7p/5ppP/8/1q4P1/8/2k5/K7","stockfishScores":{"wn":0.41970238095238094}},{"fenStr":"8/7p/5ppP/8/1q4P1/8/K1k5/8","stockfishScores":{"bn":0.4205952380952381}},{"fenStr":"8/7p/5ppP/8/q5P1/8/K1k5/8","stockfishScores":{"wn":0.4211309523809524}}],"result":{"bw":true}}