{"fens":[{"fenStr":"rnbqkbnr/pppppppp/8/8/4P3/8/PPPP1PPP/RNBQKBNR","stockfishScores":{"bn":0.5049404761904762}},{"fenStr":"rnbqkbnr/pp1ppppp/8/2p5/4P3/8/PPPP1PPP/RNBQKBNR","stockfishScores":{"wn":0.5038095238095238}},{"fenStr":"rnbqkbnr/pp1ppppp/8/2p5/4P3/5N2/PPPP1PPP/RNBQKB1R","stockfishScores":{"bn":0.5058928571428571}},{"fenStr":"rnbqkbnr/pp2pppp/3p4/2p5/4P3/5N2/PPPP1PPP/RNBQKB1R","stockfishScores":{"wn":0.5020833333333333}},{"fenStr":"rnbqkbnr/pp2pppp/3p4/2p5/3PP3/5N2/PPP2PPP/RNBQKB1R","stockfishScores":{"bn":0.5076785714285714}},{"fenStr":"rnbqkb1r/pp2pppp/3p1n2/2p5/3PP3/5N2/PPP2PPP/RNBQKB1R","stockfishScores":{"wn":0.5028571428571429}},{"fenStr":"rnbqkb1r/pp2pppp/3p1n2/2p5/3PP3/2N2N2/PPP2PPP/R1BQKB1R","stockfishScores":{"bn":0.5068452380952381}},{"fenStr":"rnbqkb1r/pp2pppp/3p1n2/8/3pP3/2N2N2/PPP2PPP/R1BQKB1R","stockfishScores":{"wn":0.4999404761904762}},{"fenStr":"rnbqkb1r/pp2pppp/3p1n2/8/3NP3/2N5/PPP2PPP/R1BQKB1R","stockfishScores":{"bn":0.5076190476190476}},{"fenStr":"r1bqkb1r/pp2pppp/2np1n2/8/3NP3/2N5/PPP2PPP/R1BQKB1R","stockfishScores":{"wn":0.5020238095238095}},{"fenStr":"r1bqkb1r/pp2pppp/2np1n2/6B1/3NP3/2N5/PPP2PPP/R2QKB1R","stockfishScores":{"bn":0.5025}},{"fenStr":"r1bqkb1r/pp3ppp/2nppn2/6B1/3NP3/2N5/PPP2PPP/R2QKB1R","stockfishScores":{"wn":0.5054166666666666}},{"fenStr":"r1bqkb1r/pp3ppp/2nppn2/6B1/3NP3/2N5/PPPQ1PPP/R3KB1R","stockfishScores":{"bn":0.5039285714285714}},{"fenStr":"r1bqk2r/pp2bppp/2nppn2/6B1/3NP3/2N5/PPPQ1PPP/R3KB1R","stockfishScores":{"wn":0.5025}},{"fenStr":"r1bqk2r/pp2bppp/2nppn2/6B1/3NP3/2N5/PPPQ1PPP/2KR1B1R","stockfishScores":{"bn":0.510297619047619}},{"fenStr":"r1bq1rk1/pp2bppp/2nppn2/6B1/3NP3/2N5/PPPQ1PPP/2KR1B1R","stockfishScores":{"wn":0.49970238095238095}},{"fenStr":"r1bq1rk1/pp2bppp/2nppn2/6B1/4P3/1NN5/PPPQ1PPP/2KR1B1R","stockfishScores":{"bn":0.49970238095238095}},{"fenStr":"r1bq1rk1/1p2bppp/p1nppn2/6B1/4P3/1NN5/PPPQ1PPP/2KR1B1R","stockfishScores":{"wn":0.49952380952380954}},{"fenStr":"r1bq1rk1/1p2bppp/p1nppB2/8/4P3/1NN5/PPPQ1PPP/2KR1B1R","stockfishScores":{"bn":0.5213095238095238}},{"fenStr":"r1bq1rk1/1p2bp1p/p1nppp2/8/4P3/1NN5/PPPQ1PPP/2KR1B1R","stockfishScores":{"wn":0.5026785714285714}},{"fenStr":"r1bq1rk1/1p2bp1p/p1nppp2/8/4P3/1NNB4/PPPQ1PPP/2KR3R","stockfishScores":{"bn":0.5007738095238096}},{"fenStr":"r1bq1r1k/1p2bp1p/p1nppp2/8/4P3/1NNB4/PPPQ1PPP/2KR3R","stockfishScores":{"wn":0.5033928571428572}},{"fenStr":"r1bq1r1k/1p2bp1p/p1nppp2/8/4PP2/1NNB4/PPPQ2PP/2KR3R","stockfishScores":{"bn":0.5046428571428572}},{"fenStr":"r1bq2rk/1p2bp1p/p1nppp2/8/4PP2/1NNB4/PPPQ2PP/2KR3R","stockfishScores":{"wn":0.5047619047619047}},{"fenStr":"r1bq2rk/1p2bp1p/p1nppp2/8/4PP2/1NNB4/PPPQ2PP/2KR2R1","stockfishScores":{"bn":0.5041071428571429}},{"fenStr":"r1bq2rk/4bp1p/p1nppp2/1p6/4PP2/1NNB4/PPPQ2PP/2KR2R1","stockfishScores":{"wn":0.5019642857142858}},{"fenStr":"r1bq2rk/4bp1p/p1nppp2/1p6/4PP2/1NNB4/PPPQ2PP/1K1R2R1","stockfishScores":{"bn":0.504702380952381}},{"fenStr":"r1bq2rk/4bp1p/p1nppp2/8/1p2PP2/1NNB4/PPPQ2PP/1K1R2R1","stockfishScores":{"wn":0.5053571428571428}},{"fenStr":"r1bq2rk/4bp1p/p1nppp2/8/1p2PP2/1N1B4/PPPQN1PP/1K1R2R1","stockfishScores":{"bn":0.508095238095238}},{"fenStr":"r1bq2rk/4bp1p/2nppp2/p7/1p2PP2/1N1B4/PPPQN1PP/1K1R2R1","stockfishScores":{"wn":0.5058928571428571}},{"fenStr":"r1bq2rk/4bp1p/2nppp2/p7/1p1NPP2/3B4/PPPQN1PP/1K1R2R1","stockfishScores":{"bn":0.5095833333333334}},{"fenStr":"r1bq2rk/4bp1p/3ppp2/p7/1p1nPP2/3B4/PPPQN1PP/1K1R2R1","stockfishScores":{"wn":0.4819047619047619}},{"fenStr":"r1bq2rk/4bp1p/3ppp2/p7/1p1NPP2/3B4/PPPQ2PP/1K1R2R1","stockfishScores":{"bn":0.5092261904761904}},{"fenStr":"r1b3rk/4bp1p/1q1ppp2/p7/1p1NPP2/3B4/PPPQ2PP/1K1R2R1","stockfishScores":{"wn":0.5058928571428571}},{"fenStr":"r1b3rk/4bp1p/1q1ppp2/p7/1p2PP2/3B1N2/PPPQ2PP/1K1R2R1","stockfishScores":{"bn":0.5051785714285715}},{"fenStr":"r5rk/1b2bp1p/1q1ppp2/p7/1p2PP2/3B1N2/PPPQ2PP/1K1R2R1","stockfishScores":{"wn":0.5017857142857143}},{"fenStr":"r5rk/1b2bp1p/1q1ppp2/p7/1p2PP2/3B1N2/PPP1Q1PP/1K1R2R1","stockfishScores":{"bn":0.5022023809523809}},{"fenStr":"r5rk/1b2bp1p/3ppp2/p1q5/1p2PP2/3B1N2/PPP1Q1PP/1K1R2R1","stockfishScores":{"wn":0.502797619047619}},{"fenStr":"r5rk/1b2bp1p/3ppp2/p1q2P2/1p2P3/3B1N2/PPP1Q1PP/1K1R2R1","stockfishScores":{"bn":0.5007142857142857}},{"fenStr":"2r3rk/1b2bp1p/3ppp2/p1q2P2/1p2P3/3B1N2/PPP1Q1PP/1K1R2R1","stockfishScores":{"wn":0.4981547619047619}},{"fenStr":"2r3rk/1b2bp1p/3pPp2/p1q5/1p2P3/3B1N2/PPP1Q1PP/1K1R2R1","stockfishScores":{"bn":0.506547619047619}},{"fenStr":"2r3rk/1b2b2p/3ppp2/p1q5/1p2P3/3B1N2/PPP1Q1PP/1K1R2R1","stockfishScores":{"wn":0.4943452380952381}},{"fenStr":"2r3rk/1b2b2p/3ppp2/pBq5/1p2P3/5N2/PPP1Q1PP/1K1R2R1","stockfishScores":{"bn":0.4944047619047619}},{"fenStr":"2r3rk/1b2b2p/3pp3/pBq2p2/1p2P3/5N2/PPP1Q1PP/1K1R2R1","stockfishScores":{"wn":0.4942261904761905}},{"fenStr":"2r3rk/1b2b2p/3pp3/p1q2p2/1p2P3/3B1N2/PPP1Q1PP/1K1R2R1","stockfishScores":{"bn":0.4911904761904762}},{"fenStr":"2r3rk/1b5p/3ppb2/p1q2p2/1p2P3/3B1N2/PPP1Q1PP/1K1R2R1","stockfishScores":{"wn":0.4843452380952381}},{"fenStr":"2r3rk/1b5p/3ppb2/p1q2p2/1p2P3/3B1N2/PPP1Q1PP/1K1RR3","stockfishScores":{"bn":0.48392857142857143}},{"fenStr":"2r3rk/1b5p/3ppb2/2q2p2/pp2P3/3B1N2/PPP1Q1PP/1K1RR3","stockfishScores":{"wn":0.48136904761904764}},{"fenStr":"2r3rk/1b5p/3ppb2/2q2p2/pp2P3/3B1N2/PPPQ2PP/1K1RR3","stockfishScores":{"bn":0.4806547619047619}},{"fenStr":"2r3rk/1b5p/3ppb2/2q2p2/1p2P3/p2B1N2/PPPQ2PP/1K1RR3","stockfishScores":{"wn":0.4832738095238095}},{"fenStr":"2r3rk/1b5p/3ppb1Q/2q2p2/1p2P3/p2B1N2/PPP3PP/1K1RR3","stockfishScores":{"bn":0.49333333333333335}},{"fenStr":"2r4k/1b5p/3ppbrQ/2q2p2/1p2P3/p2B1N2/PPP3PP/1K1RR3","stockfishScores":{"wn":0.4797619047619048}},{"fenStr":"2r4k/1b5p/3ppbr1/2q2p2/1p2P3/p2B1N1Q/PPP3PP/1K1RR3","stockfishScores":{"bn":0.4851785714285714}},{"fenStr":"2r4k/1b4rp/3ppb2/2q2p2/1p2P3/p2B1N1Q/PPP3PP/1K1RR3","stockfishScores":{"wn":0.4851190476190476}},{"fenStr":"2r4k/1b4rp/3ppb2/2q2P2/1p6/p2B1N1Q/PPP3PP/1K1RR3","stockfishScores":{"bn":0.4955357142857143}},{"fenStr":"2r4k/6rp/3ppb2/2qb1P2/1p6/p2B1N1Q/PPP3PP/1K1RR3","stockfishScores":{"wn":0.47946428571428573}},{"fenStr":"2r4k/6rp/3ppb1Q/2qb1P2/1p6/p2B1N2/PPP3PP/1K1RR3","stockfishScores":{"bn":0.47767857142857145}},{"fenStr":"5r1k/6rp/3ppb1Q/2qb1P2/1p6/p2B1N2/PPP3PP/1K1RR3","stockfishScores":{"wn":0.48791666666666667}},{"fenStr":"5r1k/6rp/3pRb1Q/2qb1P2/1p6/p2B1N2/PPP3PP/1K1R4","stockfishScores":{"bn":0.4961309523809524}},{"fenStr":"5r1k/6rp/3pRb1Q/2qb1P2/1p6/3B1N2/PpP3PP/1K1R4","stockfishScores":{"wn":0.46672619047619046}},{"fenStr":"5r1k/6rp/3pRb1Q/2qb1P2/1pP5/3B1N2/Pp4PP/1K1R4","stockfishScores":{"bn":0.48779761904761904}},{"fenStr":"5r1k/6rp/3pRb1Q/2qb1P2/8/2pB1N2/Pp4PP/1K1R4","stockfishScores":{"wn":0.4413690476190476}},{"fenStr":"5r1k/6rp/3p1R1Q/2qb1P2/8/2pB1N2/Pp4PP/1K1R4","stockfishScores":{"bn":0.5032142857142857}},{"fenStr":"r6k/6rp/3p1R1Q/2qb1P2/8/2pB1N2/Pp4PP/1K1R4","stockfishScores":{"wn":0.4739285714285714}},{"fenStr":"r4R1k/6rp/3p3Q/2qb1P2/8/2pB1N2/Pp4PP/1K1R4","stockfishScores":{"bn":0.47625}},{"fenStr":"5r1k/6rp/3p3Q/2qb1P2/8/2pB1N2/Pp4PP/1K1R4","stockfishScores":{"wn":0.4521428571428571}},{"fenStr":"5r1k/6rp/3p1P1Q/2qb4/8/2pB1N2/Pp4PP/1K1R4","stockfishScores":{"bn":0.4707142857142857}},{"fenStr":"5r1k/6rp/3p1P1Q/2q5/8/2pB1N2/bp4PP/1K1R4","stockfishScores":{"wn":0.47351190476190474}},{"fenStr":"5r1k/6rp/3p1P1Q/2q5/8/2pB1N2/Kp4PP/3R4","stockfishScores":{"bn":0.4791666666666667}},{"fenStr":"r6k/6rp/3p1P1Q/2q5/8/2pB1N2/Kp4PP/3R4","stockfishScores":{"wn":0.47220238095238093}},{"fenStr":"r6k/6rp/3p1P1Q/2q5/8/2pB1N2/1p4PP/1K1R4","stockfishScores":{"bn":0.4819047619047619}},{"fenStr":"r6k/6rp/3p1P1Q/2q5/8/3B1N2/1pp3PP/1K1R4","stockfishScores":{"wn":0.4716666666666667}},{"fenStr":"r6k/6rp/3p1P1Q/2q5/8/5N2/1pB3PP/1K1R4","stockfishScores":{"bn":0.5095238095238095}},{"fenStr":"7k/6rp/3p1P1Q/2q5/8/5N2/1pB3PP/rK1R4","stockfishScores":{"wn":0.5272619047619047}},{"fenStr":"7k/6rp/3p1P1Q/2q5/8/5N2/1KB3PP/r2R4","stockfishScores":{"bn":0.5044642857142857}},{"fenStr":"7k/6rp/3p1P1Q/8/8/q4N2/1KB3PP/r2R4","stockfishScores":{"wn":0.5127380952380952}}],"result":{"bw":true}}