{"fens":[{"fenStr":"rnbqkbnr/pppppppp/8/8/3P4/8/PPP1PPPP/RNBQKBNR","stockfishScores":{"bn":0.5048809523809524}},{"fenStr":"rnbqkb1r/pppppppp/5n2/8/3P4/8/PPP1PPPP/RNBQKBNR","stockfishScores":{"wn":0.5016071428571428}},{"fenStr":"rnbqkb1r/pppppppp/5n2/8/3P1B2/8/PPP1PPPP/RN1QKBNR","stockfishScores":{"bn":0.5017857142857143}},{"fenStr":"rnbqkb1r/pppppp1p/5np1/8/3P1B2/8/PPP1PPPP/RN1QKBNR","stockfishScores":{"wn":0.5008333333333334}},{"fenStr":"rnbqkb1r/pppppp1p/5np1/8/3P1B2/4P3/PPP2PPP/RN1QKBNR","stockfishScores":{"bn":0.5045833333333334}},{"fenStr":"rnbqk2r/ppppppbp/5np1/8/3P1B2/4P3/PPP2PPP/RN1QKBNR","stockfishScores":{"wn":0.503452380952381}},{"fenStr":"rnbqk2r/ppppppbp/5np1/8/3P1B2/4PN2/PPP2PPP/RN1QKB1R","stockfishScores":{"bn":0.506547619047619}},{"fenStr":"rnbq1rk1/ppppppbp/5np1/8/3P1B2/4PN2/PPP2PPP/RN1QKB1R","stockfishScores":{"wn":0.4979166666666667}},{"fenStr":"rnbq1rk1/ppppppbp/5np1/8/3P1B2/4PN2/PPP1BPPP/RN1QK2R","stockfishScores":{"bn":0.4970833333333333}},{"fenStr":"rnbq1rk1/ppp1ppbp/3p1np1/8/3P1B2/4PN2/PPP1BPPP/RN1QK2R","stockfishScores":{"wn":0.49160714285714285}},{"fenStr":"rnbq1rk1/ppp1ppbp/3p1np1/8/3P1B2/4PN1P/PPP1BPP1/RN1QK2R","stockfishScores":{"bn":0.49351190476190476}},{"fenStr":"r1bq1rk1/ppp1ppbp/2np1np1/8/3P1B2/4PN1P/PPP1BPP1/RN1QK2R","stockfishScores":{"wn":0.4922619047619048}},{"fenStr":"r1bq1rk1/ppp1ppbp/2np1np1/8/3P1B2/4PN1P/PPPNBPP1/R2QK2R","stockfishScores":{"bn":0.4945833333333333}},{"fenStr":"r1bq1rk1/pppnppbp/2np2p1/8/3P1B2/4PN1P/PPPNBPP1/R2QK2R","stockfishScores":{"wn":0.4979166666666667}},{"fenStr":"r1bq1rk1/pppnppbp/2np2p1/8/3P1B2/2P1PN1P/PP1NBPP1/R2QK2R","stockfishScores":{"bn":0.4998214285714286}},{"fenStr":"r1bq1rk1/pppn1pbp/2np2p1/4p3/3P1B2/2P1PN1P/PP1NBPP1/R2QK2R","stockfishScores":{"wn":0.4939880952380952}},{"fenStr":"r1bq1rk1/pppn1pbp/2np2p1/4p3/3P4/2P1PN1P/PP1NBPPB/R2QK2R","stockfishScores":{"bn":0.4955952380952381}},{"fenStr":"r1b2rk1/pppnqpbp/2np2p1/4p3/3P4/2P1PN1P/PP1NBPPB/R2QK2R","stockfishScores":{"wn":0.4963690476190476}},{"fenStr":"r1b2rk1/pppnqpbp/2np2p1/4p3/3P4/2P1PN1P/PP1NBPPB/R2Q1RK1","stockfishScores":{"bn":0.5064880952380952}},{"fenStr":"r1b2rk1/pppnq1bp/2np2p1/4pp2/3P4/2P1PN1P/PP1NBPPB/R2Q1RK1","stockfishScores":{"wn":0.5036309523809523}},{"fenStr":"r1b2rk1/pppnq1bp/2np2p1/4pp2/1P1P4/2P1PN1P/P2NBPPB/R2Q1RK1","stockfishScores":{"bn":0.5019047619047619}},{"fenStr":"r1b2rk1/1ppnq1bp/p1np2p1/4pp2/1P1P4/2P1PN1P/P2NBPPB/R2Q1RK1","stockfishScores":{"wn":0.5016666666666667}},{"fenStr":"r1b2rk1/1ppnq1bp/p1np2p1/4pp2/PP1P4/2P1PN1P/3NBPPB/R2Q1RK1","stockfishScores":{"bn":0.5021428571428571}},{"fenStr":"r1b2r1k/1ppnq1bp/p1np2p1/4pp2/PP1P4/2P1PN1P/3NBPPB/R2Q1RK1","stockfishScores":{"wn":0.5048214285714285}},{"fenStr":"r1b2r1k/1ppnq1bp/p1np2p1/1P2pp2/P2P4/2P1PN1P/3NBPPB/R2Q1RK1","stockfishScores":{"bn":0.508095238095238}},{"fenStr":"r1b2r1k/1ppnq1bp/2np2p1/1p2pp2/P2P4/2P1PN1P/3NBPPB/R2Q1RK1","stockfishScores":{"wn":0.4957142857142857}},{"fenStr":"r1b2r1k/1ppnq1bp/2np2p1/1P2pp2/3P4/2P1PN1P/3NBPPB/R2Q1RK1","stockfishScores":{"bn":0.5090476190476191}},{"fenStr":"2b2r1k/1ppnq1bp/2np2p1/1P2pp2/3P4/2P1PN1P/3NBPPB/r2Q1RK1","stockfishScores":{"wn":0.47523809523809524}},{"fenStr":"2b2r1k/1ppnq1bp/2np2p1/1P2pp2/3P4/2P1PN1P/3NBPPB/Q4RK1","stockfishScores":{"bn":0.5070833333333333}},{"fenStr":"2bn1r1k/1ppnq1bp/3p2p1/1P2pp2/3P4/2P1PN1P/3NBPPB/Q4RK1","stockfishScores":{"wn":0.5046428571428572}},{"fenStr":"2bn1r1k/1ppnq1bp/3p2p1/1P2pp2/2NP4/2P1PN1P/4BPPB/Q4RK1","stockfishScores":{"bn":0.5019642857142858}},{"fenStr":"2bn1r1k/1ppnq1bp/3p2p1/1P3p2/2NPp3/2P1PN1P/4BPPB/Q4RK1","stockfishScores":{"wn":0.49910714285714286}},{"fenStr":"2bn1r1k/1ppnq1bp/3p2p1/1P3p2/2NPp3/2P1P2P/3NBPPB/Q4RK1","stockfishScores":{"bn":0.5018452380952381}},{"fenStr":"2b2r1k/1ppnq1bp/3pn1p1/1P3p2/2NPp3/2P1P2P/3NBPPB/Q4RK1","stockfishScores":{"wn":0.5006547619047619}},{"fenStr":"2b2r1k/1ppnq1bp/3pn1p1/1P3p2/2NPp3/Q1P1P2P/3NBPPB/5RK1","stockfishScores":{"bn":0.4992261904761905}},{"fenStr":"2b2r1k/2pnq1bp/1p1pn1p1/1P3p2/2NPp3/Q1P1P2P/3NBPPB/5RK1","stockfishScores":{"wn":0.4998214285714286}},{"fenStr":"2b2r1k/Q1pnq1bp/1p1pn1p1/1P3p2/2NPp3/2P1P2P/3NBPPB/5RK1","stockfishScores":{"bn":0.4988095238095238}},{"fenStr":"2bq1r1k/Q1pn2bp/1p1pn1p1/1P3p2/2NPp3/2P1P2P/3NBPPB/5RK1","stockfishScores":{"wn":0.5007738095238096}},{"fenStr":"2bq1r1k/Q1pn2bp/1p1pn1p1/1P3p2/3Pp3/N1P1P2P/3NBPPB/5RK1","stockfishScores":{"bn":0.49773809523809526}},{"fenStr":"2bq1r1k/Q1p3bp/1p1pnnp1/1P3p2/3Pp3/N1P1P2P/3NBPPB/5RK1","stockfishScores":{"wn":0.49726190476190474}},{"fenStr":"2bq1r1k/Q1p3bp/1p1pnnp1/1P3p2/3Pp3/2P1P2P/2NNBPPB/5RK1","stockfishScores":{"bn":0.4986904761904762}},{"fenStr":"2bq1r1k/Q1p3bp/1p1pnn2/1P3pp1/3Pp3/2P1P2P/2NNBPPB/5RK1","stockfishScores":{"wn":0.5010119047619047}},{"fenStr":"2bq1r1k/Q1p3bp/1p1pnn2/1P3pp1/2PPp3/4P2P/2NNBPPB/5RK1","stockfishScores":{"bn":0.5033333333333333}},{"fenStr":"2bq1r1k/Q1p3b1/1p1pnn2/1P3ppp/2PPp3/4P2P/2NNBPPB/5RK1","stockfishScores":{"wn":0.5044047619047619}},{"fenStr":"2bq1r1k/Q1p3b1/1p1pnn2/1P3ppp/1NPPp3/4P2P/3NBPPB/5RK1","stockfishScores":{"bn":0.5059523809523809}},{"fenStr":"2bq1r1k/Q1p3b1/1p1pnn2/1P3p1p/1NPPp1p1/4P2P/3NBPPB/5RK1","stockfishScores":{"wn":0.5074404761904762}},{"fenStr":"2bq1r1k/Q1p3b1/1pNpnn2/1P3p1p/2PPp1p1/4P2P/3NBPPB/5RK1","stockfishScores":{"bn":0.5105952380952381}},{"fenStr":"2b2r1k/Q1pq2b1/1pNpnn2/1P3p1p/2PPp1p1/4P2P/3NBPPB/5RK1","stockfishScores":{"wn":0.5098809523809524}},{"fenStr":"2b2r1k/Q1pq2b1/1pNpnn2/1P3p1p/2PPp1P1/4P3/3NBPPB/5RK1","stockfishScores":{"bn":0.5175595238095239}},{"fenStr":"2b2r1k/Q1pq2b1/1pNpnn2/1P3p2/2PPp1p1/4P3/3NBPPB/5RK1","stockfishScores":{"wn":0.5079761904761905}},{"fenStr":"2b2r1k/Q1pq2b1/1pNpnn2/1P3p2/2PPp1p1/1N2P3/4BPPB/5RK1","stockfishScores":{"bn":0.50625}},{"fenStr":"2b2r1k/Q1p2qb1/1pNpnn2/1P3p2/2PPp1p1/1N2P3/4BPPB/5RK1","stockfishScores":{"wn":0.5059523809523809}},{"fenStr":"2b2r1k/Q1p2qb1/1pNpnn2/1PP2p2/3Pp1p1/1N2P3/4BPPB/5RK1","stockfishScores":{"bn":0.5030357142857143}},{"fenStr":"2b2r1k/Q1p2qb1/1pN1nn2/1Pp2p2/3Pp1p1/1N2P3/4BPPB/5RK1","stockfishScores":{"wn":0.4969642857142857}},{"fenStr":"2b2r1k/Q1p2qb1/1pN1nn2/1PP2p2/4p1p1/1N2P3/4BPPB/5RK1","stockfishScores":{"bn":0.5028571428571429}},{"fenStr":"2b2r1k/Q1pn1qb1/1pN1n3/1PP2p2/4p1p1/1N2P3/4BPPB/5RK1","stockfishScores":{"wn":0.5033928571428572}},{"fenStr":"2b2r1k/Q1pn1qb1/1PN1n3/1P3p2/4p1p1/1N2P3/4BPPB/5RK1","stockfishScores":{"bn":0.5147619047619048}},{"fenStr":"2b2r1k/Q1p2qb1/1nN1n3/1P3p2/4p1p1/1N2P3/4BPPB/5RK1","stockfishScores":{"wn":0.5033333333333333}},{"fenStr":"2b2r1k/Q1p2qb1/1n2n3/1P2Np2/4p1p1/1N2P3/4BPPB/5RK1","stockfishScores":{"bn":0.5032738095238095}},{"fenStr":"2b2r1k/Q1p3b1/1n2n3/1P2Np1q/4p1p1/1N2P3/4BPPB/5RK1","stockfishScores":{"wn":0.5022023809523809}},{"fenStr":"2b2r1k/Q1p3b1/1n2n3/1P2Np1q/4p1p1/1N2P3/4BPPB/3R2K1","stockfishScores":{"bn":0.5035714285714286}},{"fenStr":"2b2r2/Q1p3bk/1n2n3/1P2Np1q/4p1p1/1N2P3/4BPPB/3R2K1","stockfishScores":{"wn":0.5013690476190477}},{"fenStr":"2b2r2/Q1p3bk/1n2n3/1P2Np1q/3Np1p1/4P3/4BPPB/3R2K1","stockfishScores":{"bn":0.5007142857142857}},{"fenStr":"2b5/Q1p3bk/1n2nr2/1P2Np1q/3Np1p1/4P3/4BPPB/3R2K1","stockfishScores":{"wn":0.5051785714285715}},{"fenStr":"2b5/Q1p3bk/1n2Nr2/1P2Np1q/4p1p1/4P3/4BPPB/3R2K1","stockfishScores":{"bn":0.5367857142857143}},{"fenStr":"8/Q1p3bk/1n2br2/1P2Np1q/4p1p1/4P3/4BPPB/3R2K1","stockfishScores":{"wn":0.5044642857142857}},{"fenStr":"8/Q1p3bk/1n2br2/1P2Np1q/4pBp1/4P3/4BPP1/3R2K1","stockfishScores":{"bn":0.5074404761904762}},{"fenStr":"8/Q1p3bk/4br2/1P1nNp1q/4pBp1/4P3/4BPP1/3R2K1","stockfishScores":{"wn":0.5073214285714286}},{"fenStr":"8/Q1pN2bk/4br2/1P1n1p1q/4pBp1/4P3/4BPP1/3R2K1","stockfishScores":{"bn":0.5056547619047619}},{"fenStr":"8/Q1pN1rbk/4b3/1P1n1p1q/4pBp1/4P3/4BPP1/3R2K1","stockfishScores":{"wn":0.5008928571428571}},{"fenStr":"8/Q1p2rbk/4b3/1PNn1p1q/4pBp1/4P3/4BPP1/3R2K1","stockfishScores":{"bn":0.5066666666666667}},{"fenStr":"8/Q1p2rbk/4b3/1PN2p1q/4pBp1/2n1P3/4BPP1/3R2K1","stockfishScores":{"wn":0.4942261904761905}},{"fenStr":"8/Q1p2rbk/4b3/1PN2p1q/4pBp1/2n1P3/3RBPP1/6K1","stockfishScores":{"bn":0.5022619047619048}},{"fenStr":"8/Q1p2rbk/4b3/1PN2p1q/4pBp1/4P3/3RnPP1/6K1","stockfishScores":{"wn":0.4780952380952381}},{"fenStr":"8/Q1p2rbk/4b3/1PN2p1q/4pBp1/4P3/4RPP1/6K1","stockfishScores":{"bn":0.5007142857142857}},{"fenStr":"8/Q1p2rbk/4b3/1PN2p1q/4pB2/4P1p1/4RPP1/6K1","stockfishScores":{"wn":0.4932142857142857}},{"fenStr":"8/Q1p2rbk/4b3/1PN2p1q/4pB2/4P1p1/2R2PP1/6K1","stockfishScores":{"bn":0.49410714285714286}},{"fenStr":"8/Q1p2rbk/4b3/1PN2p2/4pB2/4P1p1/2R2PP1/3q2K1","stockfishScores":{"wn":0.4932142857142857}}],"result":{"bw":true}}