{"fens":[{"fenStr":"rnbqkbnr/pppppppp/8/8/4P3/8/PPPP1PPP/RNBQKBNR","stockfishScores":{"bn":0.5049404761904762}},{"fenStr":"rnbqkbnr/pp1ppppp/8/2p5/4P3/8/PPPP1PPP/RNBQKBNR","stockfishScores":{"wn":0.5038095238095238}},{"fenStr":"rnbqkbnr/pp1ppppp/8/2p5/4P3/5N2/PPPP1PPP/RNBQKB1R","stockfishScores":{"bn":0.5058928571428571}},{"fenStr":"rnbqkbnr/pp1p1ppp/4p3/2p5/4P3/5N2/PPPP1PPP/RNBQKB1R","stockfishScores":{"wn":0.5020238095238095}},{"fenStr":"rnbqkbnr/pp1p1ppp/4p3/2p5/3PP3/5N2/PPP2PPP/RNBQKB1R","stockfishScores":{"bn":0.5095833333333334}},{"fenStr":"rnbqkbnr/pp1p1ppp/4p3/8/3pP3/5N2/PPP2PPP/RNBQKB1R","stockfishScores":{"wn":0.4922619047619048}},{"fenStr":"rnbqkbnr/pp1p1ppp/4p3/8/3NP3/8/PPP2PPP/RNBQKB1R","stockfishScores":{"bn":0.5060119047619047}},{"fenStr":"rnbqkbnr/1p1p1ppp/p3p3/8/3NP3/8/PPP2PPP/RNBQKB1R","stockfishScores":{"wn":0.5073214285714286}},{"fenStr":"rnbqkbnr/1p1p1ppp/p3p3/8/3NP3/2N5/PPP2PPP/R1BQKB1R","stockfishScores":{"bn":0.5090476190476191}},{"fenStr":"rnb1kbnr/1pqp1ppp/p3p3/8/3NP3/2N5/PPP2PPP/R1BQKB1R","stockfishScores":{"wn":0.5089880952380952}},{"fenStr":"rnb1kbnr/1pqp1ppp/p3p3/8/3NP3/2NB4/PPP2PPP/R1BQK2R","stockfishScores":{"bn":0.5081547619047619}},{"fenStr":"rnb1kb1r/1pqp1ppp/p3pn2/8/3NP3/2NB4/PPP2PPP/R1BQK2R","stockfishScores":{"wn":0.5054761904761905}},{"fenStr":"rnb1kb1r/1pqp1ppp/p3pn2/8/3NPP2/2NB4/PPP3PP/R1BQK2R","stockfishScores":{"bn":0.5071428571428571}},{"fenStr":"rnb1kb1r/1pq2ppp/p2ppn2/8/3NPP2/2NB4/PPP3PP/R1BQK2R","stockfishScores":{"wn":0.5058333333333334}},{"fenStr":"rnb1kb1r/1pq2ppp/p2ppn2/8/3NPP2/2NB1Q2/PPP3PP/R1B1K2R","stockfishScores":{"bn":0.5058333333333334}},{"fenStr":"rnb1kb1r/2q2ppp/p2ppn2/1p6/3NPP2/2NB1Q2/PPP3PP/R1B1K2R","stockfishScores":{"wn":0.504702380952381}},{"fenStr":"rnb1kb1r/2q2ppp/p2ppn2/1p6/3NPPP1/2NB1Q2/PPP4P/R1B1K2R","stockfishScores":{"bn":0.5052380952380953}},{"fenStr":"rnb1kb1r/2q2ppp/p2ppn2/8/1p1NPPP1/2NB1Q2/PPP4P/R1B1K2R","stockfishScores":{"wn":0.5055357142857143}},{"fenStr":"rnb1kb1r/2q2ppp/p2ppn2/8/1p1NPPP1/3B1Q2/PPP1N2P/R1B1K2R","stockfishScores":{"bn":0.5082142857142857}},{"fenStr":"rn2kb1r/1bq2ppp/p2ppn2/8/1p1NPPP1/3B1Q2/PPP1N2P/R1B1K2R","stockfishScores":{"wn":0.5036904761904762}},{"fenStr":"rn2kb1r/1bq2ppp/p2ppn2/6P1/1p1NPP2/3B1Q2/PPP1N2P/R1B1K2R","stockfishScores":{"bn":0.5074404761904762}},{"fenStr":"rn2kb1r/1bqn1ppp/p2pp3/6P1/1p1NPP2/3B1Q2/PPP1N2P/R1B1K2R","stockfishScores":{"wn":0.5054761904761905}},{"fenStr":"rn2kb1r/1bqn1ppp/p2pp3/6P1/1p1NPP2/3BBQ2/PPP1N2P/R3K2R","stockfishScores":{"bn":0.5060714285714286}},{"fenStr":"rn2kb1r/1bq2ppp/p2pp3/2n3P1/1p1NPP2/3BBQ2/PPP1N2P/R3K2R","stockfishScores":{"wn":0.5026785714285714}},{"fenStr":"rn2kb1r/1bq2ppp/p2pp3/2n2PP1/1p1NP3/3BBQ2/PPP1N2P/R3K2R","stockfishScores":{"bn":0.5026785714285714}},{"fenStr":"rn2kb1r/1bq2ppp/p2p4/2n2pP1/1p1NP3/3BBQ2/PPP1N2P/R3K2R","stockfishScores":{"wn":0.4955952380952381}},{"fenStr":"rn2kb1r/1bq2ppp/p2p4/2n2NP1/1p2P3/3BBQ2/PPP1N2P/R3K2R","stockfishScores":{"bn":0.5046428571428572}},{"fenStr":"r3kb1r/1bqn1ppp/p2p4/2n2NP1/1p2P3/3BBQ2/PPP1N2P/R3K2R","stockfishScores":{"wn":0.49970238095238095}},{"fenStr":"r3kb1r/1bqn1ppp/p2p4/2n2NP1/1p2P3/3BBQ2/PPP1N2P/R4RK1","stockfishScores":{"bn":0.5099404761904762}},{"fenStr":"r3kb1r/1bq2ppp/p2p4/2n1nNP1/1p2P3/3BBQ2/PPP1N2P/R4RK1","stockfishScores":{"wn":0.5044642857142857}},{"fenStr":"r3kb1r/1bq2ppp/p2p4/2n1nNP1/1p2P3/3BB3/PPP1N1QP/R4RK1","stockfishScores":{"bn":0.5053571428571428}},{"fenStr":"r3kb1r/1bq2p1p/p2p2p1/2n1nNP1/1p2P3/3BB3/PPP1N1QP/R4RK1","stockfishScores":{"wn":0.5054761904761905}},{"fenStr":"r3kb1r/1bq2p1p/p2p2p1/2n1n1P1/1p2P3/3BB1N1/PPP1N1QP/R4RK1","stockfishScores":{"bn":0.5022619047619048}},{"fenStr":"r3k2r/1bq2pbp/p2p2p1/2n1n1P1/1p2P3/3BB1N1/PPP1N1QP/R4RK1","stockfishScores":{"wn":0.5007142857142857}},{"fenStr":"r3k2r/1bq2pbp/p2p2p1/2n1n1P1/1p2PN2/3BB1N1/PPP3QP/R4RK1","stockfishScores":{"bn":0.5019642857142858}},{"fenStr":"r4rk1/1bq2pbp/p2p2p1/2n1n1P1/1p2PN2/3BB1N1/PPP3QP/R4RK1","stockfishScores":{"wn":0.4911904761904762}},{"fenStr":"r4rk1/1bq2pbp/p2p2p1/2n1n1P1/1p2PN2/3BB1N1/PPP3QP/4RRK1","stockfishScores":{"bn":0.4913095238095238}},{"fenStr":"4rrk1/1bq2pbp/p2p2p1/2n1n1P1/1p2PN2/3BB1N1/PPP3QP/4RRK1","stockfishScores":{"wn":0.4905952380952381}},{"fenStr":"4rrk1/1bq2pbp/p2p2p1/2n1n1P1/1p2PN2/4B1N1/PPP1B1QP/4RRK1","stockfishScores":{"bn":0.4924404761904762}},{"fenStr":"4rrk1/1bq3bp/p2p2p1/2n1npP1/1p2PN2/4B1N1/PPP1B1QP/4RRK1","stockfishScores":{"wn":0.49291666666666667}},{"fenStr":"4rrk1/1bq3bp/p2p1Pp1/2n1n3/1p2PN2/4B1N1/PPP1B1QP/4RRK1","stockfishScores":{"bn":0.5076785714285714}},{"fenStr":"4r1k1/1bq3bp/p2p1rp1/2n1n3/1p2PN2/4B1N1/PPP1B1QP/4RRK1","stockfishScores":{"wn":0.4922619047619048}},{"fenStr":"4r1k1/1bq3bp/p2p1rp1/2nNn3/1p2P3/4B1N1/PPP1B1QP/4RRK1","stockfishScores":{"bn":0.5089285714285714}},{"fenStr":"4r1k1/1bq3bp/p2p2p1/2nNn3/1p2P3/4B1N1/PPP1B1QP/4RrK1","stockfishScores":{"wn":0.47154761904761905}},{"fenStr":"4r1k1/1bq3bp/p2p2p1/2nNn3/1p2P3/4B1N1/PPP3QP/4RBK1","stockfishScores":{"bn":0.50125}},{"fenStr":"4r1k1/2q3bp/p2p2p1/2nbn3/1p2P3/4B1N1/PPP3QP/4RBK1","stockfishScores":{"wn":0.4680357142857143}},{"fenStr":"4r1k1/2q3bp/p2p2p1/2nPn3/1p6/4B1N1/PPP3QP/4RBK1","stockfishScores":{"bn":0.49726190476190474}},{"fenStr":"5rk1/2q3bp/p2p2p1/2nPn3/1p6/4B1N1/PPP3QP/4RBK1","stockfishScores":{"wn":0.4856547619047619}},{"fenStr":"5rk1/2q3bp/p2p2p1/2nPn3/1p6/4B1N1/PPP1B1QP/4R1K1","stockfishScores":{"bn":0.49529761904761904}},{"fenStr":"5rk1/2q3bp/p2p2p1/3Pn3/np6/4B1N1/PPP1B1QP/4R1K1","stockfishScores":{"wn":0.4963095238095238}},{"fenStr":"5rk1/2q3bp/p2p2p1/3Pn3/np6/4B1N1/PPP1B1QP/5RK1","stockfishScores":{"bn":0.4980357142857143}},{"fenStr":"5rk1/6bp/p2p2p1/3Pn3/np6/4B1N1/PPq1B1QP/5RK1","stockfishScores":{"wn":0.49785714285714283}},{"fenStr":"5Rk1/6bp/p2p2p1/3Pn3/np6/4B1N1/PPq1B1QP/6K1","stockfishScores":{"bn":0.5261904761904762}},{"fenStr":"5bk1/7p/p2p2p1/3Pn3/np6/4B1N1/PPq1B1QP/6K1","stockfishScores":{"wn":0.49523809523809526}},{"fenStr":"5bk1/7p/B2p2p1/3Pn3/np6/4B1N1/PPq3QP/6K1","stockfishScores":{"bn":0.49160714285714285}},{"fenStr":"5bk1/7p/B2p2p1/3Pn3/np6/4B1N1/PP4QP/1q4K1","stockfishScores":{"wn":0.49476190476190474}},{"fenStr":"5bk1/7p/3p2p1/3Pn3/np6/4B1N1/PP4QP/1q3BK1","stockfishScores":{"bn":0.49625}},{"fenStr":"5bk1/7p/3p2p1/3Pn3/1p6/4B1N1/Pn4QP/1q3BK1","stockfishScores":{"wn":0.49047619047619045}},{"fenStr":"5bk1/7p/3p2p1/3Pn3/1p1B4/6N1/Pn4QP/1q3BK1","stockfishScores":{"bn":0.49476190476190474}},{"fenStr":"5bk1/7p/3p2p1/3Pn3/1pnB4/6N1/P5QP/1q3BK1","stockfishScores":{"wn":0.4894047619047619}},{"fenStr":"5bk1/7p/3p2p1/3Pn3/1pnBN3/8/P5QP/1q3BK1","stockfishScores":{"bn":0.4992857142857143}},{"fenStr":"6k1/7p/3p2pb/3Pn3/1pnBN3/8/P5QP/1q3BK1","stockfishScores":{"wn":0.49738095238095237}},{"fenStr":"6k1/7p/3p1Npb/3Pn3/1pnB4/8/P5QP/1q3BK1","stockfishScores":{"bn":0.4913690476190476}},{"fenStr":"7k/7p/3p1Npb/3Pn3/1pnB4/8/P5QP/1q3BK1","stockfishScores":{"wn":0.49238095238095236}},{"fenStr":"7k/7p/3p2pb/3Pn3/1pnB2N1/8/P5QP/1q3BK1","stockfishScores":{"bn":0.49851190476190477}},{"fenStr":"7k/7p/3p2p1/3Pn3/1pnB1bN1/8/P5QP/1q3BK1","stockfishScores":{"wn":0.49255952380952384}},{"fenStr":"7k/7p/3p2p1/3Pn3/1pnB1bN1/8/P4Q1P/1q3BK1","stockfishScores":{"bn":0.4920833333333333}},{"fenStr":"7k/7p/3p4/3Pn1p1/1pnB1bN1/8/P4Q1P/1q3BK1","stockfishScores":{"wn":0.4938095238095238}},{"fenStr":"7k/7p/3p4/3Pn1p1/1pnB1bN1/8/P4QKP/1q3B2","stockfishScores":{"bn":0.49488095238095237}},{"fenStr":"7k/7p/3p4/3Pn1p1/1pnBqbN1/8/P4QKP/5B2","stockfishScores":{"wn":0.5002380952380953}},{"fenStr":"7k/7p/3p4/3Pn1p1/1pnBqbN1/7K/P4Q1P/5B2","stockfishScores":{"bn":0.49589285714285714}},{"fenStr":"7k/7p/3p4/3Pnqp1/1pnB1bN1/7K/P4Q1P/5B2","stockfishScores":{"wn":0.4906547619047619}},{"fenStr":"7k/7p/3p4/3Pnqp1/1pBB1bN1/7K/P4Q1P/8","stockfishScores":{"bn":0.5142857142857142}},{"fenStr":"7k/7p/3p4/3Pn1p1/1pBB1bq1/7K/P4Q1P/8","stockfishScores":{"wn":0.490952380952381}}],"result":{"bw":true}}