{"fens":[{"fenStr":"rnbqkbnr/pppppppp/8/8/3P4/8/PPP1PPPP/RNBQKBNR","stockfishScores":{"bn":0.5048809523809524}},{"fenStr":"rnbqkb1r/pppppppp/5n2/8/3P4/8/PPP1PPPP/RNBQKBNR","stockfishScores":{"wn":0.5016071428571428}},{"fenStr":"rnbqkb1r/pppppppp/5n2/8/2PP4/8/PP2PPPP/RNBQKBNR","stockfishScores":{"bn":0.5041071428571429}},{"fenStr":"rnbqkb1r/pppp1ppp/4pn2/8/2PP4/8/PP2PPPP/RNBQKBNR","stockfishScores":{"wn":0.5005357142857143}},{"fenStr":"rnbqkb1r/pppp1ppp/4pn2/8/2PP4/2N5/PP2PPPP/R1BQKBNR","stockfishScores":{"bn":0.5033928571428572}},{"fenStr":"rnbqk2r/pppp1ppp/4pn2/8/1bPP4/2N5/PP2PPPP/R1BQKBNR","stockfishScores":{"wn":0.5013095238095238}},{"fenStr":"rnbqk2r/pppp1ppp/4pn2/8/1bPP4/2N1P3/PP3PPP/R1BQKBNR","stockfishScores":{"bn":0.503452380952381}},{"fenStr":"rnbqk2r/p1pp1ppp/1p2pn2/8/1bPP4/2N1P3/PP3PPP/R1BQKBNR","stockfishScores":{"wn":0.5023214285714286}},{"fenStr":"rnbqk2r/p1pp1ppp/1p2pn2/8/1bPP4/2N1P3/PP2NPPP/R1BQKB1R","stockfishScores":{"bn":0.5044047619047619}},{"fenStr":"rn1qk2r/pbpp1ppp/1p2pn2/8/1bPP4/2N1P3/PP2NPPP/R1BQKB1R","stockfishScores":{"wn":0.5016666666666667}},{"fenStr":"rn1qk2r/pbpp1ppp/1p2pn2/8/1bPP4/P1N1P3/1P2NPPP/R1BQKB1R","stockfishScores":{"bn":0.5060714285714286}},{"fenStr":"rn1qk2r/pbppbppp/1p2pn2/8/2PP4/P1N1P3/1P2NPPP/R1BQKB1R","stockfishScores":{"wn":0.5063690476190477}},{"fenStr":"rn1qk2r/pbppbppp/1p2pn2/3P4/2P5/P1N1P3/1P2NPPP/R1BQKB1R","stockfishScores":{"bn":0.5089285714285714}},{"fenStr":"rn1qk2r/pbp1bppp/1p1ppn2/3P4/2P5/P1N1P3/1P2NPPP/R1BQKB1R","stockfishScores":{"wn":0.5119047619047619}},{"fenStr":"rn1qk2r/pbp1bppp/1p1ppn2/3P4/2P5/P1N1P1P1/1P2NP1P/R1BQKB1R","stockfishScores":{"bn":0.5125}},{"fenStr":"rn1qk2r/pb2bppp/1p1ppn2/2pP4/2P5/P1N1P1P1/1P2NP1P/R1BQKB1R","stockfishScores":{"wn":0.5104166666666666}},{"fenStr":"rn1qk2r/pb2bppp/1p1ppn2/2pP4/2P5/P1N1P1P1/1P2NPBP/R1BQK2R","stockfishScores":{"bn":0.5123214285714286}},{"fenStr":"rn1qk2r/pb2bppp/1p1p1n2/2pPp3/2P5/P1N1P1P1/1P2NPBP/R1BQK2R","stockfishScores":{"wn":0.5148214285714285}},{"fenStr":"rn1qk2r/pb2bppp/1p1p1n2/2pPp3/2P5/P1N1P1P1/1P2NPBP/R1BQ1RK1","stockfishScores":{"bn":0.5242261904761905}},{"fenStr":"rn1q1rk1/pb2bppp/1p1p1n2/2pPp3/2P5/P1N1P1P1/1P2NPBP/R1BQ1RK1","stockfishScores":{"wn":0.507797619047619}},{"fenStr":"rn1q1rk1/pb2bppp/1p1p1n2/2pPp3/2P1P3/P1N3P1/1P2NPBP/R1BQ1RK1","stockfishScores":{"bn":0.5066666666666667}},{"fenStr":"r2q1rk1/pb1nbppp/1p1p1n2/2pPp3/2P1P3/P1N3P1/1P2NPBP/R1BQ1RK1","stockfishScores":{"wn":0.503452380952381}},{"fenStr":"r2q1rk1/pb1nbppp/1p1p1n2/2pPp3/2P1PP2/P1N3P1/1P2N1BP/R1BQ1RK1","stockfishScores":{"bn":0.502797619047619}},{"fenStr":"r2qnrk1/pb1nbppp/1p1p4/2pPp3/2P1PP2/P1N3P1/1P2N1BP/R1BQ1RK1","stockfishScores":{"wn":0.5083928571428571}},{"fenStr":"r2qnrk1/pb1nbppp/1p1p4/2pPp3/2P1PP2/P1NQ2P1/1P2N1BP/R1B2RK1","stockfishScores":{"bn":0.5075595238095238}},{"fenStr":"r2qnrk1/pb1nbp1p/1p1p2p1/2pPp3/2P1PP2/P1NQ2P1/1P2N1BP/R1B2RK1","stockfishScores":{"wn":0.5094047619047619}},{"fenStr":"r2qnrk1/pb1nbp1p/1p1p2p1/2pPpP2/2P1P3/P1NQ2P1/1P2N1BP/R1B2RK1","stockfishScores":{"bn":0.5103571428571428}},{"fenStr":"r2qnrk1/pb1n1p1p/1p1p2p1/2pPpPb1/2P1P3/P1NQ2P1/1P2N1BP/R1B2RK1","stockfishScores":{"wn":0.5116071428571428}},{"fenStr":"r2qnrk1/pb1n1p1p/1p1p2p1/2pPpPb1/2P1P2P/P1NQ2P1/1P2N1B1/R1B2RK1","stockfishScores":{"bn":0.5169642857142858}},{"fenStr":"r2qnrk1/pb1n1p1p/1p1p2p1/2pPpP2/2P1P2P/P1NQ2P1/1P2N1B1/R1b2RK1","stockfishScores":{"wn":0.49005952380952383}},{"fenStr":"r2qnrk1/pb1n1p1p/1p1p2p1/2pPpP2/2P1P2P/P1NQ2P1/1P2N1B1/2R2RK1","stockfishScores":{"bn":0.51}},{"fenStr":"r2q1rk1/pb1n1pnp/1p1p2p1/2pPpP2/2P1P2P/P1NQ2P1/1P2N1B1/2R2RK1","stockfishScores":{"wn":0.5082738095238095}},{"fenStr":"r2q1rk1/pb1n1pnp/1p1p2p1/2pPpP2/2P1P2P/P1N1Q1P1/1P2N1B1/2R2RK1","stockfishScores":{"bn":0.507797619047619}},{"fenStr":"r2q1rk1/pb3pnp/1p1p1np1/2pPpP2/2P1P2P/P1N1Q1P1/1P2N1B1/2R2RK1","stockfishScores":{"wn":0.5064285714285715}},{"fenStr":"r2q1rk1/pb3pnp/1p1p1np1/2pPpP2/2P1P2P/P1N1Q1PB/1P2N3/2R2RK1","stockfishScores":{"bn":0.5044047619047619}},{"fenStr":"r2qnrk1/pb3pnp/1p1p2p1/2pPpP2/2P1P2P/P1N1Q1PB/1P2N3/2R2RK1","stockfishScores":{"wn":0.5116071428571428}},{"fenStr":"r2qnrk1/pb3pnp/1p1p2p1/2pPpP2/2P1P2P/P1N1Q1PB/1P2NR2/2R3K1","stockfishScores":{"bn":0.5100595238095238}},{"fenStr":"r1bqnrk1/p4pnp/1p1p2p1/2pPpP2/2P1P2P/P1N1Q1PB/1P2NR2/2R3K1","stockfishScores":{"wn":0.5122619047619048}},{"fenStr":"r1bqnrk1/p4pnp/1p1p2p1/2pPpP2/2P1P2P/P1N1Q1PB/1P2NR2/5RK1","stockfishScores":{"bn":0.5111309523809524}},{"fenStr":"r1bqnrk1/p5np/1p1p1pp1/2pPpP2/2P1P2P/P1N1Q1PB/1P2NR2/5RK1","stockfishScores":{"wn":0.5107738095238096}},{"fenStr":"r1bqnrk1/p5np/1p1p1ppQ/2pPpP2/2P1P2P/P1N3PB/1P2NR2/5RK1","stockfishScores":{"bn":0.5096428571428572}},{"fenStr":"r1bqnrk1/p5np/1p1p1p1Q/2pPpp2/2P1P2P/P1N3PB/1P2NR2/5RK1","stockfishScores":{"wn":0.5049404761904762}},{"fenStr":"r1bqnrk1/p5np/1p1p1p1Q/2pPpP2/2P4P/P1N3PB/1P2NR2/5RK1","stockfishScores":{"bn":0.5095833333333334}},{"fenStr":"r1b1nrk1/p3q1np/1p1p1p1Q/2pPpP2/2P4P/P1N3PB/1P2NR2/5RK1","stockfishScores":{"wn":0.5088095238095238}},{"fenStr":"r1b1nrk1/p3q1np/1p1p1p1Q/2pPpP2/2P3PP/P1N4B/1P2NR2/5RK1","stockfishScores":{"bn":0.512797619047619}},{"fenStr":"r1b2rk1/p1n1q1np/1p1p1p1Q/2pPpP2/2P3PP/P1N4B/1P2NR2/5RK1","stockfishScores":{"wn":0.5126785714285714}},{"fenStr":"r1b2rk1/p1n1q1np/1p1p1p1Q/2pPpP2/2P3PP/P1N3NB/1P3R2/5RK1","stockfishScores":{"bn":0.5144047619047619}},{"fenStr":"r1b1nrk1/p1n1q2p/1p1p1p1Q/2pPpP2/2P3PP/P1N3NB/1P3R2/5RK1","stockfishScores":{"wn":0.5154166666666666}},{"fenStr":"r1b1nrk1/p1n1q2p/1p1p1p1Q/2pPpP2/2P3PP/P1N3NB/1P4R1/5RK1","stockfishScores":{"bn":0.5135714285714286}},{"fenStr":"r3nrk1/p1n1q2p/bp1p1p1Q/2pPpP2/2P3PP/P1N3NB/1P4R1/5RK1","stockfishScores":{"wn":0.5126785714285714}},{"fenStr":"r3nrk1/p1n1q2p/bp1p1p1Q/2pPpP2/2P3PP/PPN3NB/6R1/5RK1","stockfishScores":{"bn":0.5144047619047619}},{"fenStr":"r3n1k1/p1n1qr1p/bp1p1p1Q/2pPpP2/2P3PP/PPN3NB/6R1/5RK1","stockfishScores":{"wn":0.5150595238095238}},{"fenStr":"r3n1k1/p1n1qr1p/bp1p1p1Q/2pPpP2/P1P3PP/1PN3NB/6R1/5RK1","stockfishScores":{"bn":0.5135119047619048}},{"fenStr":"r3nqk1/p1n2r1p/bp1p1p1Q/2pPpP2/P1P3PP/1PN3NB/6R1/5RK1","stockfishScores":{"wn":0.515}},{"fenStr":"r3nqk1/p1n2r1p/bp1p1p2/2pPpP2/P1P3PP/1PN1Q1NB/6R1/5RK1","stockfishScores":{"bn":0.5154166666666666}},{"fenStr":"r1b1nqk1/p1n2r1p/1p1p1p2/2pPpP2/P1P3PP/1PN1Q1NB/6R1/5RK1","stockfishScores":{"wn":0.5160714285714286}},{"fenStr":"r1b1nqk1/p1n2r1p/1p1p1p2/2pPpP2/P1P3PP/1PN1Q1NB/6RK/5R2","stockfishScores":{"bn":0.5144642857142857}},{"fenStr":"1rb1nqk1/p1n2r1p/1p1p1p2/2pPpP2/P1P3PP/1PN1Q1NB/6RK/5R2","stockfishScores":{"wn":0.5151785714285714}},{"fenStr":"1rb1nqk1/p1n2r1p/1p1p1p2/2pPpPP1/P1P4P/1PN1Q1NB/6RK/5R2","stockfishScores":{"bn":0.5152976190476191}},{"fenStr":"1rb1nq1k/p1n2r1p/1p1p1p2/2pPpPP1/P1P4P/1PN1Q1NB/6RK/5R2","stockfishScores":{"wn":0.5172619047619048}},{"fenStr":"1rb1nq1k/p1n2r1p/1p1p1p2/2pPpPP1/P1P1N2P/1P2Q1NB/6RK/5R2","stockfishScores":{"bn":0.52125}},{"fenStr":"1rb1nq1k/2n2r1p/pp1p1p2/2pPpPP1/P1P1N2P/1P2Q1NB/6RK/5R2","stockfishScores":{"wn":0.5238095238095238}},{"fenStr":"1rb1nq1k/2n2r1p/pp1p1p2/2pPpPP1/P1P1N2P/1P2Q1NB/6RK/6R1","stockfishScores":{"bn":0.5220238095238096}},{"fenStr":"2b1nq1k/1rn2r1p/pp1p1p2/2pPpPP1/P1P1N2P/1P2Q1NB/6RK/6R1","stockfishScores":{"wn":0.5228571428571429}},{"fenStr":"2b1nq1k/1rn2r1p/pp1p1p2/2pPpPPN/P1P1N2P/1P2Q2B/6RK/6R1","stockfishScores":{"bn":0.5282142857142857}},{"fenStr":"2b1nq1k/1rn2r1p/pp1p4/2pPpPpN/P1P1N2P/1P2Q2B/6RK/6R1","stockfishScores":{"wn":0.5155357142857143}},{"fenStr":"2b1nq1k/1rn2r1p/pp1p4/2pPpPQN/P1P1N2P/1P5B/6RK/6R1","stockfishScores":{"bn":0.56375}},{"fenStr":"2b1nq1k/1rn2r2/pp1p3p/2pPpPQN/P1P1N2P/1P5B/6RK/6R1","stockfishScores":{"wn":0.5686904761904762}},{"fenStr":"2b1nqQk/1rn2r2/pp1p3p/2pPpP1N/P1P1N2P/1P5B/6RK/6R1","stockfishScores":{"bn":0.5623809523809524}},{"fenStr":"2b1n1qk/1rn2r2/pp1p3p/2pPpP1N/P1P1N2P/1P5B/6RK/6R1","stockfishScores":{"wn":0.4264880952380952}},{"fenStr":"2b1n1Rk/1rn2r2/pp1p3p/2pPpP1N/P1P1N2P/1P5B/7K/6R1","stockfishScores":{"bn":0.5208333333333334}},{"fenStr":"2b1n1R1/1rn2r1k/pp1p3p/2pPpP1N/P1P1N2P/1P5B/7K/6R1","stockfishScores":{"wn":0.5320238095238096}},{"fenStr":"2b1n1R1/1rn2rRk/pp1p3p/2pPpP1N/P1P1N2P/1P5B/7K/8","stockfishScores":{"bn":0.5293452380952381}},{"fenStr":"2b1n1R1/1rn3rk/pp1p3p/2pPpP1N/P1P1N2P/1P5B/7K/8","stockfishScores":{"wn":0.47464285714285714}},{"fenStr":"2b1n1R1/1rn3rk/pp1p1N1p/2pPpP1N/P1P4P/1P5B/7K/8","stockfishScores":{"bn":0.46910714285714283}},{"fenStr":"2b3R1/1rn3rk/pp1p1n1p/2pPpP1N/P1P4P/1P5B/7K/8","stockfishScores":{"wn":0.4351190476190476}},{"fenStr":"2b3R1/1rn3rk/pp1p1N1p/2pPpP2/P1P4P/1P5B/7K/8","stockfishScores":{"bn":0.4604761904761905}}],"result":{"ww":true}}