{"fens":[{"fenStr":"rnbqkbnr/pppppppp/8/8/4P3/8/PPPP1PPP/RNBQKBNR","stockfishScores":{"bn":0.5049404761904762}},{"fenStr":"rnbqkbnr/pp1ppppp/8/2p5/4P3/8/PPPP1PPP/RNBQKBNR","stockfishScores":{"wn":0.5038095238095238}},{"fenStr":"rnbqkbnr/pp1ppppp/8/2p5/4P3/2P5/PP1P1PPP/RNBQKBNR","stockfishScores":{"bn":0.5035714285714286}},{"fenStr":"rnbqkbnr/pp2pppp/8/2pp4/4P3/2P5/PP1P1PPP/RNBQKBNR","stockfishScores":{"wn":0.49714285714285716}},{"fenStr":"rnbqkbnr/pp2pppp/8/2pP4/8/2P5/PP1P1PPP/RNBQKBNR","stockfishScores":{"bn":0.5155952380952381}},{"fenStr":"rnb1kbnr/pp2pppp/8/2pq4/8/2P5/PP1P1PPP/RNBQKBNR","stockfishScores":{"wn":0.4932738095238095}},{"fenStr":"rnb1kbnr/pp2pppp/8/2pq4/3P4/2P5/PP3PPP/RNBQKBNR","stockfishScores":{"bn":0.5009523809523809}},{"fenStr":"rnb1kb1r/pp2pppp/5n2/2pq4/3P4/2P5/PP3PPP/RNBQKBNR","stockfishScores":{"wn":0.49529761904761904}},{"fenStr":"rnb1kb1r/pp2pppp/5n2/2pq4/3P4/2P2N2/PP3PPP/RNBQKB1R","stockfishScores":{"bn":0.5000595238095238}},{"fenStr":"rn2kb1r/pp2pppp/5n2/2pq4/3P2b1/2P2N2/PP3PPP/RNBQKB1R","stockfishScores":{"wn":0.4961904761904762}},{"fenStr":"rn2kb1r/pp2pppp/5n2/2pq4/3P2b1/2P2N2/PP2BPPP/RNBQK2R","stockfishScores":{"bn":0.5031547619047619}},{"fenStr":"rn2kb1r/pp3ppp/4pn2/2pq4/3P2b1/2P2N2/PP2BPPP/RNBQK2R","stockfishScores":{"wn":0.5019047619047619}},{"fenStr":"rn2kb1r/pp3ppp/4pn2/2pq4/3P2b1/2P2N2/PP2BPPP/RNBQ1RK1","stockfishScores":{"bn":0.5120238095238095}},{"fenStr":"r3kb1r/pp3ppp/2n1pn2/2pq4/3P2b1/2P2N2/PP2BPPP/RNBQ1RK1","stockfishScores":{"wn":0.5090476190476191}},{"fenStr":"r3kb1r/pp3ppp/2n1pn2/2pq4/3P2b1/2P1BN2/PP2BPPP/RN1Q1RK1","stockfishScores":{"bn":0.5092857142857143}},{"fenStr":"r3kb1r/pp3ppp/2n1pn2/3q4/3p2b1/2P1BN2/PP2BPPP/RN1Q1RK1","stockfishScores":{"wn":0.4951190476190476}},{"fenStr":"r3kb1r/pp3ppp/2n1pn2/3q4/3N2b1/2P1B3/PP2BPPP/RN1Q1RK1","stockfishScores":{"bn":0.508452380952381}},{"fenStr":"r3kb1r/pp3ppp/2n1pn2/3q4/3N4/2P1B3/PP2bPPP/RN1Q1RK1","stockfishScores":{"wn":0.4769047619047619}},{"fenStr":"r3kb1r/pp3ppp/2n1pn2/3q4/3N4/2P1B3/PP2QPPP/RN3RK1","stockfishScores":{"bn":0.5053571428571428}},{"fenStr":"r3kb1r/pp3ppp/4pn2/3q4/3n4/2P1B3/PP2QPPP/RN3RK1","stockfishScores":{"wn":0.47535714285714287}},{"fenStr":"r3kb1r/pp3ppp/4pn2/3q4/3B4/2P5/PP2QPPP/RN3RK1","stockfishScores":{"bn":0.506547619047619}},{"fenStr":"r3k2r/pp2bppp/4pn2/3q4/3B4/2P5/PP2QPPP/RN3RK1","stockfishScores":{"wn":0.5061309523809524}},{"fenStr":"r3k2r/pp2bppp/4pn2/3q4/3B4/N1P5/PP2QPPP/R4RK1","stockfishScores":{"bn":0.5059523809523809}},{"fenStr":"r3k2r/pp3ppp/4pn2/3q4/3B4/b1P5/PP2QPPP/R4RK1","stockfishScores":{"wn":0.4907142857142857}},{"fenStr":"r3k2r/pp3ppp/4pn2/3q4/3B4/P1P5/P3QPPP/R4RK1","stockfishScores":{"bn":0.5066071428571428}},{"fenStr":"r4rk1/pp3ppp/4pn2/3q4/3B4/P1P5/P3QPPP/R4RK1","stockfishScores":{"wn":0.4990476190476191}},{"fenStr":"r4rk1/pp3ppp/4pn2/3q4/3B4/P1P5/P3QPPP/R2R2K1","stockfishScores":{"bn":0.5022023809523809}},{"fenStr":"r4rk1/pp3ppp/4pn2/5q2/3B4/P1P5/P3QPPP/R2R2K1","stockfishScores":{"wn":0.5007142857142857}},{"fenStr":"r4rk1/pp3ppp/4pn2/5q2/3B4/P1PR4/P3QPPP/R5K1","stockfishScores":{"bn":0.5001190476190476}},{"fenStr":"r4rk1/pp3ppp/4p3/5q1n/3B4/P1PR4/P3QPPP/R5K1","stockfishScores":{"wn":0.5038095238095238}},{"fenStr":"r4rk1/pp3ppp/4p3/5q1n/3B4/P1P2R2/P3QPPP/R5K1","stockfishScores":{"bn":0.49773809523809526}},{"fenStr":"r4rk1/pp3ppp/4p3/6qn/3B4/P1P2R2/P3QPPP/R5K1","stockfishScores":{"wn":0.5}},{"fenStr":"r4rk1/pp3ppp/4p3/6qn/3BQ3/P1P2R2/P4PPP/R5K1","stockfishScores":{"bn":0.5044047619047619}},{"fenStr":"r4rk1/p4ppp/1p2p3/6qn/3BQ3/P1P2R2/P4PPP/R5K1","stockfishScores":{"wn":0.5029761904761905}},{"fenStr":"r4rk1/p4ppp/1p2p3/6qn/3BQ3/P1P2R2/P4PPP/4R1K1","stockfishScores":{"bn":0.5057738095238096}},{"fenStr":"4rrk1/p4ppp/1p2p3/6qn/3BQ3/P1P2R2/P4PPP/4R1K1","stockfishScores":{"wn":0.5044642857142857}},{"fenStr":"4rrk1/p4ppp/1p2p3/6qn/3BQ3/P1P4R/P4PPP/4R1K1","stockfishScores":{"bn":0.5041666666666667}},{"fenStr":"4rrk1/p4p1p/1p2p1p1/6qn/3BQ3/P1P4R/P4PPP/4R1K1","stockfishScores":{"wn":0.5036309523809523}},{"fenStr":"4rrk1/p4p1p/1p2p1p1/6qn/3BQ3/P1P2R2/P4PPP/4R1K1","stockfishScores":{"bn":0.5056547619047619}},{"fenStr":"4rrk1/p4p1p/1p4p1/4p1qn/3BQ3/P1P2R2/P4PPP/4R1K1","stockfishScores":{"wn":0.4999404761904762}},{"fenStr":"4rrk1/p4p1p/1p4p1/4p1qn/4Q3/P1P1BR2/P4PPP/4R1K1","stockfishScores":{"bn":0.5053571428571428}},{"fenStr":"4rrk1/p3qp1p/1p4p1/4p2n/4Q3/P1P1BR2/P4PPP/4R1K1","stockfishScores":{"wn":0.5001190476190476}},{"fenStr":"4rrk1/p3qp1p/1p4pB/4p2n/4Q3/P1P2R2/P4PPP/4R1K1","stockfishScores":{"bn":0.5036904761904762}},{"fenStr":"4rrk1/p3qpnp/1p4pB/4p3/4Q3/P1P2R2/P4PPP/4R1K1","stockfishScores":{"wn":0.5044642857142857}},{"fenStr":"4rrk1/p3qpnp/1p4pB/4p3/P3Q3/2P2R2/P4PPP/4R1K1","stockfishScores":{"bn":0.5057738095238096}},{"fenStr":"4rrk1/p4pnp/1p4pB/2q1p3/P3Q3/2P2R2/P4PPP/4R1K1","stockfishScores":{"wn":0.5074404761904762}},{"fenStr":"4rrk1/p4pnp/1p4pB/2q1p3/P3Q3/2P4R/P4PPP/4R1K1","stockfishScores":{"bn":0.5051785714285715}},{"fenStr":"4rrk1/p5np/1p3ppB/2q1p3/P3Q3/2P4R/P4PPP/4R1K1","stockfishScores":{"wn":0.5045238095238095}},{"fenStr":"4rrk1/p5np/1p3ppB/2q1p3/P3Q3/2P4R/P4PPP/3R2K1","stockfishScores":{"bn":0.5056547619047619}},{"fenStr":"4r1k1/p4rnp/1p3ppB/2q1p3/P3Q3/2P4R/P4PPP/3R2K1","stockfishScores":{"wn":0.5055952380952381}},{"fenStr":"4r1k1/p4rnp/1p3ppB/2q1p3/P3Q3/2PR4/P4PPP/3R2K1","stockfishScores":{"bn":0.5051785714285715}},{"fenStr":"4r1k1/p1q2rnp/1p3ppB/4p3/P3Q3/2PR4/P4PPP/3R2K1","stockfishScores":{"wn":0.5051785714285715}},{"fenStr":"4r1k1/p1q2rnp/1p3ppB/4p3/PQ6/2PR4/P4PPP/3R2K1","stockfishScores":{"bn":0.5043452380952381}},{"fenStr":"4r1k1/p1q2r1p/1p3ppB/4pn2/PQ6/2PR4/P4PPP/3R2K1","stockfishScores":{"wn":0.500297619047619}},{"fenStr":"4r1k1/p1q2r1p/1p3ppB/1Q2pn2/P7/2PR4/P4PPP/3R2K1","stockfishScores":{"bn":0.5020833333333333}},{"fenStr":"4r1k1/p1q1r2p/1p3ppB/1Q2pn2/P7/2PR4/P4PPP/3R2K1","stockfishScores":{"wn":0.50125}},{"fenStr":"4r1k1/p1q1r2p/1p3pp1/1Q2pn2/P7/2PR4/P4PPP/2BR2K1","stockfishScores":{"bn":0.5026190476190476}},{"fenStr":"4r1k1/p3r2p/1p3pp1/1Qq1pn2/P7/2PR4/P4PPP/2BR2K1","stockfishScores":{"wn":0.505297619047619}},{"fenStr":"4r1k1/p3r2p/1p3pp1/2q1pn2/P7/1QPR4/P4PPP/2BR2K1","stockfishScores":{"bn":0.5031547619047619}},{"fenStr":"4r3/p3r1kp/1p3pp1/2q1pn2/P7/1QPR4/P4PPP/2BR2K1","stockfishScores":{"wn":0.5054166666666666}},{"fenStr":"4r3/p3r1kp/1p3pp1/2q1pn2/P7/BQPR4/P4PPP/3R2K1","stockfishScores":{"bn":0.5090476190476191}},{"fenStr":"4r3/p1q1r1kp/1p3pp1/4pn2/P7/BQPR4/P4PPP/3R2K1","stockfishScores":{"wn":0.5061309523809524}},{"fenStr":"4r3/p1q1B1kp/1p3pp1/4pn2/P7/1QPR4/P4PPP/3R2K1","stockfishScores":{"bn":0.5404166666666667}},{"fenStr":"8/p1q1r1kp/1p3pp1/4pn2/P7/1QPR4/P4PPP/3R2K1","stockfishScores":{"wn":0.5151190476190476}},{"fenStr":"3R4/p1q1r1kp/1p3pp1/4pn2/P7/1QP5/P4PPP/3R2K1","stockfishScores":{"bn":0.5430952380952381}},{"fenStr":"3R4/p1q2rkp/1p3pp1/4pn2/P7/1QP5/P4PPP/3R2K1","stockfishScores":{"wn":0.5202380952380953}},{"fenStr":"3R4/p1q2rkp/1p3pp1/4pn2/P7/1QP4P/P4PP1/3R2K1","stockfishScores":{"bn":0.5195238095238095}},{"fenStr":"3R4/p1q2rk1/1p3pp1/4pn1p/P7/1QP4P/P4PP1/3R2K1","stockfishScores":{"wn":0.5193452380952381}},{"fenStr":"3R4/p1q2rk1/1p3pp1/1Q2pn1p/P7/2P4P/P4PP1/3R2K1","stockfishScores":{"bn":0.5156547619047619}},{"fenStr":"3R4/p4rk1/1p3pp1/1Q2pn1p/P7/2q4P/P4PP1/3R2K1","stockfishScores":{"wn":0.5116071428571428}},{"fenStr":"3RQ3/p4rk1/1p3pp1/4pn1p/P7/2q4P/P4PP1/3R2K1","stockfishScores":{"bn":0.5372619047619047}},{"fenStr":"3RQ3/p3nrk1/1p3pp1/4p2p/P7/2q4P/P4PP1/3R2K1","stockfishScores":{"wn":0.5250595238095238}},{"fenStr":"3R3Q/p3nrk1/1p3pp1/4p2p/P7/2q4P/P4PP1/3R2K1","stockfishScores":{"bn":0.5140476190476191}}],"result":{"ww":true}}