{"fens":[{"fenStr":"rnbqkbnr/pppppppp/8/8/3P4/8/PPP1PPPP/RNBQKBNR","stockfishScores":{"bn":0.5048809523809524}},{"fenStr":"rnbqkb1r/pppppppp/5n2/8/3P4/8/PPP1PPPP/RNBQKBNR","stockfishScores":{"wn":0.5016071428571428}},{"fenStr":"rnbqkb1r/pppppppp/5n2/8/2PP4/8/PP2PPPP/RNBQKBNR","stockfishScores":{"bn":0.5041071428571429}},{"fenStr":"rnbqkb1r/ppp1pppp/3p1n2/8/2PP4/8/PP2PPPP/RNBQKBNR","stockfishScores":{"wn":0.49970238095238095}},{"fenStr":"rnbqkb1r/ppp1pppp/3p1n2/8/2PP4/2N5/PP2PPPP/R1BQKBNR","stockfishScores":{"bn":0.502797619047619}},{"fenStr":"rnbqkb1r/ppp2ppp/3p1n2/4p3/2PP4/2N5/PP2PPPP/R1BQKBNR","stockfishScores":{"wn":0.49988095238095237}},{"fenStr":"rnbqkb1r/ppp2ppp/3p1n2/4p3/2PP4/2N2N2/PP2PPPP/R1BQKB1R","stockfishScores":{"bn":0.5017261904761905}},{"fenStr":"rnbqkb1r/ppp2ppp/3p1n2/8/2PPp3/2N2N2/PP2PPPP/R1BQKB1R","stockfishScores":{"wn":0.4999404761904762}},{"fenStr":"rnbqkb1r/ppp2ppp/3p1n2/6N1/2PPp3/2N5/PP2PPPP/R1BQKB1R","stockfishScores":{"bn":0.5117261904761905}},{"fenStr":"rn1qkb1r/ppp2ppp/3p1n2/5bN1/2PPp3/2N5/PP2PPPP/R1BQKB1R","stockfishScores":{"wn":0.5113690476190477}},{"fenStr":"rn1qkb1r/ppp2ppp/3p1n2/5bN1/2PPp3/1QN5/PP2PPPP/R1B1KB1R","stockfishScores":{"bn":0.513154761904762}},{"fenStr":"r2qkb1r/ppp2ppp/2np1n2/5bN1/2PPp3/1QN5/PP2PPPP/R1B1KB1R","stockfishScores":{"wn":0.501547619047619}},{"fenStr":"r2qkb1r/ppp2ppp/2np1n2/5bN1/2PPp3/1QN1P3/PP3PPP/R1B1KB1R","stockfishScores":{"bn":0.5066071428571428}},{"fenStr":"1r1qkb1r/ppp2ppp/2np1n2/5bN1/2PPp3/1QN1P3/PP3PPP/R1B1KB1R","stockfishScores":{"wn":0.5044642857142857}},{"fenStr":"1r1qkb1r/ppp2ppp/2np1n2/5bN1/2PPp3/PQN1P3/1P3PPP/R1B1KB1R","stockfishScores":{"bn":0.5042261904761904}},{"fenStr":"1r1qkb1r/ppp2pp1/2np1n1p/5bN1/2PPp3/PQN1P3/1P3PPP/R1B1KB1R","stockfishScores":{"wn":0.49779761904761904}},{"fenStr":"1r1qkb1r/ppp2pp1/2np1n1p/5b2/2PPp3/PQN1P2N/1P3PPP/R1B1KB1R","stockfishScores":{"bn":0.4970833333333333}},{"fenStr":"1r1qkb1r/ppp2p2/2np1n1p/5bp1/2PPp3/PQN1P2N/1P3PPP/R1B1KB1R","stockfishScores":{"wn":0.4949404761904762}},{"fenStr":"1r1qkb1r/ppp2p2/2np1n1p/5bp1/2PPp3/PQN1P3/1P3PPP/R1B1KBNR","stockfishScores":{"bn":0.49642857142857144}},{"fenStr":"1r1qk2r/ppp2pb1/2np1n1p/5bp1/2PPp3/PQN1P3/1P3PPP/R1B1KBNR","stockfishScores":{"wn":0.4961309523809524}},{"fenStr":"1r1qk2r/ppp2pb1/2np1n1p/5bp1/2PPp3/PQN1P3/1P2NPPP/R1B1KB1R","stockfishScores":{"bn":0.49892857142857144}},{"fenStr":"1r1q1rk1/ppp2pb1/2np1n1p/5bp1/2PPp3/PQN1P3/1P2NPPP/R1B1KB1R","stockfishScores":{"wn":0.49041666666666667}},{"fenStr":"1r1q1rk1/ppp2pb1/2np1n1p/5bp1/2PPp3/PQN1P1N1/1P3PPP/R1B1KB1R","stockfishScores":{"bn":0.4957142857142857}},{"fenStr":"1r1q1rk1/ppp2pb1/2np1nbp/6p1/2PPp3/PQN1P1N1/1P3PPP/R1B1KB1R","stockfishScores":{"wn":0.49178571428571427}},{"fenStr":"1r1q1rk1/ppp2pb1/2np1nbp/6p1/2PPp2P/PQN1P1N1/1P3PP1/R1B1KB1R","stockfishScores":{"bn":0.49541666666666667}},{"fenStr":"1r1q1rk1/ppp2pb1/2np1nbp/8/2PPp2p/PQN1P1N1/1P3PP1/R1B1KB1R","stockfishScores":{"wn":0.49583333333333335}},{"fenStr":"1r1q1rk1/ppp2pb1/2np1nbp/8/2PPp2R/PQN1P1N1/1P3PP1/R1B1KB2","stockfishScores":{"bn":0.4998214285714286}},{"fenStr":"1r1q1rk1/ppp2pb1/2np2bp/3n4/2PPp2R/PQN1P1N1/1P3PP1/R1B1KB2","stockfishScores":{"wn":0.5027380952380952}},{"fenStr":"1r1q1rk1/ppp2pb1/2np2bp/3P4/3Pp2R/PQN1P1N1/1P3PP1/R1B1KB2","stockfishScores":{"bn":0.5255357142857143}},{"fenStr":"1r1q1rk1/ppp2pb1/3p2bp/3P4/3np2R/PQN1P1N1/1P3PP1/R1B1KB2","stockfishScores":{"wn":0.5107142857142857}},{"fenStr":"1r1q1rk1/ppp2pb1/3p2bp/3P4/3Pp2R/PQN3N1/1P3PP1/R1B1KB2","stockfishScores":{"bn":0.5435119047619048}},{"fenStr":"1r3rk1/ppp2pb1/3p2bp/3P4/3Pp2q/PQN3N1/1P3PP1/R1B1KB2","stockfishScores":{"wn":0.5019642857142858}},{"fenStr":"1r3rk1/ppp2pb1/3p2bp/3P4/3Pp2q/PQ4N1/1P2NPP1/R1B1KB2","stockfishScores":{"bn":0.5013690476190477}},{"fenStr":"1r2r1k1/ppp2pb1/3p2bp/3P4/3Pp2q/PQ4N1/1P2NPP1/R1B1KB2","stockfishScores":{"wn":0.5016071428571428}},{"fenStr":"1r2r1k1/ppp2pb1/3p2bp/3P4/3Pp2q/PQ2B1N1/1P2NPP1/R3KB2","stockfishScores":{"bn":0.5035714285714286}},{"fenStr":"1r2r1k1/pp3pb1/3p2bp/2pP4/3Pp2q/PQ2B1N1/1P2NPP1/R3KB2","stockfishScores":{"wn":0.5035714285714286}},{"fenStr":"1r2r1k1/pp3pb1/3p2bp/2PP4/4p2q/PQ2B1N1/1P2NPP1/R3KB2","stockfishScores":{"bn":0.5167261904761905}},{"fenStr":"1r2r1k1/pp3p2/3p2bp/2PPb3/4p2q/PQ2B1N1/1P2NPP1/R3KB2","stockfishScores":{"wn":0.5160714285714286}},{"fenStr":"1r2r1k1/pp3p2/3P2bp/3Pb3/4p2q/PQ2B1N1/1P2NPP1/R3KB2","stockfishScores":{"bn":0.5227380952380952}},{"fenStr":"1r2r1k1/pp3p2/3b2bp/3P4/4p2q/PQ2B1N1/1P2NPP1/R3KB2","stockfishScores":{"wn":0.5119642857142858}},{"fenStr":"1r2r1k1/pp3p2/3b2bp/3P4/3Np2q/PQ2B1N1/1P3PP1/R3KB2","stockfishScores":{"bn":0.5118452380952381}},{"fenStr":"1r2r1k1/pp3p2/6bp/3P4/3Np2q/PQ2B1b1/1P3PP1/R3KB2","stockfishScores":{"wn":0.4932142857142857}},{"fenStr":"1r2r1k1/pp3p2/6bp/3P4/3Np2q/PQ2B1P1/1P4P1/R3KB2","stockfishScores":{"bn":0.5101785714285715}},{"fenStr":"1r2r1k1/pp3p2/6bp/3P4/3Np3/PQ2B1q1/1P4P1/R3KB2","stockfishScores":{"wn":0.5114880952380952}},{"fenStr":"1r2r1k1/pp3p2/6bp/3P4/3Np3/PQ2B1q1/1P1K2P1/R4B2","stockfishScores":{"bn":0.5107738095238096}},{"fenStr":"1r1r2k1/pp3p2/6bp/3P4/3Np3/PQ2B1q1/1P1K2P1/R4B2","stockfishScores":{"wn":0.5109523809523809}},{"fenStr":"1r1r2k1/pp3p2/6bp/3P4/4p3/PQ2B1q1/1P1KN1P1/R4B2","stockfishScores":{"bn":0.5145238095238095}},{"fenStr":"1r1r2k1/pp3p2/6bp/3Pq3/4p3/PQ2B3/1P1KN1P1/R4B2","stockfishScores":{"wn":0.50375}},{"fenStr":"1r1r2k1/pp3p2/6bp/3Pq3/4pN2/PQ2B3/1P1K2P1/R4B2","stockfishScores":{"bn":0.5090476190476191}},{"fenStr":"2rr2k1/pp3p2/6bp/3Pq3/4pN2/PQ2B3/1P1K2P1/R4B2","stockfishScores":{"wn":0.5064880952380952}},{"fenStr":"2rr2k1/pp3p2/6bp/3Pq3/4pN2/PQ2B3/1P1K2P1/2R2B2","stockfishScores":{"bn":0.5060119047619047}},{"fenStr":"2rr2k1/pp3p2/7p/3Pqb2/4pN2/PQ2B3/1P1K2P1/2R2B2","stockfishScores":{"wn":0.5044047619047619}},{"fenStr":"2Rr2k1/pp3p2/7p/3Pqb2/4pN2/PQ2B3/1P1K2P1/5B2","stockfishScores":{"bn":0.5479761904761905}},{"fenStr":"2r3k1/pp3p2/7p/3Pqb2/4pN2/PQ2B3/1P1K2P1/5B2","stockfishScores":{"wn":0.5073214285714286}},{"fenStr":"2r3k1/pp3p2/7p/3Pqb2/1Q2pN2/P3B3/1P1K2P1/5B2","stockfishScores":{"bn":0.5072619047619048}},{"fenStr":"2r3k1/ppq2p2/7p/3P1b2/1Q2pN2/P3B3/1P1K2P1/5B2","stockfishScores":{"wn":0.4822619047619048}},{"fenStr":"2r3k1/ppq2p2/7p/3P1b2/1Q2pN2/P3B3/1P4P1/4KB2","stockfishScores":{"bn":0.5077380952380952}},{"fenStr":"2rq2k1/pp3p2/7p/3P1b2/1Q2pN2/P3B3/1P4P1/4KB2","stockfishScores":{"wn":0.5072619047619048}},{"fenStr":"2rq2k1/pp3p2/7p/3P1b2/4pN2/P3B3/1P1Q2P1/4KB2","stockfishScores":{"bn":0.5052380952380953}},{"fenStr":"2r3k1/pp3p2/7p/3P1b2/4pN1q/P3B3/1P1Q2P1/4KB2","stockfishScores":{"wn":0.5077380952380952}},{"fenStr":"2r3k1/pp3p2/7p/3P1b2/4pN1q/P7/1P1Q1BP1/4KB2","stockfishScores":{"bn":0.511547619047619}},{"fenStr":"2r3k1/pp3p2/7p/3P1bq1/4pN2/P7/1P1Q1BP1/4KB2","stockfishScores":{"wn":0.5107738095238096}},{"fenStr":"2r3k1/pp3p2/7p/3P1bq1/4p3/P7/1P1QNBP1/4KB2","stockfishScores":{"bn":0.5030357142857143}},{"fenStr":"2r3k1/pp3p2/7p/3P1bq1/8/P3p3/1P1QNBP1/4KB2","stockfishScores":{"wn":0.4897619047619048}},{"fenStr":"2r3k1/pp3p2/7p/3P1bq1/8/P3B3/1P1QN1P1/4KB2","stockfishScores":{"bn":0.5085714285714286}},{"fenStr":"2r3k1/pp3p2/7p/3P1b2/7q/P3B3/1P1QN1P1/4KB2","stockfishScores":{"wn":0.5152976190476191}},{"fenStr":"2r3k1/pp3p2/7p/3P1b2/7q/P3B1P1/1P1QN3/4KB2","stockfishScores":{"bn":0.5179761904761905}},{"fenStr":"2r3k1/pp3p2/7p/3P1b2/8/P3B1P1/1P1QN2q/4KB2","stockfishScores":{"wn":0.516547619047619}},{"fenStr":"2r3k1/pp3p2/7B/3P1b2/8/P5P1/1P1QN2q/4KB2","stockfishScores":{"bn":0.5230357142857143}},{"fenStr":"6k1/pp3p2/7B/3P1b2/8/P5P1/1PrQN2q/4KB2","stockfishScores":{"wn":0.5176190476190476}},{"fenStr":"6k1/pp3p2/7B/3P1bQ1/8/P5P1/1Pr1N2q/4KB2","stockfishScores":{"bn":0.5255952380952381}},{"fenStr":"6k1/pp3p2/6bB/3P2Q1/8/P5P1/1Pr1N2q/4KB2","stockfishScores":{"wn":0.5354166666666667}},{"fenStr":"3Q2k1/pp3p2/6bB/3P4/8/P5P1/1Pr1N2q/4KB2","stockfishScores":{"bn":0.5210119047619047}},{"fenStr":"3Q4/pp3p1k/6bB/3P4/8/P5P1/1Pr1N2q/4KB2","stockfishScores":{"wn":0.5156547619047619}},{"fenStr":"3Q4/pp3p1k/6b1/3P4/5B2/P5P1/1Pr1N2q/4KB2","stockfishScores":{"bn":0.5179761904761905}},{"fenStr":"3Q4/pp3p1k/6b1/3P4/5B2/P5P1/1P2r2q/4KB2","stockfishScores":{"wn":0.4944642857142857}},{"fenStr":"3Q4/pp3p1k/6b1/3P4/5B2/P5P1/1P2B2q/4K3","stockfishScores":{"bn":0.5407738095238095}},{"fenStr":"3Q4/pp3p1k/6b1/3P4/5B2/P5P1/1P2B3/4K1q1","stockfishScores":{"wn":0.5528571428571428}},{"fenStr":"3Q4/pp3p1k/6b1/3P4/5B2/P5P1/1P6/4KBq1","stockfishScores":{"bn":0.5446428571428571}},{"fenStr":"3Q4/pp3p1k/6b1/3P4/3q1B2/P5P1/1P6/4KB2","stockfishScores":{"wn":0.5373214285714286}},{"fenStr":"8/pp3p1k/6b1/3P4/3q1B1Q/P5P1/1P6/4KB2","stockfishScores":{"bn":0.5314285714285715}},{"fenStr":"6k1/pp3p2/6b1/3P4/3q1B1Q/P5P1/1P6/4KB2","stockfishScores":{"wn":0.5311904761904762}},{"fenStr":"6k1/pp3p2/6b1/3P4/3q1B2/P5P1/1P5Q/4KB2","stockfishScores":{"bn":0.5261904761904762}},{"fenStr":"6k1/pp3p2/6b1/3q4/5B2/P5P1/1P5Q/4KB2","stockfishScores":{"wn":0.5195238095238095}},{"fenStr":"6k1/pp3p2/6b1/3q4/5B2/P5P1/1P3K1Q/5B2","stockfishScores":{"bn":0.5217857142857143}},{"fenStr":"6k1/pp3p2/6b1/8/3q1B2/P5P1/1P3K1Q/5B2","stockfishScores":{"wn":0.5241666666666667}},{"fenStr":"6k1/pp3p2/6b1/8/3q4/P3B1P1/1P3K1Q/5B2","stockfishScores":{"bn":0.5230357142857143}},{"fenStr":"6k1/pp3p2/6b1/4q3/8/P3B1P1/1P3K1Q/5B2","stockfishScores":{"wn":0.5233928571428571}},{"fenStr":"6k1/pp3p2/6b1/4q3/7Q/P3B1P1/1P3K2/5B2","stockfishScores":{"bn":0.5311904761904762}},{"fenStr":"6k1/pp3p2/6b1/8/7Q/P3B1P1/1q3K2/5B2","stockfishScores":{"wn":0.5268452380952381}},{"fenStr":"6k1/pp3p2/6b1/8/7Q/P3B1P1/1q2BK2/8","stockfishScores":{"bn":0.5244642857142857}},{"fenStr":"6k1/pp3p2/6b1/8/7Q/q3B1P1/4BK2/8","stockfishScores":{"wn":0.5245238095238095}},{"fenStr":"6k1/pp3p2/6b1/8/3B3Q/q5P1/4BK2/8","stockfishScores":{"bn":0.5272023809523809}},{"fenStr":"6k1/pp6/5pb1/8/3B3Q/q5P1/4BK2/8","stockfishScores":{"wn":0.5226785714285714}},{"fenStr":"6k1/pp6/5pb1/8/2BB3Q/q5P1/5K2/8","stockfishScores":{"bn":0.5244047619047619}},{"fenStr":"6k1/pp3b2/5p2/8/2BB3Q/q5P1/5K2/8","stockfishScores":{"wn":0.5340476190476191}},{"fenStr":"6k1/pp3b2/5Q2/8/2BB4/q5P1/5K2/8","stockfishScores":{"bn":0.5531547619047619}},{"fenStr":"6k1/pp6/5Q2/8/2bB4/q5P1/5K2/8","stockfishScores":{"wn":0.5041666666666667}},{"fenStr":"6k1/pp4Q1/8/8/2bB4/q5P1/5K2/8","stockfishScores":{"bn":0.504702380952381}}],"result":{"ww":true}}