{"fens":[{"fenStr":"rnbqkbnr/pppppppp/8/8/3P4/8/PPP1PPPP/RNBQKBNR","stockfishScores":{"bn":0.5048809523809524}},{"fenStr":"rnbqkb1r/pppppppp/5n2/8/3P4/8/PPP1PPPP/RNBQKBNR","stockfishScores":{"wn":0.5016071428571428}},{"fenStr":"rnbqkb1r/pppppppp/5n2/8/3P4/5N2/PPP1PPPP/RNBQKB1R","stockfishScores":{"bn":0.5051785714285715}},{"fenStr":"rnbqkb1r/pppppp1p/5np1/8/3P4/5N2/PPP1PPPP/RNBQKB1R","stockfishScores":{"wn":0.5045833333333334}},{"fenStr":"rnbqkb1r/pppppp1p/5np1/8/3P4/2N2N2/PPP1PPPP/R1BQKB1R","stockfishScores":{"bn":0.506547619047619}},{"fenStr":"rnbqkb1r/ppp1pp1p/5np1/3p4/3P4/2N2N2/PPP1PPPP/R1BQKB1R","stockfishScores":{"wn":0.5013095238095238}},{"fenStr":"rnbqkb1r/ppp1pp1p/5np1/3p4/3P1B2/2N2N2/PPP1PPPP/R2QKB1R","stockfishScores":{"bn":0.5011904761904762}},{"fenStr":"rnbqkb1r/pp2pp1p/2p2np1/3p4/3P1B2/2N2N2/PPP1PPPP/R2QKB1R","stockfishScores":{"wn":0.5007142857142857}},{"fenStr":"rnbqkb1r/pp2pp1p/2p2np1/3p4/3P1B2/2N1PN2/PPP2PPP/R2QKB1R","stockfishScores":{"bn":0.50375}},{"fenStr":"rnbqk2r/pp2ppbp/2p2np1/3p4/3P1B2/2N1PN2/PPP2PPP/R2QKB1R","stockfishScores":{"wn":0.5026785714285714}},{"fenStr":"rnbqk2r/pp2ppbp/2p2np1/3p4/3P1B2/2N1PN2/PPP1BPPP/R2QK2R","stockfishScores":{"bn":0.5017261904761905}},{"fenStr":"rnbq1rk1/pp2ppbp/2p2np1/3p4/3P1B2/2N1PN2/PPP1BPPP/R2QK2R","stockfishScores":{"wn":0.4920833333333333}},{"fenStr":"rnbq1rk1/pp2ppbp/2p2np1/3pN3/3P1B2/2N1P3/PPP1BPPP/R2QK2R","stockfishScores":{"bn":0.49178571428571427}},{"fenStr":"rnbq1rk1/pp1nppbp/2p3p1/3pN3/3P1B2/2N1P3/PPP1BPPP/R2QK2R","stockfishScores":{"wn":0.4925}},{"fenStr":"rnbq1rk1/pp1nppbp/2p3p1/3pN3/3P1B1P/2N1P3/PPP1BPP1/R2QK2R","stockfishScores":{"bn":0.4955952380952381}},{"fenStr":"rnbq1rk1/pp1np1bp/2p2pp1/3pN3/3P1B1P/2N1P3/PPP1BPP1/R2QK2R","stockfishScores":{"wn":0.4955952380952381}},{"fenStr":"rnbq1rk1/pp1np1bp/2p2pp1/3p4/3P1BNP/2N1P3/PPP1BPP1/R2QK2R","stockfishScores":{"bn":0.5000595238095238}},{"fenStr":"rnbq1rk1/pp1np1b1/2p2pp1/3p3p/3P1BNP/2N1P3/PPP1BPP1/R2QK2R","stockfishScores":{"wn":0.4943452380952381}},{"fenStr":"rnbq1rk1/pp1np1b1/2p2ppN/3p3p/3P1B1P/2N1P3/PPP1BPP1/R2QK2R","stockfishScores":{"bn":0.4957738095238095}},{"fenStr":"rnbq1r2/pp1np1bk/2p2ppN/3p3p/3P1B1P/2N1P3/PPP1BPP1/R2QK2R","stockfishScores":{"wn":0.4961904761904762}},{"fenStr":"rnbq1r2/pp1np1bk/2p2ppN/3p3B/3P1B1P/2N1P3/PPP2PP1/R2QK2R","stockfishScores":{"bn":0.5098214285714285}},{"fenStr":"rnbq1r2/pp1np2k/2p2ppb/3p3B/3P1B1P/2N1P3/PPP2PP1/R2QK2R","stockfishScores":{"wn":0.48625}},{"fenStr":"rnbq1r2/pp1np2k/2p2pBb/3p4/3P1B1P/2N1P3/PPP2PP1/R2QK2R","stockfishScores":{"bn":0.49839285714285714}},{"fenStr":"rnbq1r2/pp1np1k1/2p2pBb/3p4/3P1B1P/2N1P3/PPP2PP1/R2QK2R","stockfishScores":{"wn":0.5064285714285715}},{"fenStr":"rnbq1r2/pp1np1k1/2p2p1b/3p1B2/3P1B1P/2N1P3/PPP2PP1/R2QK2R","stockfishScores":{"bn":0.53375}},{"fenStr":"rnbq3r/pp1np1k1/2p2p1b/3p1B2/3P1B1P/2N1P3/PPP2PP1/R2QK2R","stockfishScores":{"wn":0.5229166666666667}},{"fenStr":"rnbq3r/pp1np1k1/2p2p1b/3p1B2/3P1B1P/2N1P2R/PPP2PP1/R2QK3","stockfishScores":{"bn":0.5499404761904761}},{"fenStr":"rnbq3r/pp1np1k1/2p2p2/3p1B2/3P1b1P/2N1P2R/PPP2PP1/R2QK3","stockfishScores":{"wn":0.45672619047619045}},{"fenStr":"rnbq3r/pp1np1k1/2p2p2/3p1B2/3P1bQP/2N1P2R/PPP2PP1/R3K3","stockfishScores":{"bn":0.4570238095238095}},{"fenStr":"rnbq1k1r/pp1np3/2p2p2/3p1B2/3P1bQP/2N1P2R/PPP2PP1/R3K3","stockfishScores":{"wn":0.4813095238095238}},{"fenStr":"rnbq1k1r/pp1np3/2p2p2/3p1B2/3P1PQP/2N4R/PPP2PP1/R3K3","stockfishScores":{"bn":0.5008333333333334}},{"fenStr":"rnb1qk1r/pp1np3/2p2p2/3p1B2/3P1PQP/2N4R/PPP2PP1/R3K3","stockfishScores":{"wn":0.5033333333333333}},{"fenStr":"rnb1qk1r/pp1np3/2p2p2/3p1B2/3P1PQP/2N3R1/PPP2PP1/R3K3","stockfishScores":{"bn":0.530952380952381}},{"fenStr":"rnb2k1r/pp1npq2/2p2p2/3p1B2/3P1PQP/2N3R1/PPP2PP1/R3K3","stockfishScores":{"wn":0.5076190476190476}},{"fenStr":"rnb2k1r/pp1npq2/2p2pB1/3p4/3P1PQP/2N3R1/PPP2PP1/R3K3","stockfishScores":{"bn":0.5020833333333333}},{"fenStr":"rnb2k1r/pp2pq2/1np2pB1/3p4/3P1PQP/2N3R1/PPP2PP1/R3K3","stockfishScores":{"wn":0.49339285714285713}},{"fenStr":"rnb2k1r/pp2pq2/1np2pB1/3p1P2/3P2QP/2N3R1/PPP2PP1/R3K3","stockfishScores":{"bn":0.5022023809523809}},{"fenStr":"rnb2k1r/pp2p1q1/1np2pB1/3p1P2/3P2QP/2N3R1/PPP2PP1/R3K3","stockfishScores":{"wn":0.5020833333333333}},{"fenStr":"rnb2k1r/pp2p1q1/1np2pB1/3p1P2/3P2QP/2N4R/PPP2PP1/R3K3","stockfishScores":{"bn":0.4969642857142857}},{"fenStr":"r1b2k1r/pp2p1q1/nnp2pB1/3p1P2/3P2QP/2N4R/PPP2PP1/R3K3","stockfishScores":{"wn":0.4967261904761905}},{"fenStr":"r1b2k1r/pp2p1q1/nnp2pB1/3p1P2/3P2QP/2N4R/PPP2PP1/2KR4","stockfishScores":{"bn":0.5007142857142857}},{"fenStr":"r4k1r/pp1bp1q1/nnp2pB1/3p1P2/3P2QP/2N4R/PPP2PP1/2KR4","stockfishScores":{"wn":0.4982142857142857}},{"fenStr":"r4k1r/pp1bp1q1/nnp2pB1/3p1P2/3P3P/2N4R/PPP1QPP1/2KR4","stockfishScores":{"bn":0.4982142857142857}},{"fenStr":"r4k1r/ppnbp1q1/1np2pB1/3p1P2/3P3P/2N4R/PPP1QPP1/2KR4","stockfishScores":{"wn":0.4969642857142857}},{"fenStr":"r4k1r/ppnbp1q1/1np2pB1/3p1P2/3P2PP/2N4R/PPP1QP2/2KR4","stockfishScores":{"bn":0.5003571428571428}},{"fenStr":"r4k1r/ppnbp3/1np2pBq/3p1P2/3P2PP/2N4R/PPP1QP2/2KR4","stockfishScores":{"wn":0.5039880952380953}},{"fenStr":"r4k1r/ppnbp3/1np2pBq/3p1P2/3P2PP/2N4R/PPP1QP2/1K1R4","stockfishScores":{"bn":0.5096428571428572}},{"fenStr":"r4k1r/ppnbp3/1np2pB1/3p1P2/3P1qPP/2N4R/PPP1QP2/1K1R4","stockfishScores":{"wn":0.5095833333333334}},{"fenStr":"r4k1r/ppnbp3/1np2pB1/3p1P2/3P1qPP/2N4R/PPP1QP2/1K2R3","stockfishScores":{"bn":0.5335119047619048}},{"fenStr":"r1n2k1r/ppnbp3/2p2pB1/3p1P2/3P1qPP/2N4R/PPP1QP2/1K2R3","stockfishScores":{"wn":0.5154166666666666}},{"fenStr":"r1n2k1r/ppnbp3/2p2pB1/3p1P2/3P1qPP/2N4R/PPP2P2/1K1QR3","stockfishScores":{"bn":0.5099404761904762}},{"fenStr":"r1n2k1r/1pnbp3/2p2pB1/p2p1P2/3P1qPP/2N4R/PPP2P2/1K1QR3","stockfishScores":{"wn":0.5100595238095238}},{"fenStr":"r1n2k1r/1pnbp3/2p2pB1/p2p1P2/3P1qPP/2N2P1R/PPP5/1K1QR3","stockfishScores":{"bn":0.5068452380952381}},{"fenStr":"r1n2k1r/2nbp3/2p2pB1/pp1p1P2/3P1qPP/2N2P1R/PPP5/1K1QR3","stockfishScores":{"wn":0.5041071428571429}},{"fenStr":"r1n2k1r/2nbp3/2p2pB1/pp1p1P2/3P1qPP/5P1R/PPP1N3/1K1QR3","stockfishScores":{"bn":0.5069047619047619}},{"fenStr":"r1n2k1r/2nbp3/2pq1pB1/pp1p1P2/3P2PP/5P1R/PPP1N3/1K1QR3","stockfishScores":{"wn":0.505}},{"fenStr":"r1n2k1r/2nbp3/2pq1pB1/pp1p1P2/3P1PPP/7R/PPP1N3/1K1QR3","stockfishScores":{"bn":0.5047619047619047}},{"fenStr":"r4k1r/2nbp3/1npq1pB1/pp1p1P2/3P1PPP/7R/PPP1N3/1K1QR3","stockfishScores":{"wn":0.5019642857142858}},{"fenStr":"r4k1r/2nbp3/1npq1pB1/pp1p1PP1/3P1P1P/7R/PPP1N3/1K1QR3","stockfishScores":{"bn":0.5020238095238095}},{"fenStr":"r4k1r/2nbp3/2pq1pB1/pp1p1PP1/2nP1P1P/7R/PPP1N3/1K1QR3","stockfishScores":{"wn":0.4994047619047619}},{"fenStr":"r4k1r/2nbp3/2pq1pB1/pp1p1PP1/2nP1P1P/2P4R/PP2N3/1K1QR3","stockfishScores":{"bn":0.49738095238095237}},{"fenStr":"r4k1r/2nbp3/2pq1pB1/1p1p1PP1/p1nP1P1P/2P4R/PP2N3/1K1QR3","stockfishScores":{"wn":0.49333333333333335}},{"fenStr":"r4k1r/2nbp3/2pq1pB1/1p1p1PPP/p1nP1P2/2P4R/PP2N3/1K1QR3","stockfishScores":{"bn":0.4969047619047619}},{"fenStr":"r4k1r/2nbp3/2pq1pB1/3p1PPP/ppnP1P2/2P4R/PP2N3/1K1QR3","stockfishScores":{"wn":0.4975}},{"fenStr":"r4k1r/2nbp3/2pq1pB1/3p1PPP/ppnP1P2/2P4R/PP2N3/1KQ1R3","stockfishScores":{"bn":0.49851190476190477}},{"fenStr":"r4k1r/3bp3/2pq1pB1/1n1p1PPP/ppnP1P2/2P4R/PP2N3/1KQ1R3","stockfishScores":{"wn":0.4938690476190476}},{"fenStr":"r4k1r/3bp3/2pq1pB1/1n1p1PPP/ppnP1P2/2PR4/PP2N3/1KQ1R3","stockfishScores":{"bn":0.4932738095238095}},{"fenStr":"r4k1r/3bp3/2pq1pB1/1n1p1PPP/p1nP1P2/1pPR4/PP2N3/1KQ1R3","stockfishScores":{"wn":0.4876190476190476}},{"fenStr":"r4k1r/3bp3/2pq1pBP/1n1p1PP1/p1nP1P2/1pPR4/PP2N3/1KQ1R3","stockfishScores":{"bn":0.4950595238095238}},{"fenStr":"r4k1r/3bp3/2pq1pBP/1n1p1PP1/2nP1P2/ppPR4/PP2N3/1KQ1R3","stockfishScores":{"wn":0.48642857142857143}},{"fenStr":"r4k1r/3bp3/2pq1pBP/1n1p1PP1/2nP1P2/PpPR4/P3N3/1KQ1R3","stockfishScores":{"bn":0.4539285714285714}},{"fenStr":"r4k1r/3bp3/2pq1pBP/3p1PP1/2nP1P2/npPR4/P3N3/1KQ1R3","stockfishScores":{"wn":0.4623809523809524}},{"fenStr":"r4k1r/3bp3/2pq1pBP/3p1PP1/2nP1P2/npPR4/P3N3/K1Q1R3","stockfishScores":{"bn":0.43910714285714286}},{"fenStr":"r4k1r/3bp3/2pq1pBP/3p1PP1/2nP1P2/1pPR4/P1n1N3/K1Q1R3","stockfishScores":{"wn":0.43041666666666667}},{"fenStr":"r4k1r/3bp3/2pq1pBP/3p1PP1/2nP1P2/1pPR4/P1n1N3/1KQ1R3","stockfishScores":{"bn":0.43505952380952384}},{"fenStr":"5k1r/3bp3/2pq1pBP/3p1PP1/2nP1P2/1pPR4/r1n1N3/1KQ1R3","stockfishScores":{"wn":0.3756547619047619}},{"fenStr":"5k1r/3bp3/2pq1pBP/3p1PP1/2nP1P2/1pPR4/r1n1N3/1KQ4R","stockfishScores":{"bn":0.38202380952380954}},{"fenStr":"5k1r/3bp3/2pq1pBP/3p1PP1/2nP1P2/1pPR4/2n1N3/rKQ4R","stockfishScores":{"wn":0.4303571428571429}}],"result":{"bw":true}}