{"fens":[{"fenStr":"rnbqkbnr/pppppppp/8/8/4P3/8/PPPP1PPP/RNBQKBNR","stockfishScores":{"bn":0.5049404761904762}},{"fenStr":"rnbqkbnr/pppp1ppp/8/4p3/4P3/8/PPPP1PPP/RNBQKBNR","stockfishScores":{"wn":0.5005952380952381}},{"fenStr":"rnbqkbnr/pppp1ppp/8/4p3/4P3/5N2/PPPP1PPP/RNBQKB1R","stockfishScores":{"bn":0.5044047619047619}},{"fenStr":"r1bqkbnr/pppp1ppp/2n5/4p3/4P3/5N2/PPPP1PPP/RNBQKB1R","stockfishScores":{"wn":0.5004166666666666}},{"fenStr":"r1bqkbnr/pppp1ppp/2n5/1B2p3/4P3/5N2/PPPP1PPP/RNBQK2R","stockfishScores":{"bn":0.5002380952380953}},{"fenStr":"r1bqkbnr/1ppp1ppp/p1n5/1B2p3/4P3/5N2/PPPP1PPP/RNBQK2R","stockfishScores":{"wn":0.49535714285714283}},{"fenStr":"r1bqkbnr/1ppp1ppp/p1n5/4p3/B3P3/5N2/PPPP1PPP/RNBQK2R","stockfishScores":{"bn":0.49654761904761907}},{"fenStr":"r1bqkb1r/1ppp1ppp/p1n2n2/4p3/B3P3/5N2/PPPP1PPP/RNBQK2R","stockfishScores":{"wn":0.49273809523809525}},{"fenStr":"r1bqkb1r/1ppp1ppp/p1n2n2/4p3/B3P3/5N2/PPPP1PPP/RNBQ1RK1","stockfishScores":{"bn":0.5022619047619048}},{"fenStr":"r1bqk2r/1pppbppp/p1n2n2/4p3/B3P3/5N2/PPPP1PPP/RNBQ1RK1","stockfishScores":{"wn":0.5031547619047619}},{"fenStr":"r1bqk2r/1pppbppp/p1n2n2/4p3/B3P3/5N2/PPPP1PPP/RNBQR1K1","stockfishScores":{"bn":0.5042857142857143}},{"fenStr":"r1bqk2r/2ppbppp/p1n2n2/1p2p3/B3P3/5N2/PPPP1PPP/RNBQR1K1","stockfishScores":{"wn":0.49773809523809526}},{"fenStr":"r1bqk2r/2ppbppp/p1n2n2/1p2p3/4P3/1B3N2/PPPP1PPP/RNBQR1K1","stockfishScores":{"bn":0.5060714285714286}},{"fenStr":"r1bq1rk1/2ppbppp/p1n2n2/1p2p3/4P3/1B3N2/PPPP1PPP/RNBQR1K1","stockfishScores":{"wn":0.49565476190476193}},{"fenStr":"r1bq1rk1/2ppbppp/p1n2n2/1p2p3/4P3/1B3N1P/PPPP1PP1/RNBQR1K1","stockfishScores":{"bn":0.49601190476190476}},{"fenStr":"r1bq1rk1/2ppbppp/p4n2/np2p3/4P3/1B3N1P/PPPP1PP1/RNBQR1K1","stockfishScores":{"wn":0.4982738095238095}},{"fenStr":"r1bq1rk1/2ppbppp/p4n2/np2N3/4P3/1B5P/PPPP1PP1/RNBQR1K1","stockfishScores":{"bn":0.5051785714285715}},{"fenStr":"r1bq1rk1/2ppbppp/p4n2/1p2N3/4P3/1n5P/PPPP1PP1/RNBQR1K1","stockfishScores":{"wn":0.4768452380952381}},{"fenStr":"r1bq1rk1/2ppbppp/p4n2/1p2N3/4P3/1P5P/1PPP1PP1/RNBQR1K1","stockfishScores":{"bn":0.5039285714285714}},{"fenStr":"r1bqr1k1/2ppbppp/p4n2/1p2N3/4P3/1P5P/1PPP1PP1/RNBQR1K1","stockfishScores":{"wn":0.5054761904761905}},{"fenStr":"r1bqr1k1/2ppbppp/p4n2/1p6/4P3/1P3N1P/1PPP1PP1/RNBQR1K1","stockfishScores":{"bn":0.5056547619047619}},{"fenStr":"r2qr1k1/1bppbppp/p4n2/1p6/4P3/1P3N1P/1PPP1PP1/RNBQR1K1","stockfishScores":{"wn":0.5023214285714286}},{"fenStr":"r2qr1k1/1bppbppp/p4n2/1p6/4P3/1P1P1N1P/1PP2PP1/RNBQR1K1","stockfishScores":{"bn":0.5079761904761905}},{"fenStr":"r2qr1k1/1bp1bppp/p2p1n2/1p6/4P3/1P1P1N1P/1PP2PP1/RNBQR1K1","stockfishScores":{"wn":0.5067261904761905}},{"fenStr":"r2qr1k1/1bp1bppp/p2p1n2/1p6/4P3/1P1P1N1P/1PPN1PP1/R1BQR1K1","stockfishScores":{"bn":0.5069047619047619}},{"fenStr":"r2qr1k1/1b2bppp/p2p1n2/1pp5/4P3/1P1P1N1P/1PPN1PP1/R1BQR1K1","stockfishScores":{"wn":0.505297619047619}},{"fenStr":"r2qr1k1/1b2bppp/p2p1n2/1pp5/4P3/1P1P1N1P/1PP2PP1/R1BQRNK1","stockfishScores":{"bn":0.5045238095238095}},{"fenStr":"r3r1k1/1bq1bppp/p2p1n2/1pp5/4P3/1P1P1N1P/1PP2PP1/R1BQRNK1","stockfishScores":{"wn":0.5044047619047619}},{"fenStr":"r3r1k1/1bq1bppp/p2p1n2/1pp5/4P3/1P1P1NNP/1PP2PP1/R1BQR1K1","stockfishScores":{"bn":0.5052380952380953}},{"fenStr":"r3r1k1/1bqnbppp/p2p4/1pp5/4P3/1P1P1NNP/1PP2PP1/R1BQR1K1","stockfishScores":{"wn":0.505}},{"fenStr":"r3r1k1/1bqnbppp/p2p4/1pp5/4P3/1PPP1NNP/1P3PP1/R1BQR1K1","stockfishScores":{"bn":0.5032738095238095}},{"fenStr":"r3rbk1/1bqn1ppp/p2p4/1pp5/4P3/1PPP1NNP/1P3PP1/R1BQR1K1","stockfishScores":{"wn":0.5053571428571428}},{"fenStr":"r3rbk1/1bqn1ppp/p2p4/1pp5/3PP3/1PP2NNP/1P3PP1/R1BQR1K1","stockfishScores":{"bn":0.5072023809523809}},{"fenStr":"r3rbk1/1bq2ppp/p2p1n2/1pp5/3PP3/1PP2NNP/1P3PP1/R1BQR1K1","stockfishScores":{"wn":0.5083333333333333}},{"fenStr":"r3rbk1/1bq2ppp/p2p1n2/1ppP4/4P3/1PP2NNP/1P3PP1/R1BQR1K1","stockfishScores":{"bn":0.5089285714285714}},{"fenStr":"r3r1k1/1bq1bppp/p2p1n2/1ppP4/4P3/1PP2NNP/1P3PP1/R1BQR1K1","stockfishScores":{"wn":0.510297619047619}},{"fenStr":"r3r1k1/1bq1bppp/p2p1n2/1ppP4/4PB2/1PP2NNP/1P3PP1/R2QR1K1","stockfishScores":{"bn":0.5136309523809524}},{"fenStr":"r1b1r1k1/2q1bppp/p2p1n2/1ppP4/4PB2/1PP2NNP/1P3PP1/R2QR1K1","stockfishScores":{"wn":0.5159523809523809}},{"fenStr":"r1b1r1k1/2q1bppp/p2p1n2/1ppPP3/5B2/1PP2NNP/1P3PP1/R2QR1K1","stockfishScores":{"bn":0.519702380952381}},{"fenStr":"r1b1r1k1/2q1bppp/p4n2/1ppPp3/5B2/1PP2NNP/1P3PP1/R2QR1K1","stockfishScores":{"wn":0.5014285714285714}},{"fenStr":"r1b1r1k1/2q1bppp/p4n2/1ppPB3/8/1PP2NNP/1P3PP1/R2QR1K1","stockfishScores":{"bn":0.5196428571428572}},{"fenStr":"r1b1r1k1/3qbppp/p4n2/1ppPB3/8/1PP2NNP/1P3PP1/R2QR1K1","stockfishScores":{"wn":0.5156547619047619}},{"fenStr":"r1b1r1k1/3qbppp/p4n2/1ppPB3/8/1PPQ1NNP/1P3PP1/R3R1K1","stockfishScores":{"bn":0.5138095238095238}},{"fenStr":"r1b1r1k1/4bppp/p4n2/1ppqB3/8/1PPQ1NNP/1P3PP1/R3R1K1","stockfishScores":{"wn":0.5030357142857143}},{"fenStr":"r1b1r1k1/4bppp/p4n2/1ppqB3/8/1PP2NNP/1PQ2PP1/R3R1K1","stockfishScores":{"bn":0.5068452380952381}},{"fenStr":"r3r1k1/1b2bppp/p4n2/1ppqB3/8/1PP2NNP/1PQ2PP1/R3R1K1","stockfishScores":{"wn":0.5019047619047619}},{"fenStr":"r3r1k1/1b2bppp/p4n2/1ppqB3/8/1PP2NNP/1PQ2PP1/3RR1K1","stockfishScores":{"bn":0.506547619047619}},{"fenStr":"r3r1k1/1b2bppp/p1q2n2/1pp1B3/8/1PP2NNP/1PQ2PP1/3RR1K1","stockfishScores":{"wn":0.5017261904761905}},{"fenStr":"r3r1k1/1b2bppp/p1q2n2/1pp1BN2/8/1PP2N1P/1PQ2PP1/3RR1K1","stockfishScores":{"bn":0.5063095238095238}},{"fenStr":"r3r1k1/1b2bppp/pq3n2/1pp1BN2/8/1PP2N1P/1PQ2PP1/3RR1K1","stockfishScores":{"wn":0.5068452380952381}},{"fenStr":"r3r1k1/1b2bppp/pq3n2/1pp1BNN1/8/1PP4P/1PQ2PP1/3RR1K1","stockfishScores":{"bn":0.5132738095238095}},{"fenStr":"r3r1k1/1b2bppp/p1q2n2/1pp1BNN1/8/1PP4P/1PQ2PP1/3RR1K1","stockfishScores":{"wn":0.5054761904761905}},{"fenStr":"r3r1k1/1b2bppp/p1q2n2/1pp1BNN1/8/1PP2P1P/1PQ3P1/3RR1K1","stockfishScores":{"bn":0.5154761904761904}},{"fenStr":"r2br1k1/1b3ppp/p1q2n2/1pp1BNN1/8/1PP2P1P/1PQ3P1/3RR1K1","stockfishScores":{"wn":0.5136309523809524}},{"fenStr":"r2br1k1/1b3ppp/p1q2B2/1pp2NN1/8/1PP2P1P/1PQ3P1/3RR1K1","stockfishScores":{"bn":0.5438690476190476}},{"fenStr":"r3r1k1/1b3ppp/p1q2b2/1pp2NN1/8/1PP2P1P/1PQ3P1/3RR1K1","stockfishScores":{"wn":0.5011904761904762}},{"fenStr":"r3r1k1/1b3ppp/p1q2b1N/1pp3N1/8/1PP2P1P/1PQ3P1/3RR1K1","stockfishScores":{"bn":0.508452380952381}},{"fenStr":"r3rk2/1b3ppp/p1q2b1N/1pp3N1/8/1PP2P1P/1PQ3P1/3RR1K1","stockfishScores":{"wn":0.5202976190476191}},{"fenStr":"r3rk2/1b3ppN/p1q2b1N/1pp5/8/1PP2P1P/1PQ3P1/3RR1K1","stockfishScores":{"bn":0.5092857142857143}}],"result":{"ww":true}}