{"fens":[{"fenStr":"rnbqkbnr/pppppppp/8/8/3P4/8/PPP1PPPP/RNBQKBNR","stockfishScores":{"bn":0.5048809523809524}},{"fenStr":"rnbqkb1r/pppppppp/5n2/8/3P4/8/PPP1PPPP/RNBQKBNR","stockfishScores":{"wn":0.5016071428571428}},{"fenStr":"rnbqkb1r/pppppppp/5n2/8/2PP4/8/PP2PPPP/RNBQKBNR","stockfishScores":{"bn":0.5041071428571429}},{"fenStr":"rnbqkb1r/pppppp1p/5np1/8/2PP4/8/PP2PPPP/RNBQKBNR","stockfishScores":{"wn":0.5035119047619048}},{"fenStr":"rnbqkb1r/pppppp1p/5np1/8/2PP4/5N2/PP2PPPP/RNBQKB1R","stockfishScores":{"bn":0.5070833333333333}},{"fenStr":"rnbqk2r/ppppppbp/5np1/8/2PP4/5N2/PP2PPPP/RNBQKB1R","stockfishScores":{"wn":0.5059523809523809}},{"fenStr":"rnbqk2r/ppppppbp/5np1/8/2PP4/5NP1/PP2PP1P/RNBQKB1R","stockfishScores":{"bn":0.5073809523809524}},{"fenStr":"rnbq1rk1/ppppppbp/5np1/8/2PP4/5NP1/PP2PP1P/RNBQKB1R","stockfishScores":{"wn":0.49875}},{"fenStr":"rnbq1rk1/ppppppbp/5np1/8/2PP4/5NP1/PP2PPBP/RNBQK2R","stockfishScores":{"bn":0.49988095238095237}},{"fenStr":"rnbq1rk1/pp1pppbp/2p2np1/8/2PP4/5NP1/PP2PPBP/RNBQK2R","stockfishScores":{"wn":0.4995833333333333}},{"fenStr":"rnbq1rk1/pp1pppbp/2p2np1/8/2PP4/2N2NP1/PP2PPBP/R1BQK2R","stockfishScores":{"bn":0.5020238095238095}},{"fenStr":"rnbq1rk1/pp2ppbp/2p2np1/3p4/2PP4/2N2NP1/PP2PPBP/R1BQK2R","stockfishScores":{"wn":0.49220238095238095}},{"fenStr":"rnbq1rk1/pp2ppbp/2p2np1/3P4/3P4/2N2NP1/PP2PPBP/R1BQK2R","stockfishScores":{"bn":0.4986904761904762}},{"fenStr":"rnbq1rk1/pp2ppbp/5np1/3p4/3P4/2N2NP1/PP2PPBP/R1BQK2R","stockfishScores":{"wn":0.4930952380952381}},{"fenStr":"rnbq1rk1/pp2ppbp/5np1/3pN3/3P4/2N3P1/PP2PPBP/R1BQK2R","stockfishScores":{"bn":0.49375}},{"fenStr":"r1bq1rk1/pp1nppbp/5np1/3pN3/3P4/2N3P1/PP2PPBP/R1BQK2R","stockfishScores":{"wn":0.49410714285714286}},{"fenStr":"r1bq1rk1/pp1nppbp/5np1/3pN3/3P1P2/2N3P1/PP2P1BP/R1BQK2R","stockfishScores":{"bn":0.4889880952380952}},{"fenStr":"r1bq1rk1/pp2ppbp/1n3np1/3pN3/3P1P2/2N3P1/PP2P1BP/R1BQK2R","stockfishScores":{"wn":0.48857142857142855}},{"fenStr":"r1bq1rk1/pp2ppbp/1n3np1/3pN3/3P1P2/2N3P1/PP2P1BP/R1BQ1RK1","stockfishScores":{"bn":0.49839285714285714}},{"fenStr":"r2q1rk1/pp2ppbp/1n3np1/3pNb2/3P1P2/2N3P1/PP2P1BP/R1BQ1RK1","stockfishScores":{"wn":0.49779761904761904}},{"fenStr":"r2q1rk1/pp2ppbp/1n3np1/3pNb2/3P1P2/2N1B1P1/PP2P1BP/R2Q1RK1","stockfishScores":{"bn":0.49839285714285714}},{"fenStr":"r2q1rk1/pp2ppbp/1n4p1/3pNb2/3PnP2/2N1B1P1/PP2P1BP/R2Q1RK1","stockfishScores":{"wn":0.4939880952380952}},{"fenStr":"r2q1rk1/pp2ppbp/1n4p1/3pNb2/3PnP2/2N1B1P1/PP2P1BP/2RQ1RK1","stockfishScores":{"bn":0.4945833333333333}},{"fenStr":"r2q1rk1/pp2p1bp/1n3pp1/3pNb2/3PnP2/2N1B1P1/PP2P1BP/2RQ1RK1","stockfishScores":{"wn":0.4981547619047619}},{"fenStr":"r2q1rk1/pp2p1bp/1n3pp1/3pNb2/3PBP2/2N1B1P1/PP2P2P/2RQ1RK1","stockfishScores":{"bn":0.5186309523809524}},{"fenStr":"r2q1rk1/pp2p1bp/1n3pp1/3pN3/3PbP2/2N1B1P1/PP2P2P/2RQ1RK1","stockfishScores":{"wn":0.49654761904761907}},{"fenStr":"r2q1rk1/pp2p1bp/1n3pp1/3pN3/3PNP2/4B1P1/PP2P2P/2RQ1RK1","stockfishScores":{"bn":0.5198214285714285}},{"fenStr":"r2q1rk1/pp2p1bp/1n3pp1/4N3/3PpP2/4B1P1/PP2P2P/2RQ1RK1","stockfishScores":{"wn":0.5055952380952381}},{"fenStr":"r2q1rk1/pp2p1bp/1n3pp1/4N3/3PpP2/1Q2B1P1/PP2P2P/2R2RK1","stockfishScores":{"bn":0.5086309523809524}},{"fenStr":"r2q1rk1/pp2p1bp/5pp1/3nN3/3PpP2/1Q2B1P1/PP2P2P/2R2RK1","stockfishScores":{"wn":0.502797619047619}},{"fenStr":"r2q1rk1/pp2p1bp/5pp1/3n4/2NPpP2/1Q2B1P1/PP2P2P/2R2RK1","stockfishScores":{"bn":0.5001785714285715}},{"fenStr":"r4rk1/pp1qp1bp/5pp1/3n4/2NPpP2/1Q2B1P1/PP2P2P/2R2RK1","stockfishScores":{"wn":0.4968452380952381}},{"fenStr":"r4rk1/pp1qp1bp/5pp1/3n4/2NPpP2/1Q4P1/PP2PB1P/2R2RK1","stockfishScores":{"bn":0.4955357142857143}},{"fenStr":"r4r1k/pp1qp1bp/5pp1/3n4/2NPpP2/1Q4P1/PP2PB1P/2R2RK1","stockfishScores":{"wn":0.4975595238095238}},{"fenStr":"r4r1k/pp1qp1bp/5pp1/3n4/3PpP2/1Q2N1P1/PP2PB1P/2R2RK1","stockfishScores":{"bn":0.5021428571428571}},{"fenStr":"r4r1k/pp1qp1bp/1n3pp1/8/3PpP2/1Q2N1P1/PP2PB1P/2R2RK1","stockfishScores":{"wn":0.5032142857142857}},{"fenStr":"r4r1k/pp1qp1bp/1n3pp1/8/2NPpP2/1Q4P1/PP2PB1P/2R2RK1","stockfishScores":{"bn":0.5020833333333333}},{"fenStr":"r4r1k/pp1qp1bp/5pp1/3n4/2NPpP2/1Q4P1/PP2PB1P/2R2RK1","stockfishScores":{"wn":0.4975595238095238}},{"fenStr":"r4r1k/pp1qp1bp/5pp1/3n4/3PpP2/1Q2N1P1/PP2PB1P/2R2RK1","stockfishScores":{"bn":0.5021428571428571}},{"fenStr":"r4r1k/pp1qp1bp/1n3pp1/8/3PpP2/1Q2N1P1/PP2PB1P/2R2RK1","stockfishScores":{"wn":0.5032142857142857}},{"fenStr":"r4r1k/pp1qp1bp/1n3pp1/8/2NPpP2/1Q4P1/PP2PB1P/2R2RK1","stockfishScores":{"bn":0.5020833333333333}},{"fenStr":"r4r1k/pp1qp1bp/5pp1/8/n1NPpP2/1Q4P1/PP2PB1P/2R2RK1","stockfishScores":{"wn":0.5042857142857143}},{"fenStr":"r4r1k/pp1qp1bp/5pp1/N7/n2PpP2/1Q4P1/PP2PB1P/2R2RK1","stockfishScores":{"bn":0.5010119047619047}},{"fenStr":"1r3r1k/pp1qp1bp/5pp1/N7/n2PpP2/1Q4P1/PP2PB1P/2R2RK1","stockfishScores":{"wn":0.5005357142857143}},{"fenStr":"1r3r1k/pp1qp1bp/5pp1/N7/n2PpP2/1Q4P1/PPR1PB1P/5RK1","stockfishScores":{"bn":0.4990476190476191}},{"fenStr":"1r3r1k/pp1qp1bp/1n3pp1/N7/3PpP2/1Q4P1/PPR1PB1P/5RK1","stockfishScores":{"wn":0.5001785714285715}},{"fenStr":"1r3r1k/pp1qp1bp/1n3pp1/8/2NPpP2/1Q4P1/PPR1PB1P/5RK1","stockfishScores":{"bn":0.5005952380952381}},{"fenStr":"1r3r1k/pp1qp1bp/5pp1/3n4/2NPpP2/1Q4P1/PPR1PB1P/5RK1","stockfishScores":{"wn":0.49464285714285716}},{"fenStr":"1r3r1k/pp1qp1bp/5pp1/3n4/3PpP2/1Q2N1P1/PPR1PB1P/5RK1","stockfishScores":{"bn":0.49964285714285717}},{"fenStr":"1r3r1k/ppnqp1bp/5pp1/8/3PpP2/1Q2N1P1/PPR1PB1P/5RK1","stockfishScores":{"wn":0.5018452380952381}},{"fenStr":"1r3r1k/ppnqp1bp/5pp1/8/3PpP2/1Q2N1P1/PPR1PB1P/3R2K1","stockfishScores":{"bn":0.5039880952380953}},{"fenStr":"1r3r1k/ppnqp1bp/6p1/5p2/3PpP2/1Q2N1P1/PPR1PB1P/3R2K1","stockfishScores":{"wn":0.5010119047619047}},{"fenStr":"1r3r1k/ppnqp1bp/6p1/5p2/2NPpP2/1Q4P1/PPR1PB1P/3R2K1","stockfishScores":{"bn":0.4992261904761905}},{"fenStr":"1r3r1k/p1nqp1bp/6p1/1p3p2/2NPpP2/1Q4P1/PPR1PB1P/3R2K1","stockfishScores":{"wn":0.4948214285714286}},{"fenStr":"1r3r1k/p1nqp1bp/6p1/Np3p2/3PpP2/1Q4P1/PPR1PB1P/3R2K1","stockfishScores":{"bn":0.4982142857142857}},{"fenStr":"1r3r1k/p1nq2bp/4p1p1/Np3p2/3PpP2/1Q4P1/PPR1PB1P/3R2K1","stockfishScores":{"wn":0.49839285714285714}},{"fenStr":"1r3r1k/p1nq2bp/2N1p1p1/1p3p2/3PpP2/1Q4P1/PPR1PB1P/3R2K1","stockfishScores":{"bn":0.50375}},{"fenStr":"5r1k/p1nq2bp/1rN1p1p1/1p3p2/3PpP2/1Q4P1/PPR1PB1P/3R2K1","stockfishScores":{"wn":0.4981547619047619}},{"fenStr":"5r1k/p1nq2bp/1rN1p1p1/1p3p2/3PpP2/1Q4P1/PPR1PB1P/2R3K1","stockfishScores":{"bn":0.49607142857142855}},{"fenStr":"5r1k/p2q2bp/1rN1p1p1/1p1n1p2/3PpP2/1Q4P1/PPR1PB1P/2R3K1","stockfishScores":{"wn":0.49178571428571427}},{"fenStr":"5r1k/p2q2bp/1r2p1p1/1p1nNp2/3PpP2/1Q4P1/PPR1PB1P/2R3K1","stockfishScores":{"bn":0.4973214285714286}},{"fenStr":"5r1k/pq4bp/1r2p1p1/1p1nNp2/3PpP2/1Q4P1/PPR1PB1P/2R3K1","stockfishScores":{"wn":0.49660714285714286}},{"fenStr":"5r1k/pq4bp/1r2p1p1/1p1nNp2/3PpP2/1Q4P1/PPR1P2P/2R1B1K1","stockfishScores":{"bn":0.4969642857142857}},{"fenStr":"5r1k/pq4bp/1r2p1p1/1p1nNp2/3P1P2/1Q2p1P1/PPR1P2P/2R1B1K1","stockfishScores":{"wn":0.4999404761904762}},{"fenStr":"5r1k/pq4bp/1r2p1p1/1p1nNp2/1B1P1P2/1Q2p1P1/PPR1P2P/2R3K1","stockfishScores":{"bn":0.5016071428571428}},{"fenStr":"4r2k/pq4bp/1r2p1p1/1p1nNp2/1B1P1P2/1Q2p1P1/PPR1P2P/2R3K1","stockfishScores":{"wn":0.5022023809523809}},{"fenStr":"4r2k/pq4bp/1r2p1p1/1pBnNp2/3P1P2/1Q2p1P1/PPR1P2P/2R3K1","stockfishScores":{"bn":0.5023214285714286}},{"fenStr":"4r2k/pq4bp/r3p1p1/1pBnNp2/3P1P2/1Q2p1P1/PPR1P2P/2R3K1","stockfishScores":{"wn":0.5014285714285714}},{"fenStr":"4r2k/pq4bp/r3p1p1/1pBnNp2/3P1P2/PQ2p1P1/1PR1P2P/2R3K1","stockfishScores":{"bn":0.5007142857142857}},{"fenStr":"4r2k/pq5p/r3pbp1/1pBnNp2/3P1P2/PQ2p1P1/1PR1P2P/2R3K1","stockfishScores":{"wn":0.5025595238095238}},{"fenStr":"4r2k/pq5p/r3pbp1/1pBn1p2/2NP1P2/PQ2p1P1/1PR1P2P/2R3K1","stockfishScores":{"bn":0.49654761904761907}},{"fenStr":"4r2k/pq5p/r3pb2/1pBn1pp1/2NP1P2/PQ2p1P1/1PR1P2P/2R3K1","stockfishScores":{"wn":0.49892857142857144}},{"fenStr":"4r2k/pq5p/r3pb2/1pBn1pp1/3P1P2/PQ2N1P1/1PR1P2P/2R3K1","stockfishScores":{"bn":0.5066071428571428}},{"fenStr":"4r2k/pq5p/r3pb2/1pBn1p2/3P1p2/PQ2N1P1/1PR1P2P/2R3K1","stockfishScores":{"wn":0.49404761904761907}},{"fenStr":"4r2k/pq5p/r3pb2/1pBN1p2/3P1p2/PQ4P1/1PR1P2P/2R3K1","stockfishScores":{"bn":0.5311309523809524}},{"fenStr":"4r2k/pq5p/r4b2/1pBp1p2/3P1p2/PQ4P1/1PR1P2P/2R3K1","stockfishScores":{"wn":0.5017857142857143}},{"fenStr":"4r2k/pq5p/r4b2/1pBp1p2/3P1P2/PQ6/1PR1P2P/2R3K1","stockfishScores":{"bn":0.5035119047619048}},{"fenStr":"4r2k/pq5p/4rb2/1pBp1p2/3P1P2/PQ6/1PR1P2P/2R3K1","stockfishScores":{"wn":0.5017261904761905}},{"fenStr":"4r2k/pq5p/4rb2/1pBp1p2/3P1P2/P6Q/1PR1P2P/2R3K1","stockfishScores":{"bn":0.5042261904761904}},{"fenStr":"4r2k/pq5p/5b2/1pBp1p2/3P1P2/P3r2Q/1PR1P2P/2R3K1","stockfishScores":{"wn":0.4830952380952381}},{"fenStr":"4r2k/pq5p/5b2/1pBp1Q2/3P1P2/P3r3/1PR1P2P/2R3K1","stockfishScores":{"bn":0.4975}},{"fenStr":"4r2k/p5qp/5b2/1pBp1Q2/3P1P2/P3r3/1PR1P2P/2R3K1","stockfishScores":{"wn":0.50875}},{"fenStr":"4r2k/p5qp/5b2/1pBp1Q2/3P1P2/P3r3/1PR1P2P/2R4K","stockfishScores":{"bn":0.5081547619047619}},{"fenStr":"6rk/p5qp/5b2/1pBp1Q2/3P1P2/P3r3/1PR1P2P/2R4K","stockfishScores":{"wn":0.4918452380952381}},{"fenStr":"6rk/p5qp/5b2/1pBQ4/3P1P2/P3r3/1PR1P2P/2R4K","stockfishScores":{"bn":0.5100595238095238}},{"fenStr":"6rk/p6p/5b1q/1pBQ4/3P1P2/P3r3/1PR1P2P/2R4K","stockfishScores":{"wn":0.508452380952381}},{"fenStr":"6rk/B6p/5b1q/1p1Q4/3P1P2/P3r3/1PR1P2P/2R4K","stockfishScores":{"bn":0.5110119047619047}},{"fenStr":"6rk/B6p/5b1q/1p1Q4/3P1P2/P6r/1PR1P2P/2R4K","stockfishScores":{"wn":0.5139285714285714}},{"fenStr":"6rk/B6p/5b1q/1p1Q4/3P1P2/P3P2r/1PR4P/2R4K","stockfishScores":{"bn":0.5153571428571428}},{"fenStr":"6rk/B6p/5b1q/1p1Q4/3P1P2/P3r3/1PR4P/2R4K","stockfishScores":{"wn":0.5041071428571429}},{"fenStr":"2R3rk/B6p/5b1q/1p1Q4/3P1P2/P3r3/1P5P/2R4K","stockfishScores":{"bn":0.5403571428571429}},{"fenStr":"2R3rk/B6p/5b1q/1p1Q4/3P1P2/P5r1/1P5P/2R4K","stockfishScores":{"wn":0.5156547619047619}},{"fenStr":"6Rk/B6p/5b1q/1p1Q4/3P1P2/P5r1/1P5P/2R4K","stockfishScores":{"bn":0.5533333333333333}},{"fenStr":"6rk/B6p/5b1q/1p1Q4/3P1P2/P7/1P5P/2R4K","stockfishScores":{"wn":0.5116666666666667}},{"fenStr":"6rk/B6p/5b1q/1p1Q4/3P1P2/P7/1P5P/6RK","stockfishScores":{"bn":0.5301785714285714}},{"fenStr":"7k/B6p/5b1q/1p1Q4/3P1P2/P7/1P5P/6rK","stockfishScores":{"wn":0.4810714285714286}},{"fenStr":"7k/B6p/5b1q/1p1Q4/3P1P2/P7/1P5P/6K1","stockfishScores":{"bn":0.5169642857142858}},{"fenStr":"7k/B6p/5b2/1p1Q4/3P1q2/P7/1P5P/6K1","stockfishScores":{"wn":0.50375}},{"fenStr":"7k/7p/5b2/1pBQ4/3P1q2/P7/1P5P/6K1","stockfishScores":{"bn":0.5066666666666667}},{"fenStr":"7k/7p/5b2/1pBQ4/3P4/P3q3/1P5P/6K1","stockfishScores":{"wn":0.5100595238095238}},{"fenStr":"7k/7p/5b2/1pBQ4/3P4/P3q3/1P4KP/8","stockfishScores":{"bn":0.5095833333333334}},{"fenStr":"7k/7p/5b2/1pBQ4/3P4/P7/1P2q1KP/8","stockfishScores":{"wn":0.5117261904761905}},{"fenStr":"7k/7p/5b2/1pBQ4/3P4/P5K1/1P2q2P/8","stockfishScores":{"bn":0.5042857142857143}},{"fenStr":"7k/7p/5b2/1pBQ4/3P4/P5K1/1P5P/4q3","stockfishScores":{"wn":0.5144047619047619}},{"fenStr":"7k/7p/5b2/1pBQ4/3P4/P7/1P4KP/4q3","stockfishScores":{"bn":0.5104166666666666}},{"fenStr":"7k/7p/5b2/1pBQ4/3P4/P7/1P2q1KP/8","stockfishScores":{"wn":0.5117261904761905}},{"fenStr":"7k/7p/5b2/1pBQ4/3P4/P6K/1P2q2P/8","stockfishScores":{"bn":0.5033333333333333}},{"fenStr":"7k/7p/5b2/1pBQ4/3P4/P6K/1P5P/5q2","stockfishScores":{"wn":0.5085714285714286}},{"fenStr":"7k/7p/5b2/1pB5/3P4/P6K/1P4QP/5q2","stockfishScores":{"bn":0.49547619047619046}},{"fenStr":"7k/7p/5b2/1pB5/3P4/P2q3K/1P4QP/8","stockfishScores":{"wn":0.5101785714285715}},{"fenStr":"7k/7p/5b2/1pB5/3P4/P2q2QK/1P5P/8","stockfishScores":{"bn":0.5004761904761905}},{"fenStr":"7k/7p/5b2/1pB5/3P4/P5QK/1P5P/5q2","stockfishScores":{"wn":0.5104761904761905}},{"fenStr":"7k/7p/5b2/1pB5/3P2K1/P5Q1/1P5P/5q2","stockfishScores":{"bn":0.5082142857142857}},{"fenStr":"7k/8/5b2/1pB4p/3P2K1/P5Q1/1P5P/5q2","stockfishScores":{"wn":0.5116071428571428}},{"fenStr":"7k/8/5b2/1pB4K/3P4/P5Q1/1P5P/5q2","stockfishScores":{"bn":0.5204166666666666}},{"fenStr":"7k/8/5b2/1pB2q1K/3P4/P5Q1/1P5P/8","stockfishScores":{"wn":0.518095238095238}},{"fenStr":"7k/8/5b1K/1pB2q2/3P4/P5Q1/1P5P/8","stockfishScores":{"bn":0.5113690476190477}},{"fenStr":"7k/7q/5b1K/1pB5/3P4/P5Q1/1P5P/8","stockfishScores":{"wn":0.5238095238095238}}],"result":{"bw":true}}