{"fens":[{"fenStr":"rnbqkbnr/pppppppp/8/8/4P3/8/PPPP1PPP/RNBQKBNR","stockfishScores":{"bn":0.5049404761904762}},{"fenStr":"rnbqkbnr/pp1ppppp/8/2p5/4P3/8/PPPP1PPP/RNBQKBNR","stockfishScores":{"wn":0.5038095238095238}},{"fenStr":"rnbqkbnr/pp1ppppp/8/2p5/4P3/5N2/PPPP1PPP/RNBQKB1R","stockfishScores":{"bn":0.5058928571428571}},{"fenStr":"rnbqkbnr/pp2pppp/3p4/2p5/4P3/5N2/PPPP1PPP/RNBQKB1R","stockfishScores":{"wn":0.5020833333333333}},{"fenStr":"rnbqkbnr/pp2pppp/3p4/2p5/3PP3/5N2/PPP2PPP/RNBQKB1R","stockfishScores":{"bn":0.5076785714285714}},{"fenStr":"rnbqkbnr/pp2pppp/3p4/8/3pP3/5N2/PPP2PPP/RNBQKB1R","stockfishScores":{"wn":0.4976190476190476}},{"fenStr":"rnbqkbnr/pp2pppp/3p4/8/3NP3/8/PPP2PPP/RNBQKB1R","stockfishScores":{"bn":0.51}},{"fenStr":"rnbqkb1r/pp2pppp/3p1n2/8/3NP3/8/PPP2PPP/RNBQKB1R","stockfishScores":{"wn":0.5031547619047619}},{"fenStr":"rnbqkb1r/pp2pppp/3p1n2/8/3NP3/2N5/PPP2PPP/R1BQKB1R","stockfishScores":{"bn":0.5076190476190476}},{"fenStr":"rnbqkb1r/pp2pp1p/3p1np1/8/3NP3/2N5/PPP2PPP/R1BQKB1R","stockfishScores":{"wn":0.5057738095238096}},{"fenStr":"rnbqkb1r/pp2pp1p/3p1np1/8/3NP3/2N1B3/PPP2PPP/R2QKB1R","stockfishScores":{"bn":0.5059523809523809}},{"fenStr":"rnbqk2r/pp2ppbp/3p1np1/8/3NP3/2N1B3/PPP2PPP/R2QKB1R","stockfishScores":{"wn":0.5046428571428572}},{"fenStr":"rnbqk2r/pp2ppbp/3p1np1/8/3NP3/2N1BP2/PPP3PP/R2QKB1R","stockfishScores":{"bn":0.5063095238095238}},{"fenStr":"rnbq1rk1/pp2ppbp/3p1np1/8/3NP3/2N1BP2/PPP3PP/R2QKB1R","stockfishScores":{"wn":0.4949404761904762}},{"fenStr":"rnbq1rk1/pp2ppbp/3p1np1/8/3NP3/2N1BP2/PPPQ2PP/R3KB1R","stockfishScores":{"bn":0.4944047619047619}},{"fenStr":"r1bq1rk1/pp2ppbp/2np1np1/8/3NP3/2N1BP2/PPPQ2PP/R3KB1R","stockfishScores":{"wn":0.49154761904761907}},{"fenStr":"r1bq1rk1/pp2ppbp/2np1np1/8/2BNP3/2N1BP2/PPPQ2PP/R3K2R","stockfishScores":{"bn":0.4932738095238095}},{"fenStr":"r2q1rk1/pp1bppbp/2np1np1/8/2BNP3/2N1BP2/PPPQ2PP/R3K2R","stockfishScores":{"wn":0.49178571428571427}},{"fenStr":"r2q1rk1/pp1bppbp/2np1np1/8/2BNP3/2N1BP2/PPPQ2PP/2KR3R","stockfishScores":{"bn":0.5018452380952381}},{"fenStr":"rq3rk1/pp1bppbp/2np1np1/8/2BNP3/2N1BP2/PPPQ2PP/2KR3R","stockfishScores":{"wn":0.5041071428571429}},{"fenStr":"rq3rk1/pp1bppbp/2np1np1/8/2BNP2P/2N1BP2/PPPQ2P1/2KR3R","stockfishScores":{"bn":0.50375}},{"fenStr":"rq3rk1/p2bppbp/2np1np1/1p6/2BNP2P/2N1BP2/PPPQ2P1/2KR3R","stockfishScores":{"wn":0.4973214285714286}},{"fenStr":"rq3rk1/p2bppbp/2np1np1/1p1B4/3NP2P/2N1BP2/PPPQ2P1/2KR3R","stockfishScores":{"bn":0.5005952380952381}},{"fenStr":"rqr3k1/p2bppbp/2np1np1/1p1B4/3NP2P/2N1BP2/PPPQ2P1/2KR3R","stockfishScores":{"wn":0.502797619047619}},{"fenStr":"rqr3k1/p2bppbp/2np1np1/1p1B3P/3NP3/2N1BP2/PPPQ2P1/2KR3R","stockfishScores":{"bn":0.5056547619047619}},{"fenStr":"rqr3k1/p2bppbp/2np1np1/3B3P/1p1NP3/2N1BP2/PPPQ2P1/2KR3R","stockfishScores":{"wn":0.5039880952380953}},{"fenStr":"rqr3k1/p2bppbp/2np1np1/3B3P/1p1NP3/4BP2/PPPQN1P1/2KR3R","stockfishScores":{"bn":0.5061309523809524}},{"fenStr":"rqr3k1/p2bppbp/2np2p1/3n3P/1p1NP3/4BP2/PPPQN1P1/2KR3R","stockfishScores":{"wn":0.4738095238095238}},{"fenStr":"rqr3k1/p2bppbp/2np2p1/3P3P/1p1N4/4BP2/PPPQN1P1/2KR3R","stockfishScores":{"bn":0.5033928571428572}},{"fenStr":"rqr3k1/p2bppbp/3p2p1/3Pn2P/1p1N4/4BP2/PPPQN1P1/2KR3R","stockfishScores":{"wn":0.4973214285714286}},{"fenStr":"rqr3k1/p2bppbp/3p2P1/3Pn3/1p1N4/4BP2/PPPQN1P1/2KR3R","stockfishScores":{"bn":0.5109523809523809}},{"fenStr":"rqr3k1/p2bp1bp/3p2p1/3Pn3/1p1N4/4BP2/PPPQN1P1/2KR3R","stockfishScores":{"wn":0.502797619047619}},{"fenStr":"rqr3k1/p2bp1bp/3p2pB/3Pn3/1p1N4/5P2/PPPQN1P1/2KR3R","stockfishScores":{"bn":0.4992261904761905}},{"fenStr":"rqr3kb/p2bp2p/3p2pB/3Pn3/1p1N4/5P2/PPPQN1P1/2KR3R","stockfishScores":{"wn":0.5068452380952381}},{"fenStr":"rqr3kb/p2bp2p/3p2pB/3Pn3/1p1N1Q2/5P2/PPP1N1P1/2KR3R","stockfishScores":{"bn":0.5058928571428571}},{"fenStr":"rq4kb/p2bp2p/3p2pB/2rPn3/1p1N1Q2/5P2/PPP1N1P1/2KR3R","stockfishScores":{"wn":0.5048214285714285}},{"fenStr":"rq4kb/p2bp2p/3p2p1/2rPn1B1/1p1N1Q2/5P2/PPP1N1P1/2KR3R","stockfishScores":{"bn":0.5083333333333333}},{"fenStr":"r3q1kb/p2bp2p/3p2p1/2rPn1B1/1p1N1Q2/5P2/PPP1N1P1/2KR3R","stockfishScores":{"wn":0.5085119047619048}},{"fenStr":"r3q1kb/p2bp2p/3p2p1/2rPn1B1/1p1N3Q/5P2/PPP1N1P1/2KR3R","stockfishScores":{"bn":0.5252380952380953}},{"fenStr":"r5kb/p2bpq1p/3p2p1/2rPn1B1/1p1N3Q/5P2/PPP1N1P1/2KR3R","stockfishScores":{"wn":0.5099404761904762}},{"fenStr":"r5kb/p2bpq1p/3pN1p1/2rPn1B1/1p5Q/5P2/PPP1N1P1/2KR3R","stockfishScores":{"bn":0.5225595238095239}},{"fenStr":"r5kb/p2bpq1p/3pN1p1/r2Pn1B1/1p5Q/5P2/PPP1N1P1/2KR3R","stockfishScores":{"wn":0.5245238095238095}},{"fenStr":"r5kb/p2bpq1p/3pN1p1/r2Pn1B1/1p3P1Q/8/PPP1N1P1/2KR3R","stockfishScores":{"bn":0.5221428571428571}},{"fenStr":"r5kb/p2bpq1p/3pN1p1/r2P2B1/1pn2P1Q/8/PPP1N1P1/2KR3R","stockfishScores":{"wn":0.5077380952380952}},{"fenStr":"r5kb/p2bpq1p/3pN1p1/r2P1PB1/1pn4Q/8/PPP1N1P1/2KR3R","stockfishScores":{"bn":0.5119047619047619}},{"fenStr":"r5k1/p2bpq1p/3pN1p1/r2P1PB1/1pn4Q/8/PbP1N1P1/2KR3R","stockfishScores":{"wn":0.5051190476190476}},{"fenStr":"r5k1/p2bpq1p/3pN1p1/r2P1PB1/1pn4Q/8/PbP1N1P1/1K1R3R","stockfishScores":{"bn":0.46577380952380953}},{"fenStr":"2r3k1/p2bpq1p/3pN1p1/r2P1PB1/1pn4Q/8/PbP1N1P1/1K1R3R","stockfishScores":{"wn":0.4606547619047619}},{"fenStr":"2r3k1/p2bpq1p/3pN1p1/r2P1PB1/1pn4Q/3R4/PbP1N1P1/1K5R","stockfishScores":{"bn":0.4816666666666667}},{"fenStr":"2r3k1/p2bpq1p/3pN1p1/r2P1PB1/1p5Q/n2R4/PbP1N1P1/1K5R","stockfishScores":{"wn":0.48851190476190476}},{"fenStr":"2r3k1/p2bpq1p/3pN1p1/r2P1PB1/1p5Q/n2R4/PKP1N1P1/7R","stockfishScores":{"bn":0.48714285714285716}},{"fenStr":"6k1/p2bpq1p/3pN1p1/r2P1PB1/1p5Q/n2R4/PKr1N1P1/7R","stockfishScores":{"wn":0.5002380952380953}},{"fenStr":"6k1/p2bpq1p/3pN1p1/r2P1PB1/1p5Q/nK1R4/P1r1N1P1/7R","stockfishScores":{"bn":0.4324404761904762}},{"fenStr":"6k1/p2bpq1p/3pN1p1/r2P1PB1/1p5Q/nK1R4/P3r1P1/7R","stockfishScores":{"wn":0.42910714285714285}},{"fenStr":"6k1/p2bpq1p/3pN1p1/r2P1PB1/1p5Q/nK5R/P3r1P1/7R","stockfishScores":{"bn":0.43202380952380953}},{"fenStr":"6k1/p2bpq2/3pN1p1/r2P1PBp/1p5Q/nK5R/P3r1P1/7R","stockfishScores":{"wn":0.4085714285714286}},{"fenStr":"6k1/p2bpq2/3pN1p1/r2P1PBp/1p5Q/nK5R/P3r1P1/2R5","stockfishScores":{"bn":0.4203571428571429}},{"fenStr":"6k1/p2bpq2/3pN1p1/3r1PBp/1p5Q/nK5R/P3r1P1/2R5","stockfishScores":{"wn":0.44571428571428573}},{"fenStr":"6k1/p2bpq2/3pN1p1/3r1PBp/1K5Q/n6R/P3r1P1/2R5","stockfishScores":{"bn":0.44666666666666666}},{"fenStr":"6k1/p2bpq2/3pN1p1/3r1PBp/1K5Q/7R/P1n1r1P1/2R5","stockfishScores":{"wn":0.4482738095238095}},{"fenStr":"6k1/p2bpq2/3pN1p1/3r1PBp/7Q/2K4R/P1n1r1P1/2R5","stockfishScores":{"bn":0.47773809523809524}},{"fenStr":"6k1/p2bp3/3pN1p1/3r1qBp/7Q/2K4R/P1n1r1P1/2R5","stockfishScores":{"wn":0.4303571428571429}},{"fenStr":"6k1/p2bp3/3pN1p1/3r1qBp/2Q5/2K4R/P1n1r1P1/2R5","stockfishScores":{"bn":0.42851190476190476}},{"fenStr":"6k1/p2bp3/3pN1p1/3rq1Bp/2Q5/2K4R/P1n1r1P1/2R5","stockfishScores":{"wn":0.45285714285714285}},{"fenStr":"6k1/p2bp3/3pN1p1/3rq1Bp/2Q5/1K5R/P1n1r1P1/2R5","stockfishScores":{"bn":0.42232142857142857}},{"fenStr":"6k1/p2bp3/3pN1p1/1r2q1Bp/2Q5/1K5R/P1n1r1P1/2R5","stockfishScores":{"wn":0.4336309523809524}},{"fenStr":"6k1/p2bp3/3pN1p1/1Q2q1Bp/8/1K5R/P1n1r1P1/2R5","stockfishScores":{"bn":0.4707142857142857}},{"fenStr":"6k1/p2bp3/3pN1p1/1q4Bp/8/1K5R/P1n1r1P1/2R5","stockfishScores":{"wn":0.4436904761904762}},{"fenStr":"6k1/p2bp3/3pN1p1/1q4Bp/8/2K4R/P1n1r1P1/2R5","stockfishScores":{"bn":0.44285714285714284}},{"fenStr":"6k1/p2bp3/3pN1p1/6Bp/1q6/2K4R/P1n1r1P1/2R5","stockfishScores":{"wn":0.44273809523809526}},{"fenStr":"6k1/p2bp3/3pN1p1/6Bp/1q6/3K3R/P1n1r1P1/2R5","stockfishScores":{"bn":0.44220238095238096}},{"fenStr":"6k1/p3p3/3pN1p1/1b4Bp/1q6/3K3R/P1n1r1P1/2R5","stockfishScores":{"wn":0.44220238095238096}}],"result":{"bw":true}}