{"fens":[{"fenStr":"rnbqkbnr/pppppppp/8/8/3P4/8/PPP1PPPP/RNBQKBNR","stockfishScores":{"bn":0.5048809523809524}},{"fenStr":"rnbqkbnr/ppp1pppp/8/3p4/3P4/8/PPP1PPPP/RNBQKBNR","stockfishScores":{"wn":0.5005952380952381}},{"fenStr":"rnbqkbnr/ppp1pppp/8/3p4/3P4/5N2/PPP1PPPP/RNBQKB1R","stockfishScores":{"bn":0.5038690476190476}},{"fenStr":"rnbqkb1r/ppp1pppp/5n2/3p4/3P4/5N2/PPP1PPPP/RNBQKB1R","stockfishScores":{"wn":0.5005952380952381}},{"fenStr":"rnbqkb1r/ppp1pppp/5n2/3p4/2PP4/5N2/PP2PPPP/RNBQKB1R","stockfishScores":{"bn":0.5007142857142857}},{"fenStr":"rnbqkb1r/ppp2ppp/4pn2/3p4/2PP4/5N2/PP2PPPP/RNBQKB1R","stockfishScores":{"wn":0.49916666666666665}},{"fenStr":"rnbqkb1r/ppp2ppp/4pn2/3p4/2PP4/2N2N2/PP2PPPP/R1BQKB1R","stockfishScores":{"bn":0.501547619047619}},{"fenStr":"r1bqkb1r/pppn1ppp/4pn2/3p4/2PP4/2N2N2/PP2PPPP/R1BQKB1R","stockfishScores":{"wn":0.49964285714285717}},{"fenStr":"r1bqkb1r/pppn1ppp/4pn2/3p4/2PP1B2/2N2N2/PP2PPPP/R2QKB1R","stockfishScores":{"bn":0.500297619047619}},{"fenStr":"r1bqk2r/pppn1ppp/4pn2/3p4/1bPP1B2/2N2N2/PP2PPPP/R2QKB1R","stockfishScores":{"wn":0.49857142857142855}},{"fenStr":"r1bqk2r/pppn1ppp/4pn2/3p4/1bPP1B2/1QN2N2/PP2PPPP/R3KB1R","stockfishScores":{"bn":0.5005357142857143}},{"fenStr":"r1bqk2r/pp1n1ppp/4pn2/2pp4/1bPP1B2/1QN2N2/PP2PPPP/R3KB1R","stockfishScores":{"wn":0.49875}},{"fenStr":"r1bqk2r/pp1n1ppp/4pn2/2pp4/1bPP1B2/1QN1PN2/PP3PPP/R3KB1R","stockfishScores":{"bn":0.5017857142857143}},{"fenStr":"r1bqk2r/pp1n1ppp/4p3/2pp4/1bPPnB2/1QN1PN2/PP3PPP/R3KB1R","stockfishScores":{"wn":0.4975595238095238}},{"fenStr":"r1bqk2r/pp1n1ppp/4p3/2pp4/1bPPnB2/1QNBPN2/PP3PPP/R3K2R","stockfishScores":{"bn":0.5004166666666666}},{"fenStr":"r1b1k2r/pp1n1ppp/4p3/q1pp4/1bPPnB2/1QNBPN2/PP3PPP/R3K2R","stockfishScores":{"wn":0.5032738095238095}},{"fenStr":"r1b1k2r/pp1n1ppp/4p3/q1pp4/1bPPBB2/1QN1PN2/PP3PPP/R3K2R","stockfishScores":{"bn":0.5245833333333333}},{"fenStr":"r1b1k2r/pp1n1ppp/4p3/q1p5/1bPPpB2/1QN1PN2/PP3PPP/R3K2R","stockfishScores":{"wn":0.5005357142857143}},{"fenStr":"r1b1k2r/pp1n1ppp/4p3/q1p5/1bPPpB2/1QN1P3/PP1N1PPP/R3K2R","stockfishScores":{"bn":0.5097619047619047}},{"fenStr":"r1b1k2r/pp1n1ppp/4p3/q1p5/2PPpB2/1Qb1P3/PP1N1PPP/R3K2R","stockfishScores":{"wn":0.4781547619047619}},{"fenStr":"r1b1k2r/pp1n1ppp/4p3/q1p5/2PPpB2/1QP1P3/P2N1PPP/R3K2R","stockfishScores":{"bn":0.5064880952380952}},{"fenStr":"r1b1k2r/pp1n2pp/4p3/q1p2p2/2PPpB2/1QP1P3/P2N1PPP/R3K2R","stockfishScores":{"wn":0.5063690476190477}},{"fenStr":"r1b1k2r/pp1n2pp/4p3/q1p2p2/2PPpB2/2P1P3/P1QN1PPP/R3K2R","stockfishScores":{"bn":0.5061904761904762}},{"fenStr":"r1b2rk1/pp1n2pp/4p3/q1p2p2/2PPpB2/2P1P3/P1QN1PPP/R3K2R","stockfishScores":{"wn":0.4967261904761905}},{"fenStr":"r1b2rk1/pp1n2pp/4p3/q1p2p2/2PPpB2/2P1P3/P1QN1PPP/R4RK1","stockfishScores":{"bn":0.50625}},{"fenStr":"r1b2rk1/pp1n2p1/4p2p/q1p2p2/2PPpB2/2P1P3/P1QN1PPP/R4RK1","stockfishScores":{"wn":0.5048214285714285}},{"fenStr":"r1b2rk1/pp1n2p1/4p2p/q1p2p2/2PPpB2/2P1P3/P1QN1PPP/1R3RK1","stockfishScores":{"bn":0.5051190476190476}},{"fenStr":"r1b2rk1/1p1n2p1/p3p2p/q1p2p2/2PPpB2/2P1P3/P1QN1PPP/1R3RK1","stockfishScores":{"wn":0.5051190476190476}},{"fenStr":"r1b2rk1/1p1n2p1/p2Bp2p/q1p2p2/2PPp3/2P1P3/P1QN1PPP/1R3RK1","stockfishScores":{"bn":0.5066071428571428}},{"fenStr":"r1b3k1/1p1n1rp1/p2Bp2p/q1p2p2/2PPp3/2P1P3/P1QN1PPP/1R3RK1","stockfishScores":{"wn":0.5058928571428571}},{"fenStr":"r1b3k1/1p1n1rp1/p2Bp2p/q1p2p2/P1PPp3/2P1P3/2QN1PPP/1R3RK1","stockfishScores":{"bn":0.5052380952380953}},{"fenStr":"r1b3k1/1p1n1rp1/p2Bp2p/q4p2/P1Ppp3/2P1P3/2QN1PPP/1R3RK1","stockfishScores":{"wn":0.49404761904761907}},{"fenStr":"r1b3k1/1p1n1rp1/p2Bp2p/q4p2/P1PPp3/4P3/2QN1PPP/1R3RK1","stockfishScores":{"bn":0.5096428571428572}},{"fenStr":"r1b3k1/1p3rp1/p2Bpn1p/q4p2/P1PPp3/4P3/2QN1PPP/1R3RK1","stockfishScores":{"wn":0.5096428571428572}},{"fenStr":"r1b3k1/1p3rp1/p2Bpn1p/q1P2p2/P2Pp3/4P3/2QN1PPP/1R3RK1","stockfishScores":{"bn":0.5089880952380952}},{"fenStr":"r1bq2k1/1p3rp1/p2Bpn1p/2P2p2/P2Pp3/4P3/2QN1PPP/1R3RK1","stockfishScores":{"wn":0.5086309523809524}},{"fenStr":"r1bq2k1/1p3rp1/p2Bpn1p/2P2p2/P1NPp3/4P3/2Q2PPP/1R3RK1","stockfishScores":{"bn":0.5101785714285715}},{"fenStr":"r1bq2k1/1p3rp1/p2Bp2p/2Pn1p2/P1NPp3/4P3/2Q2PPP/1R3RK1","stockfishScores":{"wn":0.5080357142857143}},{"fenStr":"r1bq2k1/1p3rp1/p2Bp2p/2PnNp2/P2Pp3/4P3/2Q2PPP/1R3RK1","stockfishScores":{"bn":0.5144047619047619}},{"fenStr":"r1bq2k1/1p4p1/p2Bpr1p/2PnNp2/P2Pp3/4P3/2Q2PPP/1R3RK1","stockfishScores":{"wn":0.5111904761904762}},{"fenStr":"r1bq2k1/1p4p1/p1PBpr1p/3nNp2/P2Pp3/4P3/2Q2PPP/1R3RK1","stockfishScores":{"bn":0.514702380952381}},{"fenStr":"r1b3k1/1p4p1/p1Pqpr1p/3nNp2/P2Pp3/4P3/2Q2PPP/1R3RK1","stockfishScores":{"wn":0.4880357142857143}},{"fenStr":"r1b3k1/1P4p1/p2qpr1p/3nNp2/P2Pp3/4P3/2Q2PPP/1R3RK1","stockfishScores":{"bn":0.5088095238095238}},{"fenStr":"r5k1/1b4p1/p2qpr1p/3nNp2/P2Pp3/4P3/2Q2PPP/1R3RK1","stockfishScores":{"wn":0.47958333333333336}},{"fenStr":"r5k1/1R4p1/p2qpr1p/3nNp2/P2Pp3/4P3/2Q2PPP/5RK1","stockfishScores":{"bn":0.51125}},{"fenStr":"r4rk1/1R4p1/p2qp2p/3nNp2/P2Pp3/4P3/2Q2PPP/5RK1","stockfishScores":{"wn":0.51}},{"fenStr":"r4rk1/3R2p1/p2qp2p/3nNp2/P2Pp3/4P3/2Q2PPP/5RK1","stockfishScores":{"bn":0.5096428571428572}},{"fenStr":"r4rk1/3R2p1/p3p2p/3nNp2/Pq1Pp3/4P3/2Q2PPP/5RK1","stockfishScores":{"wn":0.508095238095238}},{"fenStr":"r4rk1/3R2p1/p3p2p/3nNp2/Pq1Pp3/4P3/2Q2PPP/1R4K1","stockfishScores":{"bn":0.5146428571428572}},{"fenStr":"2r2rk1/3R2p1/p3p2p/3nNp2/Pq1Pp3/4P3/2Q2PPP/1R4K1","stockfishScores":{"wn":0.5076190476190476}},{"fenStr":"2r2rk1/3R2p1/p3p2p/3nNp2/Pq1Pp3/4P3/5PPP/1R1Q2K1","stockfishScores":{"bn":0.5105952380952381}},{"fenStr":"2r2rk1/3R2p1/p3p2p/3nNp2/P2Pp3/q3P3/5PPP/1R1Q2K1","stockfishScores":{"wn":0.5069047619047619}},{"fenStr":"2r2rk1/1R1R2p1/p3p2p/3nNp2/P2Pp3/q3P3/5PPP/3Q2K1","stockfishScores":{"bn":0.5214880952380953}},{"fenStr":"2r2rk1/1R1R2p1/p3pn1p/4Np2/P2Pp3/q3P3/5PPP/3Q2K1","stockfishScores":{"wn":0.5221428571428571}},{"fenStr":"2r2rk1/1R4R1/p3pn1p/4Np2/P2Pp3/q3P3/5PPP/3Q2K1","stockfishScores":{"bn":0.5218452380952381}},{"fenStr":"2r2r1k/1R4R1/p3pn1p/4Np2/P2Pp3/q3P3/5PPP/3Q2K1","stockfishScores":{"wn":0.5372619047619047}},{"fenStr":"2r2r1k/1R4R1/p3pnNp/5p2/P2Pp3/q3P3/5PPP/3Q2K1","stockfishScores":{"bn":0.5210714285714285}}],"result":{"ww":true}}