{"fens":[{"fenStr":"rnbqkbnr/pppppppp/8/8/3P4/8/PPP1PPPP/RNBQKBNR","stockfishScores":{"bn":0.5048809523809524}},{"fenStr":"rnbqkb1r/pppppppp/5n2/8/3P4/8/PPP1PPPP/RNBQKBNR","stockfishScores":{"wn":0.5016071428571428}},{"fenStr":"rnbqkb1r/pppppppp/5n2/8/2PP4/8/PP2PPPP/RNBQKBNR","stockfishScores":{"bn":0.5041071428571429}},{"fenStr":"rnbqkb1r/pppppp1p/5np1/8/2PP4/8/PP2PPPP/RNBQKBNR","stockfishScores":{"wn":0.5035119047619048}},{"fenStr":"rnbqkb1r/pppppp1p/5np1/8/2PP4/2N5/PP2PPPP/R1BQKBNR","stockfishScores":{"bn":0.5066666666666667}},{"fenStr":"rnbqk2r/ppppppbp/5np1/8/2PP4/2N5/PP2PPPP/R1BQKBNR","stockfishScores":{"wn":0.5055357142857143}},{"fenStr":"rnbqk2r/ppppppbp/5np1/8/2PPP3/2N5/PP3PPP/R1BQKBNR","stockfishScores":{"bn":0.510297619047619}},{"fenStr":"rnbqk2r/ppp1ppbp/3p1np1/8/2PPP3/2N5/PP3PPP/R1BQKBNR","stockfishScores":{"wn":0.5032142857142857}},{"fenStr":"rnbqk2r/ppp1ppbp/3p1np1/8/2PPP3/2N2N2/PP3PPP/R1BQKB1R","stockfishScores":{"bn":0.5078571428571429}},{"fenStr":"rnbq1rk1/ppp1ppbp/3p1np1/8/2PPP3/2N2N2/PP3PPP/R1BQKB1R","stockfishScores":{"wn":0.4988690476190476}},{"fenStr":"rnbq1rk1/ppp1ppbp/3p1np1/8/2PPP3/2N2N2/PP2BPPP/R1BQK2R","stockfishScores":{"bn":0.49779761904761904}},{"fenStr":"rnbq1rk1/ppp2pbp/3p1np1/4p3/2PPP3/2N2N2/PP2BPPP/R1BQK2R","stockfishScores":{"wn":0.49601190476190476}},{"fenStr":"rnbq1rk1/ppp2pbp/3p1np1/4p3/2PPP3/2N1BN2/PP2BPPP/R2QK2R","stockfishScores":{"bn":0.4961309523809524}},{"fenStr":"rnbq1rk1/ppp2pbp/3p2p1/4p3/2PPP1n1/2N1BN2/PP2BPPP/R2QK2R","stockfishScores":{"wn":0.4968452380952381}},{"fenStr":"rnbq1rk1/ppp2pbp/3p2p1/4p1B1/2PPP1n1/2N2N2/PP2BPPP/R2QK2R","stockfishScores":{"bn":0.4967857142857143}},{"fenStr":"rnbq1rk1/ppp3bp/3p1pp1/4p1B1/2PPP1n1/2N2N2/PP2BPPP/R2QK2R","stockfishScores":{"wn":0.49404761904761907}},{"fenStr":"rnbq1rk1/ppp3bp/3p1pp1/4p3/2PPP1nB/2N2N2/PP2BPPP/R2QK2R","stockfishScores":{"bn":0.4968452380952381}},{"fenStr":"r1bq1rk1/ppp3bp/2np1pp1/4p3/2PPP1nB/2N2N2/PP2BPPP/R2QK2R","stockfishScores":{"wn":0.49529761904761904}},{"fenStr":"r1bq1rk1/ppp3bp/2np1pp1/3Pp3/2P1P1nB/2N2N2/PP2BPPP/R2QK2R","stockfishScores":{"bn":0.4980952380952381}},{"fenStr":"r1bq1rk1/ppp1n1bp/3p1pp1/3Pp3/2P1P1nB/2N2N2/PP2BPPP/R2QK2R","stockfishScores":{"wn":0.4955357142857143}},{"fenStr":"r1bq1rk1/ppp1n1bp/3p1pp1/3Pp3/2P1P1nB/2N5/PP1NBPPP/R2QK2R","stockfishScores":{"bn":0.4979166666666667}},{"fenStr":"r1bq1rk1/ppp1n1bp/3p1ppn/3Pp3/2P1P2B/2N5/PP1NBPPP/R2QK2R","stockfishScores":{"wn":0.49726190476190474}},{"fenStr":"r1bq1rk1/ppp1n1bp/3p1ppn/3Pp3/2P1P2B/2N2P2/PP1NB1PP/R2QK2R","stockfishScores":{"bn":0.49833333333333335}},{"fenStr":"r1bq1rk1/ppp1n1bp/3p1p1n/3Pp1p1/2P1P2B/2N2P2/PP1NB1PP/R2QK2R","stockfishScores":{"wn":0.49589285714285714}},{"fenStr":"r1bq1rk1/ppp1n1bp/3p1p1n/3Pp1p1/2P1P3/2N2P2/PP1NBBPP/R2QK2R","stockfishScores":{"bn":0.5025}},{"fenStr":"r1bq1rk1/ppp1n1bp/3p3n/3Pppp1/2P1P3/2N2P2/PP1NBBPP/R2QK2R","stockfishScores":{"wn":0.5013690476190477}},{"fenStr":"r1bq1rk1/ppp1n1bp/3p3n/3Pppp1/2P1P3/2N2P1P/PP1NBBP1/R2QK2R","stockfishScores":{"bn":0.5016071428571428}},{"fenStr":"r1bq1rk1/ppp3bp/3p2nn/3Pppp1/2P1P3/2N2P1P/PP1NBBP1/R2QK2R","stockfishScores":{"wn":0.5011904761904762}},{"fenStr":"r1bq1rk1/ppp3bp/3p2nn/3Pppp1/2P1P1P1/2N2P1P/PP1NBB2/R2QK2R","stockfishScores":{"bn":0.4975595238095238}},{"fenStr":"r1bq1rk1/ppp3bp/3p2nn/3Pp1p1/2P1p1P1/2N2P1P/PP1NBB2/R2QK2R","stockfishScores":{"wn":0.4923214285714286}},{"fenStr":"r1bq1rk1/ppp3bp/3p2nn/3Pp1p1/2P1N1P1/2N2P1P/PP2BB2/R2QK2R","stockfishScores":{"bn":0.5019642857142858}},{"fenStr":"r1bq1rk1/ppp3bp/3p3n/3Pp1p1/2P1NnP1/2N2P1P/PP2BB2/R2QK2R","stockfishScores":{"wn":0.49357142857142855}},{"fenStr":"r1bq1rk1/ppp3bp/3p3n/3Pp1p1/2P1NnP1/2N2P1P/PP1QBB2/R3K2R","stockfishScores":{"bn":0.49315476190476193}},{"fenStr":"r1bq1rk1/ppp3bp/3p3n/3Pp1p1/2P1N1P1/2N2P1P/PP1QBBn1/R3K2R","stockfishScores":{"wn":0.5055952380952381}},{"fenStr":"r1bq1rk1/ppp3bp/3p3n/3Pp1p1/2P1N1P1/2N2P1P/PP1QBBn1/R2K3R","stockfishScores":{"bn":0.5019642857142858}},{"fenStr":"r1bq1rk1/ppp2nbp/3p4/3Pp1p1/2P1N1P1/2N2P1P/PP1QBBn1/R2K3R","stockfishScores":{"wn":0.5016071428571428}},{"fenStr":"r1bq1rk1/ppp2nbp/3p4/3Pp1p1/2P1N1P1/2N2P1P/PPKQBBn1/R6R","stockfishScores":{"bn":0.5120238095238095}},{"fenStr":"r1bq1rk1/ppp2nb1/3p3p/3Pp1p1/2P1N1P1/2N2P1P/PPKQBBn1/R6R","stockfishScores":{"wn":0.5138690476190476}},{"fenStr":"r1bq1rk1/ppp2nb1/3p3p/3Pp1p1/2P1N1P1/2N2P1P/PPKQBBn1/6RR","stockfishScores":{"bn":0.51875}},{"fenStr":"r1bq1rk1/ppp2nb1/3p3p/3Pp1p1/2P1NnP1/2N2P1P/PPKQBB2/6RR","stockfishScores":{"wn":0.5075595238095238}},{"fenStr":"r1bq1rk1/ppp2nb1/3p3p/3Pp1p1/2P1NnPP/2N2P2/PPKQBB2/6RR","stockfishScores":{"bn":0.5083928571428571}},{"fenStr":"r1bq1rk1/pp3nb1/3p3p/2pPp1p1/2P1NnPP/2N2P2/PPKQBB2/6RR","stockfishScores":{"wn":0.5083333333333333}},{"fenStr":"r1bq1rk1/pp3nb1/3p3p/2pPp1p1/2P1NnPP/2NB1P2/PPKQ1B2/6RR","stockfishScores":{"bn":0.5071428571428571}},{"fenStr":"r2q1rk1/pp1b1nb1/3p3p/2pPp1p1/2P1NnPP/2NB1P2/PPKQ1B2/6RR","stockfishScores":{"wn":0.5045833333333334}},{"fenStr":"r2q1rk1/pp1b1nb1/3p3p/2pPp1p1/2P1NnPP/2NB1P2/PP1Q1B2/1K4RR","stockfishScores":{"bn":0.5067261904761905}},{"fenStr":"r2qbrk1/pp3nb1/3p3p/2pPp1p1/2P1NnPP/2NB1P2/PP1Q1B2/1K4RR","stockfishScores":{"wn":0.5095238095238095}},{"fenStr":"r2qbrk1/pp3nb1/3p3p/2pPp1p1/2P1NnPP/2N2P2/PPBQ1B2/1K4RR","stockfishScores":{"bn":0.5120833333333333}},{"fenStr":"r2qbrk1/1p3nb1/p2p3p/2pPp1p1/2P1NnPP/2N2P2/PPBQ1B2/1K4RR","stockfishScores":{"wn":0.5123214285714286}},{"fenStr":"r2qbrk1/1p3nb1/p2p3p/2pPp1P1/2P1NnP1/2N2P2/PPBQ1B2/1K4RR","stockfishScores":{"bn":0.5268452380952381}},{"fenStr":"r2qbrk1/1p3nb1/p2p4/2pPp1p1/2P1NnP1/2N2P2/PPBQ1B2/1K4RR","stockfishScores":{"wn":0.5233333333333333}},{"fenStr":"r2qbrk1/1p3nb1/p2p4/2pPp1p1/2P1NnP1/2N1BP2/PPBQ4/1K4RR","stockfishScores":{"bn":0.5242261904761905}},{"fenStr":"r2qbrkn/1p4b1/p2p4/2pPp1p1/2P1NnP1/2N1BP2/PPBQ4/1K4RR","stockfishScores":{"wn":0.5291666666666667}},{"fenStr":"r2qbrkn/1p4b1/p2p4/2pPp1p1/2P2nP1/2N1BPN1/PPBQ4/1K4RR","stockfishScores":{"bn":0.5313690476190476}},{"fenStr":"r2q1rkn/1p4b1/p2p2b1/2pPp1p1/2P2nP1/2N1BPN1/PPBQ4/1K4RR","stockfishScores":{"wn":0.5169642857142858}},{"fenStr":"r2q1rkn/1p4b1/p2p2b1/2pPpNp1/2P2nP1/2N1BP2/PPBQ4/1K4RR","stockfishScores":{"bn":0.5294642857142857}},{"fenStr":"r2q1rkn/6b1/p2p2b1/1ppPpNp1/2P2nP1/2N1BP2/PPBQ4/1K4RR","stockfishScores":{"wn":0.525952380952381}},{"fenStr":"r2q1rkn/6b1/p2p2b1/1ppPpNp1/2P2nP1/2N1BP2/PPB4Q/1K4RR","stockfishScores":{"bn":0.5355357142857142}},{"fenStr":"r2q1rk1/5nb1/p2p2b1/1ppPpNp1/2P2nP1/2N1BP2/PPB4Q/1K4RR","stockfishScores":{"wn":0.5301785714285714}},{"fenStr":"r2q1rk1/5nb1/p2p2b1/1ppPpNp1/2P2BP1/2N2P2/PPB4Q/1K4RR","stockfishScores":{"bn":0.5516666666666666}},{"fenStr":"r2q1rk1/5nb1/p2p2b1/1ppP1Np1/2P2pP1/2N2P2/PPB4Q/1K4RR","stockfishScores":{"wn":0.5198214285714285}},{"fenStr":"r2q1rk1/5nN1/p2p2b1/1ppP2p1/2P2pP1/2N2P2/PPB4Q/1K4RR","stockfishScores":{"bn":0.5397619047619048}},{"fenStr":"r2q1r2/5nk1/p2p2b1/1ppP2p1/2P2pP1/2N2P2/PPB4Q/1K4RR","stockfishScores":{"wn":0.513452380952381}},{"fenStr":"r2q1r2/5nk1/p2p2B1/1ppP2p1/2P2pP1/2N2P2/PP5Q/1K4RR","stockfishScores":{"bn":0.5754761904761905}},{"fenStr":"r2q3r/5nk1/p2p2B1/1ppP2p1/2P2pP1/2N2P2/PP5Q/1K4RR","stockfishScores":{"wn":0.5364880952380953}},{"fenStr":"r2q3r/5nkB/p2p4/1ppP2p1/2P2pP1/2N2P2/PP5Q/1K4RR","stockfishScores":{"bn":0.5283928571428571}},{"fenStr":"r2q3r/5nkB/p2p4/2pP2p1/2p2pP1/2N2P2/PP5Q/1K4RR","stockfishScores":{"wn":0.5269047619047619}},{"fenStr":"r2q3r/5nkB/p2p4/2pP2pQ/2p2pP1/2N2P2/PP6/1K4RR","stockfishScores":{"bn":0.5477380952380952}},{"fenStr":"r6r/5nkB/p2p1q2/2pP2pQ/2p2pP1/2N2P2/PP6/1K4RR","stockfishScores":{"wn":0.5274404761904762}},{"fenStr":"r6r/5nkB/p2p1q2/2pP2pQ/2p1NpP1/5P2/PP6/1K4RR","stockfishScores":{"bn":0.541547619047619}},{"fenStr":"r6r/5nkB/p2p4/2pPq1pQ/2p1NpP1/5P2/PP6/1K4RR","stockfishScores":{"wn":0.56375}},{"fenStr":"r6r/5nkB/p2p2Q1/2pPq1p1/2p1NpP1/5P2/PP6/1K4RR","stockfishScores":{"bn":0.544702380952381}},{"fenStr":"r4k1r/5n1B/p2p2Q1/2pPq1p1/2p1NpP1/5P2/PP6/1K4RR","stockfishScores":{"wn":0.5469047619047619}},{"fenStr":"r4k1r/5n1B/p2pQ3/2pPq1p1/2p1NpP1/5P2/PP6/1K4RR","stockfishScores":{"bn":0.5478571428571428}},{"fenStr":"r6r/5nkB/p2pQ3/2pPq1p1/2p1NpP1/5P2/PP6/1K4RR","stockfishScores":{"wn":0.5681547619047619}},{"fenStr":"r6r/5nk1/p2pQ3/2pPqBp1/2p1NpP1/5P2/PP6/1K4RR","stockfishScores":{"bn":0.5772619047619048}},{"fenStr":"1r5r/5nk1/p2pQ3/2pPqBp1/2p1NpP1/5P2/PP6/1K4RR","stockfishScores":{"wn":0.5482738095238096}},{"fenStr":"1r5r/5nk1/p2p4/2pPQBp1/2p1NpP1/5P2/PP6/1K4RR","stockfishScores":{"bn":0.6004166666666667}},{"fenStr":"1r5r/6k1/p2p4/2pPnBp1/2p1NpP1/5P2/PP6/1K4RR","stockfishScores":{"wn":0.5225}},{"fenStr":"1r5r/6k1/p2p4/2pPnBN1/2p2pP1/5P2/PP6/1K4RR","stockfishScores":{"bn":0.5291071428571429}},{"fenStr":"1r5r/6k1/p2p4/2pPnBN1/5pP1/2p2P2/PP6/1K4RR","stockfishScores":{"wn":0.5260714285714285}},{"fenStr":"1r5r/6k1/p2p4/2pPnBN1/5pP1/1Pp2P2/P7/1K4RR","stockfishScores":{"bn":0.5257142857142857}},{"fenStr":"1r5r/6k1/p2p4/2pP1BN1/2n2pP1/1Pp2P2/P7/1K4RR","stockfishScores":{"wn":0.531547619047619}},{"fenStr":"1r5r/6k1/p2p4/2pP1BN1/2n2pP1/1Pp2P2/P1K5/6RR","stockfishScores":{"bn":0.534345238095238}},{"fenStr":"1r5r/6k1/p2p4/2pP1BN1/5pP1/1Pp1nP2/P1K5/6RR","stockfishScores":{"wn":0.5314880952380953}},{"fenStr":"1r5r/6k1/p2p4/2pP1BN1/5pP1/1PK1nP2/P7/6RR","stockfishScores":{"bn":0.5338095238095238}},{"fenStr":"1r5r/6k1/p2p4/2pn1BN1/5pP1/1PK2P2/P7/6RR","stockfishScores":{"wn":0.5344047619047619}},{"fenStr":"1r5r/6k1/p2p4/2pn1BN1/5pP1/1P3P2/PK6/6RR","stockfishScores":{"bn":0.5354761904761904}},{"fenStr":"1r5r/6k1/p2p4/2p2BN1/5pP1/1P2nP2/PK6/6RR","stockfishScores":{"wn":0.5357738095238095}},{"fenStr":"1r5r/6k1/p2pN3/2p2B2/5pP1/1P2nP2/PK6/6RR","stockfishScores":{"bn":0.5342857142857143}},{"fenStr":"1r5r/8/p2pNk2/2p2B2/5pP1/1P2nP2/PK6/6RR","stockfishScores":{"wn":0.5327380952380952}},{"fenStr":"1r5r/8/p2p1k2/2p2B2/5NP1/1P2nP2/PK6/6RR","stockfishScores":{"bn":0.5394047619047619}},{"fenStr":"1r5r/8/p2p1k2/2p2n2/5NP1/1P3P2/PK6/6RR","stockfishScores":{"wn":0.51625}},{"fenStr":"1r5r/8/p2p1k2/2p2P2/5N2/1P3P2/PK6/6RR","stockfishScores":{"bn":0.5427380952380952}},{"fenStr":"1r5r/8/p2p4/2p2k2/5N2/1P3P2/PK6/6RR","stockfishScores":{"wn":0.5301190476190476}},{"fenStr":"1r5r/8/p2p4/2pN1k2/8/1P3P2/PK6/6RR","stockfishScores":{"bn":0.5376785714285715}},{"fenStr":"1r6/8/p2p4/2pN1k2/8/1P3P2/PK6/6Rr","stockfishScores":{"wn":0.49154761904761907}},{"fenStr":"1r6/8/p2p4/2pN1k2/8/1P3P2/PK6/7R","stockfishScores":{"bn":0.5294047619047619}},{"fenStr":"1r6/8/p2p4/2pNk3/8/1P3P2/PK6/7R","stockfishScores":{"wn":0.5255952380952381}},{"fenStr":"1r6/8/p2p4/2pNk3/8/1P3P2/PK6/3R4","stockfishScores":{"bn":0.5254166666666666}},{"fenStr":"1r6/8/p2p4/3Nk3/2p5/1P3P2/PK6/3R4","stockfishScores":{"wn":0.5270833333333333}},{"fenStr":"1r6/4N3/p2p4/4k3/2p5/1P3P2/PK6/3R4","stockfishScores":{"bn":0.5282738095238095}},{"fenStr":"8/4N3/p2p4/1r2k3/2p5/1P3P2/PK6/3R4","stockfishScores":{"wn":0.5313690476190476}},{"fenStr":"8/8/p1Np4/1r2k3/2p5/1P3P2/PK6/3R4","stockfishScores":{"bn":0.5280952380952381}},{"fenStr":"8/8/p1Np4/1r6/2p2k2/1P3P2/PK6/3R4","stockfishScores":{"wn":0.5253571428571429}},{"fenStr":"8/8/p1NR4/1r6/2p2k2/1P3P2/PK6/8","stockfishScores":{"bn":0.5305952380952381}},{"fenStr":"8/8/p1NR4/1r6/5k2/1p3P2/PK6/8","stockfishScores":{"wn":0.5217261904761905}},{"fenStr":"8/8/p1NR4/1r6/5k2/1P3P2/1K6/8","stockfishScores":{"bn":0.52375}},{"fenStr":"8/8/2NR4/pr6/5k2/1P3P2/1K6/8","stockfishScores":{"wn":0.5244642857142857}},{"fenStr":"8/8/2NR4/pr6/5k2/KP3P2/8/8","stockfishScores":{"bn":0.5238690476190476}},{"fenStr":"8/8/2NR4/p1r5/5k2/KP3P2/8/8","stockfishScores":{"wn":0.5235714285714286}},{"fenStr":"8/8/2NR4/p1r5/K4k2/1P3P2/8/8","stockfishScores":{"bn":0.5257142857142857}},{"fenStr":"8/8/2NR4/p1r5/K7/1P3k2/8/8","stockfishScores":{"wn":0.521547619047619}},{"fenStr":"8/8/3R4/N1r5/K7/1P3k2/8/8","stockfishScores":{"bn":0.52}},{"fenStr":"8/8/3R4/N1r5/K3k3/1P6/8/8","stockfishScores":{"wn":0.5205952380952381}},{"fenStr":"8/8/3R4/N1r5/KP2k3/8/8/8","stockfishScores":{"bn":0.5247619047619048}},{"fenStr":"2r5/8/3R4/N7/KP2k3/8/8/8","stockfishScores":{"wn":0.5238095238095238}},{"fenStr":"2r5/8/3R4/NP6/K3k3/8/8/8","stockfishScores":{"bn":0.5243452380952381}},{"fenStr":"2r5/8/3R4/NP2k3/K7/8/8/8","stockfishScores":{"wn":0.5232738095238095}},{"fenStr":"2r5/8/8/NP2k3/K7/8/3R4/8","stockfishScores":{"bn":0.5239880952380952}},{"fenStr":"8/8/8/NP2k3/K7/8/3R4/2r5","stockfishScores":{"wn":0.5264285714285715}},{"fenStr":"8/8/1P6/N3k3/K7/8/3R4/2r5","stockfishScores":{"bn":0.5302380952380953}},{"fenStr":"8/8/1P6/N3k3/K7/8/3R4/1r6","stockfishScores":{"wn":0.5252976190476191}},{"fenStr":"8/8/1P6/4k3/K7/1N6/3R4/1r6","stockfishScores":{"bn":0.5298809523809523}},{"fenStr":"8/8/1P6/4k3/K7/1N6/3R4/7r","stockfishScores":{"wn":0.5322619047619047}},{"fenStr":"8/1P6/8/4k3/K7/1N6/3R4/7r","stockfishScores":{"bn":0.5366071428571428}},{"fenStr":"7r/1P6/8/4k3/K7/1N6/3R4/8","stockfishScores":{"wn":0.5306547619047619}},{"fenStr":"7r/1P6/8/N3k3/K7/8/3R4/8","stockfishScores":{"bn":0.5275}},{"fenStr":"7r/1P6/4k3/N7/K7/8/3R4/8","stockfishScores":{"wn":0.5283333333333333}},{"fenStr":"7r/1P6/2N1k3/8/K7/8/3R4/8","stockfishScores":{"bn":0.5335714285714286}},{"fenStr":"6r1/1P6/2N1k3/8/K7/8/3R4/8","stockfishScores":{"wn":0.534702380952381}},{"fenStr":"3N2r1/1P6/4k3/8/K7/8/3R4/8","stockfishScores":{"bn":0.5350595238095238}},{"fenStr":"3N2r1/1P2k3/8/8/K7/8/3R4/8","stockfishScores":{"wn":0.5345238095238095}},{"fenStr":"1Q1N2r1/4k3/8/8/K7/8/3R4/8","stockfishScores":{"bn":0.5966666666666667}},{"fenStr":"1Q1N4/4k3/6r1/8/K7/8/3R4/8","stockfishScores":{"wn":0.5967261904761905}},{"fenStr":"3N4/4k3/6r1/4Q3/K7/8/3R4/8","stockfishScores":{"bn":0.5978571428571429}},{"fenStr":"3N1k2/8/6r1/4Q3/K7/8/3R4/8","stockfishScores":{"wn":0.5973214285714286}},{"fenStr":"3N1k2/8/6r1/4Q3/K7/8/5R2/8","stockfishScores":{"bn":0.597202380952381}},{"fenStr":"3N2k1/8/6r1/4Q3/K7/8/5R2/8","stockfishScores":{"wn":0.5970238095238095}},{"fenStr":"3NQ1k1/8/6r1/8/K7/8/5R2/8","stockfishScores":{"bn":0.5961309523809524}},{"fenStr":"3NQ3/7k/6r1/8/K7/8/5R2/8","stockfishScores":{"wn":0.5966071428571429}},{"fenStr":"3NQ3/7k/6r1/8/K7/8/7R/8","stockfishScores":{"bn":0.5963095238095238}},{"fenStr":"3NQ3/6k1/6r1/8/K7/8/7R/8","stockfishScores":{"wn":0.595297619047619}},{"fenStr":"3N3Q/6k1/6r1/8/K7/8/7R/8","stockfishScores":{"bn":0.5947619047619047}}],"result":{"ww":true}}