{"fens":[{"fenStr":"rnbqkbnr/pppppppp/8/8/4P3/8/PPPP1PPP/RNBQKBNR","stockfishScores":{"bn":0.5049404761904762}},{"fenStr":"rnbqkbnr/pp1ppppp/8/2p5/4P3/8/PPPP1PPP/RNBQKBNR","stockfishScores":{"wn":0.5038095238095238}},{"fenStr":"rnbqkbnr/pp1ppppp/8/2p5/4P3/5N2/PPPP1PPP/RNBQKB1R","stockfishScores":{"bn":0.5058928571428571}},{"fenStr":"r1bqkbnr/pp1ppppp/2n5/2p5/4P3/5N2/PPPP1PPP/RNBQKB1R","stockfishScores":{"wn":0.5025}},{"fenStr":"r1bqkbnr/pp1ppppp/2n5/2p5/4P3/2N2N2/PPPP1PPP/R1BQKB1R","stockfishScores":{"bn":0.505}},{"fenStr":"r1bqkb1r/pp1ppppp/2n2n2/2p5/4P3/2N2N2/PPPP1PPP/R1BQKB1R","stockfishScores":{"wn":0.5035714285714286}},{"fenStr":"r1bqkb1r/pp1ppppp/2n2n2/2p5/3PP3/2N2N2/PPP2PPP/R1BQKB1R","stockfishScores":{"bn":0.5124404761904762}},{"fenStr":"r1bqkb1r/pp1ppppp/2n2n2/8/3pP3/2N2N2/PPP2PPP/R1BQKB1R","stockfishScores":{"wn":0.49476190476190474}},{"fenStr":"r1bqkb1r/pp1ppppp/2n2n2/8/3NP3/2N5/PPP2PPP/R1BQKB1R","stockfishScores":{"bn":0.5061309523809524}},{"fenStr":"r1bqkb1r/pp1p1ppp/2n2n2/4p3/3NP3/2N5/PPP2PPP/R1BQKB1R","stockfishScores":{"wn":0.49833333333333335}},{"fenStr":"r1bqkb1r/pp1p1ppp/2n2n2/1N2p3/4P3/2N5/PPP2PPP/R1BQKB1R","stockfishScores":{"bn":0.5066071428571428}},{"fenStr":"r1bqkb1r/pp3ppp/2np1n2/1N2p3/4P3/2N5/PPP2PPP/R1BQKB1R","stockfishScores":{"wn":0.5030357142857143}},{"fenStr":"r1bqkb1r/pp3ppp/2np1n2/1N1Np3/4P3/8/PPP2PPP/R1BQKB1R","stockfishScores":{"bn":0.5114880952380952}},{"fenStr":"r1bqkb1r/pp3ppp/2np4/1N1np3/4P3/8/PPP2PPP/R1BQKB1R","stockfishScores":{"wn":0.47720238095238093}},{"fenStr":"r1bqkb1r/pp3ppp/2np4/1N1Pp3/8/8/PPP2PPP/R1BQKB1R","stockfishScores":{"bn":0.5051785714285715}},{"fenStr":"rnbqkb1r/pp3ppp/3p4/1N1Pp3/8/8/PPP2PPP/R1BQKB1R","stockfishScores":{"wn":0.5076190476190476}},{"fenStr":"rnbqkb1r/pp3ppp/3p4/1N1Pp3/2P5/8/PP3PPP/R1BQKB1R","stockfishScores":{"bn":0.5073809523809524}},{"fenStr":"rnbqk2r/pp2bppp/3p4/1N1Pp3/2P5/8/PP3PPP/R1BQKB1R","stockfishScores":{"wn":0.5072619047619048}},{"fenStr":"rnbqk2r/pp2bppp/3p4/1N1Pp3/2P5/8/PP2BPPP/R1BQK2R","stockfishScores":{"bn":0.506547619047619}},{"fenStr":"rnbq1rk1/pp2bppp/3p4/1N1Pp3/2P5/8/PP2BPPP/R1BQK2R","stockfishScores":{"wn":0.4944047619047619}},{"fenStr":"rnbq1rk1/pp2bppp/3p4/1N1Pp3/2P5/8/PP2BPPP/R1BQ1RK1","stockfishScores":{"bn":0.5039880952380953}},{"fenStr":"rnbq1rk1/1p2bppp/p2p4/1N1Pp3/2P5/8/PP2BPPP/R1BQ1RK1","stockfishScores":{"wn":0.5023214285714286}},{"fenStr":"rnbq1rk1/1p2bppp/p2p4/3Pp3/2P5/2N5/PP2BPPP/R1BQ1RK1","stockfishScores":{"bn":0.5056547619047619}},{"fenStr":"rn1q1rk1/1p2bppp/p2p4/3Ppb2/2P5/2N5/PP2BPPP/R1BQ1RK1","stockfishScores":{"wn":0.5060119047619047}},{"fenStr":"rn1q1rk1/1p2bppp/p2p4/3Ppb2/2P5/2N1B3/PP2BPPP/R2Q1RK1","stockfishScores":{"bn":0.5077380952380952}},{"fenStr":"r2q1rk1/1p1nbppp/p2p4/3Ppb2/2P5/2N1B3/PP2BPPP/R2Q1RK1","stockfishScores":{"wn":0.502797619047619}},{"fenStr":"r2q1rk1/1p1nbppp/p2p4/3Ppb2/1PP5/2N1B3/P3BPPP/R2Q1RK1","stockfishScores":{"bn":0.5036904761904762}},{"fenStr":"r2q1rk1/3nbppp/pp1p4/3Ppb2/1PP5/2N1B3/P3BPPP/R2Q1RK1","stockfishScores":{"wn":0.5052380952380953}},{"fenStr":"r2q1rk1/3nbppp/pp1p4/3Ppb2/1PP5/2N1B3/P2QBPPP/R4RK1","stockfishScores":{"bn":0.5044047619047619}},{"fenStr":"r2q1rk1/3nbppp/pp1p2b1/3Pp3/1PP5/2N1B3/P2QBPPP/R4RK1","stockfishScores":{"wn":0.5038690476190476}},{"fenStr":"r2q1rk1/3nbppp/pp1p2b1/3Pp3/1PP5/2N1B3/P2QBPPP/R2R2K1","stockfishScores":{"bn":0.5032738095238095}},{"fenStr":"r2q1rk1/3nbpp1/pp1p2bp/3Pp3/1PP5/2N1B3/P2QBPPP/R2R2K1","stockfishScores":{"wn":0.5029166666666667}},{"fenStr":"r2q1rk1/3nbpp1/pp1p2bp/2PPp3/1P6/2N1B3/P2QBPPP/R2R2K1","stockfishScores":{"bn":0.5063095238095238}},{"fenStr":"r2q1rk1/3nbpp1/p2p2bp/2pPp3/1P6/2N1B3/P2QBPPP/R2R2K1","stockfishScores":{"wn":0.4889880952380952}},{"fenStr":"r2q1rk1/3nbpp1/p2p2bp/2PPp3/8/2N1B3/P2QBPPP/R2R2K1","stockfishScores":{"bn":0.5044642857142857}},{"fenStr":"r2q1rk1/4bpp1/p2p2bp/2nPp3/8/2N1B3/P2QBPPP/R2R2K1","stockfishScores":{"wn":0.49023809523809525}},{"fenStr":"r2q1rk1/4bpp1/p2p2bp/2BPp3/8/2N5/P2QBPPP/R2R2K1","stockfishScores":{"bn":0.511547619047619}},{"fenStr":"r2q1rk1/4bpp1/p5bp/2pPp3/8/2N5/P2QBPPP/R2R2K1","stockfishScores":{"wn":0.4944642857142857}},{"fenStr":"r2q1rk1/4bpp1/p2P2bp/2p1p3/8/2N5/P2QBPPP/R2R2K1","stockfishScores":{"bn":0.5026190476190476}},{"fenStr":"r2q1rk1/5pp1/p2P2bp/2p1p1b1/8/2N5/P2QBPPP/R2R2K1","stockfishScores":{"wn":0.4969047619047619}},{"fenStr":"r2q1rk1/5pp1/p2P2bp/2pQp1b1/8/2N5/P3BPPP/R2R2K1","stockfishScores":{"bn":0.503095238095238}},{"fenStr":"r2q1rk1/5pp1/p2P3p/2pQp1b1/8/2N5/P1b1BPPP/R2R2K1","stockfishScores":{"wn":0.50375}},{"fenStr":"r2q1rk1/5pp1/p2P3p/2pQp1b1/8/2N5/P1b1BPPP/R3R1K1","stockfishScores":{"bn":0.5027380952380952}},{"fenStr":"r4rk1/3q1pp1/p2P3p/2pQp1b1/8/2N5/P1b1BPPP/R3R1K1","stockfishScores":{"wn":0.5005952380952381}},{"fenStr":"r4rk1/3q1pp1/p2P3p/2pQp1b1/8/2NB4/P1b2PPP/R3R1K1","stockfishScores":{"bn":0.5064285714285715}},{"fenStr":"r4rk1/3q1pp1/p2P3p/2pQp1b1/8/2Nb4/P4PPP/R3R1K1","stockfishScores":{"wn":0.4724404761904762}},{"fenStr":"r4rk1/3q1pp1/p2P3p/2p1p1b1/8/2NQ4/P4PPP/R3R1K1","stockfishScores":{"bn":0.5000595238095238}},{"fenStr":"r4rk1/3q1pp1/p2P3p/4p1b1/2p5/2NQ4/P4PPP/R3R1K1","stockfishScores":{"wn":0.5008333333333334}},{"fenStr":"r4rk1/3q1pp1/p2P3p/3Qp1b1/2p5/2N5/P4PPP/R3R1K1","stockfishScores":{"bn":0.500297619047619}},{"fenStr":"2r2rk1/3q1pp1/p2P3p/3Qp1b1/2p5/2N5/P4PPP/R3R1K1","stockfishScores":{"wn":0.49898809523809523}},{"fenStr":"2r2rk1/3q1pp1/p2P3p/3Qp1b1/2p5/2N5/P4PPP/3RR1K1","stockfishScores":{"bn":0.4994047619047619}},{"fenStr":"5rk1/3q1pp1/p1rP3p/3Qp1b1/2p5/2N5/P4PPP/3RR1K1","stockfishScores":{"wn":0.5}},{"fenStr":"5rk1/3q1pp1/p1rP3p/3Qp1b1/2p1N3/8/P4PPP/3RR1K1","stockfishScores":{"bn":0.5002380952380953}},{"fenStr":"5rk1/3q1pp1/p1rP3p/3Qp1b1/4N3/2p5/P4PPP/3RR1K1","stockfishScores":{"wn":0.49279761904761904}},{"fenStr":"5rk1/3q1pp1/p1rP3p/3Qp1N1/8/2p5/P4PPP/3RR1K1","stockfishScores":{"bn":0.5116666666666667}},{"fenStr":"5rk1/3q1pp1/p1rP4/3Qp1p1/8/2p5/P4PPP/3RR1K1","stockfishScores":{"wn":0.49178571428571427}},{"fenStr":"5rk1/3q1pp1/p1rP4/4Q1p1/8/2p5/P4PPP/3RR1K1","stockfishScores":{"bn":0.49964285714285717}},{"fenStr":"5rk1/3q1pp1/p1rP4/4Q1p1/8/8/P1p2PPP/3RR1K1","stockfishScores":{"wn":0.4951190476190476}},{"fenStr":"5rk1/3q1pp1/p1rP4/4Q1p1/8/8/P1p2PPP/2R1R1K1","stockfishScores":{"bn":0.4993452380952381}},{"fenStr":"3r2k1/3q1pp1/p1rP4/4Q1p1/8/8/P1p2PPP/2R1R1K1","stockfishScores":{"wn":0.49988095238095237}},{"fenStr":"3r2k1/3q1pp1/p1rP4/4Q1p1/8/8/P1p2PPP/2R1RK2","stockfishScores":{"bn":0.49833333333333335}},{"fenStr":"3r2k1/3q1pp1/p2r4/4Q1p1/8/8/P1p2PPP/2R1RK2","stockfishScores":{"wn":0.48583333333333334}},{"fenStr":"3r2k1/3q1pp1/p2r4/6p1/4Q3/8/P1p2PPP/2R1RK2","stockfishScores":{"bn":0.4835714285714286}},{"fenStr":"3r2k1/5pp1/p2r4/1q4p1/4Q3/8/P1p2PPP/2R1RK2","stockfishScores":{"wn":0.4851785714285714}},{"fenStr":"3r2k1/5pp1/p2r4/1q4p1/8/8/P1p1QPPP/2R1RK2","stockfishScores":{"bn":0.47767857142857145}},{"fenStr":"3r2k1/5pp1/p7/1q4p1/8/8/P1prQPPP/2R1RK2","stockfishScores":{"wn":0.4711904761904762}},{"fenStr":"3r2k1/5pp1/p7/1Q4p1/8/8/P1pr1PPP/2R1RK2","stockfishScores":{"bn":0.570952380952381}},{"fenStr":"3r2k1/5pp1/8/1p4p1/8/8/P1pr1PPP/2R1RK2","stockfishScores":{"wn":0.47886904761904764}},{"fenStr":"3r2k1/5pp1/8/1p4p1/8/P7/2pr1PPP/2R1RK2","stockfishScores":{"bn":0.47970238095238094}},{"fenStr":"6k1/5pp1/8/1p4p1/8/P2r4/2pr1PPP/2R1RK2","stockfishScores":{"wn":0.4793452380952381}},{"fenStr":"4R1k1/5pp1/8/1p4p1/8/P2r4/2pr1PPP/2R2K2","stockfishScores":{"bn":0.47964285714285715}},{"fenStr":"4R3/5ppk/8/1p4p1/8/P2r4/2pr1PPP/2R2K2","stockfishScores":{"wn":0.47886904761904764}},{"fenStr":"2R5/5ppk/8/1p4p1/8/P2r4/2pr1PPP/2R2K2","stockfishScores":{"bn":0.47791666666666666}},{"fenStr":"2R5/5ppk/8/1p4p1/8/P2r4/2p2PPP/2Rr1K2","stockfishScores":{"wn":0.47875}},{"fenStr":"2R5/5ppk/8/1p4p1/8/P2r4/2p1KPPP/2Rr4","stockfishScores":{"bn":0.47827380952380955}},{"fenStr":"2R5/5ppk/8/1p4p1/8/P7/2prKPPP/2Rr4","stockfishScores":{"wn":0.4800595238095238}},{"fenStr":"2R5/5ppk/8/1p4p1/8/P3K3/2pr1PPP/2Rr4","stockfishScores":{"bn":0.4748809523809524}},{"fenStr":"2R5/5ppk/3r4/1p4p1/8/P3K3/2p2PPP/2Rr4","stockfishScores":{"wn":0.4783928571428571}},{"fenStr":"2R5/5ppk/3r4/1p4p1/8/P3K3/2R2PPP/3r4","stockfishScores":{"bn":0.49660714285714286}},{"fenStr":"2R5/5ppk/4r3/1p4p1/8/P3K3/2R2PPP/3r4","stockfishScores":{"wn":0.49910714285714286}},{"fenStr":"2R5/5ppk/4r3/1p4p1/8/P4K2/2R2PPP/3r4","stockfishScores":{"bn":0.4992261904761905}},{"fenStr":"2R5/5ppk/4r3/1p4p1/8/P2r1K2/2R2PPP/8","stockfishScores":{"wn":0.4980952380952381}},{"fenStr":"2R5/5ppk/4r3/1p4p1/6K1/P2r4/2R2PPP/8","stockfishScores":{"bn":0.4994642857142857}},{"fenStr":"2R5/5ppk/8/1p4p1/4r1K1/P2r4/2R2PPP/8","stockfishScores":{"wn":0.49988095238095237}},{"fenStr":"2R5/5ppk/8/1p3Kp1/4r3/P2r4/2R2PPP/8","stockfishScores":{"bn":0.49875}},{"fenStr":"2R5/5ppk/8/1p3Kp1/5r2/P2r4/2R2PPP/8","stockfishScores":{"wn":0.4981547619047619}},{"fenStr":"2R5/5ppk/8/1p4K1/5r2/P2r4/2R2PPP/8","stockfishScores":{"bn":0.5026190476190476}},{"fenStr":"2R5/5ppk/8/1p4K1/3r1r2/P7/2R2PPP/8","stockfishScores":{"wn":0.5007738095238096}},{"fenStr":"2R5/5ppk/8/1p4K1/3r1rP1/P7/2R2P1P/8","stockfishScores":{"bn":0.5002380952380953}},{"fenStr":"2R5/5ppk/8/1p4K1/3r2r1/P7/2R2P1P/8","stockfishScores":{"wn":0.4951785714285714}},{"fenStr":"2R5/5ppk/8/1p3K2/3r2r1/P7/2R2P1P/8","stockfishScores":{"bn":0.4944047619047619}},{"fenStr":"2R5/5ppk/8/1p3K2/4r1r1/P7/2R2P1P/8","stockfishScores":{"wn":0.4955952380952381}},{"fenStr":"8/2R2ppk/8/1p3K2/4r1r1/P7/2R2P1P/8","stockfishScores":{"bn":0.4974404761904762}},{"fenStr":"8/2R2ppk/8/1p3K2/4rr2/P7/2R2P1P/8","stockfishScores":{"wn":0.4982142857142857}},{"fenStr":"8/2R2ppk/8/1p4K1/4rr2/P7/2R2P1P/8","stockfishScores":{"bn":0.49333333333333335}},{"fenStr":"8/2R3pk/5p2/1p4K1/4rr2/P7/2R2P1P/8","stockfishScores":{"wn":0.4919642857142857}},{"fenStr":"8/2R3pk/5p2/1p5K/4rr2/P7/2R2P1P/8","stockfishScores":{"bn":0.49}},{"fenStr":"8/2R3pk/5p2/1p2r2K/5r2/P7/2R2P1P/8","stockfishScores":{"wn":0.4913690476190476}}],"result":{"bw":true}}