{"fens":[{"fenStr":"rnbqkbnr/pppppppp/8/8/8/5N2/PPPPPPPP/RNBQKB1R","stockfishScores":{"bn":0.5038690476190476}},{"fenStr":"rnbqkbnr/ppp1pppp/8/3p4/8/5N2/PPPPPPPP/RNBQKB1R","stockfishScores":{"wn":0.49952380952380954}},{"fenStr":"rnbqkbnr/ppp1pppp/8/3p4/8/4PN2/PPPP1PPP/RNBQKB1R","stockfishScores":{"bn":0.5029166666666667}},{"fenStr":"rnbqkb1r/ppp1pppp/5n2/3p4/8/4PN2/PPPP1PPP/RNBQKB1R","stockfishScores":{"wn":0.4993452380952381}},{"fenStr":"rnbqkb1r/ppp1pppp/5n2/3p4/8/1P2PN2/P1PP1PPP/RNBQKB1R","stockfishScores":{"bn":0.5004761904761905}},{"fenStr":"rn1qkb1r/ppp1pppp/5n2/3p4/6b1/1P2PN2/P1PP1PPP/RNBQKB1R","stockfishScores":{"wn":0.49875}},{"fenStr":"rn1qkb1r/ppp1pppp/5n2/3p4/6b1/1P2PN2/PBPP1PPP/RN1QKB1R","stockfishScores":{"bn":0.502797619047619}},{"fenStr":"rn1qkb1r/ppp2ppp/4pn2/3p4/6b1/1P2PN2/PBPP1PPP/RN1QKB1R","stockfishScores":{"wn":0.5006547619047619}},{"fenStr":"rn1qkb1r/ppp2ppp/4pn2/3p4/6b1/1P2PN1P/PBPP1PP1/RN1QKB1R","stockfishScores":{"bn":0.5056547619047619}},{"fenStr":"rn1qkb1r/ppp2ppp/4pn2/3p3b/8/1P2PN1P/PBPP1PP1/RN1QKB1R","stockfishScores":{"wn":0.5048809523809524}},{"fenStr":"rn1qkb1r/ppp2ppp/4pn2/3p3b/8/1P1PPN1P/PBP2PP1/RN1QKB1R","stockfishScores":{"bn":0.5007142857142857}},{"fenStr":"rn1qkb1r/pp3ppp/2p1pn2/3p3b/8/1P1PPN1P/PBP2PP1/RN1QKB1R","stockfishScores":{"wn":0.49047619047619045}},{"fenStr":"rn1qkb1r/pp3ppp/2p1pn2/3p3b/8/1P1PPN1P/PBPN1PP1/R2QKB1R","stockfishScores":{"bn":0.5038690476190476}},{"fenStr":"r2qkb1r/pp1n1ppp/2p1pn2/3p3b/8/1P1PPN1P/PBPN1PP1/R2QKB1R","stockfishScores":{"wn":0.5013690476190477}},{"fenStr":"r2qkb1r/pp1n1ppp/2p1pn2/3p3b/8/1P1PPN1P/PBPNQPP1/R3KB1R","stockfishScores":{"bn":0.4993452380952381}},{"fenStr":"r3kb1r/ppqn1ppp/2p1pn2/3p3b/8/1P1PPN1P/PBPNQPP1/R3KB1R","stockfishScores":{"wn":0.5016071428571428}},{"fenStr":"r3kb1r/ppqn1ppp/2p1pn2/3p3b/6P1/1P1PPN1P/PBPNQP2/R3KB1R","stockfishScores":{"bn":0.5095833333333334}},{"fenStr":"r3kb1r/ppqn1ppp/2p1pnb1/3p4/6P1/1P1PPN1P/PBPNQP2/R3KB1R","stockfishScores":{"wn":0.5058333333333334}},{"fenStr":"r3kb1r/ppqn1ppp/2p1pnb1/3p4/6PN/1P1PP2P/PBPNQP2/R3KB1R","stockfishScores":{"bn":0.50375}},{"fenStr":"2kr1b1r/ppqn1ppp/2p1pnb1/3p4/6PN/1P1PP2P/PBPNQP2/R3KB1R","stockfishScores":{"wn":0.49726190476190474}},{"fenStr":"2kr1b1r/ppqn1ppp/2p1pnb1/3p4/6PN/1P1PP2P/PBPNQPB1/R3K2R","stockfishScores":{"bn":0.4986309523809524}},{"fenStr":"2kr1b1r/ppqn1ppp/2p2nb1/3pp3/6PN/1P1PP2P/PBPNQPB1/R3K2R","stockfishScores":{"wn":0.4967857142857143}},{"fenStr":"2kr1b1r/ppqn1ppp/2p2nb1/3pp3/6PN/PP1PP2P/1BPNQPB1/R3K2R","stockfishScores":{"bn":0.49601190476190476}},{"fenStr":"2kr1b1r/ppq2ppp/2p2nb1/2npp3/6PN/PP1PP2P/1BPNQPB1/R3K2R","stockfishScores":{"wn":0.49910714285714286}},{"fenStr":"2kr1b1r/ppq2ppp/2p2nb1/2npp3/6PN/PP1PP2P/1BPNQPB1/R4RK1","stockfishScores":{"bn":0.5063690476190477}},{"fenStr":"2kr1b1r/ppq2ppp/2p1nnb1/3pp3/6PN/PP1PP2P/1BPNQPB1/R4RK1","stockfishScores":{"wn":0.503095238095238}},{"fenStr":"2kr1b1r/ppq2ppp/2p1nnb1/3pp3/6PN/PP1PP2P/1BPNQPB1/R2R2K1","stockfishScores":{"bn":0.5025}},{"fenStr":"2kr3r/ppq1bppp/2p1nnb1/3pp3/6PN/PP1PP2P/1BPNQPB1/R2R2K1","stockfishScores":{"wn":0.5023214285714286}},{"fenStr":"2kr3r/ppq1bppp/2p1nnb1/3pp3/1P4PN/P2PP2P/1BPNQPB1/R2R2K1","stockfishScores":{"bn":0.503452380952381}},{"fenStr":"2krn2r/ppq1bppp/2p1n1b1/3pp3/1P4PN/P2PP2P/1BPNQPB1/R2R2K1","stockfishScores":{"wn":0.5024404761904762}},{"fenStr":"2krn2r/ppq1bppp/2p1n1b1/3ppN2/1P4P1/P2PP2P/1BPNQPB1/R2R2K1","stockfishScores":{"bn":0.5066071428571428}},{"fenStr":"2krn2r/ppq1bppp/2p1n3/3ppb2/1P4P1/P2PP2P/1BPNQPB1/R2R2K1","stockfishScores":{"wn":0.4832142857142857}},{"fenStr":"2krn2r/ppq1bppp/2p1n3/3ppP2/1P6/P2PP2P/1BPNQPB1/R2R2K1","stockfishScores":{"bn":0.5098214285714285}},{"fenStr":"2krnn1r/ppq1bppp/2p5/3ppP2/1P6/P2PP2P/1BPNQPB1/R2R2K1","stockfishScores":{"wn":0.5113095238095238}},{"fenStr":"2krnn1r/ppq1bppp/2p5/3ppP2/1PP5/P2PP2P/1B1NQPB1/R2R2K1","stockfishScores":{"bn":0.5135714285714286}},{"fenStr":"2krnn1r/ppq1bppp/2p5/4pP2/1PPp4/P2PP2P/1B1NQPB1/R2R2K1","stockfishScores":{"wn":0.5136904761904761}},{"fenStr":"2krnn1r/ppq1bppp/2p5/4pP2/1PPP4/P2P3P/1B1NQPB1/R2R2K1","stockfishScores":{"bn":0.5201190476190476}},{"fenStr":"2krnn1r/ppq1bppp/2p5/5P2/1PPp4/P2P3P/1B1NQPB1/R2R2K1","stockfishScores":{"wn":0.5145833333333333}},{"fenStr":"2krnn1r/ppq1bppp/2p5/5P2/1PPp4/P2P3P/1B1NQPB1/R3R1K1","stockfishScores":{"bn":0.5203571428571429}},{"fenStr":"2krnn1r/ppq2ppp/2p2b2/5P2/1PPp4/P2P3P/1B1NQPB1/R3R1K1","stockfishScores":{"wn":0.5186309523809524}},{"fenStr":"2krnn1r/ppq2ppp/2p2b2/2P2P2/1P1p4/P2P3P/1B1NQPB1/R3R1K1","stockfishScores":{"bn":0.5186904761904761}},{"fenStr":"2krnn1r/ppq2p1p/2p2bp1/2P2P2/1P1p4/P2P3P/1B1NQPB1/R3R1K1","stockfishScores":{"wn":0.5157142857142857}},{"fenStr":"2krnn1r/ppq2p1p/2p2bp1/2P2P2/1P1p4/P2P1Q1P/1B1N1PB1/R3R1K1","stockfishScores":{"bn":0.5120238095238095}},{"fenStr":"2krnn1r/ppq2p1p/2p2b2/2P2p2/1P1p4/P2P1Q1P/1B1N1PB1/R3R1K1","stockfishScores":{"wn":0.514702380952381}},{"fenStr":"2krnn1r/ppq2p1p/2p2b2/2P2Q2/1P1p4/P2P3P/1B1N1PB1/R3R1K1","stockfishScores":{"bn":0.5126190476190476}},{"fenStr":"2krn2r/ppq2p1p/2p1nb2/2P2Q2/1P1p4/P2P3P/1B1N1PB1/R3R1K1","stockfishScores":{"wn":0.5117261904761905}},{"fenStr":"2krn2r/ppq2p1p/2p1nb2/2P2Q2/1P1pN3/P2P3P/1B3PB1/R3R1K1","stockfishScores":{"bn":0.5174404761904762}},{"fenStr":"2k1n2r/ppq2p1p/2p1nb2/2Pr1Q2/1P1pN3/P2P3P/1B3PB1/R3R1K1","stockfishScores":{"wn":0.5111904761904762}},{"fenStr":"2k1n2r/ppq2p1p/2p1nb2/2Pr4/1P1pN3/P2P1Q1P/1B3PB1/R3R1K1","stockfishScores":{"bn":0.5120833333333333}},{"fenStr":"2k1n2r/ppq2p1p/2p1n3/2Prb3/1P1pN3/P2P1Q1P/1B3PB1/R3R1K1","stockfishScores":{"wn":0.5110119047619047}},{"fenStr":"2k1n2r/ppq2p1p/2p1n3/2Prb3/1P1p4/P2P1QNP/1B3PB1/R3R1K1","stockfishScores":{"bn":0.5086904761904761}},{"fenStr":"2k1n1r1/ppq2p1p/2p1n3/2Prb3/1P1p4/P2P1QNP/1B3PB1/R3R1K1","stockfishScores":{"wn":0.5070833333333333}},{"fenStr":"2k1n1r1/ppq2p1p/2p1n3/2PrbQ2/1P1p4/P2P2NP/1B3PB1/R3R1K1","stockfishScores":{"bn":0.5144047619047619}},{"fenStr":"2k1n1r1/ppq2p1p/2p1n3/2Pr1Q2/1P1p4/P2P2bP/1B3PB1/R3R1K1","stockfishScores":{"wn":0.4804761904761905}},{"fenStr":"2k1n1r1/ppq2p1p/2p1n3/2PB1Q2/1P1p4/P2P2bP/1B3P2/R3R1K1","stockfishScores":{"bn":0.5192261904761905}},{"fenStr":"2k1n1r1/ppq2p1p/2p1n3/2PB1Q2/1P1p4/P2P3P/1B3b2/R3R1K1","stockfishScores":{"wn":0.47767857142857145}},{"fenStr":"2k1n1r1/ppq2p1p/2p1n3/2PB1Q2/1P1p4/P2P3P/1B3K2/R3R3","stockfishScores":{"bn":0.5280952380952381}},{"fenStr":"2k1n1r1/pp3p1p/2p1n3/2PB1Q2/1P1p4/P2P3P/1B3K1q/R3R3","stockfishScores":{"wn":0.527797619047619}},{"fenStr":"2k1n1r1/pp3p1p/2p1n3/2PB1Q2/1P1p4/P2P1K1P/1B5q/R3R3","stockfishScores":{"bn":0.4938690476190476}},{"fenStr":"2k1n1r1/pp3p1p/2p1n3/2PB1Q2/1P1p4/P2P1K1P/1B4q1/R3R3","stockfishScores":{"wn":0.49666666666666665}}],"result":{"bw":true}}