{"fens":[{"fenStr":"rnbqkbnr/pppppppp/8/8/3P4/8/PPP1PPPP/RNBQKBNR","stockfishScores":{"bn":0.5048809523809524}},{"fenStr":"rnbqkb1r/pppppppp/5n2/8/3P4/8/PPP1PPPP/RNBQKBNR","stockfishScores":{"wn":0.5016071428571428}},{"fenStr":"rnbqkb1r/pppppppp/5n2/8/2PP4/8/PP2PPPP/RNBQKBNR","stockfishScores":{"bn":0.5041071428571429}},{"fenStr":"rnbqkb1r/pppppp1p/5np1/8/2PP4/8/PP2PPPP/RNBQKBNR","stockfishScores":{"wn":0.5035119047619048}},{"fenStr":"rnbqkb1r/pppppp1p/5np1/8/2PP4/2N5/PP2PPPP/R1BQKBNR","stockfishScores":{"bn":0.5066666666666667}},{"fenStr":"rnbqk2r/ppppppbp/5np1/8/2PP4/2N5/PP2PPPP/R1BQKBNR","stockfishScores":{"wn":0.5055357142857143}},{"fenStr":"rnbqk2r/ppppppbp/5np1/8/2PPP3/2N5/PP3PPP/R1BQKBNR","stockfishScores":{"bn":0.510297619047619}},{"fenStr":"rnbqk2r/ppp1ppbp/3p1np1/8/2PPP3/2N5/PP3PPP/R1BQKBNR","stockfishScores":{"wn":0.5032142857142857}},{"fenStr":"rnbqk2r/ppp1ppbp/3p1np1/8/2PPP3/2N2N2/PP3PPP/R1BQKB1R","stockfishScores":{"bn":0.5078571428571429}},{"fenStr":"rnbq1rk1/ppp1ppbp/3p1np1/8/2PPP3/2N2N2/PP3PPP/R1BQKB1R","stockfishScores":{"wn":0.4988690476190476}},{"fenStr":"rnbq1rk1/ppp1ppbp/3p1np1/8/2PPP3/2N2N1P/PP3PP1/R1BQKB1R","stockfishScores":{"bn":0.5004761904761905}},{"fenStr":"r1bq1rk1/pppnppbp/3p1np1/8/2PPP3/2N2N1P/PP3PP1/R1BQKB1R","stockfishScores":{"wn":0.4990476190476191}},{"fenStr":"r1bq1rk1/pppnppbp/3p1np1/6B1/2PPP3/2N2N1P/PP3PP1/R2QKB1R","stockfishScores":{"bn":0.5001190476190476}},{"fenStr":"r1bq1rk1/pppnppb1/3p1npp/6B1/2PPP3/2N2N1P/PP3PP1/R2QKB1R","stockfishScores":{"wn":0.4974404761904762}},{"fenStr":"r1bq1rk1/pppnppb1/3p1npp/8/2PPP3/2N1BN1P/PP3PP1/R2QKB1R","stockfishScores":{"bn":0.4992261904761905}},{"fenStr":"r1bq1rk1/1ppnppb1/p2p1npp/8/2PPP3/2N1BN1P/PP3PP1/R2QKB1R","stockfishScores":{"wn":0.49952380952380954}},{"fenStr":"r1bq1rk1/1ppnppb1/p2p1npp/8/2PPP3/2N1BN1P/PP1Q1PP1/R3KB1R","stockfishScores":{"bn":0.49726190476190474}},{"fenStr":"r1bq1r2/1ppnppbk/p2p1npp/8/2PPP3/2N1BN1P/PP1Q1PP1/R3KB1R","stockfishScores":{"wn":0.49910714285714286}},{"fenStr":"r1bq1r2/1ppnppbk/p2p1npp/4P3/2PP4/2N1BN1P/PP1Q1PP1/R3KB1R","stockfishScores":{"bn":0.5057142857142857}},{"fenStr":"r1bqnr2/1ppnppbk/p2p2pp/4P3/2PP4/2N1BN1P/PP1Q1PP1/R3KB1R","stockfishScores":{"wn":0.506547619047619}},{"fenStr":"r1bqnr2/1ppnppbk/p2p2pp/4P3/2PP3P/2N1BN2/PP1Q1PP1/R3KB1R","stockfishScores":{"bn":0.5070833333333333}},{"fenStr":"r1bqnr2/1ppn1pbk/p2pp1pp/4P3/2PP3P/2N1BN2/PP1Q1PP1/R3KB1R","stockfishScores":{"wn":0.5072619047619048}},{"fenStr":"r1bqnr2/1ppn1pbk/p2pp1pp/4P3/2PP3P/2NBBN2/PP1Q1PP1/R3K2R","stockfishScores":{"bn":0.5104761904761905}},{"fenStr":"r1bqnr2/1ppn1pbk/p2pp1p1/4P2p/2PP3P/2NBBN2/PP1Q1PP1/R3K2R","stockfishScores":{"wn":0.5238095238095238}},{"fenStr":"r1bqnr2/1ppn1pbk/p2pp1p1/4P2p/2PP2PP/2NBBN2/PP1Q1P2/R3K2R","stockfishScores":{"bn":0.5230952380952381}},{"fenStr":"r1bqnr2/1ppn1pbk/p3p1p1/4p2p/2PP2PP/2NBBN2/PP1Q1P2/R3K2R","stockfishScores":{"wn":0.5091666666666667}},{"fenStr":"r1bqnr2/1ppn1pbk/p3p1p1/4P2p/2P3PP/2NBBN2/PP1Q1P2/R3K2R","stockfishScores":{"bn":0.518452380952381}},{"fenStr":"r1bqnr2/1ppn1pbk/p3p1p1/4P3/2P3pP/2NBBN2/PP1Q1P2/R3K2R","stockfishScores":{"wn":0.5150595238095238}},{"fenStr":"r1bqnr2/1ppn1pbk/p3p1p1/4P2P/2P3p1/2NBBN2/PP1Q1P2/R3K2R","stockfishScores":{"bn":0.5229761904761905}},{"fenStr":"r1bqnrk1/1ppn1pb1/p3p1p1/4P2P/2P3p1/2NBBN2/PP1Q1P2/R3K2R","stockfishScores":{"wn":0.5022619047619048}},{"fenStr":"r1bqnrk1/1ppn1pb1/p3p1P1/4P3/2P3p1/2NBBN2/PP1Q1P2/R3K2R","stockfishScores":{"bn":0.5357142857142857}},{"fenStr":"r1b1nrk1/1ppnqpb1/p3p1P1/4P3/2P3p1/2NBBN2/PP1Q1P2/R3K2R","stockfishScores":{"wn":0.5356547619047619}},{"fenStr":"r1b1nrk1/1ppnqpb1/p3p1P1/4P1B1/2P3p1/2NB1N2/PP1Q1P2/R3K2R","stockfishScores":{"bn":0.5411309523809524}},{"fenStr":"r1b1nrk1/1ppnq1b1/p3ppP1/4P1B1/2P3p1/2NB1N2/PP1Q1P2/R3K2R","stockfishScores":{"wn":0.5413095238095238}},{"fenStr":"r1b1nrk1/1ppnq1b1/p3ppPB/4P3/2P3p1/2NB1N2/PP1Q1P2/R3K2R","stockfishScores":{"bn":0.5360714285714285}},{"fenStr":"r1b1nrk1/1ppnq1b1/p3p1PB/4Pp2/2P3p1/2NB1N2/PP1Q1P2/R3K2R","stockfishScores":{"wn":0.5201190476190476}},{"fenStr":"r1b1nrk1/1ppnq1b1/p3p1PB/4PpN1/2P3p1/2NB4/PP1Q1P2/R3K2R","stockfishScores":{"bn":0.5335714285714286}},{"fenStr":"r1b1nrk1/1pp1q1b1/p3p1PB/4npN1/2P3p1/2NB4/PP1Q1P2/R3K2R","stockfishScores":{"wn":0.5103571428571428}},{"fenStr":"r1b1nrk1/1pp1q1b1/p3p1PB/4npN1/2P3p1/2N5/PP1QBP2/R3K2R","stockfishScores":{"bn":0.5127380952380952}},{"fenStr":"r1b1nrk1/1pp1q3/p3p1Pb/4npN1/2P3p1/2N5/PP1QBP2/R3K2R","stockfishScores":{"wn":0.47714285714285715}},{"fenStr":"r1b1nrk1/1pp1q3/p3p1PR/4npN1/2P3p1/2N5/PP1QBP2/R3K3","stockfishScores":{"bn":0.5205357142857143}},{"fenStr":"r1b1nrk1/1pp3q1/p3p1PR/4npN1/2P3p1/2N5/PP1QBP2/R3K3","stockfishScores":{"wn":0.5148809523809523}},{"fenStr":"r1b1nrk1/1pp3qN/p3p1PR/4np2/2P3p1/2N5/PP1QBP2/R3K3","stockfishScores":{"bn":0.5160119047619047}},{"fenStr":"r1b1nrk1/1pp3qN/p3p1PR/4n3/2P2pp1/2N5/PP1QBP2/R3K3","stockfishScores":{"wn":0.503452380952381}},{"fenStr":"r1b1nrk1/1pp3qN/p3p1P1/4n2R/2P2pp1/2N5/PP1QBP2/R3K3","stockfishScores":{"bn":0.5083333333333333}},{"fenStr":"r1b1n1k1/1pp3qN/p3p1P1/4nr1R/2P2pp1/2N5/PP1QBP2/R3K3","stockfishScores":{"wn":0.5005952380952381}},{"fenStr":"r1b1n1k1/1pp3qN/p3p1P1/4nR2/2P2pp1/2N5/PP1QBP2/R3K3","stockfishScores":{"bn":0.5386904761904762}},{"fenStr":"r1b1n1k1/1pp3qN/p5P1/4np2/2P2pp1/2N5/PP1QBP2/R3K3","stockfishScores":{"wn":0.5055357142857143}},{"fenStr":"r1b1n1k1/1pp3qN/p5P1/3Qnp2/2P2pp1/2N5/PP2BP2/R3K3","stockfishScores":{"bn":0.49392857142857144}},{"fenStr":"r1b1n2k/1pp3qN/p5P1/3Qnp2/2P2pp1/2N5/PP2BP2/R3K3","stockfishScores":{"wn":0.49565476190476193}},{"fenStr":"r1b1n2k/1pp3qN/p5P1/3Qnp2/2P2pp1/2N5/PP2BP2/2KR4","stockfishScores":{"bn":0.5033928571428572}},{"fenStr":"r1b1n2k/1p4qN/p1p3P1/3Qnp2/2P2pp1/2N5/PP2BP2/2KR4","stockfishScores":{"wn":0.5010714285714286}},{"fenStr":"r1bQn2k/1p4qN/p1p3P1/4np2/2P2pp1/2N5/PP2BP2/2KR4","stockfishScores":{"bn":0.5235119047619048}},{"fenStr":"r1bQn2k/1p5N/p1p3q1/4np2/2P2pp1/2N5/PP2BP2/2KR4","stockfishScores":{"wn":0.4945833333333333}},{"fenStr":"r1bQn2k/1p5N/p1p3q1/4np2/2P2pp1/2N5/PP2BP2/2K4R","stockfishScores":{"bn":0.5}},{"fenStr":"r1bQn3/1p4kN/p1p3q1/4np2/2P2pp1/2N5/PP2BP2/2K4R","stockfishScores":{"wn":0.5070833333333333}},{"fenStr":"r1b1n3/1p2Q1kN/p1p3q1/4np2/2P2pp1/2N5/PP2BP2/2K4R","stockfishScores":{"bn":0.5136904761904761}},{"fenStr":"r1b1n3/1p2QnkN/p1p3q1/5p2/2P2pp1/2N5/PP2BP2/2K4R","stockfishScores":{"wn":0.5274404761904762}},{"fenStr":"r1b1nQ2/1p3nkN/p1p3q1/5p2/2P2pp1/2N5/PP2BP2/2K4R","stockfishScores":{"bn":0.5011904761904762}}],"result":{"ww":true}}