{"fens":[{"fenStr":"rnbqkbnr/pppppppp/8/8/2P5/8/PP1PPPPP/RNBQKBNR","stockfishScores":{"bn":0.5016666666666667}},{"fenStr":"rnbqkbnr/pppp1ppp/8/4p3/2P5/8/PP1PPPPP/RNBQKBNR","stockfishScores":{"wn":0.4973214285714286}},{"fenStr":"rnbqkbnr/pppp1ppp/8/4p3/2P5/2N5/PP1PPPPP/R1BQKBNR","stockfishScores":{"bn":0.5006547619047619}},{"fenStr":"rnbqk1nr/pppp1ppp/8/4p3/1bP5/2N5/PP1PPPPP/R1BQKBNR","stockfishScores":{"wn":0.5007738095238096}},{"fenStr":"rnbqk1nr/pppp1ppp/8/4p3/1bP5/2N1P3/PP1P1PPP/R1BQKBNR","stockfishScores":{"bn":0.5049404761904762}},{"fenStr":"rnbqk1nr/pppp1ppp/8/4p3/2P5/2b1P3/PP1P1PPP/R1BQKBNR","stockfishScores":{"wn":0.48375}},{"fenStr":"rnbqk1nr/pppp1ppp/8/4p3/2P5/2P1P3/P2P1PPP/R1BQKBNR","stockfishScores":{"bn":0.5073809523809524}},{"fenStr":"rnbqk1nr/ppp2ppp/3p4/4p3/2P5/2P1P3/P2P1PPP/R1BQKBNR","stockfishScores":{"wn":0.5035119047619048}},{"fenStr":"rnbqk1nr/ppp2ppp/3p4/4p3/2PP4/2P1P3/P4PPP/R1BQKBNR","stockfishScores":{"bn":0.5055952380952381}},{"fenStr":"r1bqk1nr/ppp2ppp/2np4/4p3/2PP4/2P1P3/P4PPP/R1BQKBNR","stockfishScores":{"wn":0.5045833333333334}},{"fenStr":"r1bqk1nr/ppp2ppp/2np4/4p3/2PP4/2PBP3/P4PPP/R1BQK1NR","stockfishScores":{"bn":0.5050595238095238}},{"fenStr":"r1bqk2r/ppp2ppp/2np1n2/4p3/2PP4/2PBP3/P4PPP/R1BQK1NR","stockfishScores":{"wn":0.4990476190476191}},{"fenStr":"r1bqk2r/ppp2ppp/2np1n2/4p3/2PP4/2PBP3/P3NPPP/R1BQK2R","stockfishScores":{"bn":0.5036904761904762}},{"fenStr":"r1bqk2r/ppp2ppp/2np1n2/8/2PPp3/2PBP3/P3NPPP/R1BQK2R","stockfishScores":{"wn":0.5019642857142858}},{"fenStr":"r1bqk2r/ppp2ppp/2np1n2/8/2PPp3/2P1P3/P1B1NPPP/R1BQK2R","stockfishScores":{"bn":0.5051785714285715}},{"fenStr":"r1bq1rk1/ppp2ppp/2np1n2/8/2PPp3/2P1P3/P1B1NPPP/R1BQK2R","stockfishScores":{"wn":0.49452380952380953}},{"fenStr":"r1bq1rk1/ppp2ppp/2np1n2/8/2PPp3/2P1P1N1/P1B2PPP/R1BQK2R","stockfishScores":{"bn":0.4928571428571429}},{"fenStr":"r1bqr1k1/ppp2ppp/2np1n2/8/2PPp3/2P1P1N1/P1B2PPP/R1BQK2R","stockfishScores":{"wn":0.4932142857142857}},{"fenStr":"r1bqr1k1/ppp2ppp/2np1n2/8/2PPp3/2P1P1N1/P1B2PPP/R1BQ1RK1","stockfishScores":{"bn":0.5027380952380952}},{"fenStr":"r1bqr1k1/ppp2ppp/3p1n2/n7/2PPp3/2P1P1N1/P1B2PPP/R1BQ1RK1","stockfishScores":{"wn":0.5010119047619047}},{"fenStr":"r1bqr1k1/ppp2ppp/3p1n2/n7/2PPp3/2P1PPN1/P1B3PP/R1BQ1RK1","stockfishScores":{"bn":0.5010119047619047}},{"fenStr":"r1bqr1k1/ppp2ppp/3p1n2/n7/2PP4/2P1PpN1/P1B3PP/R1BQ1RK1","stockfishScores":{"wn":0.4858928571428571}},{"fenStr":"r1bqr1k1/ppp2ppp/3p1n2/n7/2PP4/2P1PQN1/P1B3PP/R1B2RK1","stockfishScores":{"bn":0.5029761904761905}},{"fenStr":"r2qr1k1/ppp2ppp/3p1n2/n7/2PP2b1/2P1PQN1/P1B3PP/R1B2RK1","stockfishScores":{"wn":0.5008928571428571}},{"fenStr":"r2qr1k1/ppp2ppp/3p1n2/n7/2PP2b1/2P1P1N1/P1B2QPP/R1B2RK1","stockfishScores":{"bn":0.5005952380952381}},{"fenStr":"r2qr1k1/ppp2ppp/3pbn2/n7/2PP4/2P1P1N1/P1B2QPP/R1B2RK1","stockfishScores":{"wn":0.5036904761904762}},{"fenStr":"r2qr1k1/ppp2ppp/3pbn2/n7/2PPP3/2P3N1/P1B2QPP/R1B2RK1","stockfishScores":{"bn":0.5044642857142857}},{"fenStr":"r2qr1k1/ppp2ppp/3p1n2/n7/2bPP3/2P3N1/P1B2QPP/R1B2RK1","stockfishScores":{"wn":0.49541666666666667}},{"fenStr":"r2qr1k1/ppp2ppp/3p1n2/n5B1/2bPP3/2P3N1/P1B2QPP/R4RK1","stockfishScores":{"bn":0.4982738095238095}},{"fenStr":"r2qr1k1/ppp2pp1/3p1n1p/n5B1/2bPP3/2P3N1/P1B2QPP/R4RK1","stockfishScores":{"wn":0.49297619047619046}},{"fenStr":"r2qr1k1/ppp2pp1/3p1B1p/n7/2bPP3/2P3N1/P1B2QPP/R4RK1","stockfishScores":{"bn":0.5225}},{"fenStr":"r3r1k1/ppp2pp1/3p1q1p/n7/2bPP3/2P3N1/P1B2QPP/R4RK1","stockfishScores":{"wn":0.5002380952380953}},{"fenStr":"r3r1k1/ppp2pp1/3p1Q1p/n7/2bPP3/2P3N1/P1B3PP/R4RK1","stockfishScores":{"bn":0.5711904761904762}},{"fenStr":"r3r1k1/ppp2p2/3p1p1p/n7/2bPP3/2P3N1/P1B3PP/R4RK1","stockfishScores":{"wn":0.4986309523809524}},{"fenStr":"r3r1k1/ppp2p2/3p1p1p/n7/2bPPR2/2P3N1/P1B3PP/R5K1","stockfishScores":{"bn":0.4998214285714286}},{"fenStr":"r3r1k1/ppp2p2/2np1p1p/8/2bPPR2/2P3N1/P1B3PP/R5K1","stockfishScores":{"wn":0.5013690476190477}},{"fenStr":"r3r1k1/ppp2p2/2np1p1p/5N2/2bPPR2/2P5/P1B3PP/R5K1","stockfishScores":{"bn":0.5020833333333333}},{"fenStr":"r3r1k1/ppp1np2/3p1p1p/5N2/2bPPR2/2P5/P1B3PP/R5K1","stockfishScores":{"wn":0.501547619047619}},{"fenStr":"r3r1k1/ppp1np2/3p1p1N/8/2bPPR2/2P5/P1B3PP/R5K1","stockfishScores":{"bn":0.50625}},{"fenStr":"r3r3/ppp1npk1/3p1p1N/8/2bPPR2/2P5/P1B3PP/R5K1","stockfishScores":{"wn":0.50125}},{"fenStr":"r3r3/ppp1npk1/3p1p2/8/2bPPRN1/2P5/P1B3PP/R5K1","stockfishScores":{"bn":0.5029166666666667}},{"fenStr":"r3r1n1/ppp2pk1/3p1p2/8/2bPPRN1/2P5/P1B3PP/R5K1","stockfishScores":{"wn":0.5066666666666667}},{"fenStr":"r3r1n1/ppp2pk1/3p1p2/8/2bPPR2/2P1N3/P1B3PP/R5K1","stockfishScores":{"bn":0.5103571428571428}},{"fenStr":"r3r1n1/ppp2pk1/3pbp2/8/3PPR2/2P1N3/P1B3PP/R5K1","stockfishScores":{"wn":0.5101190476190476}},{"fenStr":"r3r1n1/ppp2pk1/3pbp2/8/3PPR2/2P1N3/P1B3PP/5RK1","stockfishScores":{"bn":0.5105952380952381}},{"fenStr":"r3r1n1/p1p2pk1/3pbp2/1p6/3PPR2/2P1N3/P1B3PP/5RK1","stockfishScores":{"wn":0.5107738095238096}},{"fenStr":"r3r1n1/p1p2pk1/3pbp2/1p6/3PPR2/1BP1N3/P5PP/5RK1","stockfishScores":{"bn":0.5111309523809524}},{"fenStr":"r3r1n1/p4pk1/3pbp2/1pp5/3PPR2/1BP1N3/P5PP/5RK1","stockfishScores":{"wn":0.5110119047619047}},{"fenStr":"r3r1n1/p4pk1/3pBp2/1pp5/3PPR2/2P1N3/P5PP/5RK1","stockfishScores":{"bn":0.5411904761904762}},{"fenStr":"r3r1n1/p5k1/3ppp2/1pp5/3PPR2/2P1N3/P5PP/5RK1","stockfishScores":{"wn":0.506547619047619}},{"fenStr":"r3r1n1/p5k1/3ppp2/1ppP4/4PR2/2P1N3/P5PP/5RK1","stockfishScores":{"bn":0.5036309523809523}},{"fenStr":"2r1r1n1/p5k1/3ppp2/1ppP4/4PR2/2P1N3/P5PP/5RK1","stockfishScores":{"wn":0.5042261904761904}},{"fenStr":"2r1r1n1/p5k1/3ppp2/1ppP4/4PR2/2P1NR2/P5PP/6K1","stockfishScores":{"bn":0.5025595238095238}},{"fenStr":"4r1n1/p1r3k1/3ppp2/1ppP4/4PR2/2P1NR2/P5PP/6K1","stockfishScores":{"wn":0.5044047619047619}},{"fenStr":"4r1n1/p1r3k1/3ppp2/1ppP4/4PR2/2P1N1R1/P5PP/6K1","stockfishScores":{"bn":0.5023809523809524}},{"fenStr":"4r1nk/p1r5/3ppp2/1ppP4/4PR2/2P1N1R1/P5PP/6K1","stockfishScores":{"wn":0.5058928571428571}},{"fenStr":"4r1nk/p1r5/3pPp2/1pp5/4PR2/2P1N1R1/P5PP/6K1","stockfishScores":{"bn":0.5178571428571429}},{"fenStr":"6nk/p1r5/3prp2/1pp5/4PR2/2P1N1R1/P5PP/6K1","stockfishScores":{"wn":0.5119047619047619}},{"fenStr":"6nk/p1r5/3prp2/1pp2N2/4PR2/2P3R1/P5PP/6K1","stockfishScores":{"bn":0.5124404761904762}},{"fenStr":"6nk/p6r/3prp2/1pp2N2/4PR2/2P3R1/P5PP/6K1","stockfishScores":{"wn":0.5101190476190476}},{"fenStr":"6nk/p6r/3prp2/1pp2N2/4P1R1/2P3R1/P5PP/6K1","stockfishScores":{"bn":0.5150595238095238}},{"fenStr":"7k/p3n2r/3prp2/1pp2N2/4P1R1/2P3R1/P5PP/6K1","stockfishScores":{"wn":0.5070833333333333}},{"fenStr":"7k/p3n1Nr/3prp2/1pp5/4P1R1/2P3R1/P5PP/6K1","stockfishScores":{"bn":0.5008928571428571}},{"fenStr":"7k/p3n1Nr/3p1p2/1pp1r3/4P1R1/2P3R1/P5PP/6K1","stockfishScores":{"wn":0.49488095238095237}},{"fenStr":"4N2k/p3n2r/3p1p2/1pp1r3/4P1R1/2P3R1/P5PP/6K1","stockfishScores":{"bn":0.5048214285714285}},{"fenStr":"4N2k/p3n2r/3p4/1pp1rp2/4P1R1/2P3R1/P5PP/6K1","stockfishScores":{"wn":0.5025}},{"fenStr":"4N2k/p3n2r/3p4/1pp1rP2/6R1/2P3R1/P5PP/6K1","stockfishScores":{"bn":0.5123809523809524}},{"fenStr":"4N2k/p3n2r/3p4/1pp2r2/6R1/2P3R1/P5PP/6K1","stockfishScores":{"wn":0.5019047619047619}},{"fenStr":"7k/p3n2r/3N4/1pp2r2/6R1/2P3R1/P5PP/6K1","stockfishScores":{"bn":0.5135119047619048}},{"fenStr":"7k/p3n2r/3N4/1ppr4/6R1/2P3R1/P5PP/6K1","stockfishScores":{"wn":0.5083333333333333}},{"fenStr":"7k/p3n2r/8/1ppr4/4N1R1/2P3R1/P5PP/6K1","stockfishScores":{"bn":0.5102380952380953}},{"fenStr":"7k/p3n2r/8/1pp5/4N1R1/2P3R1/P5PP/3r2K1","stockfishScores":{"wn":0.5094642857142857}},{"fenStr":"7k/p3n2r/8/1pp5/4N1R1/2P3R1/P4KPP/3r4","stockfishScores":{"bn":0.5117857142857143}},{"fenStr":"7k/p3n3/8/1pp5/4N1R1/2P3R1/P4KPr/3r4","stockfishScores":{"wn":0.5054761904761905}},{"fenStr":"7k/p3n3/8/1pp5/4N1R1/2P2R2/P4KPr/3r4","stockfishScores":{"bn":0.5083928571428571}},{"fenStr":"3r3k/p3n3/8/1pp5/4N1R1/2P2R2/P4KPr/8","stockfishScores":{"wn":0.5085119047619048}},{"fenStr":"3r3k/p3n3/8/1pN5/6R1/2P2R2/P4KPr/8","stockfishScores":{"bn":0.5102380952380953}},{"fenStr":"3r3k/p3n3/7r/1pN5/6R1/2P2R2/P4KP1/8","stockfishScores":{"wn":0.5093452380952381}},{"fenStr":"3r3k/p3n3/4N2r/1p6/6R1/2P2R2/P4KP1/8","stockfishScores":{"bn":0.5110119047619047}},{"fenStr":"7k/p3n3/4N2r/1p6/6R1/2P2R2/P2r1KP1/8","stockfishScores":{"wn":0.5086309523809524}},{"fenStr":"7k/p3n3/4N2r/1p6/6R1/2P2R2/P2r2P1/4K3","stockfishScores":{"bn":0.5085714285714286}},{"fenStr":"7k/p3n3/4N2r/1p6/6R1/2P2R2/r5P1/4K3","stockfishScores":{"wn":0.5042261904761904}},{"fenStr":"5R1k/p3n3/4N2r/1p6/6R1/2P5/r5P1/4K3","stockfishScores":{"bn":0.5007738095238096}},{"fenStr":"5R2/p3n2k/4N2r/1p6/6R1/2P5/r5P1/4K3","stockfishScores":{"wn":0.5139880952380952}},{"fenStr":"5R2/p3n1Rk/4N2r/1p6/8/2P5/r5P1/4K3","stockfishScores":{"bn":0.5076190476190476}}],"result":{"ww":true}}