{"fens":[{"fenStr":"rnbqkbnr/pppppppp/8/8/3P4/8/PPP1PPPP/RNBQKBNR","stockfishScores":{"bn":0.5048809523809524}},{"fenStr":"rnbqkb1r/pppppppp/5n2/8/3P4/8/PPP1PPPP/RNBQKBNR","stockfishScores":{"wn":0.5016071428571428}},{"fenStr":"rnbqkb1r/pppppppp/5n2/8/2PP4/8/PP2PPPP/RNBQKBNR","stockfishScores":{"bn":0.5041071428571429}},{"fenStr":"rnbqkb1r/pppppp1p/5np1/8/2PP4/8/PP2PPPP/RNBQKBNR","stockfishScores":{"wn":0.5035119047619048}},{"fenStr":"rnbqkb1r/pppppp1p/5np1/8/2PP4/2N5/PP2PPPP/R1BQKBNR","stockfishScores":{"bn":0.5066666666666667}},{"fenStr":"rnbqk2r/ppppppbp/5np1/8/2PP4/2N5/PP2PPPP/R1BQKBNR","stockfishScores":{"wn":0.5055357142857143}},{"fenStr":"rnbqk2r/ppppppbp/5np1/8/2PPP3/2N5/PP3PPP/R1BQKBNR","stockfishScores":{"bn":0.510297619047619}},{"fenStr":"rnbqk2r/ppp1ppbp/3p1np1/8/2PPP3/2N5/PP3PPP/R1BQKBNR","stockfishScores":{"wn":0.5032142857142857}},{"fenStr":"rnbqk2r/ppp1ppbp/3p1np1/8/2PPP3/2N2P2/PP4PP/R1BQKBNR","stockfishScores":{"bn":0.5041666666666667}},{"fenStr":"rnbq1rk1/ppp1ppbp/3p1np1/8/2PPP3/2N2P2/PP4PP/R1BQKBNR","stockfishScores":{"wn":0.4951785714285714}},{"fenStr":"rnbq1rk1/ppp1ppbp/3p1np1/6B1/2PPP3/2N2P2/PP4PP/R2QKBNR","stockfishScores":{"bn":0.49625}},{"fenStr":"rnbq1rk1/pp2ppbp/3p1np1/2p3B1/2PPP3/2N2P2/PP4PP/R2QKBNR","stockfishScores":{"wn":0.4944047619047619}},{"fenStr":"rnbq1rk1/pp2ppbp/3p1np1/2pP2B1/2P1P3/2N2P2/PP4PP/R2QKBNR","stockfishScores":{"bn":0.4951785714285714}},{"fenStr":"rnbq1rk1/pp3pbp/3ppnp1/2pP2B1/2P1P3/2N2P2/PP4PP/R2QKBNR","stockfishScores":{"wn":0.49654761904761907}},{"fenStr":"rnbq1rk1/pp3pbp/3ppnp1/2pP2B1/2P1P3/2N2P2/PP1Q2PP/R3KBNR","stockfishScores":{"bn":0.49642857142857144}},{"fenStr":"rnbq1rk1/pp3pbp/3p1np1/2pp2B1/2P1P3/2N2P2/PP1Q2PP/R3KBNR","stockfishScores":{"wn":0.48678571428571427}},{"fenStr":"rnbq1rk1/pp3pbp/3p1np1/2pN2B1/2P1P3/5P2/PP1Q2PP/R3KBNR","stockfishScores":{"bn":0.500297619047619}},{"fenStr":"rn1q1rk1/pp3pbp/3pbnp1/2pN2B1/2P1P3/5P2/PP1Q2PP/R3KBNR","stockfishScores":{"wn":0.49964285714285717}},{"fenStr":"rn1q1rk1/pp3pbp/3pbNp1/2p3B1/2P1P3/5P2/PP1Q2PP/R3KBNR","stockfishScores":{"bn":0.5167857142857143}},{"fenStr":"rn1q1rk1/pp3p1p/3pbbp1/2p3B1/2P1P3/5P2/PP1Q2PP/R3KBNR","stockfishScores":{"wn":0.4911309523809524}},{"fenStr":"rn1q1rk1/pp3p1p/3pbBp1/2p5/2P1P3/5P2/PP1Q2PP/R3KBNR","stockfishScores":{"bn":0.5264285714285715}},{"fenStr":"rn3rk1/pp3p1p/3pbqp1/2p5/2P1P3/5P2/PP1Q2PP/R3KBNR","stockfishScores":{"wn":0.48797619047619045}},{"fenStr":"rn3rk1/pp3p1p/3pbqp1/2p5/2P1P3/3B1P2/PP1Q2PP/R3K1NR","stockfishScores":{"bn":0.48732142857142857}},{"fenStr":"r4rk1/pp3p1p/2npbqp1/2p5/2P1P3/3B1P2/PP1Q2PP/R3K1NR","stockfishScores":{"wn":0.48160714285714284}},{"fenStr":"r4rk1/pp3p1p/2npbqp1/2p5/2P1P3/3B1P2/PP1QN1PP/R3K2R","stockfishScores":{"bn":0.4851190476190476}},{"fenStr":"r4rk1/pp3p1p/3pbqp1/2p1n3/2P1P3/3B1P2/PP1QN1PP/R3K2R","stockfishScores":{"wn":0.47672619047619047}},{"fenStr":"r4rk1/pp3p1p/3pbqp1/2p1n3/2P1P3/3B1P2/PP1QN1PP/2R1K2R","stockfishScores":{"bn":0.47660714285714284}},{"fenStr":"r4rk1/pp3p1p/3pbqp1/2p5/2P1P3/3n1P2/PP1QN1PP/2R1K2R","stockfishScores":{"wn":0.45220238095238097}},{"fenStr":"r4rk1/pp3p1p/3pbqp1/2p5/2P1P3/3Q1P2/PP2N1PP/2R1K2R","stockfishScores":{"bn":0.48964285714285716}},{"fenStr":"r4rk1/pp3p1p/3pb1p1/2p5/2P1P3/3Q1P2/Pq2N1PP/2R1K2R","stockfishScores":{"wn":0.4844047619047619}},{"fenStr":"r4rk1/pp3p1p/3pb1p1/2p5/2P1P3/3Q1P2/Pq2N1PP/2R2RK1","stockfishScores":{"bn":0.4995833333333333}},{"fenStr":"r4rk1/pp3p1p/3pb1p1/2p5/2P1P3/3Q1P2/q3N1PP/2R2RK1","stockfishScores":{"wn":0.49660714285714286}},{"fenStr":"r4rk1/pp3p1p/3pb1p1/2p5/2P1PN2/3Q1P2/q5PP/2R2RK1","stockfishScores":{"bn":0.49738095238095237}},{"fenStr":"r4rk1/pp3p1p/q2pb1p1/2p5/2P1PN2/3Q1P2/6PP/2R2RK1","stockfishScores":{"wn":0.49523809523809526}},{"fenStr":"r4rk1/pp3p1p/q2pb1p1/2p5/2P1PN2/2Q2P2/6PP/2R2RK1","stockfishScores":{"bn":0.4976785714285714}},{"fenStr":"r3r1k1/pp3p1p/q2pb1p1/2p5/2P1PN2/2Q2P2/6PP/2R2RK1","stockfishScores":{"wn":0.4974404761904762}},{"fenStr":"r3r1k1/pp3p1p/q2pb1p1/2p5/2P1PN1P/2Q2P2/6P1/2R2RK1","stockfishScores":{"bn":0.49720238095238095}},{"fenStr":"r3r1k1/pp3p1p/1q1pb1p1/2p5/2P1PN1P/2Q2P2/6P1/2R2RK1","stockfishScores":{"wn":0.49857142857142855}},{"fenStr":"r3r1k1/pp3p1p/1q1pb1p1/2p5/2P1PN1P/2Q2P2/6P1/2RR2K1","stockfishScores":{"bn":0.4992857142857143}},{"fenStr":"r2qr1k1/pp3p1p/3pb1p1/2p5/2P1PN1P/2Q2P2/6P1/2RR2K1","stockfishScores":{"wn":0.4980357142857143}},{"fenStr":"r2qr1k1/pp3p1p/3pb1p1/2p5/2P1PN1P/2Q2PP1/8/2RR2K1","stockfishScores":{"bn":0.49773809523809526}},{"fenStr":"r3r1k1/pp2qp1p/3pb1p1/2p5/2P1PN1P/2Q2PP1/8/2RR2K1","stockfishScores":{"wn":0.4982738095238095}},{"fenStr":"r3r1k1/pp2qp1p/3pb1p1/2p5/2P1PN1P/2Q2PP1/2R5/3R2K1","stockfishScores":{"bn":0.4979166666666667}},{"fenStr":"2r1r1k1/pp2qp1p/3pb1p1/2p5/2P1PN1P/2Q2PP1/2R5/3R2K1","stockfishScores":{"wn":0.4979166666666667}},{"fenStr":"2r1r1k1/pp2qp1p/3pb1p1/2p5/2P1PN1P/2Q2PP1/3R4/3R2K1","stockfishScores":{"bn":0.4975595238095238}},{"fenStr":"4r1k1/pp2qp1p/2rpb1p1/2p5/2P1PN1P/2Q2PP1/3R4/3R2K1","stockfishScores":{"wn":0.4992857142857143}},{"fenStr":"4r1k1/pp2qp1p/2rpb1p1/2p5/2P1PN1P/2Q2PP1/6R1/3R2K1","stockfishScores":{"bn":0.4961904761904762}},{"fenStr":"4rqk1/pp3p1p/2rpb1p1/2p5/2P1PN1P/2Q2PP1/6R1/3R2K1","stockfishScores":{"wn":0.49720238095238095}},{"fenStr":"4rqk1/pp3p1p/2rpb1p1/2p5/2P1PNPP/2Q2P2/6R1/3R2K1","stockfishScores":{"bn":0.4969047619047619}},{"fenStr":"4r1k1/pp3pqp/2rpb1p1/2p5/2P1PNPP/2Q2P2/6R1/3R2K1","stockfishScores":{"wn":0.49476190476190474}},{"fenStr":"4r1k1/pp3pqp/2rpb1p1/2p5/2P1PNPP/1Q3P2/6R1/3R2K1","stockfishScores":{"bn":0.49220238095238095}},{"fenStr":"4r1k1/pp3pqp/1r1pb1p1/2p5/2P1PNPP/1Q3P2/6R1/3R2K1","stockfishScores":{"wn":0.48696428571428574}},{"fenStr":"4r1k1/pp3pqp/1r1pb1p1/2p5/Q1P1PNPP/5P2/6R1/3R2K1","stockfishScores":{"bn":0.49315476190476193}},{"fenStr":"r5k1/pp3pqp/1r1pb1p1/2p5/Q1P1PNPP/5P2/6R1/3R2K1","stockfishScores":{"wn":0.4917261904761905}},{"fenStr":"r5k1/pp3pqp/1r1pb1p1/2p4P/Q1P1PNP1/5P2/6R1/3R2K1","stockfishScores":{"bn":0.49047619047619045}},{"fenStr":"r5k1/pp3pqp/3pb1p1/2p4P/QrP1PNP1/5P2/6R1/3R2K1","stockfishScores":{"wn":0.48857142857142855}},{"fenStr":"r5k1/pp3pqp/3pb1p1/Q1p4P/1rP1PNP1/5P2/6R1/3R2K1","stockfishScores":{"bn":0.4888690476190476}},{"fenStr":"r5k1/pp3pqp/3p2p1/Q1p4P/1rb1PNP1/5P2/6R1/3R2K1","stockfishScores":{"wn":0.4819047619047619}},{"fenStr":"r5k1/ppQ2pqp/3p2p1/2p4P/1rb1PNP1/5P2/6R1/3R2K1","stockfishScores":{"bn":0.48488095238095236}},{"fenStr":"r5k1/ppQ2p1p/3p2p1/2p1q2P/1rb1PNP1/5P2/6R1/3R2K1","stockfishScores":{"wn":0.4832738095238095}},{"fenStr":"r5k1/ppQ2p1p/3R2p1/2p1q2P/1rb1PNP1/5P2/6R1/6K1","stockfishScores":{"bn":0.4701190476190476}},{"fenStr":"r5k1/ppQ2p1p/3R2p1/2p1q2P/2b1PNP1/5P2/6R1/1r4K1","stockfishScores":{"wn":0.4799404761904762}},{"fenStr":"r5k1/ppQ2p1p/3R2p1/2p1q2P/2b1PNP1/5P2/5KR1/1r6","stockfishScores":{"bn":0.4502380952380952}},{"fenStr":"4r1k1/ppQ2p1p/3R2p1/2p1q2P/2b1PNP1/5P2/5KR1/1r6","stockfishScores":{"wn":0.44642857142857145}},{"fenStr":"4r1k1/ppQ2p1p/3R2pP/2p1q3/2b1PNP1/5P2/5KR1/1r6","stockfishScores":{"bn":0.4442857142857143}},{"fenStr":"4r1k1/ppQ2p1p/3R2pP/2p1q3/2b1PNP1/5P2/5KR1/3r4","stockfishScores":{"wn":0.4461904761904762}},{"fenStr":"4r1k1/ppQ2p1p/3R2pP/2pNq3/2b1P1P1/5P2/5KR1/3r4","stockfishScores":{"bn":0.44779761904761906}},{"fenStr":"4r1k1/ppQ2p1p/3R2pP/2pbq3/4P1P1/5P2/5KR1/3r4","stockfishScores":{"wn":0.4324404761904762}},{"fenStr":"3Rr1k1/ppQ2p1p/6pP/2pbq3/4P1P1/5P2/5KR1/3r4","stockfishScores":{"bn":0.43386904761904765}},{"fenStr":"3Rr1k1/ppQ2p1p/4q1pP/2pb4/4P1P1/5P2/5KR1/3r4","stockfishScores":{"wn":0.4561904761904762}},{"fenStr":"4R1k1/ppQ2p1p/4q1pP/2pb4/4P1P1/5P2/5KR1/3r4","stockfishScores":{"bn":0.4968452380952381}},{"fenStr":"4q1k1/ppQ2p1p/6pP/2pb4/4P1P1/5P2/5KR1/3r4","stockfishScores":{"wn":0.4531547619047619}},{"fenStr":"4q1k1/ppQ2p1p/6pP/2pP4/6P1/5P2/5KR1/3r4","stockfishScores":{"bn":0.4619642857142857}},{"fenStr":"6k1/ppQ2p1p/6pP/2pP4/6P1/5P2/5KR1/3rq3","stockfishScores":{"wn":0.46875}}],"result":{"bw":true}}