{"fens":[{"fenStr":"rnbqkbnr/pppppppp/8/8/8/5N2/PPPPPPPP/RNBQKB1R","stockfishScores":{"bn":0.5038690476190476}},{"fenStr":"rnbqkbnr/pppp1ppp/4p3/8/8/5N2/PPPPPPPP/RNBQKB1R","stockfishScores":{"wn":0.4992261904761905}},{"fenStr":"rnbqkbnr/pppp1ppp/4p3/8/2P5/5N2/PP1PPPPP/RNBQKB1R","stockfishScores":{"bn":0.500297619047619}},{"fenStr":"rnbqkbnr/ppp2ppp/4p3/3p4/2P5/5N2/PP1PPPPP/RNBQKB1R","stockfishScores":{"wn":0.49607142857142855}},{"fenStr":"rnbqkbnr/ppp2ppp/4p3/3p4/2P5/5NP1/PP1PPP1P/RNBQKB1R","stockfishScores":{"bn":0.4980357142857143}},{"fenStr":"rnbqkbnr/pp3ppp/4p3/2pp4/2P5/5NP1/PP1PPP1P/RNBQKB1R","stockfishScores":{"wn":0.49642857142857144}},{"fenStr":"rnbqkbnr/pp3ppp/4p3/2pP4/8/5NP1/PP1PPP1P/RNBQKB1R","stockfishScores":{"bn":0.5107142857142857}},{"fenStr":"rnbqkbnr/pp3ppp/8/2pp4/8/5NP1/PP1PPP1P/RNBQKB1R","stockfishScores":{"wn":0.4963690476190476}},{"fenStr":"rnbqkbnr/pp3ppp/8/2pp4/3P4/5NP1/PP2PP1P/RNBQKB1R","stockfishScores":{"bn":0.5026785714285714}},{"fenStr":"r1bqkbnr/pp3ppp/2n5/2pp4/3P4/5NP1/PP2PP1P/RNBQKB1R","stockfishScores":{"wn":0.49976190476190474}},{"fenStr":"r1bqkbnr/pp3ppp/2n5/2pp4/3P4/2N2NP1/PP2PP1P/R1BQKB1R","stockfishScores":{"bn":0.5025595238095238}},{"fenStr":"r1bqkb1r/pp3ppp/2n2n2/2pp4/3P4/2N2NP1/PP2PP1P/R1BQKB1R","stockfishScores":{"wn":0.4975595238095238}},{"fenStr":"r1bqkb1r/pp3ppp/2n2n2/2pp4/3P4/2N2NP1/PP2PPBP/R1BQK2R","stockfishScores":{"bn":0.4986904761904762}},{"fenStr":"r1bqk2r/pp2bppp/2n2n2/2pp4/3P4/2N2NP1/PP2PPBP/R1BQK2R","stockfishScores":{"wn":0.49976190476190474}},{"fenStr":"r1bqk2r/pp2bppp/2n2n2/2pp4/3P4/2N2NP1/PP2PPBP/R1BQ1RK1","stockfishScores":{"bn":0.5091071428571429}},{"fenStr":"r1bq1rk1/pp2bppp/2n2n2/2pp4/3P4/2N2NP1/PP2PPBP/R1BQ1RK1","stockfishScores":{"wn":0.49875}},{"fenStr":"r1bq1rk1/pp2bppp/2n2n2/2pp2B1/3P4/2N2NP1/PP2PPBP/R2Q1RK1","stockfishScores":{"bn":0.500297619047619}},{"fenStr":"r1bq1rk1/pp2bppp/2n2n2/3p2B1/3p4/2N2NP1/PP2PPBP/R2Q1RK1","stockfishScores":{"wn":0.49351190476190476}},{"fenStr":"r1bq1rk1/pp2bppp/2n2n2/3p2B1/3N4/2N3P1/PP2PPBP/R2Q1RK1","stockfishScores":{"bn":0.5060714285714286}},{"fenStr":"r1bq1rk1/pp2bpp1/2n2n1p/3p2B1/3N4/2N3P1/PP2PPBP/R2Q1RK1","stockfishScores":{"wn":0.5009523809523809}},{"fenStr":"r1bq1rk1/pp2bpp1/2n2n1p/3p4/3N4/2N1B1P1/PP2PPBP/R2Q1RK1","stockfishScores":{"bn":0.5035119047619048}},{"fenStr":"r2q1rk1/pp2bpp1/2n2n1p/3p4/3N2b1/2N1B1P1/PP2PPBP/R2Q1RK1","stockfishScores":{"wn":0.5017857142857143}},{"fenStr":"r2q1rk1/pp2bpp1/2n2n1p/3p4/Q2N2b1/2N1B1P1/PP2PPBP/R4RK1","stockfishScores":{"bn":0.49970238095238095}},{"fenStr":"r2q1rk1/pp2bpp1/5n1p/n2p4/Q2N2b1/2N1B1P1/PP2PPBP/R4RK1","stockfishScores":{"wn":0.5059523809523809}},{"fenStr":"r2q1rk1/pp2bpp1/5n1p/n2p4/Q2N2b1/2N1B1P1/PP2PPBP/R2R2K1","stockfishScores":{"bn":0.5064285714285715}},{"fenStr":"r2q1rk1/pp2bpp1/5n1p/3p4/Q1nN2b1/2N1B1P1/PP2PPBP/R2R2K1","stockfishScores":{"wn":0.49666666666666665}},{"fenStr":"r2q1rk1/pp2bpp1/5n1p/3p4/Q1nN2b1/2N3P1/PP2PPBP/R1BR2K1","stockfishScores":{"bn":0.4979166666666667}},{"fenStr":"r2q1rk1/pp2bpp1/1n3n1p/3p4/Q2N2b1/2N3P1/PP2PPBP/R1BR2K1","stockfishScores":{"wn":0.4986904761904762}},{"fenStr":"r2q1rk1/pp2bpp1/1n3n1p/3p4/3N2b1/1QN3P1/PP2PPBP/R1BR2K1","stockfishScores":{"bn":0.5031547619047619}},{"fenStr":"r2q1rk1/1p2bpp1/1n3n1p/p2p4/3N2b1/1QN3P1/PP2PPBP/R1BR2K1","stockfishScores":{"wn":0.5029761904761905}},{"fenStr":"r2q1rk1/1p2bpp1/1n3n1p/p2p4/3N2b1/1QN3PP/PP2PPB1/R1BR2K1","stockfishScores":{"bn":0.5066666666666667}},{"fenStr":"r2q1rk1/1p1bbpp1/1n3n1p/p2p4/3N4/1QN3PP/PP2PPB1/R1BR2K1","stockfishScores":{"wn":0.5013095238095238}},{"fenStr":"r2q1rk1/1p1bbpp1/1n3n1p/p2p4/3N4/1QN3PP/PP2PPBK/R1BR4","stockfishScores":{"bn":0.4994642857142857}},{"fenStr":"r2q1rk1/1p1bbpp1/1n3n1p/3p4/p2N4/1QN3PP/PP2PPBK/R1BR4","stockfishScores":{"wn":0.4967857142857143}},{"fenStr":"r2q1rk1/1p1bbpp1/1n3n1p/3p4/p2N4/2N3PP/PPQ1PPBK/R1BR4","stockfishScores":{"bn":0.5009523809523809}},{"fenStr":"r2qr1k1/1p1bbpp1/1n3n1p/3p4/p2N4/2N3PP/PPQ1PPBK/R1BR4","stockfishScores":{"wn":0.5014285714285714}},{"fenStr":"r2qr1k1/1p1bbpp1/1n3n1p/3p1N2/p7/2N3PP/PPQ1PPBK/R1BR4","stockfishScores":{"bn":0.4992261904761905}},{"fenStr":"r2qrbk1/1p1b1pp1/1n3n1p/3p1N2/p7/2N3PP/PPQ1PPBK/R1BR4","stockfishScores":{"wn":0.49654761904761907}},{"fenStr":"r2qrbk1/1p1b1pp1/1n3n1p/3N1N2/p7/6PP/PPQ1PPBK/R1BR4","stockfishScores":{"bn":0.506547619047619}},{"fenStr":"r2qrbk1/1p1b1pp1/1n5p/3n1N2/p7/6PP/PPQ1PPBK/R1BR4","stockfishScores":{"wn":0.48238095238095235}},{"fenStr":"r2qrbk1/1p1b1pp1/1n5p/3B1N2/p7/6PP/PPQ1PP1K/R1BR4","stockfishScores":{"bn":0.5055952380952381}},{"fenStr":"r3rbk1/1p1b1pp1/1n3q1p/3B1N2/p7/6PP/PPQ1PP1K/R1BR4","stockfishScores":{"wn":0.5008928571428571}},{"fenStr":"r3rbk1/1p1b1pp1/1n3q1p/3B1N2/p3P3/6PP/PPQ2P1K/R1BR4","stockfishScores":{"bn":0.5032142857142857}},{"fenStr":"r3rbk1/1p1b1pp1/5q1p/3n1N2/p3P3/6PP/PPQ2P1K/R1BR4","stockfishScores":{"wn":0.4769047619047619}},{"fenStr":"r3rbk1/1p1b1pp1/5q1p/3R1N2/p3P3/6PP/PPQ2P1K/R1B5","stockfishScores":{"bn":0.5025595238095238}},{"fenStr":"r3rbk1/1p3pp1/2b2q1p/3R1N2/p3P3/6PP/PPQ2P1K/R1B5","stockfishScores":{"wn":0.5014285714285714}},{"fenStr":"r3rbk1/1p3pp1/2b2q1p/3RPN2/p7/6PP/PPQ2P1K/R1B5","stockfishScores":{"bn":0.500297619047619}},{"fenStr":"r3rbk1/1p3pp1/2b3qp/3RPN2/p7/6PP/PPQ2P1K/R1B5","stockfishScores":{"wn":0.4992261904761905}},{"fenStr":"r3rbk1/1p3pp1/2b3qp/4PN2/p2R4/6PP/PPQ2P1K/R1B5","stockfishScores":{"bn":0.498452380952381}},{"fenStr":"r4bk1/1p3pp1/2b3qp/4rN2/p2R4/6PP/PPQ2P1K/R1B5","stockfishScores":{"wn":0.4861309523809524}},{"fenStr":"r4bk1/1p3pp1/2b3qp/4rN2/p2R2P1/7P/PPQ2P1K/R1B5","stockfishScores":{"bn":0.49047619047619045}},{"fenStr":"r4bk1/1p3pp1/2b3qp/5N2/p2R2P1/7P/PPQ2P1K/R1B1r3","stockfishScores":{"wn":0.4592857142857143}},{"fenStr":"r4bk1/1p3pp1/2b3qB/5N2/p2R2P1/7P/PPQ2P1K/R3r3","stockfishScores":{"bn":0.4627380952380952}},{"fenStr":"r4bk1/1p3pp1/2b3qB/5N2/p2R2P1/7P/PPQ2P1K/r7","stockfishScores":{"wn":0.4330357142857143}},{"fenStr":"r4bk1/1p3pB1/2b3q1/5N2/p2R2P1/7P/PPQ2P1K/r7","stockfishScores":{"bn":0.459702380952381}},{"fenStr":"r4bk1/1p3pB1/2b3q1/5N2/p2R2P1/7P/PPQ2P1K/7r","stockfishScores":{"wn":0.4810714285714286}},{"fenStr":"r4bk1/1p3pB1/2b3q1/5N2/p2R2P1/6KP/PPQ2P2/7r","stockfishScores":{"bn":0.45303571428571426}},{"fenStr":"r4bk1/1p3pB1/2b3q1/5N2/p2R2P1/6KP/PPQ2P2/6r1","stockfishScores":{"wn":0.4654761904761905}},{"fenStr":"r4bk1/1p3pB1/2b3q1/5N2/p2R1KP1/7P/PPQ2P2/6r1","stockfishScores":{"bn":0.47541666666666665}},{"fenStr":"r4b2/1p3pBk/2b3q1/5N2/p2R1KP1/7P/PPQ2P2/6r1","stockfishScores":{"wn":0.4631547619047619}},{"fenStr":"r4B2/1p3p1k/2b3q1/5N2/p2R1KP1/7P/PPQ2P2/6r1","stockfishScores":{"bn":0.48988095238095236}},{"fenStr":"5r2/1p3p1k/2b3q1/5N2/p2R1KP1/7P/PPQ2P2/6r1","stockfishScores":{"wn":0.46976190476190477}},{"fenStr":"5r2/1p3p1k/2b3q1/2Q2N2/p2R1KP1/7P/PP3P2/6r1","stockfishScores":{"bn":0.47214285714285714}},{"fenStr":"6r1/1p3p1k/2b3q1/2Q2N2/p2R1KP1/7P/PP3P2/6r1","stockfishScores":{"wn":0.45011904761904764}},{"fenStr":"6r1/1p2Qp1k/2b3q1/5N2/p2R1KP1/7P/PP3P2/6r1","stockfishScores":{"bn":0.4764285714285714}},{"fenStr":"4r3/1p2Qp1k/2b3q1/5N2/p2R1KP1/7P/PP3P2/6r1","stockfishScores":{"wn":0.46690476190476193}},{"fenStr":"4r3/1p3p1k/2b3q1/5N2/p2R1KPQ/7P/PP3P2/6r1","stockfishScores":{"bn":0.4566071428571429}},{"fenStr":"4r1k1/1p3p2/2b3q1/5N2/p2R1KPQ/7P/PP3P2/6r1","stockfishScores":{"wn":0.47095238095238096}},{"fenStr":"3Rr1k1/1p3p2/2b3q1/5N2/p4KPQ/7P/PP3P2/6r1","stockfishScores":{"bn":0.4836309523809524}},{"fenStr":"3Rr1k1/1p3p2/2b3q1/5N2/p4KPQ/7P/PP3P2/4r3","stockfishScores":{"wn":0.4644047619047619}},{"fenStr":"3Rr1k1/1p2Np2/2b3q1/8/p4KPQ/7P/PP3P2/4r3","stockfishScores":{"bn":0.42583333333333334}},{"fenStr":"3Rr1k1/1p2rp2/2b3q1/8/p4KPQ/7P/PP3P2/8","stockfishScores":{"wn":0.4467857142857143}},{"fenStr":"3Rr1k1/1p2Qp2/2b3q1/8/p4KP1/7P/PP3P2/8","stockfishScores":{"bn":0.48214285714285715}},{"fenStr":"3r2k1/1p2Qp2/2b3q1/8/p4KP1/7P/PP3P2/8","stockfishScores":{"wn":0.44660714285714287}},{"fenStr":"3Q2k1/1p3p2/2b3q1/8/p4KP1/7P/PP3P2/8","stockfishScores":{"bn":0.4825595238095238}},{"fenStr":"3Q4/1p3pk1/2b3q1/8/p4KP1/7P/PP3P2/8","stockfishScores":{"wn":0.4876190476190476}},{"fenStr":"3Q4/1p3pk1/2b3q1/6P1/p4K2/7P/PP3P2/8","stockfishScores":{"bn":0.48505952380952383}},{"fenStr":"3Q4/1p3pk1/2b5/6P1/p3qK2/7P/PP3P2/8","stockfishScores":{"wn":0.48583333333333334}},{"fenStr":"3Q4/1p3pk1/2b5/6P1/p3q3/6KP/PP3P2/8","stockfishScores":{"bn":0.4835714285714286}},{"fenStr":"3Q4/1p3pk1/2b5/6P1/p7/5qKP/PP3P2/8","stockfishScores":{"wn":0.48845238095238097}},{"fenStr":"3Q4/1p3pk1/2b5/6P1/p6K/5q1P/PP3P2/8","stockfishScores":{"bn":0.48136904761904764}},{"fenStr":"3Q4/1p3pk1/2b5/6P1/p4q1K/7P/PP3P2/8","stockfishScores":{"wn":0.48029761904761903}},{"fenStr":"3Q4/1p3pk1/2b5/6PK/p4q2/7P/PP3P2/8","stockfishScores":{"bn":0.47660714285714284}},{"fenStr":"3Q4/1p3pk1/8/6PK/p4q2/5b1P/PP3P2/8","stockfishScores":{"wn":0.4824404761904762}}],"result":{"bw":true}}