{"fens":[{"fenStr":"rnbqkbnr/pppppppp/8/8/3P4/8/PPP1PPPP/RNBQKBNR","stockfishScores":{"bn":0.5048809523809524}},{"fenStr":"rnbqkbnr/ppp1pppp/3p4/8/3P4/8/PPP1PPPP/RNBQKBNR","stockfishScores":{"wn":0.5007738095238096}},{"fenStr":"rnbqkbnr/ppp1pppp/3p4/8/2PP4/8/PP2PPPP/RNBQKBNR","stockfishScores":{"bn":0.502797619047619}},{"fenStr":"rnbqkb1r/ppp1pppp/3p1n2/8/2PP4/8/PP2PPPP/RNBQKBNR","stockfishScores":{"wn":0.49970238095238095}},{"fenStr":"rnbqkb1r/ppp1pppp/3p1n2/8/2PP4/2N5/PP2PPPP/R1BQKBNR","stockfishScores":{"bn":0.502797619047619}},{"fenStr":"rnbqkb1r/pp2pppp/2pp1n2/8/2PP4/2N5/PP2PPPP/R1BQKBNR","stockfishScores":{"wn":0.5023214285714286}},{"fenStr":"rnbqkb1r/pp2pppp/2pp1n2/8/2PPP3/2N5/PP3PPP/R1BQKBNR","stockfishScores":{"bn":0.5048809523809524}},{"fenStr":"r1bqkb1r/pp1npppp/2pp1n2/8/2PPP3/2N5/PP3PPP/R1BQKBNR","stockfishScores":{"wn":0.5047619047619047}},{"fenStr":"r1bqkb1r/pp1npppp/2pp1n2/8/2PPP3/2N1B3/PP3PPP/R2QKBNR","stockfishScores":{"bn":0.5054166666666666}},{"fenStr":"r1bqkb1r/pp1n1ppp/2pp1n2/4p3/2PPP3/2N1B3/PP3PPP/R2QKBNR","stockfishScores":{"wn":0.5021428571428571}},{"fenStr":"r1bqkb1r/pp1n1ppp/2pp1n2/3Pp3/2P1P3/2N1B3/PP3PPP/R2QKBNR","stockfishScores":{"bn":0.5010119047619047}},{"fenStr":"r1bqk2r/pp1nbppp/2pp1n2/3Pp3/2P1P3/2N1B3/PP3PPP/R2QKBNR","stockfishScores":{"wn":0.5016071428571428}},{"fenStr":"r1bqk2r/pp1nbppp/2pp1n2/3Pp3/2P1P3/2N1BP2/PP4PP/R2QKBNR","stockfishScores":{"bn":0.5014285714285714}},{"fenStr":"r1bq1rk1/pp1nbppp/2pp1n2/3Pp3/2P1P3/2N1BP2/PP4PP/R2QKBNR","stockfishScores":{"wn":0.49047619047619045}},{"fenStr":"r1bq1rk1/pp1nbppp/2pp1n2/3Pp3/2P1P3/2N1BP2/PP1Q2PP/R3KBNR","stockfishScores":{"bn":0.48964285714285716}},{"fenStr":"r1bq1rk1/1p1nbppp/p1pp1n2/3Pp3/2P1P3/2N1BP2/PP1Q2PP/R3KBNR","stockfishScores":{"wn":0.49089285714285713}},{"fenStr":"r1bq1rk1/1p1nbppp/p1pp1n2/3Pp3/2P1P3/2N1BP1N/PP1Q2PP/R3KB1R","stockfishScores":{"bn":0.4924404761904762}},{"fenStr":"r1bqr1k1/1p1nbppp/p1pp1n2/3Pp3/2P1P3/2N1BP1N/PP1Q2PP/R3KB1R","stockfishScores":{"wn":0.4932738095238095}},{"fenStr":"r1bqr1k1/1p1nbppp/p1pp1n2/3Pp3/2P1P3/2N1BP2/PP1Q1NPP/R3KB1R","stockfishScores":{"bn":0.49404761904761907}},{"fenStr":"r1b1r1k1/1p1nbppp/p1pp1n2/q2Pp3/2P1P3/2N1BP2/PP1Q1NPP/R3KB1R","stockfishScores":{"wn":0.49660714285714286}},{"fenStr":"r1b1r1k1/1p1nbppp/p1pp1n2/q2Pp3/2P1P3/2N1BP2/PP1QBNPP/R3K2R","stockfishScores":{"bn":0.49607142857142855}},{"fenStr":"r1b1r1k1/1p2bppp/p1pp1n2/q1nPp3/2P1P3/2N1BP2/PP1QBNPP/R3K2R","stockfishScores":{"wn":0.49648809523809523}},{"fenStr":"r1b1r1k1/1p2bppp/p1pp1n2/q1nPp3/2P1P3/2N1BP2/PP1QBNPP/R4RK1","stockfishScores":{"bn":0.5089285714285714}},{"fenStr":"r1b1r1k1/1p2bppp/p2p1n2/q1npp3/2P1P3/2N1BP2/PP1QBNPP/R4RK1","stockfishScores":{"wn":0.49779761904761904}},{"fenStr":"r1b1r1k1/1p2bppp/p2p1n2/q1nPp3/4P3/2N1BP2/PP1QBNPP/R4RK1","stockfishScores":{"bn":0.5091666666666667}},{"fenStr":"r1b1r1k1/4bppp/p2p1n2/qpnPp3/4P3/2N1BP2/PP1QBNPP/R4RK1","stockfishScores":{"wn":0.5073809523809524}},{"fenStr":"r1b1r1k1/4bppp/p2p1n2/qpnPp3/4P3/2N1BP2/PP1QBNPP/R3R1K1","stockfishScores":{"bn":0.5064880952380952}},{"fenStr":"r3r1k1/3bbppp/p2p1n2/qpnPp3/4P3/2N1BP2/PP1QBNPP/R3R1K1","stockfishScores":{"wn":0.5056547619047619}},{"fenStr":"r3r1k1/3bbppp/p2p1n2/qpnPp3/4P3/1PN1BP2/P2QBNPP/R3R1K1","stockfishScores":{"bn":0.5048214285714285}},{"fenStr":"r3r1k1/3bbppp/p2p1n2/q1nPp3/1p2P3/1PN1BP2/P2QBNPP/R3R1K1","stockfishScores":{"wn":0.5045238095238095}},{"fenStr":"r3r1k1/3bbppp/p2p1n2/q1nPp3/1p2P3/1P2BP2/P2QBNPP/R2NR1K1","stockfishScores":{"bn":0.5041666666666667}},{"fenStr":"r1r3k1/3bbppp/p2p1n2/q1nPp3/1p2P3/1P2BP2/P2QBNPP/R2NR1K1","stockfishScores":{"wn":0.5038690476190476}},{"fenStr":"r1r3k1/3bbppp/p2p1n2/q1nPp3/1p2P3/1P2BP2/PN1QBNPP/R3R1K1","stockfishScores":{"bn":0.5061904761904762}},{"fenStr":"r1r3k1/3bbppp/pq1p1n2/2nPp3/1p2P3/1P2BP2/PN1QBNPP/R3R1K1","stockfishScores":{"wn":0.507797619047619}},{"fenStr":"r1r3k1/3bbppp/pq1p1n2/2nPp3/1p2P3/1P1NBP2/PN1QB1PP/R3R1K1","stockfishScores":{"bn":0.5047619047619047}},{"fenStr":"r1r3k1/3bbppp/1q1p1n2/p1nPp3/1p2P3/1P1NBP2/PN1QB1PP/R3R1K1","stockfishScores":{"wn":0.5031547619047619}},{"fenStr":"r1r3k1/3bbppp/1q1p1n2/p1nPp3/1pN1P3/1P1NBP2/P2QB1PP/R3R1K1","stockfishScores":{"bn":0.5069047619047619}},{"fenStr":"rqr3k1/3bbppp/3p1n2/p1nPp3/1pN1P3/1P1NBP2/P2QB1PP/R3R1K1","stockfishScores":{"wn":0.5035714285714286}},{"fenStr":"rqr3k1/3bbppp/3p1n2/p1BPp3/1pN1P3/1P1N1P2/P2QB1PP/R3R1K1","stockfishScores":{"bn":0.5224404761904762}},{"fenStr":"rqr3k1/3bbppp/5n2/p1pPp3/1pN1P3/1P1N1P2/P2QB1PP/R3R1K1","stockfishScores":{"wn":0.5122619047619048}},{"fenStr":"rqr3k1/3bbppp/5n2/p1pPN3/1pN1P3/1P3P2/P2QB1PP/R3R1K1","stockfishScores":{"bn":0.5226785714285714}},{"fenStr":"rqr3k1/4bppp/5n2/pbpPN3/1pN1P3/1P3P2/P2QB1PP/R3R1K1","stockfishScores":{"wn":0.5203571428571429}},{"fenStr":"rqr3k1/4bppp/5n2/pbpPN3/1pN1P3/1P3P2/P2QB1PP/R2R2K1","stockfishScores":{"bn":0.5196428571428572}},{"fenStr":"rqr3k1/4bppp/5n2/p1pPN3/1pb1P3/1P3P2/P2QB1PP/R2R2K1","stockfishScores":{"wn":0.49625}},{"fenStr":"rqr3k1/4bppp/5n2/p1pP4/1pN1P3/1P3P2/P2QB1PP/R2R2K1","stockfishScores":{"bn":0.5182738095238095}},{"fenStr":"rqr3k1/5ppp/3b1n2/p1pP4/1pN1P3/1P3P2/P2QB1PP/R2R2K1","stockfishScores":{"wn":0.5185714285714286}},{"fenStr":"rqr3k1/5ppp/3b1n2/p1pP4/1pN1P3/1P3PP1/P2QB2P/R2R2K1","stockfishScores":{"bn":0.5179761904761905}},{"fenStr":"rq2r1k1/5ppp/3b1n2/p1pP4/1pN1P3/1P3PP1/P2QB2P/R2R2K1","stockfishScores":{"wn":0.5168452380952381}},{"fenStr":"rq2r1k1/5ppp/3b1n2/p1pP4/1pN1P3/1P1B1PP1/P2Q3P/R2R2K1","stockfishScores":{"bn":0.5166666666666667}},{"fenStr":"rq2r1k1/5ppp/3b1n2/2pP4/ppN1P3/1P1B1PP1/P2Q3P/R2R2K1","stockfishScores":{"wn":0.5161904761904762}},{"fenStr":"rq2r1k1/5ppp/3b1n2/2pP4/ppN1P3/1P1B1PP1/P5QP/R2R2K1","stockfishScores":{"bn":0.5146428571428572}},{"fenStr":"rq2r1k1/5ppp/5n2/2pPb3/ppN1P3/1P1B1PP1/P5QP/R2R2K1","stockfishScores":{"wn":0.5105357142857143}},{"fenStr":"rq2r1k1/5ppp/5n2/2pPb3/ppN1P3/1P1B1PP1/P5QP/2RR2K1","stockfishScores":{"bn":0.5129761904761905}},{"fenStr":"rq2r1k1/5ppp/5n2/2pP4/ppNbP3/1P1B1PP1/P5QP/2RR2K1","stockfishScores":{"wn":0.5122023809523809}},{"fenStr":"rq2r1k1/5ppp/5n2/2pP4/ppNbP3/1P1B1PP1/P5QP/2RR3K","stockfishScores":{"bn":0.5114880952380952}},{"fenStr":"rq2r1k1/5ppp/5n2/2pP4/1pNbP3/1p1B1PP1/P5QP/2RR3K","stockfishScores":{"wn":0.495952380952381}},{"fenStr":"rq2r1k1/5ppp/5n2/2pP4/1pNbP3/1P1B1PP1/6QP/2RR3K","stockfishScores":{"bn":0.5089285714285714}},{"fenStr":"rq2r1k1/3n1ppp/8/2pP4/1pNbP3/1P1B1PP1/6QP/2RR3K","stockfishScores":{"wn":0.5085714285714286}},{"fenStr":"rq2r1k1/3n1ppp/8/2pP4/1pNbPP2/1P1B2P1/6QP/2RR3K","stockfishScores":{"bn":0.5098214285714285}},{"fenStr":"rq2r1k1/5ppp/5n2/2pP4/1pNbPP2/1P1B2P1/6QP/2RR3K","stockfishScores":{"wn":0.5106547619047619}},{"fenStr":"rq2r1k1/5ppp/5n2/2pPP3/1pNb1P2/1P1B2P1/6QP/2RR3K","stockfishScores":{"bn":0.5159523809523809}},{"fenStr":"rq2r1k1/5ppp/8/2pPP3/1pNb1Pn1/1P1B2P1/6QP/2RR3K","stockfishScores":{"wn":0.5054761904761905}},{"fenStr":"rq2r1k1/5ppp/8/2pPP3/1pNb1Pn1/1P1B2P1/2R3QP/3R3K","stockfishScores":{"bn":0.5118452380952381}},{"fenStr":"1q2r1k1/5ppp/8/2pPP3/1pNb1Pn1/rP1B2P1/2R3QP/3R3K","stockfishScores":{"wn":0.515}},{"fenStr":"1q2r1k1/5ppp/8/2pPP3/1pNb1Pn1/rP1B2PP/2R3Q1/3R3K","stockfishScores":{"bn":0.5186904761904761}},{"fenStr":"1q2r1k1/5ppp/7n/2pPP3/1pNb1P2/rP1B2PP/2R3Q1/3R3K","stockfishScores":{"wn":0.5201190476190476}},{"fenStr":"1q2r1k1/5ppp/7n/2pPP3/1p1b1P2/NP1B2PP/2R3Q1/3R3K","stockfishScores":{"bn":0.5447619047619048}},{"fenStr":"1q2r1k1/5ppp/7n/2pPP3/3b1P2/pP1B2PP/2R3Q1/3R3K","stockfishScores":{"wn":0.5205357142857143}},{"fenStr":"1q2r1k1/5ppp/7n/2pPP3/3b1P2/pP1B2PP/2R3Q1/1R5K","stockfishScores":{"bn":0.5210714285714285}},{"fenStr":"1q2r1k1/5p1p/6pn/2pPP3/3b1P2/pP1B2PP/2R3Q1/1R5K","stockfishScores":{"wn":0.5211309523809524}},{"fenStr":"1q2r1k1/5p1p/6pn/2pPP3/2Rb1P2/pP1B2PP/6Q1/1R5K","stockfishScores":{"bn":0.5182142857142857}},{"fenStr":"1q4k1/4rp1p/6pn/2pPP3/2Rb1P2/pP1B2PP/6Q1/1R5K","stockfishScores":{"wn":0.5205357142857143}},{"fenStr":"1q4k1/4rp1p/6pn/2pPP3/R2b1P2/pP1B2PP/6Q1/1R5K","stockfishScores":{"bn":0.5213690476190476}},{"fenStr":"1q4k1/r4p1p/6pn/2pPP3/R2b1P2/pP1B2PP/6Q1/1R5K","stockfishScores":{"wn":0.5216071428571428}},{"fenStr":"1q4k1/r4p1p/6pn/2pPP3/R2b1P2/pP1B2PP/Q7/1R5K","stockfishScores":{"bn":0.52}},{"fenStr":"q5k1/r4p1p/6pn/2pPP3/R2b1P2/pP1B2PP/Q7/1R5K","stockfishScores":{"wn":0.5161309523809524}},{"fenStr":"q5k1/R4p1p/6pn/2pPP3/3b1P2/pP1B2PP/Q7/1R5K","stockfishScores":{"bn":0.5575595238095238}},{"fenStr":"6k1/q4p1p/6pn/2pPP3/3b1P2/pP1B2PP/Q7/1R5K","stockfishScores":{"wn":0.5200595238095238}},{"fenStr":"6k1/q4p1p/6pn/2pPP3/3b1P2/pP1B2PP/Q6K/1R6","stockfishScores":{"bn":0.5199404761904762}},{"fenStr":"6k1/5p1p/6pn/q1pPP3/3b1P2/pP1B2PP/Q6K/1R6","stockfishScores":{"wn":0.5202380952380953}},{"fenStr":"6k1/5p1p/3P2pn/q1p1P3/3b1P2/pP1B2PP/Q6K/1R6","stockfishScores":{"bn":0.5230357142857143}},{"fenStr":"5k2/5p1p/3P2pn/q1p1P3/3b1P2/pP1B2PP/Q6K/1R6","stockfishScores":{"wn":0.5245238095238095}},{"fenStr":"5k2/5p1p/3P2pn/q1p1P3/3b1P2/pP1B2PP/Q6K/3R4","stockfishScores":{"bn":0.5241071428571429}},{"fenStr":"q4k2/5p1p/3P2pn/2p1P3/3b1P2/pP1B2PP/Q6K/3R4","stockfishScores":{"wn":0.5235119047619048}},{"fenStr":"q4k2/5p1p/3P2pn/2p1P3/3b1P2/pP4PP/Q6K/1B1R4","stockfishScores":{"bn":0.5190476190476191}},{"fenStr":"5k2/5p1p/3P2pn/2p1P3/3b1P2/pP3qPP/Q6K/1B1R4","stockfishScores":{"wn":0.5219047619047619}},{"fenStr":"5k2/5p1p/3P2pn/2p1P3/3b1P2/pP3qPP/2Q4K/1B1R4","stockfishScores":{"bn":0.5238690476190476}},{"fenStr":"5k2/5p1p/3P2p1/2p1Pn2/3b1P2/pP3qPP/2Q4K/1B1R4","stockfishScores":{"wn":0.5113095238095238}},{"fenStr":"5k2/5p1p/3P2p1/2p1Pn2/3b1P2/pP1R1qPP/2Q4K/1B6","stockfishScores":{"bn":0.5127380952380952}},{"fenStr":"5k2/5p1p/3P2p1/2p1Pn2/3b1P2/pP1R2PP/2Q4K/1B3q2","stockfishScores":{"wn":0.49738095238095237}},{"fenStr":"5k2/5p1p/3P2p1/2p1Pn2/3b1P2/pP1R2PP/6QK/1B3q2","stockfishScores":{"bn":0.5191071428571429}},{"fenStr":"5k2/5p1p/3P2p1/2p1Pn2/3b1P2/pP1R2PP/6QK/1q6","stockfishScores":{"wn":0.49297619047619046}},{"fenStr":"5k2/5p1p/3P2p1/2p1Pn2/3b1P2/pP4PP/3R2QK/1q6","stockfishScores":{"bn":0.49333333333333335}},{"fenStr":"5k2/5p1p/3P2p1/2p1Pn2/3b1P2/pP4PP/3R2QK/4q3","stockfishScores":{"wn":0.4968452380952381}},{"fenStr":"5k2/5p1p/3P2p1/2p1Pn2/3b1P1P/pP4P1/3R2QK/4q3","stockfishScores":{"bn":0.4957142857142857}},{"fenStr":"5k2/5p1p/3P2p1/2p1P3/3b1P1n/pP4P1/3R2QK/4q3","stockfishScores":{"wn":0.49297619047619046}},{"fenStr":"Q4k2/5p1p/3P2p1/2p1P3/3b1P1n/pP4P1/3R3K/4q3","stockfishScores":{"bn":0.4793452380952381}},{"fenStr":"Q7/5pkp/3P2p1/2p1P3/3b1P1n/pP4P1/3R3K/4q3","stockfishScores":{"wn":0.4763095238095238}},{"fenStr":"Q7/3P1pkp/6p1/2p1P3/3b1P1n/pP4P1/3R3K/4q3","stockfishScores":{"bn":0.4851190476190476}},{"fenStr":"Q7/3P1pkp/6p1/2p1P3/3b1P1n/pP4P1/3q3K/8","stockfishScores":{"wn":0.44779761904761906}},{"fenStr":"Q7/3P1pkp/6p1/2p1P3/3b1P1n/pP4PK/3q4/8","stockfishScores":{"bn":0.44708333333333333}},{"fenStr":"Q7/3P1pkp/6p1/2p1P3/5P1n/pP4PK/3q4/6b1","stockfishScores":{"wn":0.4482738095238095}},{"fenStr":"Q2Q4/5pkp/6p1/2p1P3/5P1n/pP4PK/3q4/6b1","stockfishScores":{"bn":0.5185714285714286}},{"fenStr":"Q2Q4/5pkp/6p1/2p1P3/5P1n/pP4PK/7q/6b1","stockfishScores":{"wn":0.5269642857142857}},{"fenStr":"Q2Q4/5pkp/6p1/2p1P3/5PKn/pP4P1/7q/6b1","stockfishScores":{"bn":0.5148809523809523}},{"fenStr":"Q2Q4/5pkp/6p1/2p1P3/5PKn/pP4P1/4q3/6b1","stockfishScores":{"wn":0.5264880952380953}},{"fenStr":"Q2Q4/5pkp/6p1/2p1P3/5P1n/pP4PK/4q3/6b1","stockfishScores":{"bn":0.5132142857142857}},{"fenStr":"Q2Q4/5pkp/6p1/2p1P3/5P1n/pP4PK/7q/6b1","stockfishScores":{"wn":0.5269642857142857}},{"fenStr":"Q2Q4/5pkp/6p1/2p1P3/5PKn/pP4P1/7q/6b1","stockfishScores":{"bn":0.5148809523809523}},{"fenStr":"Q2Q4/5pk1/6p1/2p1P2p/5PKn/pP4P1/7q/6b1","stockfishScores":{"wn":0.5101190476190476}},{"fenStr":"Q2Q4/5pk1/6p1/2p1P1Kp/5P1n/pP4P1/7q/6b1","stockfishScores":{"bn":0.5058928571428571}},{"fenStr":"Q2Q4/5pk1/6p1/2p1P1Kp/5P1n/pP4q1/8/6b1","stockfishScores":{"wn":0.47214285714285714}}],"result":{"bw":true}}