{"fens":[{"fenStr":"rnbqkbnr/pppppppp/8/8/3P4/8/PPP1PPPP/RNBQKBNR","stockfishScores":{"bn":0.5048809523809524}},{"fenStr":"rnbqkb1r/pppppppp/5n2/8/3P4/8/PPP1PPPP/RNBQKBNR","stockfishScores":{"wn":0.5016071428571428}},{"fenStr":"rnbqkb1r/pppppppp/5n2/8/2PP4/8/PP2PPPP/RNBQKBNR","stockfishScores":{"bn":0.5041071428571429}},{"fenStr":"rnbqkb1r/pp1ppppp/5n2/2p5/2PP4/8/PP2PPPP/RNBQKBNR","stockfishScores":{"wn":0.5042261904761904}},{"fenStr":"rnbqkb1r/pp1ppppp/5n2/2pP4/2P5/8/PP2PPPP/RNBQKBNR","stockfishScores":{"bn":0.5044047619047619}},{"fenStr":"rnbqkb1r/pp1p1ppp/4pn2/2pP4/2P5/8/PP2PPPP/RNBQKBNR","stockfishScores":{"wn":0.5004166666666666}},{"fenStr":"rnbqkb1r/pp1p1ppp/4pn2/2pP4/2P5/2N5/PP2PPPP/R1BQKBNR","stockfishScores":{"bn":0.5030357142857143}},{"fenStr":"rnbqkb1r/pp1p1ppp/5n2/2pp4/2P5/2N5/PP2PPPP/R1BQKBNR","stockfishScores":{"wn":0.48964285714285716}},{"fenStr":"rnbqkb1r/pp1p1ppp/5n2/2pP4/8/2N5/PP2PPPP/R1BQKBNR","stockfishScores":{"bn":0.5031547619047619}},{"fenStr":"rnbqkb1r/pp3ppp/3p1n2/2pP4/8/2N5/PP2PPPP/R1BQKBNR","stockfishScores":{"wn":0.5024404761904762}},{"fenStr":"rnbqkb1r/pp3ppp/3p1n2/2pP4/4P3/2N5/PP3PPP/R1BQKBNR","stockfishScores":{"bn":0.5148809523809523}},{"fenStr":"rnbqkb1r/pp3p1p/3p1np1/2pP4/4P3/2N5/PP3PPP/R1BQKBNR","stockfishScores":{"wn":0.51375}},{"fenStr":"rnbqkb1r/pp3p1p/3p1np1/2pP4/4P3/2NB4/PP3PPP/R1BQK1NR","stockfishScores":{"bn":0.5141666666666667}},{"fenStr":"rnbqk2r/pp3pbp/3p1np1/2pP4/4P3/2NB4/PP3PPP/R1BQK1NR","stockfishScores":{"wn":0.513095238095238}},{"fenStr":"rnbqk2r/pp3pbp/3p1np1/2pP4/4P3/2NB1N2/PP3PPP/R1BQK2R","stockfishScores":{"bn":0.5176785714285714}},{"fenStr":"rn1qk2r/pp3pbp/3p1np1/2pP4/4P1b1/2NB1N2/PP3PPP/R1BQK2R","stockfishScores":{"wn":0.5155357142857143}},{"fenStr":"rn1qk2r/pp3pbp/3p1np1/2pP4/4P1b1/2NB1N1P/PP3PP1/R1BQK2R","stockfishScores":{"bn":0.5208928571428572}},{"fenStr":"rn1qk2r/pp3pbp/3p1np1/2pP4/4P3/2NB1b1P/PP3PP1/R1BQK2R","stockfishScores":{"wn":0.49005952380952383}},{"fenStr":"rn1qk2r/pp3pbp/3p1np1/2pP4/4P3/2NB1Q1P/PP3PP1/R1B1K2R","stockfishScores":{"bn":0.5119047619047619}},{"fenStr":"rn1qk2r/pp1n1pbp/3p2p1/2pP4/4P3/2NB1Q1P/PP3PP1/R1B1K2R","stockfishScores":{"wn":0.5064285714285715}},{"fenStr":"rn1qk2r/pp1n1pbp/3p2p1/2pP4/4P3/2NB2QP/PP3PP1/R1B1K2R","stockfishScores":{"bn":0.5074404761904762}},{"fenStr":"rn1q1rk1/pp1n1pbp/3p2p1/2pP4/4P3/2NB2QP/PP3PP1/R1B1K2R","stockfishScores":{"wn":0.4982738095238095}},{"fenStr":"rn1q1rk1/pp1n1pbp/3p2p1/2pP4/4P3/2NB2QP/PP3PP1/R1B2RK1","stockfishScores":{"bn":0.5081547619047619}},{"fenStr":"rn1qr1k1/pp1n1pbp/3p2p1/2pP4/4P3/2NB2QP/PP3PP1/R1B2RK1","stockfishScores":{"wn":0.5080357142857143}},{"fenStr":"rn1qr1k1/pp1n1pbp/3p2p1/2pP4/4PB2/2NB2QP/PP3PP1/R4RK1","stockfishScores":{"bn":0.5085119047619048}},{"fenStr":"rn1qr1k1/pp3pbp/3p2p1/2pPn3/4PB2/2NB2QP/PP3PP1/R4RK1","stockfishScores":{"wn":0.5061904761904762}},{"fenStr":"rn1qr1k1/pp3pbp/3p2p1/1BpPn3/4PB2/2N3QP/PP3PP1/R4RK1","stockfishScores":{"bn":0.5098809523809524}},{"fenStr":"r2qr1k1/pp1n1pbp/3p2p1/1BpPn3/4PB2/2N3QP/PP3PP1/R4RK1","stockfishScores":{"wn":0.505297619047619}},{"fenStr":"r2qr1k1/pp1n1pbp/3p2p1/1BpPn1B1/4P3/2N3QP/PP3PP1/R4RK1","stockfishScores":{"bn":0.5031547619047619}},{"fenStr":"r2qr1k1/pp1n2bp/3p1pp1/1BpPn1B1/4P3/2N3QP/PP3PP1/R4RK1","stockfishScores":{"wn":0.5042857142857143}},{"fenStr":"r2qr1k1/pp1n2bp/3p1pp1/1BpPn3/4P3/2N3QP/PP1B1PP1/R4RK1","stockfishScores":{"bn":0.5069047619047619}},{"fenStr":"r2qr1k1/1p1n2bp/p2p1pp1/1BpPn3/4P3/2N3QP/PP1B1PP1/R4RK1","stockfishScores":{"wn":0.5036904761904762}},{"fenStr":"r2qr1k1/1p1n2bp/p2p1pp1/2pPn3/4P3/2N3QP/PP1BBPP1/R4RK1","stockfishScores":{"bn":0.5060119047619047}},{"fenStr":"r2qr1k1/3n2bp/p2p1pp1/1ppPn3/4P3/2N3QP/PP1BBPP1/R4RK1","stockfishScores":{"wn":0.5046428571428572}},{"fenStr":"r2qr1k1/3n2bp/p2p1pp1/1ppPn3/P3P3/2N3QP/1P1BBPP1/R4RK1","stockfishScores":{"bn":0.5039285714285714}},{"fenStr":"r2qr1k1/3n2bp/p2p1pp1/2pPn3/Pp2P3/2N3QP/1P1BBPP1/R4RK1","stockfishScores":{"wn":0.5029166666666667}},{"fenStr":"r2qr1k1/3n2bp/p2p1pp1/2pPn3/Pp2P3/6QP/1P1BBPP1/R2N1RK1","stockfishScores":{"bn":0.5010714285714286}},{"fenStr":"r2qr1k1/3n1nbp/p2p1pp1/2pP4/Pp2P3/6QP/1P1BBPP1/R2N1RK1","stockfishScores":{"wn":0.5009523809523809}},{"fenStr":"r2qr1k1/3n1nbp/p2p1pp1/2pP4/Pp2P3/3B2QP/1P1B1PP1/R2N1RK1","stockfishScores":{"bn":0.5017857142857143}},{"fenStr":"r2qr1k1/3n1nbp/p2p1pp1/3P4/Ppp1P3/3B2QP/1P1B1PP1/R2N1RK1","stockfishScores":{"wn":0.503452380952381}},{"fenStr":"r2qr1k1/3n1nbp/p2p1pp1/3P4/PpB1P3/6QP/1P1B1PP1/R2N1RK1","stockfishScores":{"bn":0.5102380952380953}},{"fenStr":"r2q2k1/3n1nbp/p2p1pp1/3P4/PpB1r3/6QP/1P1B1PP1/R2N1RK1","stockfishScores":{"wn":0.49988095238095237}},{"fenStr":"r2q2k1/3n1nbp/p2p1pp1/3P4/PpB1r3/6QP/1P1B1PP1/2RN1RK1","stockfishScores":{"bn":0.5021428571428571}},{"fenStr":"r2q2k1/3n1nbp/3p1pp1/p2P4/PpB1r3/6QP/1P1B1PP1/2RN1RK1","stockfishScores":{"wn":0.5004761904761905}},{"fenStr":"r2q2k1/3n1nbp/3p1pp1/p2P4/PpB1r3/4B1QP/1P3PP1/2RN1RK1","stockfishScores":{"bn":0.500297619047619}},{"fenStr":"r2q2k1/3n1nbp/3p2p1/p2P1p2/PpB1r3/4B1QP/1P3PP1/2RN1RK1","stockfishScores":{"wn":0.49404761904761907}},{"fenStr":"r2q2k1/3n1nbp/3p2p1/p2P1p2/Pp2r3/3BB1QP/1P3PP1/2RN1RK1","stockfishScores":{"bn":0.49970238095238095}},{"fenStr":"r2q2k1/3n1nbp/3p2p1/p2P4/Pp2rp2/3BB1QP/1P3PP1/2RN1RK1","stockfishScores":{"wn":0.49476190476190474}},{"fenStr":"r2q2k1/3n1nbp/3p2p1/p2P4/Pp2rB2/3B2QP/1P3PP1/2RN1RK1","stockfishScores":{"bn":0.5102380952380953}},{"fenStr":"r2q2k1/3n1nbp/3p2p1/p2P4/Pp3r2/3B2QP/1P3PP1/2RN1RK1","stockfishScores":{"wn":0.4789285714285714}},{"fenStr":"r2q2k1/3n1nbp/3p2p1/p2P4/Pp3Q2/3B3P/1P3PP1/2RN1RK1","stockfishScores":{"bn":0.5120833333333333}},{"fenStr":"r2q2k1/3n1n1p/3p2pb/p2P4/Pp3Q2/3B3P/1P3PP1/2RN1RK1","stockfishScores":{"wn":0.5104761904761905}},{"fenStr":"r2q2k1/3n1n1p/3p2pb/p2P4/Pp6/3B2QP/1P3PP1/2RN1RK1","stockfishScores":{"bn":0.513095238095238}},{"fenStr":"r2q2k1/3n1n1p/3p2p1/p2P4/Pp6/3B2QP/1P3PP1/2bN1RK1","stockfishScores":{"wn":0.4820833333333333}},{"fenStr":"r2q2k1/3n1n1p/3p2p1/p2P4/Pp3P2/3B2QP/1P4P1/2bN1RK1","stockfishScores":{"bn":0.4832142857142857}},{"fenStr":"r5k1/3n1n1p/3p1qp1/p2P4/Pp3P2/3B2QP/1P4P1/2bN1RK1","stockfishScores":{"wn":0.4844047619047619}},{"fenStr":"r5k1/3n1n1p/3p1qp1/p2P4/Pp3P2/3B3P/1P3QP1/2bN1RK1","stockfishScores":{"bn":0.4814880952380952}},{"fenStr":"r5k1/5n1p/3p1qp1/p1nP4/Pp3P2/3B3P/1P3QP1/2bN1RK1","stockfishScores":{"wn":0.47422619047619047}},{"fenStr":"r5k1/5n1p/3p1qp1/p1nP4/Pp3P2/7P/1P3QP1/1BbN1RK1","stockfishScores":{"bn":0.4748809523809524}},{"fenStr":"4r1k1/5n1p/3p1qp1/p1nP4/Pp3P2/7P/1P3QP1/1BbN1RK1","stockfishScores":{"wn":0.47214285714285714}},{"fenStr":"4r1k1/5n1p/3p1qp1/p1nP4/Pp3P2/7P/1P3QP1/1BbN1R1K","stockfishScores":{"bn":0.4705357142857143}},{"fenStr":"4r1k1/5n1p/3p1qp1/p1nP4/P4P2/1p5P/1P3QP1/1BbN1R1K","stockfishScores":{"wn":0.47291666666666665}},{"fenStr":"4r1k1/5n1p/3p1qp1/p1nP1P2/P7/1p5P/1P3QP1/1BbN1R1K","stockfishScores":{"bn":0.470297619047619}},{"fenStr":"4r1k1/5n1p/3p1q2/p1nP1Pp1/P7/1p5P/1P3QP1/1BbN1R1K","stockfishScores":{"wn":0.472797619047619}},{"fenStr":"4r1k1/5n1p/3p1q2/p1nP1Pp1/P7/1p3Q1P/1P4P1/1BbN1R1K","stockfishScores":{"bn":0.47291666666666665}},{"fenStr":"4r1k1/5n1p/3p4/p1nP1Pp1/P2q4/1p3Q1P/1P4P1/1BbN1R1K","stockfishScores":{"wn":0.4763095238095238}},{"fenStr":"4r1k1/5n1p/3p4/p1nP1Pp1/P2q4/1p3Q1P/1P3NP1/1Bb2R1K","stockfishScores":{"bn":0.4798809523809524}},{"fenStr":"4r1k1/5n1p/3p4/p1nP1Pp1/P2q4/1p3Q1P/1b3NP1/1B3R1K","stockfishScores":{"wn":0.46464285714285714}},{"fenStr":"4r1k1/5n1p/3p4/p1nP1Pp1/P2q2N1/1p3Q1P/1b4P1/1B3R1K","stockfishScores":{"bn":0.4663095238095238}},{"fenStr":"4r1k1/5n1p/3p4/p1nP1Pp1/P4qN1/1p3Q1P/1b4P1/1B3R1K","stockfishScores":{"wn":0.4697023809523809}},{"fenStr":"4r1k1/5n1p/3p4/p1nP1Pp1/P4qN1/1p5P/1b4P1/1B1Q1R1K","stockfishScores":{"bn":0.4680952380952381}},{"fenStr":"4r1k1/5n1p/3p4/p1nP1Pp1/P5N1/1p4qP/1b4P1/1B1Q1R1K","stockfishScores":{"wn":0.46732142857142855}},{"fenStr":"4r1k1/5n1p/3p1P2/p1nP2p1/P5N1/1p4qP/1b4P1/1B1Q1R1K","stockfishScores":{"bn":0.4817261904761905}},{"fenStr":"4r1k1/5n1p/3p1P2/p1nP2p1/P5N1/1pb3qP/6P1/1B1Q1R1K","stockfishScores":{"wn":0.47833333333333333}},{"fenStr":"4r1k1/5n1p/3p1P1N/p1nP2p1/P7/1pb3qP/6P1/1B1Q1R1K","stockfishScores":{"bn":0.475297619047619}},{"fenStr":"4r1k1/7p/3p1P1n/p1nP2p1/P7/1pb3qP/6P1/1B1Q1R1K","stockfishScores":{"wn":0.44625}},{"fenStr":"4r1k1/7p/3p1P1n/p1nP2pQ/P7/1pb3qP/6P1/1B3R1K","stockfishScores":{"bn":0.44613095238095235}},{"fenStr":"6k1/7p/3p1P1n/p1nP2pQ/P7/1pb3qP/6P1/1B2rR1K","stockfishScores":{"wn":0.44613095238095235}},{"fenStr":"6k1/5P1p/3p3n/p1nP2pQ/P7/1pb3qP/6P1/1B2rR1K","stockfishScores":{"bn":0.44607142857142856}},{"fenStr":"5k2/5P1p/3p3n/p1nP2pQ/P7/1pb3qP/6P1/1B2rR1K","stockfishScores":{"wn":0.4463095238095238}},{"fenStr":"5k2/5P1p/3p3Q/p1nP2p1/P7/1pb3qP/6P1/1B2rR1K","stockfishScores":{"bn":0.44125000000000003}},{"fenStr":"5k2/5Pbp/3p3Q/p1nP2p1/P7/1p4qP/6P1/1B2rR1K","stockfishScores":{"wn":0.4502380952380952}},{"fenStr":"5k2/5PQp/3p4/p1nP2p1/P7/1p4qP/6P1/1B2rR1K","stockfishScores":{"bn":0.4875}},{"fenStr":"8/5Pkp/3p4/p1nP2p1/P7/1p4qP/6P1/1B2rR1K","stockfishScores":{"wn":0.4213690476190476}},{"fenStr":"5Q2/6kp/3p4/p1nP2p1/P7/1p4qP/6P1/1B2rR1K","stockfishScores":{"bn":0.47732142857142856}}],"result":{"ww":true}}