{"fens":[{"fenStr":"rnbqkbnr/pppppppp/8/8/4P3/8/PPPP1PPP/RNBQKBNR","stockfishScores":{"bn":0.5049404761904762}},{"fenStr":"rnbqkbnr/pp1ppppp/2p5/8/4P3/8/PPPP1PPP/RNBQKBNR","stockfishScores":{"wn":0.5039880952380953}},{"fenStr":"rnbqkbnr/pp1ppppp/2p5/8/2B1P3/8/PPPP1PPP/RNBQK1NR","stockfishScores":{"bn":0.5044047619047619}},{"fenStr":"rnbqkbnr/pp2pppp/2p5/3p4/2B1P3/8/PPPP1PPP/RNBQK1NR","stockfishScores":{"wn":0.48904761904761906}},{"fenStr":"rnbqkbnr/pp2pppp/2p5/3p4/4P3/1B6/PPPP1PPP/RNBQK1NR","stockfishScores":{"bn":0.49476190476190474}},{"fenStr":"rnbqkbnr/pp3ppp/2p1p3/3p4/4P3/1B6/PPPP1PPP/RNBQK1NR","stockfishScores":{"wn":0.49178571428571427}},{"fenStr":"rnbqkbnr/pp3ppp/2p1p3/3p4/3PP3/1B6/PPP2PPP/RNBQK1NR","stockfishScores":{"bn":0.49738095238095237}},{"fenStr":"rnbqkbnr/pp3ppp/2p1p3/8/3Pp3/1B6/PPP2PPP/RNBQK1NR","stockfishScores":{"wn":0.48154761904761906}},{"fenStr":"rnbqkbnr/pp3ppp/2p1p3/8/3Pp3/1BN5/PPP2PPP/R1BQK1NR","stockfishScores":{"bn":0.495}},{"fenStr":"rnbqk1nr/pp3ppp/2p1p3/8/1b1Pp3/1BN5/PPP2PPP/R1BQK1NR","stockfishScores":{"wn":0.49089285714285713}},{"fenStr":"rnbqk1nr/pp3ppp/2p1p3/8/1b1Pp3/1BN2P2/PPP3PP/R1BQK1NR","stockfishScores":{"bn":0.48351190476190475}},{"fenStr":"rnb1k1nr/pp3ppp/2p1p3/q7/1b1Pp3/1BN2P2/PPP3PP/R1BQK1NR","stockfishScores":{"wn":0.49297619047619046}},{"fenStr":"rnb1k1nr/pp3ppp/2p1p3/q7/1b1Pp3/1BN2P2/PPPB2PP/R2QK1NR","stockfishScores":{"bn":0.4950595238095238}},{"fenStr":"rnb1k1nr/pp3ppp/2p1p3/q7/1b1P4/1BN1pP2/PPPB2PP/R2QK1NR","stockfishScores":{"wn":0.4888095238095238}},{"fenStr":"rnb1k1nr/pp3ppp/2p1p3/q7/1b1P4/1BN1BP2/PPP3PP/R2QK1NR","stockfishScores":{"bn":0.50125}},{"fenStr":"rnb1k1nr/pp3ppp/2p1p3/q7/3P4/1Bb1BP2/PPP3PP/R2QK1NR","stockfishScores":{"wn":0.4756547619047619}},{"fenStr":"rnb1k1nr/pp3ppp/2p1p3/q7/3P4/1BP1BP2/P1P3PP/R2QK1NR","stockfishScores":{"bn":0.5042857142857143}},{"fenStr":"rnb1k1nr/pp3ppp/2p1p3/8/3P4/1Bq1BP2/P1P3PP/R2QK1NR","stockfishScores":{"wn":0.49476190476190474}},{"fenStr":"rnb1k1nr/pp3ppp/2p1p3/8/3P4/1Bq1BP2/P1P2KPP/R2Q2NR","stockfishScores":{"bn":0.5074404761904762}},{"fenStr":"rnb1k2r/pp3ppp/2p1pn2/8/3P4/1Bq1BP2/P1P2KPP/R2Q2NR","stockfishScores":{"wn":0.5045238095238095}},{"fenStr":"rnb1k2r/pp3ppp/2p1pn2/8/3P4/1Bq1BP2/P1P1NKPP/R2Q3R","stockfishScores":{"bn":0.5179166666666667}},{"fenStr":"rnb1k2r/pp3ppp/2p1pn2/q7/3P4/1B2BP2/P1P1NKPP/R2Q3R","stockfishScores":{"wn":0.5126190476190476}},{"fenStr":"rnb1k2r/pp3ppp/2p1pn2/q7/2PP4/1B2BP2/P3NKPP/R2Q3R","stockfishScores":{"bn":0.5151785714285714}},{"fenStr":"r1b1k2r/pp1n1ppp/2p1pn2/q7/2PP4/1B2BP2/P3NKPP/R2Q3R","stockfishScores":{"wn":0.5125595238095239}},{"fenStr":"r1b1k2r/pp1n1ppp/2p1pn2/q7/2PP4/1B2BP2/P3NKPP/R2QR3","stockfishScores":{"bn":0.5125}},{"fenStr":"r1b2rk1/pp1n1ppp/2p1pn2/q7/2PP4/1B2BP2/P3NKPP/R2QR3","stockfishScores":{"wn":0.5029761904761905}},{"fenStr":"r1b2rk1/pp1n1ppp/2p1pn2/q7/2PP2P1/1B2BP2/P3NK1P/R2QR3","stockfishScores":{"bn":0.5008333333333334}},{"fenStr":"r1b2rk1/pp1n1ppp/2p2n2/q3p3/2PP2P1/1B2BP2/P3NK1P/R2QR3","stockfishScores":{"wn":0.5002380952380953}},{"fenStr":"r1b2rk1/pp1n1ppp/2p2n2/q3p1P1/2PP4/1B2BP2/P3NK1P/R2QR3","stockfishScores":{"bn":0.5018452380952381}},{"fenStr":"r1b2rk1/pp1n1ppp/2p5/q3p1Pn/2PP4/1B2BP2/P3NK1P/R2QR3","stockfishScores":{"wn":0.4995833333333333}},{"fenStr":"r1b2rk1/pp1n1ppp/2p5/q3p1Pn/2PP4/1B2BPN1/P4K1P/R2QR3","stockfishScores":{"bn":0.5014880952380952}},{"fenStr":"r1b2rk1/pp1n1ppp/2p5/q3p1P1/2PP1n2/1B2BPN1/P4K1P/R2QR3","stockfishScores":{"wn":0.48523809523809525}},{"fenStr":"r1b2rk1/pp1n1ppp/2p5/q3p1P1/2PP1B2/1B3PN1/P4K1P/R2QR3","stockfishScores":{"bn":0.5207738095238095}},{"fenStr":"r1b2rk1/pp1n1ppp/2p5/q5P1/2PP1p2/1B3PN1/P4K1P/R2QR3","stockfishScores":{"wn":0.4932738095238095}},{"fenStr":"r1b2rk1/pp1n1ppp/2p5/q5P1/2PPNp2/1B3P2/P4K1P/R2QR3","stockfishScores":{"bn":0.4974404761904762}},{"fenStr":"r1br2k1/pp1n1ppp/2p5/q5P1/2PPNp2/1B3P2/P4K1P/R2QR3","stockfishScores":{"wn":0.49773809523809526}},{"fenStr":"r1br2k1/pp1n1ppp/2p5/q1P3P1/3PNp2/1B3P2/P4K1P/R2QR3","stockfishScores":{"bn":0.5029761904761905}},{"fenStr":"r1br2k1/pp1n1ppp/2p5/2P3P1/1q1PNp2/1B3P2/P4K1P/R2QR3","stockfishScores":{"wn":0.5029761904761905}},{"fenStr":"r1br2k1/pp1n1ppp/2p5/2P3P1/1q1PNp2/1B3P2/P4K1P/1R1QR3","stockfishScores":{"bn":0.5056547619047619}},{"fenStr":"r1br2k1/pp1n1ppp/2p5/q1P3P1/3PNp2/1B3P2/P4K1P/1R1QR3","stockfishScores":{"wn":0.5038690476190476}},{"fenStr":"r1br2k1/pp1n1ppp/2p3P1/q1P5/3PNp2/1B3P2/P4K1P/1R1QR3","stockfishScores":{"bn":0.5110714285714286}},{"fenStr":"r1br2k1/pp1n1pp1/2p3p1/q1P5/3PNp2/1B3P2/P4K1P/1R1QR3","stockfishScores":{"wn":0.49523809523809526}},{"fenStr":"r1br2k1/pp1n1Bp1/2p3p1/q1P5/3PNp2/5P2/P4K1P/1R1QR3","stockfishScores":{"bn":0.5039880952380953}},{"fenStr":"r1br4/pp1n1kp1/2p3p1/q1P5/3PNp2/5P2/P4K1P/1R1QR3","stockfishScores":{"wn":0.4882142857142857}},{"fenStr":"r1br4/pp1n1kp1/2p3p1/q1P5/3PNp2/1Q3P2/P4K1P/1R2R3","stockfishScores":{"bn":0.5029761904761905}},{"fenStr":"r1br1k2/pp1n2p1/2p3p1/q1P5/3PNp2/1Q3P2/P4K1P/1R2R3","stockfishScores":{"wn":0.48375}},{"fenStr":"r1br1k2/pp1n2p1/2p3p1/q1P3N1/3P1p2/1Q3P2/P4K1P/1R2R3","stockfishScores":{"bn":0.5352976190476191}},{"fenStr":"r1br1k2/pp1n2p1/2p3p1/2P3N1/3P1p2/1Q3P2/P2q1K1P/1R2R3","stockfishScores":{"wn":0.5355952380952381}},{"fenStr":"r1br1k2/pp1n2p1/2p3p1/2P3N1/3P1p2/1Q3P2/P2q3P/1R2RK2","stockfishScores":{"bn":0.5342261904761905}},{"fenStr":"r1br1k2/pp4p1/2p3p1/2P1n1N1/3P1p2/1Q3P2/P2q3P/1R2RK2","stockfishScores":{"wn":0.47696428571428573}},{"fenStr":"r1br1k2/pp4pN/2p3p1/2P1n3/3P1p2/1Q3P2/P2q3P/1R2RK2","stockfishScores":{"bn":0.45345238095238094}},{"fenStr":"r1br4/pp2k1pN/2p3p1/2P1n3/3P1p2/1Q3P2/P2q3P/1R2RK2","stockfishScores":{"wn":0.48392857142857143}},{"fenStr":"r1br4/pp2k1pN/2p3p1/2P1R3/3P1p2/1Q3P2/P2q3P/1R3K2","stockfishScores":{"bn":0.49773809523809526}},{"fenStr":"r1br4/pp1k2pN/2p3p1/2P1R3/3P1p2/1Q3P2/P2q3P/1R3K2","stockfishScores":{"wn":0.5295833333333333}},{"fenStr":"r1br4/pp1k1QpN/2p3p1/2P1R3/3P1p2/5P2/P2q3P/1R3K2","stockfishScores":{"bn":0.5432738095238095}}],"result":{"ww":true}}