{"fens":[{"fenStr":"rnbqkbnr/pppppppp/8/8/3P4/8/PPP1PPPP/RNBQKBNR","stockfishScores":{"bn":0.5048809523809524}},{"fenStr":"rnbqkb1r/pppppppp/5n2/8/3P4/8/PPP1PPPP/RNBQKBNR","stockfishScores":{"wn":0.5016071428571428}},{"fenStr":"rnbqkb1r/pppppppp/5n2/8/2PP4/8/PP2PPPP/RNBQKBNR","stockfishScores":{"bn":0.5041071428571429}},{"fenStr":"rnbqkb1r/pppp1ppp/4pn2/8/2PP4/8/PP2PPPP/RNBQKBNR","stockfishScores":{"wn":0.5005357142857143}},{"fenStr":"rnbqkb1r/pppp1ppp/4pn2/8/2PP4/5N2/PP2PPPP/RNBQKB1R","stockfishScores":{"bn":0.5041071428571429}},{"fenStr":"rnbqkb1r/ppp2ppp/4pn2/3p4/2PP4/5N2/PP2PPPP/RNBQKB1R","stockfishScores":{"wn":0.49916666666666665}},{"fenStr":"rnbqkb1r/ppp2ppp/4pn2/3p4/2PP4/2N2N2/PP2PPPP/R1BQKB1R","stockfishScores":{"bn":0.501547619047619}},{"fenStr":"rnbqkb1r/pp3ppp/2p1pn2/3p4/2PP4/2N2N2/PP2PPPP/R1BQKB1R","stockfishScores":{"wn":0.5005952380952381}},{"fenStr":"rnbqkb1r/pp3ppp/2p1pn2/3p4/2PP4/2N1PN2/PP3PPP/R1BQKB1R","stockfishScores":{"bn":0.50375}},{"fenStr":"r1bqkb1r/pp1n1ppp/2p1pn2/3p4/2PP4/2N1PN2/PP3PPP/R1BQKB1R","stockfishScores":{"wn":0.5014285714285714}},{"fenStr":"r1bqkb1r/pp1n1ppp/2p1pn2/3p4/2PP4/2N1PN2/PP2BPPP/R1BQK2R","stockfishScores":{"bn":0.5007738095238096}},{"fenStr":"r1bqkb1r/pp1n1ppp/2p1pn2/8/2pP4/2N1PN2/PP2BPPP/R1BQK2R","stockfishScores":{"wn":0.4981547619047619}},{"fenStr":"r1bqkb1r/pp1n1ppp/2p1pn2/8/P1pP4/2N1PN2/1P2BPPP/R1BQK2R","stockfishScores":{"bn":0.49654761904761907}},{"fenStr":"r1bqk2r/pp1n1ppp/2pbpn2/8/P1pP4/2N1PN2/1P2BPPP/R1BQK2R","stockfishScores":{"wn":0.4969047619047619}},{"fenStr":"r1bqk2r/pp1n1ppp/2pbpn2/8/P1pP4/2N1P3/1P1NBPPP/R1BQK2R","stockfishScores":{"bn":0.49642857142857144}},{"fenStr":"r1bq1rk1/pp1n1ppp/2pbpn2/8/P1pP4/2N1P3/1P1NBPPP/R1BQK2R","stockfishScores":{"wn":0.4864880952380952}},{"fenStr":"r1bq1rk1/pp1n1ppp/2pbpn2/8/P1NP4/2N1P3/1P2BPPP/R1BQK2R","stockfishScores":{"bn":0.49601190476190476}},{"fenStr":"r1bq1rk1/ppbn1ppp/2p1pn2/8/P1NP4/2N1P3/1P2BPPP/R1BQK2R","stockfishScores":{"wn":0.49333333333333335}},{"fenStr":"r1bq1rk1/ppbn1ppp/2p1pn2/8/P1NP4/1PN1P3/4BPPP/R1BQK2R","stockfishScores":{"bn":0.4938095238095238}},{"fenStr":"r1bq1rk1/ppbn1ppp/2p1p3/3n4/P1NP4/1PN1P3/4BPPP/R1BQK2R","stockfishScores":{"wn":0.49041666666666667}},{"fenStr":"r1bq1rk1/ppbn1ppp/2p1p3/3n4/P1NP4/1PN1P3/1B2BPPP/R2QK2R","stockfishScores":{"bn":0.49279761904761904}},{"fenStr":"1rbq1rk1/ppbn1ppp/2p1p3/3n4/P1NP4/1PN1P3/1B2BPPP/R2QK2R","stockfishScores":{"wn":0.4936904761904762}},{"fenStr":"1rbq1rk1/ppbn1ppp/2p1p3/3n4/P1NP4/1PN1P3/1B2BPPP/R2Q1RK1","stockfishScores":{"bn":0.5031547619047619}},{"fenStr":"1rbq1rk1/p1bn1ppp/2p1p3/1p1n4/P1NP4/1PN1P3/1B2BPPP/R2Q1RK1","stockfishScores":{"wn":0.49720238095238095}},{"fenStr":"1rbq1rk1/p1bn1ppp/2p1p3/1P1n4/2NP4/1PN1P3/1B2BPPP/R2Q1RK1","stockfishScores":{"bn":0.5155952380952381}},{"fenStr":"1rbq1rk1/p1bn1ppp/2p1p3/1P6/2NP4/1Pn1P3/1B2BPPP/R2Q1RK1","stockfishScores":{"wn":0.4876190476190476}},{"fenStr":"1rbq1rk1/p1bn1ppp/2p1p3/1P6/2NP4/1PB1P3/4BPPP/R2Q1RK1","stockfishScores":{"bn":0.5157142857142857}},{"fenStr":"1rbq1rk1/p1bn1ppp/4p3/1p6/2NP4/1PB1P3/4BPPP/R2Q1RK1","stockfishScores":{"wn":0.5055357142857143}},{"fenStr":"1rbq1rk1/p1bn1ppp/4p3/Np6/3P4/1PB1P3/4BPPP/R2Q1RK1","stockfishScores":{"bn":0.5017857142857143}},{"fenStr":"1rbq1rk1/p1bn1ppp/4p3/N7/1p1P4/1PB1P3/4BPPP/R2Q1RK1","stockfishScores":{"wn":0.49654761904761907}},{"fenStr":"1rbq1rk1/p1bn1ppp/2N1p3/8/1p1P4/1PB1P3/4BPPP/R2Q1RK1","stockfishScores":{"bn":0.5082142857142857}},{"fenStr":"1rbq1rk1/p2n1ppp/2N1p3/8/1p1P4/1PB1P3/4BPPb/R2Q1RK1","stockfishScores":{"wn":0.5069047619047619}},{"fenStr":"1rbq1rk1/p2n1ppp/2N1p3/8/1p1P4/1PB1P3/4BPPK/R2Q1R2","stockfishScores":{"bn":0.5311309523809524}},{"fenStr":"1rb2rk1/p1qn1ppp/2N1p3/8/1p1P4/1PB1P3/4BPPK/R2Q1R2","stockfishScores":{"wn":0.52375}},{"fenStr":"1rb2rk1/p1qn1ppp/2N1p3/8/1p1P4/1PB1P3/4BPP1/R2Q1RK1","stockfishScores":{"bn":0.5270833333333333}},{"fenStr":"1rb2rk1/p2n1ppp/2q1p3/8/1p1P4/1PB1P3/4BPP1/R2Q1RK1","stockfishScores":{"wn":0.5007738095238096}},{"fenStr":"1rb2rk1/p2n1ppp/2q1p3/8/1p1P4/1P2P3/1B2BPP1/R2Q1RK1","stockfishScores":{"bn":0.5064285714285715}},{"fenStr":"1r3rk1/pb1n1ppp/2q1p3/8/1p1P4/1P2P3/1B2BPP1/R2Q1RK1","stockfishScores":{"wn":0.4963095238095238}},{"fenStr":"1r3rk1/pb1n1ppp/2q1p3/8/1p1P4/1P2PB2/1B3PP1/R2Q1RK1","stockfishScores":{"bn":0.502797619047619}},{"fenStr":"1r3rk1/pb1n1ppp/1q2p3/8/1p1P4/1P2PB2/1B3PP1/R2Q1RK1","stockfishScores":{"wn":0.5007738095238096}},{"fenStr":"1r3rk1/pb1n1ppp/1q2p3/3P4/1p6/1P2PB2/1B3PP1/R2Q1RK1","stockfishScores":{"bn":0.5042261904761904}},{"fenStr":"1r3rk1/pb1n1ppp/1q6/3Pp3/1p6/1P2PB2/1B3PP1/R2Q1RK1","stockfishScores":{"wn":0.5030357142857143}},{"fenStr":"1r3rk1/pb1n1ppp/1q6/3Pp3/1p2P3/1P3B2/1B3PP1/R2Q1RK1","stockfishScores":{"bn":0.5020238095238095}},{"fenStr":"1r2r1k1/pb1n1ppp/1q6/3Pp3/1p2P3/1P3B2/1B3PP1/R2Q1RK1","stockfishScores":{"wn":0.5020238095238095}},{"fenStr":"1r2r1k1/pb1n1ppp/1q6/3Pp3/1p2P3/1P3B2/1B3PP1/R2QR1K1","stockfishScores":{"bn":0.5009523809523809}},{"fenStr":"1r2r1k1/1b1n1ppp/1q6/p2Pp3/1p2P3/1P3B2/1B3PP1/R2QR1K1","stockfishScores":{"wn":0.5002380952380953}},{"fenStr":"1r2r1k1/1b1n1ppp/1q6/p2Pp3/1p2P3/1P3B2/5PP1/R1BQR1K1","stockfishScores":{"bn":0.49738095238095237}},{"fenStr":"1r1qr1k1/1b1n1ppp/8/p2Pp3/1p2P3/1P3B2/5PP1/R1BQR1K1","stockfishScores":{"wn":0.5004761904761905}},{"fenStr":"1r1qr1k1/1b1n1ppp/8/p2Pp3/1p2P3/1P6/4BPP1/R1BQR1K1","stockfishScores":{"bn":0.5008928571428571}},{"fenStr":"1rbqr1k1/3n1ppp/8/p2Pp3/1p2P3/1P6/4BPP1/R1BQR1K1","stockfishScores":{"wn":0.5025}},{"fenStr":"1rbqr1k1/3n1ppp/8/p2Pp3/1p2P3/1P2B3/4BPP1/R2QR1K1","stockfishScores":{"bn":0.5044642857142857}},{"fenStr":"1rbqr1k1/3n2pp/8/p2Ppp2/1p2P3/1P2B3/4BPP1/R2QR1K1","stockfishScores":{"wn":0.5041071428571429}},{"fenStr":"1rbqr1k1/3n2pp/8/p2PpP2/1p6/1P2B3/4BPP1/R2QR1K1","stockfishScores":{"bn":0.5104166666666666}},{"fenStr":"1rbqr1k1/6pp/5n2/p2PpP2/1p6/1P2B3/4BPP1/R2QR1K1","stockfishScores":{"wn":0.5052380952380953}},{"fenStr":"1rbqr1k1/6pp/5n2/p2PpP2/1p6/1P2B3/2Q1BPP1/R3R1K1","stockfishScores":{"bn":0.5035714285714286}},{"fenStr":"1r1qr1k1/3b2pp/5n2/p2PpP2/1p6/1P2B3/2Q1BPP1/R3R1K1","stockfishScores":{"wn":0.5046428571428572}},{"fenStr":"1r1qr1k1/3b2pp/3P1n2/p3pP2/1p6/1P2B3/2Q1BPP1/R3R1K1","stockfishScores":{"bn":0.518452380952381}},{"fenStr":"2rqr1k1/3b2pp/3P1n2/p3pP2/1p6/1P2B3/2Q1BPP1/R3R1K1","stockfishScores":{"wn":0.5013095238095238}},{"fenStr":"2rqr1k1/3b2pp/3P1n2/p3pP2/1pB5/1P2B3/2Q2PP1/R3R1K1","stockfishScores":{"bn":0.5142261904761904}},{"fenStr":"2rqr2k/3b2pp/3P1n2/p3pP2/1pB5/1P2B3/2Q2PP1/R3R1K1","stockfishScores":{"wn":0.5104166666666666}},{"fenStr":"2rqr2k/3b2pp/3P1n2/p3pP2/1pB5/1P2B3/2Q2PP1/R2R2K1","stockfishScores":{"bn":0.5097619047619047}},{"fenStr":"2rqr2k/3b2pp/3P4/p3pP2/1pB3n1/1P2B3/2Q2PP1/R2R2K1","stockfishScores":{"wn":0.5111309523809524}},{"fenStr":"2rqr2k/3b2pp/3P4/p3pP2/1pB3n1/1P2B1P1/2Q2P2/R2R2K1","stockfishScores":{"bn":0.50875}},{"fenStr":"2rqr2k/3b2pp/3P4/p3pP2/1pB5/1P2n1P1/2Q2P2/R2R2K1","stockfishScores":{"wn":0.4731547619047619}},{"fenStr":"2rqr2k/3b2pp/3P4/p3pP2/1pB5/1P2P1P1/2Q5/R2R2K1","stockfishScores":{"bn":0.5045833333333334}},{"fenStr":"2r1r2k/3b2pp/3P4/p3pPq1/1pB5/1P2P1P1/2Q5/R2R2K1","stockfishScores":{"wn":0.49523809523809526}},{"fenStr":"2r1r2k/3b2pp/3P4/p3pPq1/1pB5/1P2P1P1/5Q2/R2R2K1","stockfishScores":{"bn":0.5049404761904762}},{"fenStr":"2r2r1k/3b2pp/3P4/p3pPq1/1pB5/1P2P1P1/5Q2/R2R2K1","stockfishScores":{"wn":0.502797619047619}},{"fenStr":"2r2r1k/3b2pp/3P4/p3pPq1/1pB1P3/1P4P1/5Q2/R2R2K1","stockfishScores":{"bn":0.5058928571428571}},{"fenStr":"2r2r1k/3b2pp/3P4/4pPq1/ppB1P3/1P4P1/5Q2/R2R2K1","stockfishScores":{"wn":0.5004761904761905}},{"fenStr":"2r2r1k/3b2pp/3P4/4pPq1/ppB1P3/1P1R2P1/5Q2/R5K1","stockfishScores":{"bn":0.49851190476190477}},{"fenStr":"2r4k/3b2pp/3P1r2/4pPq1/ppB1P3/1P1R2P1/5Q2/R5K1","stockfishScores":{"wn":0.5}},{"fenStr":"2r4k/3b2pp/3P1r2/4pPq1/ppB1P3/1P1R2P1/3Q4/R5K1","stockfishScores":{"bn":0.502797619047619}},{"fenStr":"2r4k/3b2pp/3P1r2/4pP2/ppB1P1q1/1P1R2P1/3Q4/R5K1","stockfishScores":{"wn":0.49988095238095237}},{"fenStr":"2r4k/3b2pp/3PBr2/4pP2/pp2P1q1/1P1R2P1/3Q4/R5K1","stockfishScores":{"bn":0.4990476190476191}},{"fenStr":"2r4k/3b2pp/3PBr2/4pP2/pp2q3/1P1R2P1/3Q4/R5K1","stockfishScores":{"wn":0.49476190476190474}},{"fenStr":"2r4k/3b2pp/3PBr2/4pP2/pp2q3/1P1R2P1/3Q4/4R1K1","stockfishScores":{"bn":0.4980952380952381}},{"fenStr":"2r4k/1q1b2pp/3PBr2/4pP2/pp6/1P1R2P1/3Q4/4R1K1","stockfishScores":{"wn":0.4863095238095238}},{"fenStr":"2r4k/1q1B2pp/3P1r2/4pP2/pp6/1P1R2P1/3Q4/4R1K1","stockfishScores":{"bn":0.513452380952381}},{"fenStr":"2r4k/3q2pp/3P1r2/4pP2/pp6/1P1R2P1/3Q4/4R1K1","stockfishScores":{"wn":0.49404761904761907}},{"fenStr":"2r4k/3q2pp/3P1r2/4pP2/Pp6/3R2P1/3Q4/4R1K1","stockfishScores":{"bn":0.5033928571428572}},{"fenStr":"2r4k/3q2pp/3P4/4pr2/Pp6/3R2P1/3Q4/4R1K1","stockfishScores":{"wn":0.4918452380952381}},{"fenStr":"2r4k/3q2pp/3P4/4pr2/PQ6/3R2P1/8/4R1K1","stockfishScores":{"bn":0.4975}},{"fenStr":"5r1k/3q2pp/3P4/4pr2/PQ6/3R2P1/8/4R1K1","stockfishScores":{"wn":0.49404761904761907}},{"fenStr":"5r1k/3q2pp/3P4/4pr2/P7/3R2P1/3Q4/4R1K1","stockfishScores":{"bn":0.4917261904761905}},{"fenStr":"5r1k/5qpp/3P4/4pr2/P7/3R2P1/3Q4/4R1K1","stockfishScores":{"wn":0.49541666666666667}},{"fenStr":"5r1k/5qpp/3P4/4pr2/P7/3RQ1P1/8/4R1K1","stockfishScores":{"bn":0.5010714285714286}},{"fenStr":"5r1k/5qpp/3P4/4p3/P7/3RQ1P1/8/4RrK1","stockfishScores":{"wn":0.5078571428571429}},{"fenStr":"5r1k/5qpp/3P4/4p3/P7/3RQ1P1/7K/4Rr2","stockfishScores":{"bn":0.47636904761904764}},{"fenStr":"5r1k/6pp/3P4/4p2q/P7/3RQ1P1/7K/4Rr2","stockfishScores":{"wn":0.48964285714285716}},{"fenStr":"5r1k/6pp/3P4/4p2q/P7/3RQ1P1/6K1/4Rr2","stockfishScores":{"bn":0.47827380952380955}},{"fenStr":"5r1k/6pp/3P4/4p3/P7/3RQ1P1/6K1/4Rr1q","stockfishScores":{"wn":0.49738095238095237}}],"result":{"bw":true}}