{"fens":[{"fenStr":"rnbqkbnr/pppppppp/8/8/4P3/8/PPPP1PPP/RNBQKBNR","stockfishScores":{"bn":0.5049404761904762}},{"fenStr":"rnbqkbnr/pppp1ppp/4p3/8/4P3/8/PPPP1PPP/RNBQKBNR","stockfishScores":{"wn":0.5002380952380953}},{"fenStr":"rnbqkbnr/pppp1ppp/4p3/8/3PP3/8/PPP2PPP/RNBQKBNR","stockfishScores":{"bn":0.5058928571428571}},{"fenStr":"rnbqkbnr/ppp2ppp/4p3/3p4/3PP3/8/PPP2PPP/RNBQKBNR","stockfishScores":{"wn":0.5010119047619047}},{"fenStr":"rnbqkbnr/ppp2ppp/4p3/3p4/3PP3/2N5/PPP2PPP/R1BQKBNR","stockfishScores":{"bn":0.5042857142857143}},{"fenStr":"rnbqk1nr/ppp2ppp/4p3/3p4/1b1PP3/2N5/PPP2PPP/R1BQKBNR","stockfishScores":{"wn":0.5006547619047619}},{"fenStr":"rnbqk1nr/ppp2ppp/4p3/3pP3/1b1P4/2N5/PPP2PPP/R1BQKBNR","stockfishScores":{"bn":0.5044642857142857}},{"fenStr":"rnbqk2r/ppp1nppp/4p3/3pP3/1b1P4/2N5/PPP2PPP/R1BQKBNR","stockfishScores":{"wn":0.50125}},{"fenStr":"rnbqk2r/ppp1nppp/4p3/3pP3/1b1P4/2NB4/PPP2PPP/R1BQK1NR","stockfishScores":{"bn":0.5005952380952381}},{"fenStr":"rnbqk2r/pp2nppp/4p3/2ppP3/1b1P4/2NB4/PPP2PPP/R1BQK1NR","stockfishScores":{"wn":0.49851190476190477}},{"fenStr":"rnbqk2r/pp2nppp/4p3/2ppP3/1b1P4/2NB1N2/PPP2PPP/R1BQK2R","stockfishScores":{"bn":0.5024404761904762}},{"fenStr":"rnbqk2r/pp2nppp/4p3/3pP3/1b1p4/2NB1N2/PPP2PPP/R1BQK2R","stockfishScores":{"wn":0.4951785714285714}},{"fenStr":"rnbqk2r/pp2nppp/4p3/3pP3/1b1N4/2NB4/PPP2PPP/R1BQK2R","stockfishScores":{"bn":0.5039880952380953}},{"fenStr":"r1bqk2r/pp2nppp/2n1p3/3pP3/1b1N4/2NB4/PPP2PPP/R1BQK2R","stockfishScores":{"wn":0.4942261904761905}},{"fenStr":"r1bqk2r/pp2nppp/2N1p3/3pP3/1b6/2NB4/PPP2PPP/R1BQK2R","stockfishScores":{"bn":0.5242261904761905}},{"fenStr":"r1bqk2r/pp3ppp/2n1p3/3pP3/1b6/2NB4/PPP2PPP/R1BQK2R","stockfishScores":{"wn":0.4920833333333333}},{"fenStr":"r1bqk2r/pp3ppp/2n1p3/1B1pP3/1b6/2N5/PPP2PPP/R1BQK2R","stockfishScores":{"bn":0.4981547619047619}},{"fenStr":"r1bq1rk1/pp3ppp/2n1p3/1B1pP3/1b6/2N5/PPP2PPP/R1BQK2R","stockfishScores":{"wn":0.48220238095238094}},{"fenStr":"r1bq1rk1/pp3ppp/2B1p3/3pP3/1b6/2N5/PPP2PPP/R1BQK2R","stockfishScores":{"bn":0.5058333333333334}},{"fenStr":"r1bq1rk1/p4ppp/2p1p3/3pP3/1b6/2N5/PPP2PPP/R1BQK2R","stockfishScores":{"wn":0.4844047619047619}},{"fenStr":"r1bq1rk1/p4ppp/2p1p3/3pP3/1b6/2N5/PPP2PPP/R1BQ1RK1","stockfishScores":{"bn":0.4955952380952381}},{"fenStr":"r1bq1rk1/p5pp/2p1pp2/3pP3/1b6/2N5/PPP2PPP/R1BQ1RK1","stockfishScores":{"wn":0.49535714285714283}},{"fenStr":"r1bq1rk1/p5pp/2p1pp2/3pP3/1b4Q1/2N5/PPP2PPP/R1B2RK1","stockfishScores":{"bn":0.49654761904761907}},{"fenStr":"r1bq1rk1/p5pp/2p1pp2/3pP3/6Q1/2b5/PPP2PPP/R1B2RK1","stockfishScores":{"wn":0.4730952380952381}},{"fenStr":"r1bq1rk1/p5pp/2p1pp2/3pP3/6Q1/2P5/P1P2PPP/R1B2RK1","stockfishScores":{"bn":0.49702380952380953}},{"fenStr":"r1bq1rk1/p5pp/2p1p3/3pp3/6Q1/2P5/P1P2PPP/R1B2RK1","stockfishScores":{"wn":0.49392857142857144}},{"fenStr":"r1bq1rk1/p5pp/2p1p3/3pp1B1/6Q1/2P5/P1P2PPP/R4RK1","stockfishScores":{"bn":0.4930357142857143}},{"fenStr":"r1b1qrk1/p5pp/2p1p3/3pp1B1/6Q1/2P5/P1P2PPP/R4RK1","stockfishScores":{"wn":0.49101190476190476}},{"fenStr":"r1b1qrk1/p5pp/2p1p3/3pp1B1/8/2P5/P1P1QPPP/R4RK1","stockfishScores":{"bn":0.4945833333333333}},{"fenStr":"r1b1qrk1/p5pp/2p1p3/3p2B1/4p3/2P5/P1P1QPPP/R4RK1","stockfishScores":{"wn":0.4925}},{"fenStr":"r1b1qrk1/p5pp/2p1p3/3p4/4p3/2P1B3/P1P1QPPP/R4RK1","stockfishScores":{"bn":0.49404761904761907}},{"fenStr":"r1b1qrk1/p5pp/2p5/3pp3/4p3/2P1B3/P1P1QPPP/R4RK1","stockfishScores":{"wn":0.4919642857142857}},{"fenStr":"r1b1qrk1/p5pp/2p5/3pp3/4p3/2P1B3/P1P1QPPP/R4R1K","stockfishScores":{"bn":0.4905952380952381}},{"fenStr":"r1b2rk1/p5pp/2p3q1/3pp3/4p3/2P1B3/P1P1QPPP/R4R1K","stockfishScores":{"wn":0.48738095238095236}},{"fenStr":"r1b2rk1/p5pp/2p3q1/3pp3/4p3/2P1B3/P1PQ1PPP/R4R1K","stockfishScores":{"bn":0.4861904761904762}},{"fenStr":"r1b2rk1/p5pp/2p5/3pp2q/4p3/2P1B3/P1PQ1PPP/R4R1K","stockfishScores":{"wn":0.4861309523809524}},{"fenStr":"r1b2rk1/p5pp/2p5/3pp2q/4p3/2P1B3/P1PQ1PPP/1R3R1K","stockfishScores":{"bn":0.48738095238095236}},{"fenStr":"r1b3k1/p5pp/2p2r2/3pp2q/4p3/2P1B3/P1PQ1PPP/1R3R1K","stockfishScores":{"wn":0.4882738095238095}},{"fenStr":"r1b3k1/p5pp/2p2r2/3pp2q/4p3/1RP1B3/P1PQ1PPP/5R1K","stockfishScores":{"bn":0.48595238095238097}},{"fenStr":"r1b3k1/p5p1/2p2r1p/3pp2q/4p3/1RP1B3/P1PQ1PPP/5R1K","stockfishScores":{"wn":0.48595238095238097}},{"fenStr":"r1b3k1/p5p1/2p2r1p/3pp2q/4p3/1RP1B3/P1PQ1PPP/1R5K","stockfishScores":{"bn":0.4874404761904762}},{"fenStr":"r1b5/p5pk/2p2r1p/3pp2q/4p3/1RP1B3/P1PQ1PPP/1R5K","stockfishScores":{"wn":0.4895833333333333}},{"fenStr":"rRb5/p5pk/2p2r1p/3pp2q/4p3/2P1B3/P1PQ1PPP/1R5K","stockfishScores":{"bn":0.4911904761904762}},{"fenStr":"1rb5/p5pk/2p2r1p/3pp2q/4p3/2P1B3/P1PQ1PPP/1R5K","stockfishScores":{"wn":0.4525595238095238}},{"fenStr":"1Rb5/p5pk/2p2r1p/3pp2q/4p3/2P1B3/P1PQ1PPP/7K","stockfishScores":{"bn":0.4894047619047619}},{"fenStr":"1R6/p5pk/2p2r1p/3pp2q/4p3/2P1B2b/P1PQ1PPP/7K","stockfishScores":{"wn":0.49535714285714283}},{"fenStr":"1R6/p5pk/2p2r1p/3pp2q/4pP2/2P1B2b/P1PQ2PP/7K","stockfishScores":{"bn":0.4950595238095238}},{"fenStr":"1R6/p5pk/2p3rp/3pp2q/4pP2/2P1B2b/P1PQ2PP/7K","stockfishScores":{"wn":0.49660714285714286}},{"fenStr":"1R6/p5pk/2p3rp/3pp2q/4pP2/2P1B1Pb/P1PQ3P/7K","stockfishScores":{"bn":0.48142857142857143}},{"fenStr":"1R6/p5pk/2p3rp/3pp3/4pP2/2P1BqPb/P1PQ3P/7K","stockfishScores":{"wn":0.48238095238095235}},{"fenStr":"1R6/p5pk/2p3rp/3pp3/4pP2/2P1BqPb/P1PQ3P/6K1","stockfishScores":{"bn":0.4756547619047619}},{"fenStr":"1R6/p5pk/2p3rp/3pp3/4pP2/2P1B1Pb/P1PQ3P/5qK1","stockfishScores":{"wn":0.49101190476190476}}],"result":{"bw":true}}