{"fens":[{"fenStr":"rnbqkbnr/pppppppp/8/8/4P3/8/PPPP1PPP/RNBQKBNR","stockfishScores":{"bn":0.5049404761904762}},{"fenStr":"rnbqkbnr/pp1ppppp/8/2p5/4P3/8/PPPP1PPP/RNBQKBNR","stockfishScores":{"wn":0.5038095238095238}},{"fenStr":"rnbqkbnr/pp1ppppp/8/2p5/4P3/5N2/PPPP1PPP/RNBQKB1R","stockfishScores":{"bn":0.5058928571428571}},{"fenStr":"rnbqkbnr/pp2pppp/3p4/2p5/4P3/5N2/PPPP1PPP/RNBQKB1R","stockfishScores":{"wn":0.5020833333333333}},{"fenStr":"rnbqkbnr/pp2pppp/3p4/2p5/3PP3/5N2/PPP2PPP/RNBQKB1R","stockfishScores":{"bn":0.5076785714285714}},{"fenStr":"rnbqkbnr/pp2pppp/3p4/8/3pP3/5N2/PPP2PPP/RNBQKB1R","stockfishScores":{"wn":0.4976190476190476}},{"fenStr":"rnbqkbnr/pp2pppp/3p4/8/3NP3/8/PPP2PPP/RNBQKB1R","stockfishScores":{"bn":0.51}},{"fenStr":"rnbqkb1r/pp2pppp/3p1n2/8/3NP3/8/PPP2PPP/RNBQKB1R","stockfishScores":{"wn":0.5031547619047619}},{"fenStr":"rnbqkb1r/pp2pppp/3p1n2/8/3NP3/2N5/PPP2PPP/R1BQKB1R","stockfishScores":{"bn":0.5076190476190476}},{"fenStr":"rnbqkb1r/1p2pppp/p2p1n2/8/3NP3/2N5/PPP2PPP/R1BQKB1R","stockfishScores":{"wn":0.5050595238095238}},{"fenStr":"rnbqkb1r/1p2pppp/p2p1n2/8/3NP3/2N1B3/PPP2PPP/R2QKB1R","stockfishScores":{"bn":0.5055357142857143}},{"fenStr":"rnbqkb1r/1p3ppp/p2p1n2/4p3/3NP3/2N1B3/PPP2PPP/R2QKB1R","stockfishScores":{"wn":0.5010714285714286}},{"fenStr":"rnbqkb1r/1p3ppp/p2p1n2/4p3/4P3/1NN1B3/PPP2PPP/R2QKB1R","stockfishScores":{"bn":0.5043452380952381}},{"fenStr":"rn1qkb1r/1p3ppp/p2pbn2/4p3/4P3/1NN1B3/PPP2PPP/R2QKB1R","stockfishScores":{"wn":0.5016071428571428}},{"fenStr":"rn1qkb1r/1p3ppp/p2pbn2/4p3/4P3/1NN1BP2/PPP3PP/R2QKB1R","stockfishScores":{"bn":0.503095238095238}},{"fenStr":"rn1qk2r/1p2bppp/p2pbn2/4p3/4P3/1NN1BP2/PPP3PP/R2QKB1R","stockfishScores":{"wn":0.5033928571428572}},{"fenStr":"rn1qk2r/1p2bppp/p2pbn2/4p3/4P3/1NN1BP2/PPPQ2PP/R3KB1R","stockfishScores":{"bn":0.5026190476190476}},{"fenStr":"rn1q1rk1/1p2bppp/p2pbn2/4p3/4P3/1NN1BP2/PPPQ2PP/R3KB1R","stockfishScores":{"wn":0.4914880952380952}},{"fenStr":"rn1q1rk1/1p2bppp/p2pbn2/4p3/4P3/1NN1BP2/PPPQ2PP/2KR1B1R","stockfishScores":{"bn":0.5024404761904762}},{"fenStr":"r2q1rk1/1p1nbppp/p2pbn2/4p3/4P3/1NN1BP2/PPPQ2PP/2KR1B1R","stockfishScores":{"wn":0.49797619047619046}},{"fenStr":"r2q1rk1/1p1nbppp/p2pbn2/4p3/4P1P1/1NN1BP2/PPPQ3P/2KR1B1R","stockfishScores":{"bn":0.49875}},{"fenStr":"r4rk1/1pqnbppp/p2pbn2/4p3/4P1P1/1NN1BP2/PPPQ3P/2KR1B1R","stockfishScores":{"wn":0.4992857142857143}},{"fenStr":"r4rk1/1pqnbppp/p2pbn2/4p3/4P1P1/1NN1BP2/PPPQ3P/1K1R1B1R","stockfishScores":{"bn":0.5017261904761905}},{"fenStr":"r4rk1/2qnbppp/p2pbn2/1p2p3/4P1P1/1NN1BP2/PPPQ3P/1K1R1B1R","stockfishScores":{"wn":0.5004761904761905}},{"fenStr":"r4rk1/2qnbppp/p2pbn2/1p2p1P1/4P3/1NN1BP2/PPPQ3P/1K1R1B1R","stockfishScores":{"bn":0.5019642857142858}},{"fenStr":"r4rk1/2qnbppp/p2pb3/1p2p1Pn/4P3/1NN1BP2/PPPQ3P/1K1R1B1R","stockfishScores":{"wn":0.4998214285714286}},{"fenStr":"r4rk1/2qnbppp/p2pb3/1p1Np1Pn/4P3/1N2BP2/PPPQ3P/1K1R1B1R","stockfishScores":{"bn":0.5203571428571429}},{"fenStr":"r4rk1/2qnbppp/p2p4/1p1bp1Pn/4P3/1N2BP2/PPPQ3P/1K1R1B1R","stockfishScores":{"wn":0.48214285714285715}},{"fenStr":"r4rk1/2qnbppp/p2p4/1p1Pp1Pn/8/1N2BP2/PPPQ3P/1K1R1B1R","stockfishScores":{"bn":0.5009523809523809}},{"fenStr":"r4rk1/2q1bppp/pn1p4/1p1Pp1Pn/8/1N2BP2/PPPQ3P/1K1R1B1R","stockfishScores":{"wn":0.5040476190476191}},{"fenStr":"r4rk1/2q1bppp/pn1p4/Np1Pp1Pn/8/4BP2/PPPQ3P/1K1R1B1R","stockfishScores":{"bn":0.5033333333333333}},{"fenStr":"r4rk1/2q1bppp/p2p4/Np1np1Pn/8/4BP2/PPPQ3P/1K1R1B1R","stockfishScores":{"wn":0.4942261904761905}},{"fenStr":"r4rk1/2q1bppp/p2p4/Np1Qp1Pn/8/4BP2/PPP4P/1K1R1B1R","stockfishScores":{"bn":0.5205357142857143}},{"fenStr":"r4rk1/4bppp/p2p4/qp1Qp1Pn/8/4BP2/PPP4P/1K1R1B1R","stockfishScores":{"wn":0.49875}},{"fenStr":"r4rk1/4bppp/p2p4/qp1Qp1Pn/2P5/4BP2/PP5P/1K1R1B1R","stockfishScores":{"bn":0.4969642857142857}},{"fenStr":"r4rk1/4bppp/p2p4/1p1Qp1Pn/1qP5/4BP2/PP5P/1K1R1B1R","stockfishScores":{"wn":0.4982738095238095}},{"fenStr":"r4rk1/4bppp/p2p4/1P1Qp1Pn/1q6/4BP2/PP5P/1K1R1B1R","stockfishScores":{"bn":0.5064880952380952}},{"fenStr":"r4rk1/4bppp/3p4/1p1Qp1Pn/1q6/4BP2/PP5P/1K1R1B1R","stockfishScores":{"wn":0.49529761904761904}},{"fenStr":"r4rk1/4bppp/3p4/1p1Qp1Pn/1q6/4BP2/PP5P/1K1R1BR1","stockfishScores":{"bn":0.49785714285714283}},{"fenStr":"r4rk1/4bppp/3p4/1p1Qp1P1/1q3n2/4BP2/PP5P/1K1R1BR1","stockfishScores":{"wn":0.4894047619047619}},{"fenStr":"r4rk1/4bppp/3p4/1Q2p1P1/1q3n2/4BP2/PP5P/1K1R1BR1","stockfishScores":{"bn":0.49476190476190474}},{"fenStr":"rr4k1/4bppp/3p4/1Q2p1P1/1q3n2/4BP2/PP5P/1K1R1BR1","stockfishScores":{"wn":0.446547619047619}},{"fenStr":"rr4k1/4bppp/3p4/4p1P1/1Q3n2/4BP2/PP5P/1K1R1BR1","stockfishScores":{"bn":0.5773809523809523}},{"fenStr":"r5k1/4bppp/3p4/4p1P1/1r3n2/4BP2/PP5P/1K1R1BR1","stockfishScores":{"wn":0.5008928571428571}},{"fenStr":"r5k1/4bppp/3p4/4p1P1/1r3nR1/4BP2/PP5P/1K1R1B2","stockfishScores":{"bn":0.49648809523809523}},{"fenStr":"1r4k1/4bppp/3p4/4p1P1/1r3nR1/4BP2/PP5P/1K1R1B2","stockfishScores":{"wn":0.4950595238095238}},{"fenStr":"1r4k1/4bppp/3p4/4p1P1/1r3nR1/4BP2/PP1R3P/1K3B2","stockfishScores":{"bn":0.4963095238095238}},{"fenStr":"1r4k1/4bp1p/3p2p1/4p1P1/1r3nR1/4BP2/PP1R3P/1K3B2","stockfishScores":{"wn":0.49785714285714283}},{"fenStr":"1r4k1/4bp1p/3p2p1/4p1P1/1r3BR1/5P2/PP1R3P/1K3B2","stockfishScores":{"bn":0.5173214285714286}},{"fenStr":"1r4k1/4bp1p/3p2p1/6P1/1r3pR1/5P2/PP1R3P/1K3B2","stockfishScores":{"wn":0.4982738095238095}},{"fenStr":"1r4k1/4bp1p/3p2p1/6P1/1r3pR1/5P2/PP1RB2P/1K6","stockfishScores":{"bn":0.4974404761904762}},{"fenStr":"1r4k1/4bp2/3p2pp/6P1/1r3pR1/5P2/PP1RB2P/1K6","stockfishScores":{"wn":0.5006547619047619}},{"fenStr":"1r4k1/4bp2/3p2pP/8/1r3pR1/5P2/PP1RB2P/1K6","stockfishScores":{"bn":0.5054166666666666}},{"fenStr":"1r4k1/5p2/3p1bpP/8/1r3pR1/5P2/PP1RB2P/1K6","stockfishScores":{"wn":0.5075}},{"fenStr":"1r4k1/5p2/3p1bpP/8/1r3pR1/1P3P2/P2RB2P/1K6","stockfishScores":{"bn":0.5082738095238095}},{"fenStr":"1r4k1/5p2/3p2pP/4b3/1r3pR1/1P3P2/P2RB2P/1K6","stockfishScores":{"wn":0.5069642857142858}},{"fenStr":"1r4k1/5p2/3p2pP/4b3/1r3pR1/1P3P2/P1R1B2P/1K6","stockfishScores":{"bn":0.5061904761904762}},{"fenStr":"6k1/1r3p2/3p2pP/4b3/1r3pR1/1P3P2/P1R1B2P/1K6","stockfishScores":{"wn":0.5079761904761905}},{"fenStr":"6k1/1r3p2/3p2pP/4b3/1rR2pR1/1P3P2/P3B2P/1K6","stockfishScores":{"bn":0.5072023809523809}},{"fenStr":"6k1/1r3p2/1r1p2pP/4b3/2R2pR1/1P3P2/P3B2P/1K6","stockfishScores":{"wn":0.5057738095238096}},{"fenStr":"2R3k1/1r3p2/1r1p2pP/4b3/5pR1/1P3P2/P3B2P/1K6","stockfishScores":{"bn":0.5085714285714286}},{"fenStr":"2R5/1r3p1k/1r1p2pP/4b3/5pR1/1P3P2/P3B2P/1K6","stockfishScores":{"wn":0.5013095238095238}},{"fenStr":"2R5/1r3p1k/1r1p2pP/4b3/2B2pR1/1P3P2/P6P/1K6","stockfishScores":{"bn":0.5001190476190476}},{"fenStr":"2R5/1r3p1k/1r4pP/3pb3/2B2pR1/1P3P2/P6P/1K6","stockfishScores":{"wn":0.4967857142857143}},{"fenStr":"2R5/1r3p1k/1r4pP/3pb3/5pR1/1P1B1P2/P6P/1K6","stockfishScores":{"bn":0.49589285714285714}},{"fenStr":"2R5/4rp1k/1r4pP/3pb3/5pR1/1P1B1P2/P6P/1K6","stockfishScores":{"wn":0.49773809523809526}},{"fenStr":"2R5/4rp1k/1r4pP/3pb3/5p2/1P1B1P2/P5RP/1K6","stockfishScores":{"bn":0.5008333333333334}},{"fenStr":"2R5/4rp1k/1r1b2pP/3p4/5p2/1P1B1P2/P5RP/1K6","stockfishScores":{"wn":0.503095238095238}},{"fenStr":"2R5/4rp1k/1r1b2pP/3p4/5p2/1P1B1P2/P3R2P/1K6","stockfishScores":{"bn":0.50125}},{"fenStr":"2R5/5p1k/1r1b2pP/3p4/5p2/1P1BrP2/P3R2P/1K6","stockfishScores":{"wn":0.4938690476190476}},{"fenStr":"2R5/5p1k/1r1b2pP/3p4/5p2/1P1BRP2/P6P/1K6","stockfishScores":{"bn":0.5320238095238096}},{"fenStr":"2R5/5p1k/1r1b2pP/3p4/8/1P1BpP2/P6P/1K6","stockfishScores":{"wn":0.49523809523809526}},{"fenStr":"2R5/5p1k/1r1b2pP/3p4/8/1P1BpP2/P1K4P/8","stockfishScores":{"bn":0.49702380952380953}},{"fenStr":"2R5/5p2/1r1b2pk/3p4/8/1P1BpP2/P1K4P/8","stockfishScores":{"wn":0.49488095238095237}},{"fenStr":"2R5/5p2/1r1b2pk/3p4/P7/1P1BpP2/2K4P/8","stockfishScores":{"bn":0.49642857142857144}},{"fenStr":"2R5/5p2/1r4pk/3p4/Pb6/1P1BpP2/2K4P/8","stockfishScores":{"wn":0.49857142857142855}},{"fenStr":"2R5/5p2/1r4pk/3p4/Pb5P/1P1BpP2/2K5/8","stockfishScores":{"bn":0.5018452380952381}},{"fenStr":"2R5/5p2/1r5k/3p2p1/Pb5P/1P1BpP2/2K5/8","stockfishScores":{"wn":0.5043452380952381}},{"fenStr":"7R/5p2/1r5k/3p2p1/Pb5P/1P1BpP2/2K5/8","stockfishScores":{"bn":0.5018452380952381}},{"fenStr":"7R/5pk1/1r6/3p2p1/Pb5P/1P1BpP2/2K5/8","stockfishScores":{"wn":0.4986904761904762}},{"fenStr":"8/5pk1/1r6/3p2pR/Pb5P/1P1BpP2/2K5/8","stockfishScores":{"bn":0.5016071428571428}},{"fenStr":"8/5pk1/1r6/3p3R/Pb5p/1P1BpP2/2K5/8","stockfishScores":{"wn":0.49601190476190476}},{"fenStr":"8/5pk1/1r6/3p4/Pb5R/1P1BpP2/2K5/8","stockfishScores":{"bn":0.5029761904761905}},{"fenStr":"8/5pk1/2r5/3p4/Pb5R/1P1BpP2/2K5/8","stockfishScores":{"wn":0.5033928571428572}},{"fenStr":"8/5pk1/2r5/3p4/Pb5R/1P1BpP2/8/3K4","stockfishScores":{"bn":0.5017261904761905}},{"fenStr":"8/5pk1/2r5/3p4/P6R/1P1BpP2/3b4/3K4","stockfishScores":{"wn":0.4994047619047619}},{"fenStr":"8/5pk1/2r5/3p4/P6R/1P1BpP2/3bK3/8","stockfishScores":{"bn":0.5047619047619047}},{"fenStr":"8/5pk1/8/3p4/P6R/1P1BpP2/3bK3/2r5","stockfishScores":{"wn":0.5033928571428572}},{"fenStr":"8/5pk1/8/1B1p4/P6R/1P2pP2/3bK3/2r5","stockfishScores":{"bn":0.4999404761904762}},{"fenStr":"8/5p2/5k2/1B1p4/P6R/1P2pP2/3bK3/2r5","stockfishScores":{"wn":0.4993452380952381}},{"fenStr":"8/5p2/5k2/1B1p4/PP5R/4pP2/3bK3/2r5","stockfishScores":{"bn":0.500297619047619}},{"fenStr":"8/5p2/5k2/1B1p4/PP5R/4pP2/3bK3/1r6","stockfishScores":{"wn":0.5008333333333334}},{"fenStr":"8/5p2/5k2/3p4/PP5R/3BpP2/3bK3/1r6","stockfishScores":{"bn":0.5041071428571429}},{"fenStr":"8/5p2/5k2/3p4/PP5R/3BpP2/3bK3/4r3","stockfishScores":{"wn":0.506547619047619}}],"result":{"bw":true}}