{"fens":[{"fenStr":"rnbqkbnr/pppppppp/8/8/3P4/8/PPP1PPPP/RNBQKBNR","stockfishScores":{"bn":0.5048809523809524}},{"fenStr":"rnbqkb1r/pppppppp/5n2/8/3P4/8/PPP1PPPP/RNBQKBNR","stockfishScores":{"wn":0.5016071428571428}},{"fenStr":"rnbqkb1r/pppppppp/5n2/8/2PP4/8/PP2PPPP/RNBQKBNR","stockfishScores":{"bn":0.5041071428571429}},{"fenStr":"rnbqkb1r/pppp1ppp/4pn2/8/2PP4/8/PP2PPPP/RNBQKBNR","stockfishScores":{"wn":0.5005357142857143}},{"fenStr":"rnbqkb1r/pppp1ppp/4pn2/8/2PP4/5N2/PP2PPPP/RNBQKB1R","stockfishScores":{"bn":0.5041071428571429}},{"fenStr":"rnbqk2r/pppp1ppp/4pn2/8/1bPP4/5N2/PP2PPPP/RNBQKB1R","stockfishScores":{"wn":0.5054761904761905}},{"fenStr":"rnbqk2r/pppp1ppp/4pn2/8/1bPP4/5N2/PP1BPPPP/RN1QKB1R","stockfishScores":{"bn":0.5066666666666667}},{"fenStr":"rnb1k2r/ppppqppp/4pn2/8/1bPP4/5N2/PP1BPPPP/RN1QKB1R","stockfishScores":{"wn":0.5051785714285715}},{"fenStr":"rnb1k2r/ppppqppp/4pn2/8/1bPP4/P4N2/1P1BPPPP/RN1QKB1R","stockfishScores":{"bn":0.5114285714285715}},{"fenStr":"rnb1k2r/ppppqppp/4pn2/8/2PP4/P4N2/1P1bPPPP/RN1QKB1R","stockfishScores":{"wn":0.4820238095238095}},{"fenStr":"rnb1k2r/ppppqppp/4pn2/8/2PP4/P4N2/1P1QPPPP/RN2KB1R","stockfishScores":{"bn":0.503095238095238}},{"fenStr":"rnb1k2r/ppppqppp/4p3/8/2PPn3/P4N2/1P1QPPPP/RN2KB1R","stockfishScores":{"wn":0.49964285714285717}},{"fenStr":"rnb1k2r/ppppqppp/4p3/8/2PPn3/P4N2/1PQ1PPPP/RN2KB1R","stockfishScores":{"bn":0.50375}},{"fenStr":"rnb1k2r/ppppq1pp/4p3/5p2/2PPn3/P4N2/1PQ1PPPP/RN2KB1R","stockfishScores":{"wn":0.5023809523809524}},{"fenStr":"rnb1k2r/ppppq1pp/4p3/5p2/2PPn3/P1N2N2/1PQ1PPPP/R3KB1R","stockfishScores":{"bn":0.5064880952380952}},{"fenStr":"rnb1k2r/ppppq1pp/4p3/5pn1/2PP4/P1N2N2/1PQ1PPPP/R3KB1R","stockfishScores":{"wn":0.5120833333333333}},{"fenStr":"rnb1k2r/ppppq1pp/4p3/5pn1/2PP3P/P1N2N2/1PQ1PPP1/R3KB1R","stockfishScores":{"bn":0.5197619047619048}},{"fenStr":"rnb1k2r/ppppq1pp/4p3/5p2/2PP3P/P1N2n2/1PQ1PPP1/R3KB1R","stockfishScores":{"wn":0.4851785714285714}},{"fenStr":"rnb1k2r/ppppq1pp/4p3/5p2/2PP3P/P1N2P2/1PQ2PP1/R3KB1R","stockfishScores":{"bn":0.512797619047619}},{"fenStr":"rnb2rk1/ppppq1pp/4p3/5p2/2PP3P/P1N2P2/1PQ2PP1/R3KB1R","stockfishScores":{"wn":0.5048214285714285}},{"fenStr":"rnb2rk1/ppppq1pp/4p3/5p2/2PP3P/P1NB1P2/1PQ2PP1/R3K2R","stockfishScores":{"bn":0.5045833333333334}},{"fenStr":"r1b2rk1/ppppq1pp/2n1p3/5p2/2PP3P/P1NB1P2/1PQ2PP1/R3K2R","stockfishScores":{"wn":0.4995833333333333}},{"fenStr":"r1b2rk1/ppppq1pp/2n1p3/5p2/2PP3P/P2B1P2/1PQ1NPP1/R3K2R","stockfishScores":{"bn":0.4995833333333333}},{"fenStr":"r1b2rk1/pppp2pp/2n1pq2/5p2/2PP3P/P2B1P2/1PQ1NPP1/R3K2R","stockfishScores":{"wn":0.49988095238095237}},{"fenStr":"r1b2rk1/pppp2pp/2n1pq2/5p2/2PP3P/P1QB1P2/1P2NPP1/R3K2R","stockfishScores":{"bn":0.49952380952380954}},{"fenStr":"r1b2rk1/pppp2pp/2n2q2/4pp2/2PP3P/P1QB1P2/1P2NPP1/R3K2R","stockfishScores":{"wn":0.4995833333333333}},{"fenStr":"r1b2rk1/pppp2pp/2n2q2/4Pp2/2P4P/P1QB1P2/1P2NPP1/R3K2R","stockfishScores":{"bn":0.5111904761904762}},{"fenStr":"r1b2rk1/pppp2pp/5q2/4np2/2P4P/P1QB1P2/1P2NPP1/R3K2R","stockfishScores":{"wn":0.4970833333333333}},{"fenStr":"r1b2rk1/pppp2pp/5q2/4np2/2P4P/P1QB1P2/1P2NPP1/2KR3R","stockfishScores":{"bn":0.4969047619047619}},{"fenStr":"r1b2rk1/pppp2pp/5q2/4n3/2P2p1P/P1QB1P2/1P2NPP1/2KR3R","stockfishScores":{"wn":0.5036309523809523}},{"fenStr":"r1b2rk1/pppp2pp/5q2/4n3/2PN1p1P/P1QB1P2/1P3PP1/2KR3R","stockfishScores":{"bn":0.5028571428571429}},{"fenStr":"r1b2rk1/ppp3pp/3p1q2/4n3/2PN1p1P/P1QB1P2/1P3PP1/2KR3R","stockfishScores":{"wn":0.5007738095238096}},{"fenStr":"r1b2rk1/ppp3pp/3p1q2/4n3/2PNBp1P/P1Q2P2/1P3PP1/2KR3R","stockfishScores":{"bn":0.5035119047619048}},{"fenStr":"r1b2rk1/pp4pp/2pp1q2/4n3/2PNBp1P/P1Q2P2/1P3PP1/2KR3R","stockfishScores":{"wn":0.5026785714285714}},{"fenStr":"r1b2rk1/pp4pp/2pp1q2/4n3/2PNBp1P/P4P2/1PQ2PP1/2KR3R","stockfishScores":{"bn":0.5010119047619047}},{"fenStr":"r1b2rk1/pp4p1/2pp1q1p/4n3/2PNBp1P/P4P2/1PQ2PP1/2KR3R","stockfishScores":{"wn":0.5020238095238095}},{"fenStr":"r1b2rk1/pp4p1/2pp1q1p/4n3/2PNBpPP/P4P2/1PQ2P2/2KR3R","stockfishScores":{"bn":0.50125}},{"fenStr":"r1b2rk1/pp4p1/2pp1q1p/4n3/2PNB2P/P4Pp1/1PQ2P2/2KR3R","stockfishScores":{"wn":0.4786309523809524}},{"fenStr":"r1b2rk1/pp4p1/2pp1q1p/4n3/2PNB2P/P4PP1/1PQ5/2KR3R","stockfishScores":{"bn":0.5020238095238095}},{"fenStr":"r4rk1/pp4p1/2ppbq1p/4n3/2PNB2P/P4PP1/1PQ5/2KR3R","stockfishScores":{"wn":0.5018452380952381}},{"fenStr":"r4rk1/pp4p1/2ppbq1p/4n3/2PNB2P/PP3PP1/2Q5/2KR3R","stockfishScores":{"bn":0.5005952380952381}},{"fenStr":"r4rk1/pp3bp1/2pp1q1p/4n3/2PNB2P/PP3PP1/2Q5/2KR3R","stockfishScores":{"wn":0.501547619047619}},{"fenStr":"r4rk1/pp3bp1/2pp1q1p/4nN2/2P1B2P/PP3PP1/2Q5/2KR3R","stockfishScores":{"bn":0.5006547619047619}},{"fenStr":"r4rk1/pp3bp1/2p2q1p/3pnN2/2P1B2P/PP3PP1/2Q5/2KR3R","stockfishScores":{"wn":0.49357142857142855}},{"fenStr":"r4rk1/pp3bp1/2p2q1p/3pnN2/2P4P/PP1B1PP1/2Q5/2KR3R","stockfishScores":{"bn":0.4926785714285714}},{"fenStr":"r4rk1/pp3bp1/2p2q1p/3p1N2/2P4P/PP1n1PP1/2Q5/2KR3R","stockfishScores":{"wn":0.46017857142857144}},{"fenStr":"r4rk1/pp3bp1/2p2q1p/3p1N2/2P4P/PP1Q1PP1/8/2KR3R","stockfishScores":{"bn":0.48779761904761904}},{"fenStr":"r4rk1/pp3bp1/2p2q1p/5N2/2p4P/PP1Q1PP1/8/2KR3R","stockfishScores":{"wn":0.4747619047619048}},{"fenStr":"r4rk1/pp3bp1/2p2q1p/5N2/2P4P/P2Q1PP1/8/2KR3R","stockfishScores":{"bn":0.48720238095238094}},{"fenStr":"3r1rk1/pp3bp1/2p2q1p/5N2/2P4P/P2Q1PP1/8/2KR3R","stockfishScores":{"wn":0.47577380952380954}},{"fenStr":"3r1rk1/pp3bp1/2pN1q1p/8/2P4P/P2Q1PP1/8/2KR3R","stockfishScores":{"bn":0.4847619047619048}},{"fenStr":"3r1rk1/pp4p1/2pN1qbp/8/2P4P/P2Q1PP1/8/2KR3R","stockfishScores":{"wn":0.4735714285714286}},{"fenStr":"3r1rk1/pp4p1/2pN1qbp/8/2PQ3P/P4PP1/8/2KR3R","stockfishScores":{"bn":0.4886904761904762}},{"fenStr":"5rk1/pp4p1/2pr1qbp/8/2PQ3P/P4PP1/8/2KR3R","stockfishScores":{"wn":0.46077380952380953}},{"fenStr":"5rk1/pp4p1/2pQ1qbp/8/2P4P/P4PP1/8/2KR3R","stockfishScores":{"bn":0.4888690476190476}},{"fenStr":"5rk1/pp4p1/2pQ2bp/8/2P4P/P1q2PP1/8/2KR3R","stockfishScores":{"wn":0.49333333333333335}}],"result":{"ww":true}}