{"fens":[{"fenStr":"rnbqkbnr/pppppppp/8/8/3P4/8/PPP1PPPP/RNBQKBNR","stockfishScores":{"bn":0.5048809523809524}},{"fenStr":"rnbqkb1r/pppppppp/5n2/8/3P4/8/PPP1PPPP/RNBQKBNR","stockfishScores":{"wn":0.5016071428571428}},{"fenStr":"rnbqkb1r/pppppppp/5n2/8/2PP4/8/PP2PPPP/RNBQKBNR","stockfishScores":{"bn":0.5041071428571429}},{"fenStr":"rnbqkb1r/pppppp1p/5np1/8/2PP4/8/PP2PPPP/RNBQKBNR","stockfishScores":{"wn":0.5035119047619048}},{"fenStr":"rnbqkb1r/pppppp1p/5np1/8/2PP4/2N5/PP2PPPP/R1BQKBNR","stockfishScores":{"bn":0.5066666666666667}},{"fenStr":"rnbqk2r/ppppppbp/5np1/8/2PP4/2N5/PP2PPPP/R1BQKBNR","stockfishScores":{"wn":0.5055357142857143}},{"fenStr":"rnbqk2r/ppppppbp/5np1/8/2PPP3/2N5/PP3PPP/R1BQKBNR","stockfishScores":{"bn":0.510297619047619}},{"fenStr":"rnbqk2r/ppp1ppbp/3p1np1/8/2PPP3/2N5/PP3PPP/R1BQKBNR","stockfishScores":{"wn":0.5032142857142857}},{"fenStr":"rnbqk2r/ppp1ppbp/3p1np1/8/2PPP3/2N2P2/PP4PP/R1BQKBNR","stockfishScores":{"bn":0.5041666666666667}},{"fenStr":"rnbq1rk1/ppp1ppbp/3p1np1/8/2PPP3/2N2P2/PP4PP/R1BQKBNR","stockfishScores":{"wn":0.4951785714285714}},{"fenStr":"rnbq1rk1/ppp1ppbp/3p1np1/8/2PPP3/2N1BP2/PP4PP/R2QKBNR","stockfishScores":{"bn":0.49583333333333335}},{"fenStr":"rnbq1rk1/ppp2pbp/3p1np1/4p3/2PPP3/2N1BP2/PP4PP/R2QKBNR","stockfishScores":{"wn":0.4942857142857143}},{"fenStr":"rnbq1rk1/ppp2pbp/3p1np1/4p3/2PPP3/2N1BP2/PP2N1PP/R2QKB1R","stockfishScores":{"bn":0.49642857142857144}},{"fenStr":"rnbq1rk1/pp3pbp/2pp1np1/4p3/2PPP3/2N1BP2/PP2N1PP/R2QKB1R","stockfishScores":{"wn":0.495952380952381}},{"fenStr":"rnbq1rk1/pp3pbp/2pp1np1/4P3/2P1P3/2N1BP2/PP2N1PP/R2QKB1R","stockfishScores":{"bn":0.5007738095238096}},{"fenStr":"rnbq1rk1/pp3pbp/2p2np1/4p3/2P1P3/2N1BP2/PP2N1PP/R2QKB1R","stockfishScores":{"wn":0.4926190476190476}},{"fenStr":"rnbQ1rk1/pp3pbp/2p2np1/4p3/2P1P3/2N1BP2/PP2N1PP/R3KB1R","stockfishScores":{"bn":0.5786309523809524}},{"fenStr":"rnbr2k1/pp3pbp/2p2np1/4p3/2P1P3/2N1BP2/PP2N1PP/R3KB1R","stockfishScores":{"wn":0.4967857142857143}},{"fenStr":"rnbr2k1/pp3pbp/2p2np1/4p1B1/2P1P3/2N2P2/PP2N1PP/R3KB1R","stockfishScores":{"bn":0.49541666666666667}},{"fenStr":"rn1r2k1/pp3pbp/2p1bnp1/4p1B1/2P1P3/2N2P2/PP2N1PP/R3KB1R","stockfishScores":{"wn":0.4925}},{"fenStr":"rn1r2k1/pp3pbp/2p1bnp1/4p1B1/2P1P3/2N2PN1/PP4PP/R3KB1R","stockfishScores":{"bn":0.49291666666666667}},{"fenStr":"r2r2k1/pp1n1pbp/2p1bnp1/4p1B1/2P1P3/2N2PN1/PP4PP/R3KB1R","stockfishScores":{"wn":0.49005952380952383}},{"fenStr":"r2r2k1/pp1n1pbp/2p1bnp1/4p3/2P1P3/2N1BPN1/PP4PP/R3KB1R","stockfishScores":{"bn":0.48892857142857143}},{"fenStr":"r2r1bk1/pp1n1p1p/2p1bnp1/4p3/2P1P3/2N1BPN1/PP4PP/R3KB1R","stockfishScores":{"wn":0.49}},{"fenStr":"r2r1bk1/pp1n1p1p/2p1bnp1/4p3/2P1P3/2N1BPN1/PP2B1PP/R3K2R","stockfishScores":{"bn":0.4897619047619048}},{"fenStr":"r2r1bk1/pp1n1p2/2p1bnp1/4p2p/2P1P3/2N1BPN1/PP2B1PP/R3K2R","stockfishScores":{"wn":0.48946428571428574}},{"fenStr":"r2r1bk1/pp1n1p2/2p1bnp1/4p2p/2P1P3/2N1BPN1/PP2B1PP/R4RK1","stockfishScores":{"bn":0.49773809523809526}},{"fenStr":"r2r2k1/pp1n1p2/2p1bnp1/2b1p2p/2P1P3/2N1BPN1/PP2B1PP/R4RK1","stockfishScores":{"wn":0.49464285714285716}},{"fenStr":"r2r2k1/pp1n1p2/2p1bnp1/2B1p2p/2P1P3/2N2PN1/PP2B1PP/R4RK1","stockfishScores":{"bn":0.5207738095238095}},{"fenStr":"r2r2k1/pp3p2/2p1bnp1/2n1p2p/2P1P3/2N2PN1/PP2B1PP/R4RK1","stockfishScores":{"wn":0.49547619047619046}},{"fenStr":"r2r2k1/pp3p2/2p1bnp1/2n1p2p/2P1P3/2N2PN1/PP2B1PP/3R1RK1","stockfishScores":{"bn":0.4974404761904762}},{"fenStr":"r5k1/pp3p2/2p1bnp1/2n1p2p/2PrP3/2N2PN1/PP2B1PP/3R1RK1","stockfishScores":{"wn":0.49702380952380953}},{"fenStr":"r5k1/pp3p2/2p1bnp1/2n1p2p/2PrP3/1PN2PN1/P3B1PP/3R1RK1","stockfishScores":{"bn":0.4979166666666667}},{"fenStr":"3r2k1/pp3p2/2p1bnp1/2n1p2p/2PrP3/1PN2PN1/P3B1PP/3R1RK1","stockfishScores":{"wn":0.4936904761904762}},{"fenStr":"3r2k1/pp3p2/2p1bnp1/2n1p2p/2PrP3/1PN2P2/P3B1PP/3R1RKN","stockfishScores":{"bn":0.4907142857142857}},{"fenStr":"3r2k1/1p3p2/2p1bnp1/p1n1p2p/2PrP3/1PN2P2/P3B1PP/3R1RKN","stockfishScores":{"wn":0.4906547619047619}},{"fenStr":"3r2k1/1p3p2/2p1bnp1/p1n1p2p/2PrP3/1PN2P2/P3BNPP/3R1RK1","stockfishScores":{"bn":0.4938095238095238}},{"fenStr":"3r1k2/1p3p2/2p1bnp1/p1n1p2p/2PrP3/1PN2P2/P3BNPP/3R1RK1","stockfishScores":{"wn":0.4957142857142857}},{"fenStr":"3r1k2/1p3p2/2p1bnp1/p1n1p2p/2PRP3/1PN2P2/P3BNPP/5RK1","stockfishScores":{"bn":0.5346428571428572}},{"fenStr":"3r1k2/1p3p2/2p1bnp1/p1n4p/2PpP3/1PN2P2/P3BNPP/5RK1","stockfishScores":{"wn":0.4936309523809524}},{"fenStr":"3r1k2/1p3p2/2p1bnp1/p1n4p/2PpP3/1PN2P2/P3BNPP/3R2K1","stockfishScores":{"bn":0.4939880952380952}},{"fenStr":"3r4/1p2kp2/2p1bnp1/p1n4p/2PpP3/1PN2P2/P3BNPP/3R2K1","stockfishScores":{"wn":0.49333333333333335}},{"fenStr":"3r4/1p2kp2/2p1bnp1/p1n4p/2PpP3/1P3P2/P3BNPP/1N1R2K1","stockfishScores":{"bn":0.4925}},{"fenStr":"3r4/4kp2/1pp1bnp1/p1n4p/2PpP3/1P3P2/P3BNPP/1N1R2K1","stockfishScores":{"wn":0.49255952380952384}},{"fenStr":"3r4/4kp2/1pp1bnp1/p1n4p/2PpP3/1P1N1P2/P3B1PP/1N1R2K1","stockfishScores":{"bn":0.495}},{"fenStr":"3r4/3nkp2/1pp1b1p1/p1n4p/2PpP3/1P1N1P2/P3B1PP/1N1R2K1","stockfishScores":{"wn":0.4951785714285714}},{"fenStr":"3r4/3nkp2/1pp1b1p1/p1n4p/2PpP3/NP1N1P2/P3B1PP/3R2K1","stockfishScores":{"bn":0.49523809523809526}},{"fenStr":"3r4/3nkp2/1pp1b1p1/p6p/2PpP3/NP1n1P2/P3B1PP/3R2K1","stockfishScores":{"wn":0.4719642857142857}},{"fenStr":"3r4/3nkp2/1pp1b1p1/p6p/2PpP3/NP1B1P2/P5PP/3R2K1","stockfishScores":{"bn":0.49488095238095237}},{"fenStr":"3r4/4kp2/1pp1b1p1/p1n4p/2PpP3/NP1B1P2/P5PP/3R2K1","stockfishScores":{"wn":0.4924404761904762}},{"fenStr":"3r4/4kp2/1pp1b1p1/p1n4p/2PpP3/1P1B1P2/P1N3PP/3R2K1","stockfishScores":{"bn":0.49333333333333335}},{"fenStr":"3r4/4kp2/1pp1b1p1/2n4p/p1PpP3/1P1B1P2/P1N3PP/3R2K1","stockfishScores":{"wn":0.49660714285714286}},{"fenStr":"3r4/4kp2/1pp1b1p1/2n4p/P1PpP3/3B1P2/P1N3PP/3R2K1","stockfishScores":{"bn":0.4938095238095238}},{"fenStr":"3r4/4kp2/1pp1b1p1/7p/n1PpP3/3B1P2/P1N3PP/3R2K1","stockfishScores":{"wn":0.4969642857142857}},{"fenStr":"3r4/4kp2/1pp1b1p1/7p/nNPpP3/3B1P2/P5PP/3R2K1","stockfishScores":{"bn":0.49654761904761907}},{"fenStr":"3r4/3bkp2/1pp3p1/7p/nNPpP3/3B1P2/P5PP/3R2K1","stockfishScores":{"wn":0.49797619047619046}},{"fenStr":"3r4/3bkp2/1pp3p1/7p/nNPpP3/5P2/P1B3PP/3R2K1","stockfishScores":{"bn":0.4999404761904762}},{"fenStr":"3r4/3bkp2/1pp3p1/7p/1NPpP3/2n2P2/P1B3PP/3R2K1","stockfishScores":{"wn":0.4926190476190476}},{"fenStr":"3r4/3bkp2/1pp3p1/7p/1NPpP3/2n2P2/P1BR2PP/6K1","stockfishScores":{"bn":0.4938095238095238}},{"fenStr":"3r4/3bkp2/1p4p1/2p4p/1NPpP3/2n2P2/P1BR2PP/6K1","stockfishScores":{"wn":0.4875}},{"fenStr":"3r4/3bkp2/1p4p1/2pN3p/2PpP3/2n2P2/P1BR2PP/6K1","stockfishScores":{"bn":0.4939880952380952}},{"fenStr":"3r4/3bkp2/1p4p1/2pn3p/2PpP3/5P2/P1BR2PP/6K1","stockfishScores":{"wn":0.4663690476190476}},{"fenStr":"3r4/3bkp2/1p4p1/2pP3p/2Pp4/5P2/P1BR2PP/6K1","stockfishScores":{"bn":0.49023809523809525}},{"fenStr":"3r4/3bkp2/6p1/1ppP3p/2Pp4/5P2/P1BR2PP/6K1","stockfishScores":{"wn":0.4893452380952381}},{"fenStr":"3r4/3bkp2/6p1/1ppP3p/2Pp4/3B1P2/P2R2PP/6K1","stockfishScores":{"bn":0.49214285714285716}},{"fenStr":"3r4/3bkp2/6p1/2pP3p/2pp4/3B1P2/P2R2PP/6K1","stockfishScores":{"wn":0.4811309523809524}},{"fenStr":"3r4/3bkp2/6p1/2pP3p/2Bp4/5P2/P2R2PP/6K1","stockfishScores":{"bn":0.48964285714285716}},{"fenStr":"3r4/3b1p2/3k2p1/2pP3p/2Bp4/5P2/P2R2PP/6K1","stockfishScores":{"wn":0.4839880952380952}},{"fenStr":"3r4/3b1p2/3k2p1/2pP3p/2Bp4/5P2/PR4PP/6K1","stockfishScores":{"bn":0.4855357142857143}},{"fenStr":"3r4/2kb1p2/6p1/2pP3p/2Bp4/5P2/PR4PP/6K1","stockfishScores":{"wn":0.4920833333333333}},{"fenStr":"3r4/2kb1p2/6p1/2pP3p/2Bp4/5P2/PR3KPP/8","stockfishScores":{"bn":0.4948214285714286}},{"fenStr":"3r4/2kb4/5pp1/2pP3p/2Bp4/5P2/PR3KPP/8","stockfishScores":{"wn":0.4957142857142857}},{"fenStr":"3r4/2kb4/5pp1/2pP3p/2Bp4/1R3P2/P4KPP/8","stockfishScores":{"bn":0.4942261904761905}},{"fenStr":"r7/2kb4/5pp1/2pP3p/2Bp4/1R3P2/P4KPP/8","stockfishScores":{"wn":0.49255952380952384}},{"fenStr":"r7/2kb4/5pp1/2pP3p/2Bp4/5P2/PR3KPP/8","stockfishScores":{"bn":0.49357142857142855}},{"fenStr":"8/2kb4/5pp1/2pP3p/r1Bp4/5P2/PR3KPP/8","stockfishScores":{"wn":0.49273809523809525}},{"fenStr":"8/2kb4/5pp1/2pP3p/r2p4/1B3P2/PR3KPP/8","stockfishScores":{"bn":0.49160714285714285}},{"fenStr":"8/2kb4/5pp1/2pP3p/1r1p4/1B3P2/PR3KPP/8","stockfishScores":{"wn":0.490952380952381}},{"fenStr":"8/2kb4/5pp1/2pP3p/1r1p4/1B3P2/P1R2KPP/8","stockfishScores":{"bn":0.49023809523809525}},{"fenStr":"8/3b4/3k1pp1/2pP3p/1r1p4/1B3P2/P1R2KPP/8","stockfishScores":{"wn":0.48369047619047617}},{"fenStr":"8/3b4/3k1pp1/2pP3p/1rBp4/5P2/P1R2KPP/8","stockfishScores":{"bn":0.4844047619047619}},{"fenStr":"8/8/3k1pp1/1bpP3p/1rBp4/5P2/P1R2KPP/8","stockfishScores":{"wn":0.4860714285714286}},{"fenStr":"8/8/3k1pp1/1BpP3p/1r1p4/5P2/P1R2KPP/8","stockfishScores":{"bn":0.5163690476190477}},{"fenStr":"8/8/3k1pp1/1rpP3p/3p4/5P2/P1R2KPP/8","stockfishScores":{"wn":0.4857142857142857}},{"fenStr":"8/8/3k1pp1/1rpP3p/3p4/5P2/P3RKPP/8","stockfishScores":{"bn":0.4851785714285714}},{"fenStr":"8/8/5pp1/1rpk3p/3p4/5P2/P3RKPP/8","stockfishScores":{"wn":0.4841666666666667}},{"fenStr":"8/8/5pp1/1rpk3p/P2p4/5P2/4RKPP/8","stockfishScores":{"bn":0.4860714285714286}},{"fenStr":"8/8/5pp1/r1pk3p/P2p4/5P2/4RKPP/8","stockfishScores":{"wn":0.4841666666666667}},{"fenStr":"4R3/8/5pp1/r1pk3p/P2p4/5P2/5KPP/8","stockfishScores":{"bn":0.48214285714285715}},{"fenStr":"4R3/8/5pp1/2pk3p/r2p4/5P2/5KPP/8","stockfishScores":{"wn":0.4766666666666667}},{"fenStr":"1R6/8/5pp1/2pk3p/r2p4/5P2/5KPP/8","stockfishScores":{"bn":0.4754761904761905}},{"fenStr":"1R6/8/5p2/2pk2pp/r2p4/5P2/5KPP/8","stockfishScores":{"wn":0.47660714285714284}},{"fenStr":"1R6/8/5p2/2pk2pp/r2p3P/5P2/5KP1/8","stockfishScores":{"bn":0.47404761904761905}},{"fenStr":"1R6/8/5p2/2pk3p/r2p3p/5P2/5KP1/8","stockfishScores":{"wn":0.4729761904761905}},{"fenStr":"7R/8/5p2/2pk3p/r2p3p/5P2/5KP1/8","stockfishScores":{"bn":0.4745238095238095}},{"fenStr":"7R/8/5p2/2pk3p/3p3p/5P2/r4KP1/8","stockfishScores":{"wn":0.47333333333333333}},{"fenStr":"7R/8/5p2/2pk3p/3p3p/5P2/r5P1/5K2","stockfishScores":{"bn":0.47148809523809526}},{"fenStr":"7R/8/5p2/2pk3p/7p/3p1P2/r5P1/5K2","stockfishScores":{"wn":0.4663690476190476}},{"fenStr":"8/8/5p2/2pk3R/7p/3p1P2/r5P1/5K2","stockfishScores":{"bn":0.4689285714285714}},{"fenStr":"8/8/5p2/2p4R/3k3p/3p1P2/r5P1/5K2","stockfishScores":{"wn":0.4676190476190476}},{"fenStr":"8/8/5p2/2p5/3k3R/3p1P2/r5P1/5K2","stockfishScores":{"bn":0.4732142857142857}},{"fenStr":"8/8/5p2/2p5/7R/2kp1P2/r5P1/5K2","stockfishScores":{"wn":0.47482142857142856}},{"fenStr":"7R/8/5p2/2p5/8/2kp1P2/r5P1/5K2","stockfishScores":{"bn":0.47267857142857145}},{"fenStr":"7R/8/5p2/2p5/8/2k2P2/r2p2P1/5K2","stockfishScores":{"wn":0.4685714285714286}},{"fenStr":"3R4/8/5p2/2p5/8/2k2P2/r2p2P1/5K2","stockfishScores":{"bn":0.4770833333333333}},{"fenStr":"3R4/8/5p2/2p5/8/2k2P2/3p2P1/r4K2","stockfishScores":{"wn":0.4754761904761905}},{"fenStr":"3R4/8/5p2/2p5/8/2k2P2/3pK1P1/r7","stockfishScores":{"bn":0.48196428571428573}},{"fenStr":"3R4/8/5p2/2p5/8/2k2P2/3pK1P1/4r3","stockfishScores":{"wn":0.4832738095238095}},{"fenStr":"3R4/8/5p2/2p5/8/2k2P2/3p1KP1/4r3","stockfishScores":{"bn":0.47672619047619047}},{"fenStr":"3R4/8/5p2/2p5/8/2k2P2/5KP1/3qr3","stockfishScores":{"wn":0.4278571428571429}},{"fenStr":"8/8/5p2/2p5/8/2k2P2/5KP1/3Rr3","stockfishScores":{"bn":0.500297619047619}},{"fenStr":"8/8/5p2/2p5/8/2k2P2/5KP1/3r4","stockfishScores":{"wn":0.46017857142857144}},{"fenStr":"8/8/5p2/2p5/6P1/2k2P2/5K2/3r4","stockfishScores":{"bn":0.4591071428571429}},{"fenStr":"8/8/5p2/2p5/6P1/3k1P2/5K2/3r4","stockfishScores":{"wn":0.46125}},{"fenStr":"8/8/5p2/2p5/5PP1/3k4/5K2/3r4","stockfishScores":{"bn":0.4601190476190476}},{"fenStr":"8/8/5p2/8/2p2PP1/3k4/5K2/3r4","stockfishScores":{"wn":0.45720238095238097}},{"fenStr":"8/8/5p2/6P1/2p2P2/3k4/5K2/3r4","stockfishScores":{"bn":0.4618452380952381}},{"fenStr":"8/8/8/6p1/2p2P2/3k4/5K2/3r4","stockfishScores":{"wn":0.4504761904761905}},{"fenStr":"8/8/8/6P1/2p5/3k4/5K2/3r4","stockfishScores":{"bn":0.46458333333333335}},{"fenStr":"8/8/8/6P1/2p5/3k4/5K2/r7","stockfishScores":{"wn":0.46482142857142855}},{"fenStr":"8/8/8/6P1/2p5/3k1K2/8/r7","stockfishScores":{"bn":0.464702380952381}},{"fenStr":"8/8/8/6P1/8/2pk1K2/8/r7","stockfishScores":{"wn":0.45982142857142855}},{"fenStr":"8/8/6P1/8/8/2pk1K2/8/r7","stockfishScores":{"bn":0.4635714285714286}},{"fenStr":"8/8/6P1/8/8/3k1K2/2p5/r7","stockfishScores":{"wn":0.4574404761904762}},{"fenStr":"8/6P1/8/8/8/3k1K2/2p5/r7","stockfishScores":{"bn":0.4642857142857143}},{"fenStr":"r7/6P1/8/8/8/3k1K2/2p5/8","stockfishScores":{"wn":0.4605952380952381}},{"fenStr":"r7/6P1/8/8/8/3k4/2p2K2/8","stockfishScores":{"bn":0.4588690476190476}},{"fenStr":"r7/6P1/8/8/8/3k4/5K2/2q5","stockfishScores":{"wn":0.39553571428571427}},{"fenStr":"r5Q1/8/8/8/8/3k4/5K2/2q5","stockfishScores":{"bn":0.46166666666666667}},{"fenStr":"6r1/8/8/8/8/3k4/5K2/2q5","stockfishScores":{"wn":0.09999999999999998}},{"fenStr":"6r1/8/8/8/8/3k1K2/8/2q5","stockfishScores":{"bn":0.10053571428571428}},{"fenStr":"6r1/8/8/8/8/3kqK2/8/8","stockfishScores":{"wn":0.5}}],"result":{"bw":true}}