{"fens":[{"fenStr":"rnbqkbnr/pppppppp/8/8/4P3/8/PPPP1PPP/RNBQKBNR","stockfishScores":{"bn":0.5049404761904762}},{"fenStr":"rnbqkbnr/pp1ppppp/8/2p5/4P3/8/PPPP1PPP/RNBQKBNR","stockfishScores":{"wn":0.5038095238095238}},{"fenStr":"rnbqkbnr/pp1ppppp/8/2p5/4P3/5N2/PPPP1PPP/RNBQKB1R","stockfishScores":{"bn":0.5058928571428571}},{"fenStr":"rnbqkbnr/pp2pppp/3p4/2p5/4P3/5N2/PPPP1PPP/RNBQKB1R","stockfishScores":{"wn":0.5020833333333333}},{"fenStr":"rnbqkbnr/pp2pppp/3p4/2p5/3PP3/5N2/PPP2PPP/RNBQKB1R","stockfishScores":{"bn":0.5076785714285714}},{"fenStr":"rnbqkbnr/pp2pppp/3p4/8/3pP3/5N2/PPP2PPP/RNBQKB1R","stockfishScores":{"wn":0.4976190476190476}},{"fenStr":"rnbqkbnr/pp2pppp/3p4/8/3NP3/8/PPP2PPP/RNBQKB1R","stockfishScores":{"bn":0.51}},{"fenStr":"rnbqkb1r/pp2pppp/3p1n2/8/3NP3/8/PPP2PPP/RNBQKB1R","stockfishScores":{"wn":0.5031547619047619}},{"fenStr":"rnbqkb1r/pp2pppp/3p1n2/8/3NP3/2N5/PPP2PPP/R1BQKB1R","stockfishScores":{"bn":0.5076190476190476}},{"fenStr":"rnbqkb1r/1p2pppp/p2p1n2/8/3NP3/2N5/PPP2PPP/R1BQKB1R","stockfishScores":{"wn":0.5050595238095238}},{"fenStr":"rnbqkb1r/1p2pppp/p2p1n2/8/3NP3/2N2P2/PPP3PP/R1BQKB1R","stockfishScores":{"bn":0.5057142857142857}},{"fenStr":"rnbqkb1r/1p3ppp/p2ppn2/8/3NP3/2N2P2/PPP3PP/R1BQKB1R","stockfishScores":{"wn":0.5051190476190476}},{"fenStr":"rnbqkb1r/1p3ppp/p2ppn2/8/3NP3/2N1BP2/PPP3PP/R2QKB1R","stockfishScores":{"bn":0.5061309523809524}},{"fenStr":"rnbqk2r/1p2bppp/p2ppn2/8/3NP3/2N1BP2/PPP3PP/R2QKB1R","stockfishScores":{"wn":0.50625}},{"fenStr":"rnbqk2r/1p2bppp/p2ppn2/8/3NP3/2N1BP2/PPPQ2PP/R3KB1R","stockfishScores":{"bn":0.5056547619047619}},{"fenStr":"rnbqk2r/4bppp/p2ppn2/1p6/3NP3/2N1BP2/PPPQ2PP/R3KB1R","stockfishScores":{"wn":0.5054761904761905}},{"fenStr":"rnbqk2r/4bppp/p2ppn2/1p6/3NP1P1/2N1BP2/PPPQ3P/R3KB1R","stockfishScores":{"bn":0.5059523809523809}},{"fenStr":"rn1qk2r/1b2bppp/p2ppn2/1p6/3NP1P1/2N1BP2/PPPQ3P/R3KB1R","stockfishScores":{"wn":0.5036309523809523}},{"fenStr":"rn1qk2r/1b2bppp/p2ppn2/1p6/3NP1P1/2N1BP2/PPPQ3P/2KR1B1R","stockfishScores":{"bn":0.5122619047619048}},{"fenStr":"r2qk2r/1b2bppp/p1nppn2/1p6/3NP1P1/2N1BP2/PPPQ3P/2KR1B1R","stockfishScores":{"wn":0.5091071428571429}},{"fenStr":"r2qk2r/1b2bppp/p1nppn2/1p6/3NP1PP/2N1BP2/PPPQ4/2KR1B1R","stockfishScores":{"bn":0.5094047619047619}},{"fenStr":"2rqk2r/1b2bppp/p1nppn2/1p6/3NP1PP/2N1BP2/PPPQ4/2KR1B1R","stockfishScores":{"wn":0.5091071428571429}},{"fenStr":"2rqk2r/1b2bppp/p1nppn2/1p6/3NP1PP/2N1BP2/PPPQ4/1K1R1B1R","stockfishScores":{"bn":0.5111904761904762}},{"fenStr":"2rqk2r/1b2bppp/p2ppn2/1p2n3/3NP1PP/2N1BP2/PPPQ4/1K1R1B1R","stockfishScores":{"wn":0.511547619047619}},{"fenStr":"2rqk2r/1b2bppp/p2ppn2/1p2n3/3NP1PP/2NBBP2/PPPQ4/1K1R3R","stockfishScores":{"bn":0.5092857142857143}},{"fenStr":"2rqk2r/1b2bppp/p2ppn2/1p6/2nNP1PP/2NBBP2/PPPQ4/1K1R3R","stockfishScores":{"wn":0.5109523809523809}},{"fenStr":"2rqk2r/1b2bppp/p2ppn2/1p6/2BNP1PP/2N1BP2/PPPQ4/1K1R3R","stockfishScores":{"bn":0.5330952380952381}},{"fenStr":"3qk2r/1b2bppp/p2ppn2/1p6/2rNP1PP/2N1BP2/PPPQ4/1K1R3R","stockfishScores":{"wn":0.5118452380952381}},{"fenStr":"3qk2r/1b2bppp/p2ppn2/1p5P/2rNP1P1/2N1BP2/PPPQ4/1K1R3R","stockfishScores":{"bn":0.5119047619047619}},{"fenStr":"3qk2r/1b1nbppp/p2pp3/1p5P/2rNP1P1/2N1BP2/PPPQ4/1K1R3R","stockfishScores":{"wn":0.5086904761904761}},{"fenStr":"3qk2r/1b1nbppp/p2pp3/1p4PP/2rNP3/2N1BP2/PPPQ4/1K1R3R","stockfishScores":{"bn":0.5100595238095238}},{"fenStr":"3qk2r/1b2bppp/p2pp3/1p2n1PP/2rNP3/2N1BP2/PPPQ4/1K1R3R","stockfishScores":{"wn":0.5114285714285715}},{"fenStr":"3qk2r/1b2bppp/p2pp1P1/1p2n2P/2rNP3/2N1BP2/PPPQ4/1K1R3R","stockfishScores":{"bn":0.5083333333333333}},{"fenStr":"3qk2r/1b2bpp1/p2pp1p1/1p2n2P/2rNP3/2N1BP2/PPPQ4/1K1R3R","stockfishScores":{"wn":0.4957142857142857}},{"fenStr":"3qk2r/1b2bpp1/p2pp1p1/1p2n2P/2rNPP2/2N1B3/PPPQ4/1K1R3R","stockfishScores":{"bn":0.49851190476190477}},{"fenStr":"3qk2r/1b2bpp1/p2pp1p1/1p5P/2rNPPn1/2N1B3/PPPQ4/1K1R3R","stockfishScores":{"wn":0.4949404761904762}},{"fenStr":"3qk2r/1b2bpp1/p2pp1P1/1p6/2rNPPn1/2N1B3/PPPQ4/1K1R3R","stockfishScores":{"bn":0.5091071428571429}},{"fenStr":"3qk2r/1b3pp1/p2pp1P1/1p6/2rNPPnb/2N1B3/PPPQ4/1K1R3R","stockfishScores":{"wn":0.5013690476190477}},{"fenStr":"3qk2r/1b3pp1/p2pp1P1/1p3P2/2rNP1nb/2N1B3/PPPQ4/1K1R3R","stockfishScores":{"bn":0.5032738095238095}},{"fenStr":"3qk2r/1b3pp1/p2p2P1/1p2pP2/2rNP1nb/2N1B3/PPPQ4/1K1R3R","stockfishScores":{"wn":0.4980357142857143}},{"fenStr":"3qk2r/1b3Pp1/p2p4/1p2pP2/2rNP1nb/2N1B3/PPPQ4/1K1R3R","stockfishScores":{"bn":0.51125}},{"fenStr":"3q3r/1b3kp1/p2p4/1p2pP2/2rNP1nb/2N1B3/PPPQ4/1K1R3R","stockfishScores":{"wn":0.4992261904761905}},{"fenStr":"3q3r/1b3kp1/p2pN3/1p2pP2/2r1P1nb/2N1B3/PPPQ4/1K1R3R","stockfishScores":{"bn":0.5201190476190476}},{"fenStr":"7r/1b3kp1/p2pNq2/1p2pP2/2r1P1nb/2N1B3/PPPQ4/1K1R3R","stockfishScores":{"wn":0.5145238095238095}},{"fenStr":"7r/1b3kp1/p2pNq2/1p2pPB1/2r1P1nb/2N5/PPPQ4/1K1R3R","stockfishScores":{"bn":0.5273214285714286}},{"fenStr":"7r/1b3kp1/p2pNq2/1p2pPb1/2r1P1n1/2N5/PPPQ4/1K1R3R","stockfishScores":{"wn":0.4903571428571429}},{"fenStr":"7r/1b3kp1/p2p1q2/1p2pPN1/2r1P1n1/2N5/PPPQ4/1K1R3R","stockfishScores":{"bn":0.5114880952380952}},{"fenStr":"6kr/1b4p1/p2p1q2/1p2pPN1/2r1P1n1/2N5/PPPQ4/1K1R3R","stockfishScores":{"wn":0.5205357142857143}},{"fenStr":"6kr/1b4p1/p2p1q2/1p1NpPN1/2r1P1n1/8/PPPQ4/1K1R3R","stockfishScores":{"bn":0.5354166666666667}},{"fenStr":"5qkr/1b4p1/p2p4/1p1NpPN1/2r1P1n1/8/PPPQ4/1K1R3R","stockfishScores":{"wn":0.5332738095238095}},{"fenStr":"5qkr/1b4p1/p2pN3/1p1NpP2/2r1P1n1/8/PPPQ4/1K1R3R","stockfishScores":{"bn":0.5439285714285714}},{"fenStr":"6kr/1b3qp1/p2pN3/1p1NpP2/2r1P1n1/8/PPPQ4/1K1R3R","stockfishScores":{"wn":0.5386309523809524}},{"fenStr":"6kr/1b3qp1/p2pN3/1p1NpPQ1/2r1P1n1/8/PPP5/1K1R3R","stockfishScores":{"bn":0.6009523809523809}},{"fenStr":"6kr/1b3qp1/p2pN2n/1p1NpPQ1/2r1P3/8/PPP5/1K1R3R","stockfishScores":{"wn":0.5895833333333333}},{"fenStr":"3Q2kr/1b3qp1/p2pN2n/1p1NpP2/2r1P3/8/PPP5/1K1R3R","stockfishScores":{"bn":0.5527380952380953}},{"fenStr":"3Q3r/1b3qpk/p2pN2n/1p1NpP2/2r1P3/8/PPP5/1K1R3R","stockfishScores":{"wn":0.5511904761904762}},{"fenStr":"3Q3r/1b3qpk/p2p3n/1p1NpPN1/2r1P3/8/PPP5/1K1R3R","stockfishScores":{"bn":0.5323214285714286}}],"result":{"ww":true}}