{"fens":[{"fenStr":"rnbqkbnr/pppppppp/8/8/4P3/8/PPPP1PPP/RNBQKBNR","stockfishScores":{"bn":0.5049404761904762}},{"fenStr":"rnbqkbnr/pppp1ppp/8/4p3/4P3/8/PPPP1PPP/RNBQKBNR","stockfishScores":{"wn":0.5005952380952381}},{"fenStr":"rnbqkbnr/pppp1ppp/8/4p3/4P3/5N2/PPPP1PPP/RNBQKB1R","stockfishScores":{"bn":0.5044047619047619}},{"fenStr":"r1bqkbnr/pppp1ppp/2n5/4p3/4P3/5N2/PPPP1PPP/RNBQKB1R","stockfishScores":{"wn":0.5004166666666666}},{"fenStr":"r1bqkbnr/pppp1ppp/2n5/4p3/2B1P3/5N2/PPPP1PPP/RNBQK2R","stockfishScores":{"bn":0.5013095238095238}},{"fenStr":"r1bqkb1r/pppp1ppp/2n2n2/4p3/2B1P3/5N2/PPPP1PPP/RNBQK2R","stockfishScores":{"wn":0.4975}},{"fenStr":"r1bqkb1r/pppp1ppp/2n2n2/4p3/2B1P3/3P1N2/PPP2PPP/RNBQK2R","stockfishScores":{"bn":0.5033928571428572}},{"fenStr":"r1bqk2r/ppppbppp/2n2n2/4p3/2B1P3/3P1N2/PPP2PPP/RNBQK2R","stockfishScores":{"wn":0.5042261904761904}},{"fenStr":"r1bqk2r/ppppbppp/2n2n2/4p3/2B1P3/3P1N2/PPP2PPP/RNBQ1RK1","stockfishScores":{"bn":0.5142857142857142}},{"fenStr":"r1bqk2r/ppp1bppp/2np1n2/4p3/2B1P3/3P1N2/PPP2PPP/RNBQ1RK1","stockfishScores":{"wn":0.51125}},{"fenStr":"r1bqk2r/ppp1bppp/2np1n2/4p3/2B1P3/2PP1N2/PP3PPP/RNBQ1RK1","stockfishScores":{"bn":0.511547619047619}},{"fenStr":"r1bq1rk1/ppp1bppp/2np1n2/4p3/2B1P3/2PP1N2/PP3PPP/RNBQ1RK1","stockfishScores":{"wn":0.5001785714285715}},{"fenStr":"r1bq1rk1/ppp1bppp/2np1n2/4p3/2B1P3/2PP1N2/PP3PPP/RNBQR1K1","stockfishScores":{"bn":0.49970238095238095}},{"fenStr":"r1bq1rk1/ppp1bppp/3p1n2/n3p3/2B1P3/2PP1N2/PP3PPP/RNBQR1K1","stockfishScores":{"wn":0.5020238095238095}},{"fenStr":"r1bq1rk1/ppp1bppp/3p1n2/nB2p3/4P3/2PP1N2/PP3PPP/RNBQR1K1","stockfishScores":{"bn":0.501547619047619}},{"fenStr":"r1bq1rk1/1pp1bppp/p2p1n2/nB2p3/4P3/2PP1N2/PP3PPP/RNBQR1K1","stockfishScores":{"wn":0.4955357142857143}},{"fenStr":"r1bq1rk1/1pp1bppp/p2p1n2/n3p3/B3P3/2PP1N2/PP3PPP/RNBQR1K1","stockfishScores":{"bn":0.5001190476190476}},{"fenStr":"r1bq1rk1/2p1bppp/p2p1n2/np2p3/B3P3/2PP1N2/PP3PPP/RNBQR1K1","stockfishScores":{"wn":0.4961904761904762}},{"fenStr":"r1bq1rk1/2p1bppp/p2p1n2/np2p3/4P3/2PP1N2/PPB2PPP/RNBQR1K1","stockfishScores":{"bn":0.5007738095238096}},{"fenStr":"r1bq1rk1/4bppp/p2p1n2/npp1p3/4P3/2PP1N2/PPB2PPP/RNBQR1K1","stockfishScores":{"wn":0.4988690476190476}},{"fenStr":"r1bq1rk1/4bppp/p2p1n2/npp1p3/4P3/2PP1N2/PPBN1PPP/R1BQR1K1","stockfishScores":{"bn":0.4998214285714286}},{"fenStr":"r1bqr1k1/4bppp/p2p1n2/npp1p3/4P3/2PP1N2/PPBN1PPP/R1BQR1K1","stockfishScores":{"wn":0.5006547619047619}},{"fenStr":"r1bqr1k1/4bppp/p2p1n2/npp1p3/4P3/2PP1N2/PPB2PPP/R1BQRNK1","stockfishScores":{"bn":0.49910714285714286}},{"fenStr":"r1bqr1k1/4bpp1/p2p1n1p/npp1p3/4P3/2PP1N2/PPB2PPP/R1BQRNK1","stockfishScores":{"wn":0.4986904761904762}},{"fenStr":"r1bqr1k1/4bpp1/p2p1n1p/npp1p3/4P3/2PP1NN1/PPB2PPP/R1BQR1K1","stockfishScores":{"bn":0.49952380952380954}},{"fenStr":"r1bqrbk1/5pp1/p2p1n1p/npp1p3/4P3/2PP1NN1/PPB2PPP/R1BQR1K1","stockfishScores":{"wn":0.5009523809523809}},{"fenStr":"r1bqrbk1/5pp1/p2p1n1p/npp1p3/4P3/2PP1NNP/PPB2PP1/R1BQR1K1","stockfishScores":{"bn":0.5014880952380952}},{"fenStr":"r2qrbk1/1b3pp1/p2p1n1p/npp1p3/4P3/2PP1NNP/PPB2PP1/R1BQR1K1","stockfishScores":{"wn":0.49976190476190474}},{"fenStr":"r2qrbk1/1b3pp1/p2p1n1p/npp1p3/3PP3/2P2NNP/PPB2PP1/R1BQR1K1","stockfishScores":{"bn":0.5004166666666666}},{"fenStr":"r3rbk1/1bq2pp1/p2p1n1p/npp1p3/3PP3/2P2NNP/PPB2PP1/R1BQR1K1","stockfishScores":{"wn":0.5011904761904762}},{"fenStr":"r3rbk1/1bq2pp1/p2p1n1p/nppPp3/4P3/2P2NNP/PPB2PP1/R1BQR1K1","stockfishScores":{"bn":0.5038095238095238}},{"fenStr":"r1b1rbk1/2q2pp1/p2p1n1p/nppPp3/4P3/2P2NNP/PPB2PP1/R1BQR1K1","stockfishScores":{"wn":0.5058333333333334}},{"fenStr":"r1b1rbk1/2q2pp1/p2p1n1p/nppPp3/4P3/2P3NP/PPB2PPN/R1BQR1K1","stockfishScores":{"bn":0.5036309523809523}},{"fenStr":"r3rbk1/2qb1pp1/p2p1n1p/nppPp3/4P3/2P3NP/PPB2PPN/R1BQR1K1","stockfishScores":{"wn":0.5028571428571429}},{"fenStr":"r3rbk1/2qb1pp1/p2p1n1p/nppPp3/4P3/1PP3NP/P1B2PPN/R1BQR1K1","stockfishScores":{"bn":0.5028571428571429}},{"fenStr":"r3rbk1/2qb1pp1/p2p1n1p/np1Pp3/2p1P3/1PP3NP/P1B2PPN/R1BQR1K1","stockfishScores":{"wn":0.5027380952380952}},{"fenStr":"r3rbk1/2qb1pp1/p2p1n1p/np1Pp3/1Pp1P3/2P3NP/P1B2PPN/R1BQR1K1","stockfishScores":{"bn":0.5060119047619047}},{"fenStr":"r3rbk1/1nqb1pp1/p2p1n1p/1p1Pp3/1Pp1P3/2P3NP/P1B2PPN/R1BQR1K1","stockfishScores":{"wn":0.5026190476190476}},{"fenStr":"r3rbk1/1nqb1pp1/p2p1n1p/1p1Pp3/1Pp1P3/2P2QNP/P1B2PPN/R1B1R1K1","stockfishScores":{"bn":0.5023214285714286}},{"fenStr":"r3rb2/1nqb1ppk/p2p1n1p/1p1Pp3/1Pp1P3/2P2QNP/P1B2PPN/R1B1R1K1","stockfishScores":{"wn":0.505297619047619}},{"fenStr":"r3rb2/1nqb1ppk/p2p1n1p/1p1Pp3/1Pp1P1N1/2P2QNP/P1B2PP1/R1B1R1K1","stockfishScores":{"bn":0.50625}},{"fenStr":"r3rb2/1nqb1ppk/p2p3p/1p1Pp3/1Pp1P1n1/2P2QNP/P1B2PP1/R1B1R1K1","stockfishScores":{"wn":0.4888095238095238}},{"fenStr":"r3rb2/1nqb1ppk/p2p3p/1p1Pp3/1Pp1P1P1/2P2QN1/P1B2PP1/R1B1R1K1","stockfishScores":{"bn":0.5070238095238095}},{"fenStr":"r3rb2/1nqb2pk/p2p1p1p/1p1Pp3/1Pp1P1P1/2P2QN1/P1B2PP1/R1B1R1K1","stockfishScores":{"wn":0.5054166666666666}},{"fenStr":"r3rb2/1nqb2pk/p2p1p1p/1p1PpN2/1Pp1P1P1/2P2Q2/P1B2PP1/R1B1R1K1","stockfishScores":{"bn":0.5051190476190476}},{"fenStr":"r2nrb2/2qb2pk/p2p1p1p/1p1PpN2/1Pp1P1P1/2P2Q2/P1B2PP1/R1B1R1K1","stockfishScores":{"wn":0.506547619047619}},{"fenStr":"r2nrb2/2qb2pk/p2p1p1p/1p1PpN2/1Pp1P1P1/2P2QP1/P1B2P2/R1B1R1K1","stockfishScores":{"bn":0.5042261904761904}},{"fenStr":"r3rb2/2qb1npk/p2p1p1p/1p1PpN2/1Pp1P1P1/2P2QP1/P1B2P2/R1B1R1K1","stockfishScores":{"wn":0.5007738095238096}},{"fenStr":"r3rb2/2qb1npk/p2p1p1p/1p1PpN2/1Pp1P1P1/2P2QP1/P1B2PK1/R1B1R3","stockfishScores":{"bn":0.4992857142857143}},{"fenStr":"r3rb2/2qb1npk/3p1p1p/pp1PpN2/1Pp1P1P1/2P2QP1/P1B2PK1/R1B1R3","stockfishScores":{"wn":0.4992857142857143}},{"fenStr":"r3rb2/2qb1npk/3p1p1p/pp1PpN2/1Pp1P1P1/2P2QP1/P1B2PK1/R1B4R","stockfishScores":{"bn":0.503452380952381}},{"fenStr":"r3rb2/2qb1npk/3p1p1p/1p1PpN2/1pp1P1P1/2P2QP1/P1B2PK1/R1B4R","stockfishScores":{"wn":0.49404761904761907}},{"fenStr":"r3rb2/2qb1npk/3p1p1p/1p1PpN2/1Pp1P1P1/5QP1/P1B2PK1/R1B4R","stockfishScores":{"bn":0.49898809523809523}},{"fenStr":"r3rb2/2qb2pk/3p1p1p/1p1PpNn1/1Pp1P1P1/5QP1/P1B2PK1/R1B4R","stockfishScores":{"wn":0.4936904761904762}},{"fenStr":"r3rb2/2qb2pk/3p1p1p/1p1PpNB1/1Pp1P1P1/5QP1/P1B2PK1/R6R","stockfishScores":{"bn":0.5216071428571428}},{"fenStr":"r3rb2/2qb2pk/3p3p/1p1PpNp1/1Pp1P1P1/5QP1/P1B2PK1/R6R","stockfishScores":{"wn":0.4955357142857143}},{"fenStr":"r3rb2/2qb2pk/3p3N/1p1Pp1p1/1Pp1P1P1/5QP1/P1B2PK1/R6R","stockfishScores":{"bn":0.5052380952380953}},{"fenStr":"r1b1rb2/2q3pk/3p3N/1p1Pp1p1/1Pp1P1P1/5QP1/P1B2PK1/R6R","stockfishScores":{"wn":0.5100595238095238}},{"fenStr":"r1b1rb2/2q2Npk/3p4/1p1Pp1p1/1Pp1P1P1/5QP1/P1B2PK1/R6R","stockfishScores":{"bn":0.5602976190476191}},{"fenStr":"r1b1rb2/2q2Np1/3p2k1/1p1Pp1p1/1Pp1P1P1/5QP1/P1B2PK1/R6R","stockfishScores":{"wn":0.5579761904761905}},{"fenStr":"r1b1rb1N/2q3p1/3p2k1/1p1Pp1p1/1Pp1P1P1/5QP1/P1B2PK1/R6R","stockfishScores":{"bn":0.5256547619047619}}],"result":{"ww":true}}