{"fens":[{"fenStr":"rnbqkbnr/pppppppp/8/8/4P3/8/PPPP1PPP/RNBQKBNR","stockfishScores":{"bn":0.5049404761904762}},{"fenStr":"rnbqkbnr/pppp1ppp/4p3/8/4P3/8/PPPP1PPP/RNBQKBNR","stockfishScores":{"wn":0.5002380952380953}},{"fenStr":"rnbqkbnr/pppp1ppp/4p3/8/3PP3/8/PPP2PPP/RNBQKBNR","stockfishScores":{"bn":0.5058928571428571}},{"fenStr":"rnbqkbnr/ppp2ppp/4p3/3p4/3PP3/8/PPP2PPP/RNBQKBNR","stockfishScores":{"wn":0.5010119047619047}},{"fenStr":"rnbqkbnr/ppp2ppp/4p3/3p4/3PP3/8/PPPN1PPP/R1BQKBNR","stockfishScores":{"bn":0.5027380952380952}},{"fenStr":"rnbqkb1r/ppp2ppp/4pn2/3p4/3PP3/8/PPPN1PPP/R1BQKBNR","stockfishScores":{"wn":0.5017857142857143}},{"fenStr":"rnbqkb1r/ppp2ppp/4pn2/3pP3/3P4/8/PPPN1PPP/R1BQKBNR","stockfishScores":{"bn":0.5069642857142858}},{"fenStr":"rnbqkb1r/pppn1ppp/4p3/3pP3/3P4/8/PPPN1PPP/R1BQKBNR","stockfishScores":{"wn":0.5014285714285714}},{"fenStr":"rnbqkb1r/pppn1ppp/4p3/3pP3/3P4/3B4/PPPN1PPP/R1BQK1NR","stockfishScores":{"bn":0.50125}},{"fenStr":"rnbqkb1r/pp1n1ppp/4p3/2ppP3/3P4/3B4/PPPN1PPP/R1BQK1NR","stockfishScores":{"wn":0.4975595238095238}},{"fenStr":"rnbqkb1r/pp1n1ppp/4p3/2ppP3/3P4/2PB4/PP1N1PPP/R1BQK1NR","stockfishScores":{"bn":0.50125}},{"fenStr":"r1bqkb1r/pp1n1ppp/2n1p3/2ppP3/3P4/2PB4/PP1N1PPP/R1BQK1NR","stockfishScores":{"wn":0.498452380952381}},{"fenStr":"r1bqkb1r/pp1n1ppp/2n1p3/2ppP3/3P4/2PB4/PP1NNPPP/R1BQK2R","stockfishScores":{"bn":0.5010119047619047}},{"fenStr":"r1bqkb1r/pp1n1ppp/2n1p3/3pP3/3p4/2PB4/PP1NNPPP/R1BQK2R","stockfishScores":{"wn":0.49220238095238095}},{"fenStr":"r1bqkb1r/pp1n1ppp/2n1p3/3pP3/3P4/3B4/PP1NNPPP/R1BQK2R","stockfishScores":{"bn":0.5002380952380953}},{"fenStr":"r1bqkb1r/pp1n2pp/2n1pp2/3pP3/3P4/3B4/PP1NNPPP/R1BQK2R","stockfishScores":{"wn":0.503095238095238}},{"fenStr":"r1bqkb1r/pp1n2pp/2n1pP2/3p4/3P4/3B4/PP1NNPPP/R1BQK2R","stockfishScores":{"bn":0.5166666666666667}},{"fenStr":"r1bqkb1r/pp4pp/2n1pn2/3p4/3P4/3B4/PP1NNPPP/R1BQK2R","stockfishScores":{"wn":0.5017261904761905}},{"fenStr":"r1bqkb1r/pp4pp/2n1pn2/3p4/3P4/3B1N2/PP2NPPP/R1BQK2R","stockfishScores":{"bn":0.5033928571428572}},{"fenStr":"r1bqk2r/pp4pp/2nbpn2/3p4/3P4/3B1N2/PP2NPPP/R1BQK2R","stockfishScores":{"wn":0.5025595238095238}},{"fenStr":"r1bqk2r/pp4pp/2nbpn2/3p4/3P4/3B1N2/PP2NPPP/R1BQ1RK1","stockfishScores":{"bn":0.5125595238095239}},{"fenStr":"r1b1k2r/ppq3pp/2nbpn2/3p4/3P4/3B1N2/PP2NPPP/R1BQ1RK1","stockfishScores":{"wn":0.513154761904762}},{"fenStr":"r1b1k2r/ppq3pp/2nbpn2/3p2B1/3P4/3B1N2/PP2NPPP/R2Q1RK1","stockfishScores":{"bn":0.5151785714285714}},{"fenStr":"r1b2rk1/ppq3pp/2nbpn2/3p2B1/3P4/3B1N2/PP2NPPP/R2Q1RK1","stockfishScores":{"wn":0.506547619047619}},{"fenStr":"r1b2rk1/ppq3pp/2nbpn2/3p4/3P3B/3B1N2/PP2NPPP/R2Q1RK1","stockfishScores":{"bn":0.5045238095238095}},{"fenStr":"r1b2rk1/ppq3pp/2nbp3/3p3n/3P3B/3B1N2/PP2NPPP/R2Q1RK1","stockfishScores":{"wn":0.5079166666666667}},{"fenStr":"r1b2rk1/ppq3pp/2nbp3/3p3n/3P3B/3B1N2/PPQ1NPPP/R4RK1","stockfishScores":{"bn":0.5058928571428571}},{"fenStr":"r1b2rk1/ppq3p1/2nbp2p/3p3n/3P3B/3B1N2/PPQ1NPPP/R4RK1","stockfishScores":{"wn":0.5069047619047619}},{"fenStr":"r1b2rk1/ppq3p1/2nbp1Bp/3p3n/3P3B/5N2/PPQ1NPPP/R4RK1","stockfishScores":{"bn":0.5182738095238095}},{"fenStr":"r1b3k1/ppq3p1/2nbp1Bp/3p3n/3P3B/5r2/PPQ1NPPP/R4RK1","stockfishScores":{"wn":0.4950595238095238}},{"fenStr":"r1b3k1/ppq3p1/2nbp2p/3p3B/3P3B/5r2/PPQ1NPPP/R4RK1","stockfishScores":{"bn":0.5110714285714286}},{"fenStr":"r1b3k1/ppq3p1/2n1p2p/3p3B/3P3B/5r2/PPQ1NPPb/R4RK1","stockfishScores":{"wn":0.51}},{"fenStr":"r1b3k1/ppq3p1/2n1p2p/3p3B/3P3B/5r2/PPQ1NPPb/R4R1K","stockfishScores":{"bn":0.5098214285714285}},{"fenStr":"r1b3k1/ppq3p1/2n1p2p/3p1r1B/3P3B/8/PPQ1NPPb/R4R1K","stockfishScores":{"wn":0.49202380952380953}},{"fenStr":"r1b3k1/ppq3p1/2n1p1Bp/3p1r2/3P3B/8/PPQ1NPPb/R4R1K","stockfishScores":{"bn":0.5024404761904762}},{"fenStr":"r1b3k1/ppq3p1/2nbp1Bp/3p1r2/3P3B/8/PPQ1NPP1/R4R1K","stockfishScores":{"wn":0.5013095238095238}},{"fenStr":"r1b3k1/ppq3p1/2nbp2p/3p1B2/3P3B/8/PPQ1NPP1/R4R1K","stockfishScores":{"bn":0.5308333333333334}},{"fenStr":"r1b3k1/ppq3p1/2nb3p/3p1p2/3P3B/8/PPQ1NPP1/R4R1K","stockfishScores":{"wn":0.4980952380952381}},{"fenStr":"r1b3k1/ppq3p1/2nb3p/3p1p2/3P1P1B/8/PPQ1N1P1/R4R1K","stockfishScores":{"bn":0.49988095238095237}},{"fenStr":"r1b3k1/pp3qp1/2nb3p/3p1p2/3P1P1B/8/PPQ1N1P1/R4R1K","stockfishScores":{"wn":0.5007142857142857}},{"fenStr":"r1b3k1/pp3qp1/2nb3p/3p1p2/3P1P1B/5R2/PPQ1N1P1/R6K","stockfishScores":{"bn":0.4998214285714286}},{"fenStr":"r5k1/pp1b1qp1/2nb3p/3p1p2/3P1P1B/5R2/PPQ1N1P1/R6K","stockfishScores":{"wn":0.4990476190476191}},{"fenStr":"r5k1/pp1b1qp1/2nb3p/3p1p2/3P1P2/5R2/PPQ1NBP1/R6K","stockfishScores":{"bn":0.49952380952380954}},{"fenStr":"4r1k1/pp1b1qp1/2nb3p/3p1p2/3P1P2/5R2/PPQ1NBP1/R6K","stockfishScores":{"wn":0.4963690476190476}},{"fenStr":"4r1k1/pp1b1qp1/2nb3p/3p1p2/3P1P2/2N2R2/PPQ2BP1/R6K","stockfishScores":{"bn":0.4969047619047619}},{"fenStr":"3nr1k1/pp1b1qp1/3b3p/3p1p2/3P1P2/2N2R2/PPQ2BP1/R6K","stockfishScores":{"wn":0.5026190476190476}},{"fenStr":"3nr1k1/pp1b1qp1/3b3p/3p1p2/3P1P2/P1N2R2/1PQ2BP1/R6K","stockfishScores":{"bn":0.5020238095238095}},{"fenStr":"4r1k1/pp1b1qp1/3bn2p/3p1p2/3P1P2/P1N2R2/1PQ2BP1/R6K","stockfishScores":{"wn":0.49970238095238095}},{"fenStr":"4r1k1/pp1b1qp1/3bn2p/3p1p2/3P1P2/P1N2R2/1PQ2BP1/4R2K","stockfishScores":{"bn":0.5008928571428571}},{"fenStr":"4r1k1/pp1b1qp1/3b3p/3p1p2/3P1n2/P1N2R2/1PQ2BP1/4R2K","stockfishScores":{"wn":0.4886904761904762}},{"fenStr":"4R1k1/pp1b1qp1/3b3p/3p1p2/3P1n2/P1N2R2/1PQ2BP1/7K","stockfishScores":{"bn":0.5279761904761905}},{"fenStr":"4b1k1/pp3qp1/3b3p/3p1p2/3P1n2/P1N2R2/1PQ2BP1/7K","stockfishScores":{"wn":0.4957142857142857}},{"fenStr":"4b1k1/pp3qp1/3b3p/3p1p2/3P1n2/P1N2RB1/1PQ3P1/7K","stockfishScores":{"bn":0.49970238095238095}},{"fenStr":"4b1k1/pp3q2/3b3p/3p1pp1/3P1n2/P1N2RB1/1PQ3P1/7K","stockfishScores":{"wn":0.49523809523809526}},{"fenStr":"4b1k1/pp3q2/3b3p/3p1pp1/3P1B2/P1N2R2/1PQ3P1/7K","stockfishScores":{"bn":0.5210714285714285}},{"fenStr":"4b1k1/pp3q2/7p/3p1pp1/3P1b2/P1N2R2/1PQ3P1/7K","stockfishScores":{"wn":0.495}},{"fenStr":"4b1k1/pp3q2/7p/3p1pp1/3P1b2/P4R2/1PQ1N1P1/7K","stockfishScores":{"bn":0.49476190476190474}},{"fenStr":"4b1k1/pp6/7p/3p1ppq/3P1b2/P4R2/1PQ1N1P1/7K","stockfishScores":{"wn":0.4961309523809524}},{"fenStr":"4b1k1/pp6/7p/3p1ppq/3P1b2/P6R/1PQ1N1P1/7K","stockfishScores":{"bn":0.5017857142857143}},{"fenStr":"4b1k1/pp6/7p/3p1pp1/3P1bq1/P6R/1PQ1N1P1/7K","stockfishScores":{"wn":0.5039285714285714}},{"fenStr":"4b1k1/pp6/7R/3p1pp1/3P1bq1/P7/1PQ1N1P1/7K","stockfishScores":{"bn":0.5110119047619047}},{"fenStr":"4b3/pp4k1/7R/3p1pp1/3P1bq1/P7/1PQ1N1P1/7K","stockfishScores":{"wn":0.5091666666666667}},{"fenStr":"4b3/pp4k1/8/3p1pp1/3P1bq1/P6R/1PQ1N1P1/7K","stockfishScores":{"bn":0.5111904761904762}},{"fenStr":"4b3/pp4k1/3b4/3p1pp1/3P2q1/P6R/1PQ1N1P1/7K","stockfishScores":{"wn":0.5069642857142858}},{"fenStr":"4b3/pp4k1/3b4/3p1pp1/3P2q1/P6R/1PQ3P1/6NK","stockfishScores":{"bn":0.5021428571428571}},{"fenStr":"4b3/pp4k1/3b4/3p1pp1/3Pq3/P6R/1PQ3P1/6NK","stockfishScores":{"wn":0.5006547619047619}},{"fenStr":"2Q1b3/pp4k1/3b4/3p1pp1/3Pq3/P6R/1P4P1/6NK","stockfishScores":{"bn":0.506547619047619}},{"fenStr":"2Q1b3/pp4k1/3b4/3p1p2/3Pq1p1/P6R/1P4P1/6NK","stockfishScores":{"wn":0.5029761904761905}},{"fenStr":"4b3/pQ4k1/3b4/3p1p2/3Pq1p1/P6R/1P4P1/6NK","stockfishScores":{"bn":0.5019047619047619}},{"fenStr":"4b3/pQ2b1k1/8/3p1p2/3Pq1p1/P6R/1P4P1/6NK","stockfishScores":{"wn":0.5085119047619048}},{"fenStr":"4b3/pQ2b1k1/8/3p1p2/3Pq1p1/P7/1P4PR/6NK","stockfishScores":{"bn":0.5081547619047619}},{"fenStr":"8/pQ2bbk1/8/3p1p2/3Pq1p1/P7/1P4PR/6NK","stockfishScores":{"wn":0.5036904761904762}},{"fenStr":"1Q6/p3bbk1/8/3p1p2/3Pq1p1/P7/1P4PR/6NK","stockfishScores":{"bn":0.5147619047619048}},{"fenStr":"1Q6/p4bk1/8/3p1pb1/3Pq1p1/P7/1P4PR/6NK","stockfishScores":{"wn":0.5129166666666667}},{"fenStr":"7Q/p4bk1/8/3p1pb1/3Pq1p1/P7/1P4PR/6NK","stockfishScores":{"bn":0.5218452380952381}},{"fenStr":"7Q/p4b2/6k1/3p1pb1/3Pq1p1/P7/1P4PR/6NK","stockfishScores":{"wn":0.514702380952381}},{"fenStr":"7Q/p4b1R/6k1/3p1pb1/3Pq1p1/P7/1P4P1/6NK","stockfishScores":{"bn":0.5279761904761905}},{"fenStr":"7Q/p3qb1R/6k1/3p1pb1/3P2p1/P7/1P4P1/6NK","stockfishScores":{"wn":0.5275}},{"fenStr":"8/p3qbQR/6k1/3p1pb1/3P2p1/P7/1P4P1/6NK","stockfishScores":{"bn":0.5104166666666666}}],"result":{"ww":true}}