{"fens":[{"fenStr":"rnbqkbnr/pppppppp/8/8/4P3/8/PPPP1PPP/RNBQKBNR","stockfishScores":{"bn":0.5049404761904762}},{"fenStr":"rnbqkbnr/pp1ppppp/8/2p5/4P3/8/PPPP1PPP/RNBQKBNR","stockfishScores":{"wn":0.5038095238095238}},{"fenStr":"rnbqkbnr/pp1ppppp/8/2p5/4P3/5N2/PPPP1PPP/RNBQKB1R","stockfishScores":{"bn":0.5058928571428571}},{"fenStr":"rnbqkbnr/pp1p1ppp/4p3/2p5/4P3/5N2/PPPP1PPP/RNBQKB1R","stockfishScores":{"wn":0.5020238095238095}},{"fenStr":"rnbqkbnr/pp1p1ppp/4p3/2p5/3PP3/5N2/PPP2PPP/RNBQKB1R","stockfishScores":{"bn":0.5095833333333334}},{"fenStr":"rnbqkbnr/pp1p1ppp/4p3/8/3pP3/5N2/PPP2PPP/RNBQKB1R","stockfishScores":{"wn":0.4922619047619048}},{"fenStr":"rnbqkbnr/pp1p1ppp/4p3/8/3NP3/8/PPP2PPP/RNBQKB1R","stockfishScores":{"bn":0.5060119047619047}},{"fenStr":"rnbqkbnr/1p1p1ppp/p3p3/8/3NP3/8/PPP2PPP/RNBQKB1R","stockfishScores":{"wn":0.5073214285714286}},{"fenStr":"rnbqkbnr/1p1p1ppp/p3p3/8/3NP3/3B4/PPP2PPP/RNBQK2R","stockfishScores":{"bn":0.5064285714285715}},{"fenStr":"rnbqk1nr/1p1p1ppp/p3p3/2b5/3NP3/3B4/PPP2PPP/RNBQK2R","stockfishScores":{"wn":0.502797619047619}},{"fenStr":"rnbqk1nr/1p1p1ppp/p3p3/2b5/4P3/1N1B4/PPP2PPP/RNBQK2R","stockfishScores":{"bn":0.5080357142857143}},{"fenStr":"rnbqk1nr/bp1p1ppp/p3p3/8/4P3/1N1B4/PPP2PPP/RNBQK2R","stockfishScores":{"wn":0.5072023809523809}},{"fenStr":"rnbqk1nr/bp1p1ppp/p3p3/8/4P3/1N1B4/PPP2PPP/RNBQ1RK1","stockfishScores":{"bn":0.5172619047619048}},{"fenStr":"rnbqk1nr/bp3ppp/p2pp3/8/4P3/1N1B4/PPP2PPP/RNBQ1RK1","stockfishScores":{"wn":0.5154761904761904}},{"fenStr":"rnbqk1nr/bp3ppp/p2pp3/8/4P3/1NNB4/PPP2PPP/R1BQ1RK1","stockfishScores":{"bn":0.5174404761904762}},{"fenStr":"rnbqk2r/bp3ppp/p2ppn2/8/4P3/1NNB4/PPP2PPP/R1BQ1RK1","stockfishScores":{"wn":0.5148809523809523}},{"fenStr":"rnbqk2r/bp3ppp/p2ppn2/6B1/4P3/1NNB4/PPP2PPP/R2Q1RK1","stockfishScores":{"bn":0.517797619047619}},{"fenStr":"r1bqk2r/bp3ppp/p1nppn2/6B1/4P3/1NNB4/PPP2PPP/R2Q1RK1","stockfishScores":{"wn":0.5143452380952381}},{"fenStr":"r1bqk2r/bp3ppp/p1nppn2/6B1/4P3/1NN5/PPP1BPPP/R2Q1RK1","stockfishScores":{"bn":0.5145238095238095}},{"fenStr":"r1bqk2r/b4ppp/p1nppn2/1p4B1/4P3/1NN5/PPP1BPPP/R2Q1RK1","stockfishScores":{"wn":0.5132142857142857}},{"fenStr":"r1bqk2r/b4ppp/p1nppB2/1p6/4P3/1NN5/PPP1BPPP/R2Q1RK1","stockfishScores":{"bn":0.5413095238095238}},{"fenStr":"r1bqk2r/b4p1p/p1nppp2/1p6/4P3/1NN5/PPP1BPPP/R2Q1RK1","stockfishScores":{"wn":0.5094642857142857}},{"fenStr":"r1bqk2r/b4p1p/p1nppp2/1p6/4P3/1NN5/PPPQBPPP/R4RK1","stockfishScores":{"bn":0.5089285714285714}},{"fenStr":"r2qk2r/bb3p1p/p1nppp2/1p6/4P3/1NN5/PPPQBPPP/R4RK1","stockfishScores":{"wn":0.5076785714285714}},{"fenStr":"r2qk2r/bb3p1p/p1nppp2/1p6/P3P3/1NN5/1PPQBPPP/R4RK1","stockfishScores":{"bn":0.5073214285714286}},{"fenStr":"r2qk2r/bb3p1p/p1nppp2/8/Pp2P3/1NN5/1PPQBPPP/R4RK1","stockfishScores":{"wn":0.5069047619047619}},{"fenStr":"r2qk2r/bb3p1p/p1nppp2/8/Pp2P3/1N6/NPPQBPPP/R4RK1","stockfishScores":{"bn":0.5069642857142858}},{"fenStr":"r2qk2r/bb3p1p/2nppp2/p7/Pp2P3/1N6/NPPQBPPP/R4RK1","stockfishScores":{"wn":0.5059523809523809}},{"fenStr":"r2qk2r/bb3p1p/2nppp2/p7/Pp2P3/1NP5/NP1QBPPP/R4RK1","stockfishScores":{"bn":0.5073809523809524}},{"fenStr":"r2qk2r/bb3p1p/2nppp2/p7/P3P3/1Np5/NP1QBPPP/R4RK1","stockfishScores":{"wn":0.4970833333333333}},{"fenStr":"r2qk2r/bb3p1p/2nppp2/p7/P3P3/1NN5/1P1QBPPP/R4RK1","stockfishScores":{"bn":0.5103571428571428}},{"fenStr":"r2qk2r/bb3p1p/3ppp2/p7/Pn2P3/1NN5/1P1QBPPP/R4RK1","stockfishScores":{"wn":0.5135714285714286}},{"fenStr":"r2qk2r/bb3p1p/3ppp2/pN6/Pn2P3/1N6/1P1QBPPP/R4RK1","stockfishScores":{"bn":0.5225595238095239}},{"fenStr":"r2q1rk1/bb3p1p/3ppp2/pN6/Pn2P3/1N6/1P1QBPPP/R4RK1","stockfishScores":{"wn":0.5036309523809523}},{"fenStr":"r2q1rk1/bb3p1p/3Npp2/p7/Pn2P3/1N6/1P1QBPPP/R4RK1","stockfishScores":{"bn":0.5136904761904761}},{"fenStr":"r2q1rk1/b4p1p/2bNpp2/p7/Pn2P3/1N6/1P1QBPPP/R4RK1","stockfishScores":{"wn":0.5114880952380952}},{"fenStr":"r2q1rk1/b4p1p/2bNpp2/pB6/Pn2P3/1N6/1P1Q1PPP/R4RK1","stockfishScores":{"bn":0.5094642857142857}},{"fenStr":"rb1q1rk1/5p1p/2bNpp2/pB6/Pn2P3/1N6/1P1Q1PPP/R4RK1","stockfishScores":{"wn":0.50625}},{"fenStr":"rb1q1rk1/5p1p/2BNpp2/p7/Pn2P3/1N6/1P1Q1PPP/R4RK1","stockfishScores":{"bn":0.5342857142857143}},{"fenStr":"rb1q1rk1/5p1p/2nNpp2/p7/P3P3/1N6/1P1Q1PPP/R4RK1","stockfishScores":{"wn":0.5096428571428572}},{"fenStr":"rb1q1rk1/5p1p/2n1pp2/pN6/P3P3/1N6/1P1Q1PPP/R4RK1","stockfishScores":{"bn":0.5077380952380952}},{"fenStr":"r2q1rk1/5p1p/2n1pp2/pN2b3/P3P3/1N6/1P1Q1PPP/R4RK1","stockfishScores":{"wn":0.5066666666666667}},{"fenStr":"r2q1rk1/5p1p/2n1pp2/pN2b3/P3P3/1N6/1P2QPPP/R4RK1","stockfishScores":{"bn":0.5051785714285715}},{"fenStr":"r4rk1/5p1p/1qn1pp2/pN2b3/P3P3/1N6/1P2QPPP/R4RK1","stockfishScores":{"wn":0.5029761904761905}},{"fenStr":"r4rk1/5p1p/1qn1pp2/pN2b3/P3P3/1N6/1P2QPPP/R4R1K","stockfishScores":{"bn":0.50375}},{"fenStr":"3r1rk1/5p1p/1qn1pp2/pN2b3/P3P3/1N6/1P2QPPP/R4R1K","stockfishScores":{"wn":0.5025595238095238}},{"fenStr":"3r1rk1/5p1p/1qn1pp2/pN2b3/P3PP2/1N6/1P2Q1PP/R4R1K","stockfishScores":{"bn":0.5076190476190476}},{"fenStr":"1b1r1rk1/5p1p/1qn1pp2/pN6/P3PP2/1N6/1P2Q1PP/R4R1K","stockfishScores":{"wn":0.5072023809523809}},{"fenStr":"1b1r1rk1/5p1p/1qn1pp2/pN6/P3PP2/1N3R2/1P2Q1PP/R6K","stockfishScores":{"bn":0.5060119047619047}},{"fenStr":"1b1r1r1k/5p1p/1qn1pp2/pN6/P3PP2/1N3R2/1P2Q1PP/R6K","stockfishScores":{"wn":0.5082142857142857}},{"fenStr":"1b1r1r1k/5p1p/1qn1pp2/pN6/P3PP2/1N3R2/1P4PP/R3Q2K","stockfishScores":{"bn":0.5073214285714286}},{"fenStr":"1b3r1k/3r1p1p/1qn1pp2/pN6/P3PP2/1N3R2/1P4PP/R3Q2K","stockfishScores":{"wn":0.5086904761904761}},{"fenStr":"1b3r1k/3r1p1p/1qn1pp2/pN6/P3PP1Q/1N3R2/1P4PP/R6K","stockfishScores":{"bn":0.5238690476190476}},{"fenStr":"1b1q1r1k/3r1p1p/2n1pp2/pN6/P3PP1Q/1N3R2/1P4PP/R6K","stockfishScores":{"wn":0.5141666666666667}},{"fenStr":"1b1q1r1k/3r1p1p/2n1pp2/pN6/P2NPP1Q/5R2/1P4PP/R6K","stockfishScores":{"bn":0.5141666666666667}},{"fenStr":"1b1q1r1k/3r1p1p/2n1p3/pN3p2/P2NPP1Q/5R2/1P4PP/R6K","stockfishScores":{"wn":0.5092857142857143}},{"fenStr":"1b1q1r1k/3r1p1p/2n1p2Q/pN3p2/P2NPP2/5R2/1P4PP/R6K","stockfishScores":{"bn":0.5126785714285714}},{"fenStr":"1b1q1r1k/3r1p1p/4p2Q/pN3p2/P2nPP2/5R2/1P4PP/R6K","stockfishScores":{"wn":0.48351190476190475}},{"fenStr":"1b1q1r1k/3r1p1p/4p2Q/pN3p2/P2nPP2/7R/1P4PP/R6K","stockfishScores":{"bn":0.53125}},{"fenStr":"1b1q1r1k/3r3p/4pp1Q/pN3p2/P2nPP2/7R/1P4PP/R6K","stockfishScores":{"wn":0.48529761904761903}},{"fenStr":"1b1q1r1k/3r3p/4pp1Q/p4p2/P2NPP2/7R/1P4PP/R6K","stockfishScores":{"bn":0.5116071428571428}},{"fenStr":"1b1q1r1k/3r3p/4pp1Q/p7/P2NpP2/7R/1P4PP/R6K","stockfishScores":{"wn":0.5064880952380952}},{"fenStr":"1b1q1r1k/3r3p/4pp1Q/p7/P2NpP2/7R/1P4PP/5R1K","stockfishScores":{"bn":0.5063095238095238}},{"fenStr":"1b1qr2k/3r3p/4pp1Q/p7/P2NpP2/7R/1P4PP/5R1K","stockfishScores":{"wn":0.5060714285714286}},{"fenStr":"1b1qr2k/3r3p/2N1pp1Q/p7/P3pP2/7R/1P4PP/5R1K","stockfishScores":{"bn":0.509702380952381}},{"fenStr":"1b1qr2k/7p/2N1pp1Q/p7/P3pP2/7R/1P4PP/3r1R1K","stockfishScores":{"wn":0.5366666666666666}},{"fenStr":"1b1qr2k/7Q/2N1pp2/p7/P3pP2/7R/1P4PP/3r1R1K","stockfishScores":{"bn":0.5107142857142857}}],"result":{"ww":true}}