{"fens":[{"fenStr":"rnbqkbnr/pppppppp/8/8/3P4/8/PPP1PPPP/RNBQKBNR","stockfishScores":{"bn":0.5048809523809524}},{"fenStr":"rnbqkb1r/pppppppp/5n2/8/3P4/8/PPP1PPPP/RNBQKBNR","stockfishScores":{"wn":0.5016071428571428}},{"fenStr":"rnbqkb1r/pppppppp/5n2/8/2PP4/8/PP2PPPP/RNBQKBNR","stockfishScores":{"bn":0.5041071428571429}},{"fenStr":"rnbqkb1r/pppp1ppp/4pn2/8/2PP4/8/PP2PPPP/RNBQKBNR","stockfishScores":{"wn":0.5005357142857143}},{"fenStr":"rnbqkb1r/pppp1ppp/4pn2/8/2PP4/2N5/PP2PPPP/R1BQKBNR","stockfishScores":{"bn":0.5033928571428572}},{"fenStr":"rnbqkb1r/pp1p1ppp/4pn2/2p5/2PP4/2N5/PP2PPPP/R1BQKBNR","stockfishScores":{"wn":0.5023214285714286}},{"fenStr":"rnbqkb1r/pp1p1ppp/4pn2/2pP4/2P5/2N5/PP2PPPP/R1BQKBNR","stockfishScores":{"bn":0.5030357142857143}},{"fenStr":"rnbqkb1r/pp1p1ppp/5n2/2pp4/2P5/2N5/PP2PPPP/R1BQKBNR","stockfishScores":{"wn":0.48964285714285716}},{"fenStr":"rnbqkb1r/pp1p1ppp/5n2/2pP4/8/2N5/PP2PPPP/R1BQKBNR","stockfishScores":{"bn":0.5031547619047619}},{"fenStr":"rnbqkb1r/pp3ppp/3p1n2/2pP4/8/2N5/PP2PPPP/R1BQKBNR","stockfishScores":{"wn":0.5024404761904762}},{"fenStr":"rnbqkb1r/pp3ppp/3p1n2/2pP4/4P3/2N5/PP3PPP/R1BQKBNR","stockfishScores":{"bn":0.5148809523809523}},{"fenStr":"rnbqkb1r/pp3p1p/3p1np1/2pP4/4P3/2N5/PP3PPP/R1BQKBNR","stockfishScores":{"wn":0.51375}},{"fenStr":"rnbqkb1r/pp3p1p/3p1np1/2pP4/4P3/2N5/PP2NPPP/R1BQKB1R","stockfishScores":{"bn":0.5107738095238096}},{"fenStr":"rnbqk2r/pp3pbp/3p1np1/2pP4/4P3/2N5/PP2NPPP/R1BQKB1R","stockfishScores":{"wn":0.5097619047619047}},{"fenStr":"rnbqk2r/pp3pbp/3p1np1/2pP4/4P3/2N3N1/PP3PPP/R1BQKB1R","stockfishScores":{"bn":0.5152380952380953}},{"fenStr":"rnbqk2r/1p3pbp/p2p1np1/2pP4/4P3/2N3N1/PP3PPP/R1BQKB1R","stockfishScores":{"wn":0.5100595238095238}},{"fenStr":"rnbqk2r/1p3pbp/p2p1np1/2pP4/P3P3/2N3N1/1P3PPP/R1BQKB1R","stockfishScores":{"bn":0.5039880952380953}},{"fenStr":"rnbq1rk1/1p3pbp/p2p1np1/2pP4/P3P3/2N3N1/1P3PPP/R1BQKB1R","stockfishScores":{"wn":0.4948214285714286}},{"fenStr":"rnbq1rk1/1p3pbp/p2p1np1/2pP4/P3P3/2N3N1/1P2BPPP/R1BQK2R","stockfishScores":{"bn":0.49547619047619046}},{"fenStr":"rnbq1rk1/1p3pb1/p2p1np1/2pP3p/P3P3/2N3N1/1P2BPPP/R1BQK2R","stockfishScores":{"wn":0.4951190476190476}},{"fenStr":"rnbq1rk1/1p3pb1/p2p1np1/2pP2Bp/P3P3/2N3N1/1P2BPPP/R2QK2R","stockfishScores":{"bn":0.5004761904761905}},{"fenStr":"rnb2rk1/1pq2pb1/p2p1np1/2pP2Bp/P3P3/2N3N1/1P2BPPP/R2QK2R","stockfishScores":{"wn":0.5}},{"fenStr":"rnb2rk1/1pq2pb1/p2p1np1/2pP2Bp/P3P3/2N3N1/1P1QBPPP/R3K2R","stockfishScores":{"bn":0.500297619047619}},{"fenStr":"rnb2rk1/1pq2pbn/p2p2p1/2pP2Bp/P3P3/2N3N1/1P1QBPPP/R3K2R","stockfishScores":{"wn":0.49404761904761907}},{"fenStr":"rnb2rk1/1pq2pbn/p2p2p1/2pP3p/P3P2B/2N3N1/1P1QBPPP/R3K2R","stockfishScores":{"bn":0.4957142857142857}},{"fenStr":"r1b2rk1/1pqn1pbn/p2p2p1/2pP3p/P3P2B/2N3N1/1P1QBPPP/R3K2R","stockfishScores":{"wn":0.49273809523809525}},{"fenStr":"r1b2rk1/1pqn1pbn/p2p2p1/2pP3p/P3P2B/2N3N1/1P1QBPPP/R4RK1","stockfishScores":{"bn":0.505297619047619}},{"fenStr":"1rb2rk1/1pqn1pbn/p2p2p1/2pP3p/P3P2B/2N3N1/1P1QBPPP/R4RK1","stockfishScores":{"wn":0.5063095238095238}},{"fenStr":"1rb2rk1/1pqn1pbn/p2p2p1/2pP3p/P3PP1B/2N3N1/1P1QB1PP/R4RK1","stockfishScores":{"bn":0.5089880952380952}},{"fenStr":"1rb2rk1/1pqn1pbn/p2p2p1/3P3p/P1p1PP1B/2N3N1/1P1QB1PP/R4RK1","stockfishScores":{"wn":0.5119047619047619}},{"fenStr":"1rb2rk1/1pqn1pbn/p2p2p1/3P3p/P1p1PP1B/2N3N1/1P1QB1PP/R4R1K","stockfishScores":{"bn":0.5089880952380952}},{"fenStr":"1rb2rk1/2qn1pbn/p2p2p1/1p1P3p/P1p1PP1B/2N3N1/1P1QB1PP/R4R1K","stockfishScores":{"wn":0.5042857142857143}},{"fenStr":"1rb2rk1/2qn1pbn/p2p2p1/1P1P3p/2p1PP1B/2N3N1/1P1QB1PP/R4R1K","stockfishScores":{"bn":0.5167261904761905}},{"fenStr":"1rb2rk1/2qn1pbn/3p2p1/1p1P3p/2p1PP1B/2N3N1/1P1QB1PP/R4R1K","stockfishScores":{"wn":0.5069642857142858}},{"fenStr":"1rb2rk1/2qn1pbn/3p2p1/1p1PP2p/2p2P1B/2N3N1/1P1QB1PP/R4R1K","stockfishScores":{"bn":0.5133333333333333}},{"fenStr":"1rb2rk1/2q2pbn/3p2p1/1pnPP2p/2p2P1B/2N3N1/1P1QB1PP/R4R1K","stockfishScores":{"wn":0.5107142857142857}},{"fenStr":"1rb2rk1/2q2pbn/3p2p1/1pnPP2p/2p2P1B/2N3N1/1P1QB1PP/3R1R1K","stockfishScores":{"bn":0.508095238095238}},{"fenStr":"1rb2rk1/2q2pbn/6p1/1pnPp2p/2p2P1B/2N3N1/1P1QB1PP/3R1R1K","stockfishScores":{"wn":0.495952380952381}},{"fenStr":"1rb2rk1/2q2pbn/3P2p1/1pn1p2p/2p2P1B/2N3N1/1P1QB1PP/3R1R1K","stockfishScores":{"bn":0.5055357142857143}},{"fenStr":"1rb2rk1/5pbn/3P2p1/qpn1p2p/2p2P1B/2N3N1/1P1QB1PP/3R1R1K","stockfishScores":{"wn":0.4993452380952381}},{"fenStr":"1rb2rk1/5pbn/3P2p1/qpn1pP1p/2p4B/2N3N1/1P1QB1PP/3R1R1K","stockfishScores":{"bn":0.501547619047619}},{"fenStr":"1rb2rk1/3n1pbn/3P2p1/qp2pP1p/2p4B/2N3N1/1P1QB1PP/3R1R1K","stockfishScores":{"wn":0.5036309523809523}},{"fenStr":"1rb2rk1/3n1pbn/3P2P1/qp2p2p/2p4B/2N3N1/1P1QB1PP/3R1R1K","stockfishScores":{"bn":0.5255952380952381}},{"fenStr":"1rb2rk1/3n2bn/3P2p1/qp2p2p/2p4B/2N3N1/1P1QB1PP/3R1R1K","stockfishScores":{"wn":0.5172023809523809}},{"fenStr":"1rb2rk1/3n2bn/3P2p1/qp2p2p/2p4B/2N3N1/1PQ1B1PP/3R1R1K","stockfishScores":{"bn":0.5067857142857143}},{"fenStr":"1rb2rk1/3n2bn/3P2p1/qp5p/2p1p2B/2N3N1/1PQ1B1PP/3R1R1K","stockfishScores":{"wn":0.49720238095238095}},{"fenStr":"1rb2rk1/3n2bn/3P2p1/qp1N3p/2p1p2B/6N1/1PQ1B1PP/3R1R1K","stockfishScores":{"bn":0.521547619047619}},{"fenStr":"1rb3k1/3n2bn/3P2p1/qp1N3p/2p1p2B/6N1/1PQ1B1PP/3R1r1K","stockfishScores":{"wn":0.4568452380952381}},{"fenStr":"1rb3k1/3n2bn/3P2p1/qp1N3p/2p1p2B/6N1/1PQ1B1PP/5R1K","stockfishScores":{"bn":0.5233333333333333}},{"fenStr":"1rb2nk1/3n2b1/3P2p1/qp1N3p/2p1p2B/6N1/1PQ1B1PP/5R1K","stockfishScores":{"wn":0.525952380952381}},{"fenStr":"1rb2nk1/3n2b1/3P2p1/qp1N3p/2p1N2B/8/1PQ1B1PP/5R1K","stockfishScores":{"bn":0.5486309523809524}},{"fenStr":"1r3nk1/1b1n2b1/3P2p1/qp1N3p/2p1N2B/8/1PQ1B1PP/5R1K","stockfishScores":{"wn":0.5413690476190476}},{"fenStr":"1r3nk1/1b1nN1b1/3P2p1/qp5p/2p1N2B/8/1PQ1B1PP/5R1K","stockfishScores":{"bn":0.5248809523809523}},{"fenStr":"1r3n1k/1b1nN1b1/3P2p1/qp5p/2p1N2B/8/1PQ1B1PP/5R1K","stockfishScores":{"wn":0.5283333333333333}},{"fenStr":"1r3n1k/1b1nN1b1/3P2p1/qp4Np/2p4B/8/1PQ1B1PP/5R1K","stockfishScores":{"bn":0.5391071428571429}},{"fenStr":"1r3n1k/1b2N1b1/3P2p1/qp2n1Np/2p4B/8/1PQ1B1PP/5R1K","stockfishScores":{"wn":0.5214880952380953}},{"fenStr":"1r3n1k/1b2N1b1/3P2p1/qp2n1NB/2p4B/8/1PQ3PP/5R1K","stockfishScores":{"bn":0.5358333333333334}},{"fenStr":"1r3n1k/1b2N1b1/3P2p1/1p2n1NB/q1p4B/8/1PQ3PP/5R1K","stockfishScores":{"wn":0.5335119047619048}},{"fenStr":"1r3n1k/1b2N1b1/3P2B1/1p2n1N1/q1p4B/8/1PQ3PP/5R1K","stockfishScores":{"bn":0.5484523809523809}},{"fenStr":"1r3n1k/1b2N1b1/3P2B1/1p2n1N1/2p4B/8/1Pq3PP/5R1K","stockfishScores":{"wn":0.43565476190476193}},{"fenStr":"1r3n1k/1b2N1b1/3P4/1p2n1N1/2p4B/8/1PB3PP/5R1K","stockfishScores":{"bn":0.5239285714285714}},{"fenStr":"1r3n1k/1b2N1b1/3P4/4n1N1/1pp4B/8/1PB3PP/5R1K","stockfishScores":{"wn":0.5217261904761905}},{"fenStr":"1r3n1k/1b2N1b1/3P4/4n1N1/1pp5/6B1/1PB3PP/5R1K","stockfishScores":{"bn":0.5238095238095238}},{"fenStr":"1r5k/1b1nN1b1/3P4/4n1N1/1pp5/6B1/1PB3PP/5R1K","stockfishScores":{"wn":0.5216666666666667}},{"fenStr":"1r5k/1b1nN1b1/3P4/4n1N1/1pp2R2/6B1/1PB3PP/7K","stockfishScores":{"bn":0.5263095238095238}},{"fenStr":"1r3b1k/1b1nN3/3P4/4n1N1/1pp2R2/6B1/1PB3PP/7K","stockfishScores":{"wn":0.5306547619047619}},{"fenStr":"1r3b1k/1b1nN3/3P4/4nRN1/1pp5/6B1/1PB3PP/7K","stockfishScores":{"bn":0.5222023809523809}},{"fenStr":"r4b1k/1b1nN3/3P4/4nRN1/1pp5/6B1/1PB3PP/7K","stockfishScores":{"wn":0.5192857142857142}},{"fenStr":"r4b1k/1b1nN3/3P4/4R1N1/1pp5/6B1/1PB3PP/7K","stockfishScores":{"bn":0.5458928571428572}},{"fenStr":"r4b1k/1b2N3/3P4/4n1N1/1pp5/6B1/1PB3PP/7K","stockfishScores":{"wn":0.5024404761904762}},{"fenStr":"r4b1k/1b2N3/3P4/4B1N1/1pp5/8/1PB3PP/7K","stockfishScores":{"bn":0.5404166666666667}},{"fenStr":"r6k/1b2N1b1/3P4/4B1N1/1pp5/8/1PB3PP/7K","stockfishScores":{"wn":0.5351785714285714}},{"fenStr":"r6k/1b2NNb1/3P4/4B3/1pp5/8/1PB3PP/7K","stockfishScores":{"bn":0.5331547619047619}}],"result":{"ww":true}}