{"fens":[{"fenStr":"rnbqkbnr/pppppppp/8/8/8/5N2/PPPPPPPP/RNBQKB1R","stockfishScores":{"bn":0.5038690476190476}},{"fenStr":"rnbqkbnr/ppp1pppp/8/3p4/8/5N2/PPPPPPPP/RNBQKB1R","stockfishScores":{"wn":0.49952380952380954}},{"fenStr":"rnbqkbnr/ppp1pppp/8/3p4/8/1P3N2/P1PPPPPP/RNBQKB1R","stockfishScores":{"bn":0.5004761904761905}},{"fenStr":"rnbqkbnr/pp2pppp/8/2pp4/8/1P3N2/P1PPPPPP/RNBQKB1R","stockfishScores":{"wn":0.49797619047619046}},{"fenStr":"rnbqkbnr/pp2pppp/8/2pp4/8/1P2PN2/P1PP1PPP/RNBQKB1R","stockfishScores":{"bn":0.5017261904761905}},{"fenStr":"r1bqkbnr/pp2pppp/2n5/2pp4/8/1P2PN2/P1PP1PPP/RNBQKB1R","stockfishScores":{"wn":0.49892857142857144}},{"fenStr":"r1bqkbnr/pp2pppp/2n5/1Bpp4/8/1P2PN2/P1PP1PPP/RNBQK2R","stockfishScores":{"bn":0.5010119047619047}},{"fenStr":"r1bqkb1r/pp2pppp/2n2n2/1Bpp4/8/1P2PN2/P1PP1PPP/RNBQK2R","stockfishScores":{"wn":0.4974404761904762}},{"fenStr":"r1bqkb1r/pp2pppp/2B2n2/2pp4/8/1P2PN2/P1PP1PPP/RNBQK2R","stockfishScores":{"bn":0.5148809523809523}},{"fenStr":"r1bqkb1r/p3pppp/2p2n2/2pp4/8/1P2PN2/P1PP1PPP/RNBQK2R","stockfishScores":{"wn":0.495}},{"fenStr":"r1bqkb1r/p3pppp/2p2n2/2pp4/8/1P2PN2/PBPP1PPP/RN1QK2R","stockfishScores":{"bn":0.49892857142857144}},{"fenStr":"r2qkb1r/p3pppp/2p2n2/2pp4/6b1/1P2PN2/PBPP1PPP/RN1QK2R","stockfishScores":{"wn":0.4973214285714286}},{"fenStr":"r2qkb1r/p3pppp/2p2n2/2pp4/6b1/1P2PN1P/PBPP1PP1/RN1QK2R","stockfishScores":{"bn":0.5022619047619048}},{"fenStr":"r2qkb1r/p3pppp/2p2n2/2pp3b/8/1P2PN1P/PBPP1PP1/RN1QK2R","stockfishScores":{"wn":0.5023214285714286}},{"fenStr":"r2qkb1r/p3pppp/2p2n2/2pp3b/8/1P1PPN1P/PBP2PP1/RN1QK2R","stockfishScores":{"bn":0.4994047619047619}},{"fenStr":"r2qkb1r/p4ppp/2p1pn2/2pp3b/8/1P1PPN1P/PBP2PP1/RN1QK2R","stockfishScores":{"wn":0.49535714285714283}},{"fenStr":"r2qkb1r/p4ppp/2p1pn2/2pp3b/6P1/1P1PPN1P/PBP2P2/RN1QK2R","stockfishScores":{"bn":0.506547619047619}},{"fenStr":"r2qkb1r/p4ppp/2p1pnb1/2pp4/6P1/1P1PPN1P/PBP2P2/RN1QK2R","stockfishScores":{"wn":0.49892857142857144}},{"fenStr":"r2qkb1r/p4ppp/2p1pnb1/2ppN3/6P1/1P1PP2P/PBP2P2/RN1QK2R","stockfishScores":{"bn":0.5038690476190476}},{"fenStr":"r3kb1r/p1q2ppp/2p1pnb1/2ppN3/6P1/1P1PP2P/PBP2P2/RN1QK2R","stockfishScores":{"wn":0.5022619047619048}},{"fenStr":"r3kb1r/p1q2ppp/2p1pnb1/2ppN3/6P1/1P1PP2P/PBPN1P2/R2QK2R","stockfishScores":{"bn":0.5095238095238095}},{"fenStr":"r3kb1r/p1qn1ppp/2p1p1b1/2ppN3/6P1/1P1PP2P/PBPN1P2/R2QK2R","stockfishScores":{"wn":0.503452380952381}},{"fenStr":"r3kb1r/p1qn1ppp/2p1p1b1/2ppN3/6P1/1P1PPN1P/PBP2P2/R2QK2R","stockfishScores":{"bn":0.5}},{"fenStr":"r3kb1r/p1qn2pp/2p1ppb1/2ppN3/6P1/1P1PPN1P/PBP2P2/R2QK2R","stockfishScores":{"wn":0.4955952380952381}},{"fenStr":"r3kb1r/p1qn2pp/2p1ppN1/2pp4/6P1/1P1PPN1P/PBP2P2/R2QK2R","stockfishScores":{"bn":0.5300595238095238}},{"fenStr":"r3kb1r/p1qn2p1/2p1ppp1/2pp4/6P1/1P1PPN1P/PBP2P2/R2QK2R","stockfishScores":{"wn":0.4992857142857143}},{"fenStr":"r3kb1r/p1qn2p1/2p1ppp1/2pp4/6P1/1P1PPN1P/PBP1QP2/R3K2R","stockfishScores":{"bn":0.4982142857142857}},{"fenStr":"r3kb1r/p2n2p1/2p1ppp1/q1pp4/6P1/1P1PPN1P/PBP1QP2/R3K2R","stockfishScores":{"wn":0.4950595238095238}},{"fenStr":"r3kb1r/p2n2p1/2p1ppp1/q1pp4/6P1/1P1PPN1P/PBPQ1P2/R3K2R","stockfishScores":{"bn":0.5007738095238096}},{"fenStr":"r3kb1r/p2n2p1/2p1ppp1/2pp4/6P1/1P1PPN1P/PBPq1P2/R3K2R","stockfishScores":{"wn":0.4243452380952381}},{"fenStr":"r3kb1r/p2n2p1/2p1ppp1/2pp4/6P1/1P1PP2P/PBPN1P2/R3K2R","stockfishScores":{"bn":0.50125}},{"fenStr":"r3k2r/p2n2p1/2pbppp1/2pp4/6P1/1P1PP2P/PBPN1P2/R3K2R","stockfishScores":{"wn":0.49964285714285717}},{"fenStr":"r3k2r/p2n2p1/2pbppp1/2pp4/6P1/1P1PP2P/PBPN1P2/2KR3R","stockfishScores":{"bn":0.5028571428571429}},{"fenStr":"r6r/p2n1kp1/2pbppp1/2pp4/6P1/1P1PP2P/PBPN1P2/2KR3R","stockfishScores":{"wn":0.49702380952380953}},{"fenStr":"r6r/p2n1kp1/2pbppp1/2pp4/6P1/1P1PP2P/PBPN1P2/2K2R1R","stockfishScores":{"bn":0.49547619047619046}},{"fenStr":"r7/p2n1kpr/2pbppp1/2pp4/6P1/1P1PP2P/PBPN1P2/2K2R1R","stockfishScores":{"wn":0.4988095238095238}},{"fenStr":"r7/p2n1kpr/2pbppp1/2pp4/5PP1/1P1PP2P/PBPN4/2K2R1R","stockfishScores":{"bn":0.5026190476190476}},{"fenStr":"7r/p2n1kpr/2pbppp1/2pp4/5PP1/1P1PP2P/PBPN4/2K2R1R","stockfishScores":{"wn":0.49976190476190474}},{"fenStr":"7r/p2n1kpr/2pbppp1/2pp4/5PP1/1P1PPR1P/PBPN4/2K4R","stockfishScores":{"bn":0.49785714285714283}},{"fenStr":"7r/p2n1kp1/2pbppp1/2pp4/5PPr/1P1PPR1P/PBPN4/2K4R","stockfishScores":{"wn":0.4974404761904762}},{"fenStr":"7r/p2n1kp1/2pbppp1/2pp4/5PPr/1P1PP1RP/PBPN4/2K4R","stockfishScores":{"bn":0.495952380952381}},{"fenStr":"7r/p2n1kp1/2pbpp2/2pp2p1/5PPr/1P1PP1RP/PBPN4/2K4R","stockfishScores":{"wn":0.49476190476190474}},{"fenStr":"7r/p2n1kp1/2pbpp2/2pp2p1/5PPr/1P1PPNRP/PBP5/2K4R","stockfishScores":{"bn":0.49702380952380953}},{"fenStr":"7r/p2n1kp1/2pbpp2/2pp4/5pPr/1P1PPNRP/PBP5/2K4R","stockfishScores":{"wn":0.48595238095238097}},{"fenStr":"7r/p2n1kp1/2pbpp2/2pp4/5pPN/1P1PP1RP/PBP5/2K4R","stockfishScores":{"bn":0.5189285714285714}},{"fenStr":"7r/p2n1kp1/2pbpp2/2pp4/6PN/1P1PP1pP/PBP5/2K4R","stockfishScores":{"wn":0.47625}},{"fenStr":"7r/p2n1kp1/2pbpp2/2pp4/6P1/1P1PP1pP/PBP3N1/2K4R","stockfishScores":{"bn":0.47845238095238096}},{"fenStr":"7r/p2n1kp1/2p1pp2/2ppb3/6P1/1P1PP1pP/PBP3N1/2K4R","stockfishScores":{"wn":0.48119047619047617}},{"fenStr":"7r/p2n1kp1/2p1pp2/2ppb3/6P1/BP1PP1pP/P1P3N1/2K4R","stockfishScores":{"bn":0.47904761904761906}},{"fenStr":"7r/p2n1kp1/2p1pp2/2p1b3/3p2P1/BP1PP1pP/P1P3N1/2K4R","stockfishScores":{"wn":0.4830952380952381}},{"fenStr":"7r/p2n1kp1/2p1pp2/2p1b3/3p2P1/BP1PP1pP/P1PK2N1/7R","stockfishScores":{"bn":0.4855357142857143}},{"fenStr":"7r/p1bn1kp1/2p1pp2/2p5/3p2P1/BP1PP1pP/P1PK2N1/7R","stockfishScores":{"wn":0.4853571428571429}},{"fenStr":"7r/p1bn1kp1/2p1pp2/2p5/3p2P1/BP1PP1pP/P1P1K1N1/7R","stockfishScores":{"bn":0.48547619047619045}},{"fenStr":"7r/p1bn1k2/2p1pp2/2p3p1/3p2P1/BP1PP1pP/P1P1K1N1/7R","stockfishScores":{"wn":0.4841666666666667}},{"fenStr":"7r/p1bn1k2/2p1pp2/2p3p1/3p2P1/1P1PP1pP/PBP1K1N1/7R","stockfishScores":{"bn":0.4828571428571429}},{"fenStr":"7r/p1b2k2/2p1pp2/2p1n1p1/3p2P1/1P1PP1pP/PBP1K1N1/7R","stockfishScores":{"wn":0.48529761904761903}},{"fenStr":"7r/p1b2k2/2p1pp2/2p1n1p1/3P2P1/1P1P2pP/PBP1K1N1/7R","stockfishScores":{"bn":0.49464285714285716}},{"fenStr":"7r/p1b2k2/2p1pp2/2p3p1/3P2n1/1P1P2pP/PBP1K1N1/7R","stockfishScores":{"wn":0.4888690476190476}},{"fenStr":"7r/p1b2k2/2p1pp2/2P3p1/6n1/1P1P2pP/PBP1K1N1/7R","stockfishScores":{"bn":0.49392857142857144}},{"fenStr":"7r/p1b2k2/2p1pp2/2P3p1/8/1P1P2pP/PBP1KnN1/7R","stockfishScores":{"wn":0.4888095238095238}},{"fenStr":"7r/p1b2k2/2p1pp2/2P3p1/8/1P1P2pP/PBP1KnN1/5R2","stockfishScores":{"bn":0.49154761904761907}},{"fenStr":"8/p1b2k2/2p1pp2/2P3p1/8/1P1P2pr/PBP1KnN1/5R2","stockfishScores":{"wn":0.4870238095238095}},{"fenStr":"8/p1b2k2/2p1pp2/2P3p1/8/1P1P1Kpr/PBP2nN1/5R2","stockfishScores":{"bn":0.4828571428571429}},{"fenStr":"8/p1b2k2/2p1pp2/2P5/6p1/1P1P1Kpr/PBP2nN1/5R2","stockfishScores":{"wn":0.4872619047619048}},{"fenStr":"8/p1b2k2/2p1pp2/2P5/6p1/1P1P2pr/PBP1KnN1/5R2","stockfishScores":{"bn":0.4893452380952381}},{"fenStr":"8/p1b2k2/2p1pp2/2P5/6p1/1P1P2p1/PBP1KnNr/5R2","stockfishScores":{"wn":0.48654761904761906}},{"fenStr":"8/p1b2k2/2p1pp2/2P5/6p1/1P1PN1p1/PBP1Kn1r/5R2","stockfishScores":{"bn":0.48833333333333334}},{"fenStr":"8/p1b2k2/2p1p3/2P2p2/6p1/1P1PN1p1/PBP1Kn1r/5R2","stockfishScores":{"wn":0.48410714285714285}},{"fenStr":"8/p1b2k2/2p1p3/2P2p2/6p1/1P1PN1p1/PBP2n1r/4KR2","stockfishScores":{"bn":0.47875}},{"fenStr":"8/p4k2/2p1p3/b1P2p2/6p1/1P1PN1p1/PBP2n1r/4KR2","stockfishScores":{"wn":0.47869047619047617}},{"fenStr":"8/p4k2/2p1p3/b1P2p2/6p1/1P1PN1p1/PBP1Kn1r/5R2","stockfishScores":{"bn":0.4820833333333333}},{"fenStr":"8/p4k2/2p1p3/b1P2p2/6p1/1P1PN1pn/PBP1K2r/5R2","stockfishScores":{"wn":0.4826785714285714}},{"fenStr":"8/p4k2/2p1p3/b1P2p2/6p1/1P1PN1pn/PBP4r/3K1R2","stockfishScores":{"bn":0.47678571428571426}},{"fenStr":"8/p4k2/2p1p3/b1P2p2/6p1/1P1PN2n/PBP3pr/3K1R2","stockfishScores":{"wn":0.4724404761904762}},{"fenStr":"8/p4k2/2p1p3/b1P2p2/6p1/1P1P3n/PBP3Nr/3K1R2","stockfishScores":{"bn":0.4892261904761905}},{"fenStr":"8/p4k2/2p1p3/b1P2p2/6p1/1P1P3n/PBP3r1/3K1R2","stockfishScores":{"wn":0.46071428571428574}},{"fenStr":"8/p4k2/2p1p3/b1P2p2/6p1/PP1P3n/1BP3r1/3K1R2","stockfishScores":{"bn":0.4613690476190476}},{"fenStr":"8/p4k2/2p1p3/b1P5/5pp1/PP1P3n/1BP3r1/3K1R2","stockfishScores":{"wn":0.46113095238095236}},{"fenStr":"8/p4k2/2p1p3/b1P1B3/5pp1/PP1P3n/2P3r1/3K1R2","stockfishScores":{"bn":0.46226190476190476}},{"fenStr":"8/p4k2/2p1p3/2P1B3/5pp1/PP1P3n/2Pb2r1/3K1R2","stockfishScores":{"wn":0.46672619047619046}},{"fenStr":"8/p4k2/2p1p3/2P1B3/1P3pp1/P2P3n/2Pb2r1/3K1R2","stockfishScores":{"bn":0.4666666666666667}},{"fenStr":"8/p4k2/2p1p3/2P1B3/1P3pp1/P2Pb2n/2P3r1/3K1R2","stockfishScores":{"wn":0.4600595238095238}},{"fenStr":"8/p4k2/2p1p3/2P5/1P3pp1/P1BPb2n/2P3r1/3K1R2","stockfishScores":{"bn":0.45904761904761904}},{"fenStr":"8/p4k2/2p1p3/2P5/1P4p1/P1BPbp1n/2P3r1/3K1R2","stockfishScores":{"wn":0.4567857142857143}},{"fenStr":"8/p4k2/2p1p3/2P5/1P1P2p1/P1B1bp1n/2P3r1/3K1R2","stockfishScores":{"bn":0.4543452380952381}},{"fenStr":"8/p4k2/2p1p3/2P5/1P1P2p1/P1B1bp2/2P2nr1/3K1R2","stockfishScores":{"wn":0.46125}},{"fenStr":"8/p4k2/2p1p3/2P5/1P1P2p1/P1B1bp2/2P2nr1/4KR2","stockfishScores":{"bn":0.46351190476190474}},{"fenStr":"8/p4k2/2p1p3/2P5/1P1Pn1p1/P1B1bp2/2P3r1/4KR2","stockfishScores":{"wn":0.44416666666666665}},{"fenStr":"8/p4k2/2p1p3/2P5/1P1Pn1p1/P3bp2/1BP3r1/4KR2","stockfishScores":{"bn":0.44392857142857145}},{"fenStr":"8/p4k2/2p1p3/2P5/1P1Pn1p1/P3bp2/1Br5/4KR2","stockfishScores":{"wn":0.4352380952380952}},{"fenStr":"8/p4k2/2p1p3/2PP4/1P2n1p1/P3bp2/1Br5/4KR2","stockfishScores":{"bn":0.43738095238095237}},{"fenStr":"8/p4k2/2p5/2Pp4/1P2n1p1/P3bp2/1Br5/4KR2","stockfishScores":{"wn":0.4303571428571429}},{"fenStr":"8/p4k2/2p5/2Pp4/1P2n1p1/P3bp2/1Br5/4K2R","stockfishScores":{"bn":0.4299404761904762}},{"fenStr":"8/p4k2/2p5/2Pp4/1P2n3/P3bpp1/1Br5/4K2R","stockfishScores":{"wn":0.45357142857142857}},{"fenStr":"8/p4k2/2p5/1PPp4/4n3/P3bpp1/1Br5/4K2R","stockfishScores":{"bn":0.4548214285714286}},{"fenStr":"8/p4k2/2p5/1PPp4/4n3/P3bpp1/1B2r3/4K2R","stockfishScores":{"wn":0.4549404761904762}},{"fenStr":"8/p4k2/2p5/1PPp4/4n3/P3bpp1/1B2r3/5K1R","stockfishScores":{"bn":0.45595238095238094}},{"fenStr":"8/p4k2/2p5/1PPp4/4n3/P3bp2/1B2r1p1/5K1R","stockfishScores":{"wn":0.4166666666666667}}],"result":{"bw":true}}