{"fens":[{"fenStr":"rnbqkbnr/pppppppp/8/8/2P5/8/PP1PPPPP/RNBQKBNR","stockfishScores":{"bn":0.5016666666666667}},{"fenStr":"rnbqkbnr/pppp1ppp/4p3/8/2P5/8/PP1PPPPP/RNBQKBNR","stockfishScores":{"wn":0.49702380952380953}},{"fenStr":"rnbqkbnr/pppp1ppp/4p3/8/2P5/5N2/PP1PPPPP/RNBQKB1R","stockfishScores":{"bn":0.500297619047619}},{"fenStr":"rnbqkbnr/ppp2ppp/4p3/3p4/2P5/5N2/PP1PPPPP/RNBQKB1R","stockfishScores":{"wn":0.49607142857142855}},{"fenStr":"rnbqkbnr/ppp2ppp/4p3/3p4/2P5/5NP1/PP1PPP1P/RNBQKB1R","stockfishScores":{"bn":0.4980357142857143}},{"fenStr":"rnbqkb1r/ppp2ppp/4pn2/3p4/2P5/5NP1/PP1PPP1P/RNBQKB1R","stockfishScores":{"wn":0.4951190476190476}},{"fenStr":"rnbqkb1r/ppp2ppp/4pn2/3p4/2P5/5NP1/PP1PPPBP/RNBQK2R","stockfishScores":{"bn":0.49625}},{"fenStr":"rnbqk2r/ppp1bppp/4pn2/3p4/2P5/5NP1/PP1PPPBP/RNBQK2R","stockfishScores":{"wn":0.4969642857142857}},{"fenStr":"rnbqk2r/ppp1bppp/4pn2/3p4/2P5/5NP1/PP1PPPBP/RNBQ1RK1","stockfishScores":{"bn":0.505297619047619}},{"fenStr":"rnbq1rk1/ppp1bppp/4pn2/3p4/2P5/5NP1/PP1PPPBP/RNBQ1RK1","stockfishScores":{"wn":0.49547619047619046}},{"fenStr":"rnbq1rk1/ppp1bppp/4pn2/3p4/2PP4/5NP1/PP2PPBP/RNBQ1RK1","stockfishScores":{"bn":0.501547619047619}},{"fenStr":"r1bq1rk1/pppnbppp/4pn2/3p4/2PP4/5NP1/PP2PPBP/RNBQ1RK1","stockfishScores":{"wn":0.49976190476190474}},{"fenStr":"r1bq1rk1/pppnbppp/4pn2/3p4/2PP4/5NP1/PPQ1PPBP/RNB2RK1","stockfishScores":{"bn":0.5007142857142857}},{"fenStr":"r1bq1rk1/pp1nbppp/2p1pn2/3p4/2PP4/5NP1/PPQ1PPBP/RNB2RK1","stockfishScores":{"wn":0.49970238095238095}},{"fenStr":"r1bq1rk1/pp1nbppp/2p1pn2/3p4/2PP4/5NP1/PPQNPPBP/R1B2RK1","stockfishScores":{"bn":0.4999404761904762}},{"fenStr":"r1bq1rk1/p2nbppp/1pp1pn2/3p4/2PP4/5NP1/PPQNPPBP/R1B2RK1","stockfishScores":{"wn":0.5009523809523809}},{"fenStr":"r1bq1rk1/p2nbppp/1pp1pn2/3p4/2PPP3/5NP1/PPQN1PBP/R1B2RK1","stockfishScores":{"bn":0.5020833333333333}},{"fenStr":"r1bq1rk1/p2nbppp/1pp1pn2/8/2PPp3/5NP1/PPQN1PBP/R1B2RK1","stockfishScores":{"wn":0.4901190476190476}},{"fenStr":"r1bq1rk1/p2nbppp/1pp1pn2/8/2PPN3/5NP1/PPQ2PBP/R1B2RK1","stockfishScores":{"bn":0.5072619047619048}},{"fenStr":"r2q1rk1/pb1nbppp/1pp1pn2/8/2PPN3/5NP1/PPQ2PBP/R1B2RK1","stockfishScores":{"wn":0.5064880952380952}},{"fenStr":"r2q1rk1/pb1nbppp/1pp1pn2/8/2PPN3/5NP1/PPQ2PBP/R1BR2K1","stockfishScores":{"bn":0.5061309523809524}},{"fenStr":"r1q2rk1/pb1nbppp/1pp1pn2/8/2PPN3/5NP1/PPQ2PBP/R1BR2K1","stockfishScores":{"wn":0.5080357142857143}},{"fenStr":"r1q2rk1/pb1nbppp/1pp1pn2/8/2PP4/2N2NP1/PPQ2PBP/R1BR2K1","stockfishScores":{"bn":0.5057738095238096}},{"fenStr":"r1qr2k1/pb1nbppp/1pp1pn2/8/2PP4/2N2NP1/PPQ2PBP/R1BR2K1","stockfishScores":{"wn":0.506547619047619}},{"fenStr":"r1qr2k1/pb1nbppp/1pp1pn2/8/2PP1B2/2N2NP1/PPQ2PBP/R2R2K1","stockfishScores":{"bn":0.5080357142857143}},{"fenStr":"r1qr2k1/1b1nbppp/ppp1pn2/8/2PP1B2/2N2NP1/PPQ2PBP/R2R2K1","stockfishScores":{"wn":0.5105357142857143}},{"fenStr":"r1qr2k1/1b1nbppp/ppp1pn2/8/P1PP1B2/2N2NP1/1PQ2PBP/R2R2K1","stockfishScores":{"bn":0.5098809523809524}},{"fenStr":"r1qr2k1/1b1nbppp/p1p1pn2/1p6/P1PP1B2/2N2NP1/1PQ2PBP/R2R2K1","stockfishScores":{"wn":0.5072619047619048}},{"fenStr":"r1qr2k1/1b1nbppp/p1p1pn2/1pP5/P2P1B2/2N2NP1/1PQ2PBP/R2R2K1","stockfishScores":{"bn":0.5059523809523809}},{"fenStr":"r1qr2k1/1b1nbppp/p1p1pn2/2P5/Pp1P1B2/2N2NP1/1PQ2PBP/R2R2K1","stockfishScores":{"wn":0.505}},{"fenStr":"r1qr2k1/1b1nbppp/p1p1pn2/2P5/Pp1PNB2/5NP1/1PQ2PBP/R2R2K1","stockfishScores":{"bn":0.5104166666666666}},{"fenStr":"r1qr2k1/1b1nbppp/p1p1p3/2P5/Pp1PnB2/5NP1/1PQ2PBP/R2R2K1","stockfishScores":{"wn":0.48232142857142857}},{"fenStr":"r1qr2k1/1b1nbppp/p1p1p3/2P5/Pp1PQB2/5NP1/1P3PBP/R2R2K1","stockfishScores":{"bn":0.5052380952380953}},{"fenStr":"r1qr2k1/1b2bppp/p1p1pn2/2P5/Pp1PQB2/5NP1/1P3PBP/R2R2K1","stockfishScores":{"wn":0.5013095238095238}},{"fenStr":"r1qr2k1/1b2bppp/p1p1pn2/2P5/Pp1P1B2/5NP1/1PQ2PBP/R2R2K1","stockfishScores":{"bn":0.5066666666666667}},{"fenStr":"r1qr2k1/1b2bppp/2p1pn2/p1P5/Pp1P1B2/5NP1/1PQ2PBP/R2R2K1","stockfishScores":{"wn":0.5048214285714285}},{"fenStr":"r1qr2k1/1b2bppp/2p1pn2/p1P5/Pp1P1B2/5NP1/1PQ2PBP/2RR2K1","stockfishScores":{"bn":0.5041666666666667}},{"fenStr":"r1qr2k1/1b2bpp1/2p1pn1p/p1P5/Pp1P1B2/5NP1/1PQ2PBP/2RR2K1","stockfishScores":{"wn":0.5026190476190476}},{"fenStr":"r1qr2k1/1b2bpp1/2p1pn1p/p1P5/Pp1P1B1P/5NP1/1PQ2PB1/2RR2K1","stockfishScores":{"bn":0.5028571428571429}},{"fenStr":"r1qr2k1/1b2bpp1/2p1p2p/p1Pn4/Pp1P1B1P/5NP1/1PQ2PB1/2RR2K1","stockfishScores":{"wn":0.4982142857142857}},{"fenStr":"r1qr2k1/1b2bpp1/2p1p2p/p1Pn4/Pp1P3P/5NP1/1PQB1PB1/2RR2K1","stockfishScores":{"bn":0.4980952380952381}},{"fenStr":"r1qr2k1/1b3pp1/2p1pb1p/p1Pn4/Pp1P3P/5NP1/1PQB1PB1/2RR2K1","stockfishScores":{"wn":0.49892857142857144}},{"fenStr":"r1qr2k1/1b3pp1/2p1pb1p/p1Pn4/Pp1P2PP/5N2/1PQB1PB1/2RR2K1","stockfishScores":{"bn":0.49529761904761904}},{"fenStr":"r1qr2k1/1b2bpp1/2p1p2p/p1Pn4/Pp1P2PP/5N2/1PQB1PB1/2RR2K1","stockfishScores":{"wn":0.49648809523809523}},{"fenStr":"r1qr2k1/1b2bpp1/2p1p2p/p1Pn2P1/Pp1P3P/5N2/1PQB1PB1/2RR2K1","stockfishScores":{"bn":0.4974404761904762}},{"fenStr":"r1qr2k1/1b2bpp1/2p1p3/p1Pn2p1/Pp1P3P/5N2/1PQB1PB1/2RR2K1","stockfishScores":{"wn":0.4888095238095238}},{"fenStr":"r1qr2k1/1b2bpp1/2p1p3/p1Pn2P1/Pp1P4/5N2/1PQB1PB1/2RR2K1","stockfishScores":{"bn":0.4980357142857143}},{"fenStr":"r1qr2k1/1b2bp2/2p1p1p1/p1Pn2P1/Pp1P4/5N2/1PQB1PB1/2RR2K1","stockfishScores":{"wn":0.49785714285714283}},{"fenStr":"r1qr2k1/1b2bp2/2p1p1p1/p1Pn2P1/Pp1P4/5N1B/1PQB1P2/2RR2K1","stockfishScores":{"bn":0.49648809523809523}},{"fenStr":"r1qr4/1b2bpk1/2p1p1p1/p1Pn2P1/Pp1P4/5N1B/1PQB1P2/2RR2K1","stockfishScores":{"wn":0.49726190476190474}},{"fenStr":"r1qr4/1b2bpk1/2p1p1p1/p1Pn2P1/Pp1P4/5N1B/1PQB1P2/2R1R1K1","stockfishScores":{"bn":0.49797619047619046}},{"fenStr":"r1q4r/1b2bpk1/2p1p1p1/p1Pn2P1/Pp1P4/5N1B/1PQB1P2/2R1R1K1","stockfishScores":{"wn":0.4928571428571429}},{"fenStr":"r1q4r/1b2bpk1/2p1p1p1/p1Pn2P1/Pp1P2B1/5N2/1PQB1P2/2R1R1K1","stockfishScores":{"bn":0.4918452380952381}},{"fenStr":"r6r/1bq1bpk1/2p1p1p1/p1Pn2P1/Pp1P2B1/5N2/1PQB1P2/2R1R1K1","stockfishScores":{"wn":0.48892857142857143}},{"fenStr":"r6r/1bq1bpk1/2p1p1p1/p1Pn2P1/Pp1PQ1B1/5N2/1P1B1P2/2R1R1K1","stockfishScores":{"bn":0.4894047619047619}},{"fenStr":"4r2r/1bq1bpk1/2p1p1p1/p1Pn2P1/Pp1PQ1B1/5N2/1P1B1P2/2R1R1K1","stockfishScores":{"wn":0.48988095238095236}},{"fenStr":"4r2r/1bq1bpk1/2p1p1p1/p1PnN1P1/Pp1PQ1B1/8/1P1B1P2/2R1R1K1","stockfishScores":{"bn":0.49875}},{"fenStr":"3br2r/1bq2pk1/2p1p1p1/p1PnN1P1/Pp1PQ1B1/8/1P1B1P2/2R1R1K1","stockfishScores":{"wn":0.5019642857142858}},{"fenStr":"3br2r/1bq2pk1/2p1p1p1/p1PnN1P1/Pp1PQ1B1/8/1P1B1PK1/2R1R3","stockfishScores":{"bn":0.49976190476190474}},{"fenStr":"2bbr2r/2q2pk1/2p1p1p1/p1PnN1P1/Pp1PQ1B1/8/1P1B1PK1/2R1R3","stockfishScores":{"wn":0.5006547619047619}},{"fenStr":"2bbr2r/2q2pk1/2p1p1p1/p1PnN1P1/Pp1PQ1B1/8/1P1B1PK1/2R4R","stockfishScores":{"bn":0.5127380952380952}},{"fenStr":"2bbr3/2q2pk1/2p1p1p1/p1PnN1P1/Pp1PQ1B1/8/1P1B1PK1/2R4r","stockfishScores":{"wn":0.46464285714285714}},{"fenStr":"2bbr3/2q2pk1/2p1p1p1/p1PnN1P1/Pp1PQ1B1/8/1P1B1PK1/7R","stockfishScores":{"bn":0.5204761904761904}},{"fenStr":"2bbr3/2q1npk1/2p1p1p1/p1P1N1P1/Pp1PQ1B1/8/1P1B1PK1/7R","stockfishScores":{"wn":0.5346428571428572}},{"fenStr":"2bbr3/2q1npk1/2p1p1p1/p1P1N1P1/Pp1PQBB1/8/1P3PK1/7R","stockfishScores":{"bn":0.5403571428571429}},{"fenStr":"2bbr3/1q2npk1/2p1p1p1/p1P1N1P1/Pp1PQBB1/8/1P3PK1/7R","stockfishScores":{"wn":0.5373214285714286}},{"fenStr":"2bbr3/1q2npk1/2p1p1p1/p1P3P1/PpNPQBB1/8/1P3PK1/7R","stockfishScores":{"bn":0.544047619047619}},{"fenStr":"2bbr3/1q3pk1/2p1p1p1/p1P2nP1/PpNPQBB1/8/1P3PK1/7R","stockfishScores":{"wn":0.5326190476190477}},{"fenStr":"2bbr3/1q3pk1/2p1p1p1/p1P1BnP1/PpNPQ1B1/8/1P3PK1/7R","stockfishScores":{"bn":0.5204761904761904}},{"fenStr":"2bbr3/1q4k1/2p1ppp1/p1P1BnP1/PpNPQ1B1/8/1P3PK1/7R","stockfishScores":{"wn":0.5186904761904761}},{"fenStr":"2bbr3/1q4k1/2p1pPp1/p1P1Bn2/PpNPQ1B1/8/1P3PK1/7R","stockfishScores":{"bn":0.5423809523809524}},{"fenStr":"2b1r3/1q4k1/2p1pbp1/p1P1Bn2/PpNPQ1B1/8/1P3PK1/7R","stockfishScores":{"wn":0.5288095238095238}},{"fenStr":"2b1r3/1q4k1/2p1pbp1/p1P1BB2/PpNPQ3/8/1P3PK1/7R","stockfishScores":{"bn":0.5629166666666666}},{"fenStr":"2b1r3/1q4k1/2p1pb2/p1P1Bp2/PpNPQ3/8/1P3PK1/7R","stockfishScores":{"wn":0.5198214285714285}},{"fenStr":"2b1r3/1q4k1/2p1pb2/p1P1Bp2/PpNP3Q/8/1P3PK1/7R","stockfishScores":{"bn":0.5843452380952381}},{"fenStr":"2b1r3/1q4k1/2p1p3/p1P1bp2/PpNP3Q/8/1P3PK1/7R","stockfishScores":{"wn":0.5201190476190476}},{"fenStr":"2b1r3/1q4k1/2p1p3/p1P1Np2/Pp1P3Q/8/1P3PK1/7R","stockfishScores":{"bn":0.5565476190476191}},{"fenStr":"2b3r1/1q4k1/2p1p3/p1P1Np2/Pp1P3Q/8/1P3PK1/7R","stockfishScores":{"wn":0.5580357142857143}},{"fenStr":"2b3r1/1q4k1/2p1p2Q/p1P1Np2/Pp1P4/8/1P3PK1/7R","stockfishScores":{"bn":0.5551190476190476}}],"result":{"ww":true}}