{"fens":[{"fenStr":"rnbqkbnr/pppppppp/8/8/4P3/8/PPPP1PPP/RNBQKBNR","stockfishScores":{"bn":0.5049404761904762}},{"fenStr":"rnbqkbnr/pp1ppppp/8/2p5/4P3/8/PPPP1PPP/RNBQKBNR","stockfishScores":{"wn":0.5038095238095238}},{"fenStr":"rnbqkbnr/pp1ppppp/8/2p5/4P3/5N2/PPPP1PPP/RNBQKB1R","stockfishScores":{"bn":0.5058928571428571}},{"fenStr":"rnbqkbnr/pp2pppp/3p4/2p5/4P3/5N2/PPPP1PPP/RNBQKB1R","stockfishScores":{"wn":0.5020833333333333}},{"fenStr":"rnbqkbnr/pp2pppp/3p4/1Bp5/4P3/5N2/PPPP1PPP/RNBQK2R","stockfishScores":{"bn":0.5010119047619047}},{"fenStr":"rn1qkbnr/pp1bpppp/3p4/1Bp5/4P3/5N2/PPPP1PPP/RNBQK2R","stockfishScores":{"wn":0.4976785714285714}},{"fenStr":"rn1qkbnr/pp1Bpppp/3p4/2p5/4P3/5N2/PPPP1PPP/RNBQK2R","stockfishScores":{"bn":0.5230952380952381}},{"fenStr":"rn2kbnr/pp1qpppp/3p4/2p5/4P3/5N2/PPPP1PPP/RNBQK2R","stockfishScores":{"wn":0.5009523809523809}},{"fenStr":"rn2kbnr/pp1qpppp/3p4/2p5/4P3/5N2/PPPP1PPP/RNBQ1RK1","stockfishScores":{"bn":0.5099404761904762}},{"fenStr":"r3kbnr/pp1qpppp/2np4/2p5/4P3/5N2/PPPP1PPP/RNBQ1RK1","stockfishScores":{"wn":0.5067857142857143}},{"fenStr":"r3kbnr/pp1qpppp/2np4/2p5/4P3/2P2N2/PP1P1PPP/RNBQ1RK1","stockfishScores":{"bn":0.5070238095238095}},{"fenStr":"r3kb1r/pp1qpppp/2np1n2/2p5/4P3/2P2N2/PP1P1PPP/RNBQ1RK1","stockfishScores":{"wn":0.5020238095238095}},{"fenStr":"r3kb1r/pp1qpppp/2np1n2/2p5/4P3/2P2N2/PP1PQPPP/RNB2RK1","stockfishScores":{"bn":0.5033333333333333}},{"fenStr":"r3kb1r/pp1q1ppp/2nppn2/2p5/4P3/2P2N2/PP1PQPPP/RNB2RK1","stockfishScores":{"wn":0.503095238095238}},{"fenStr":"r3kb1r/pp1q1ppp/2nppn2/2p5/3PP3/2P2N2/PP2QPPP/RNB2RK1","stockfishScores":{"bn":0.5104166666666666}},{"fenStr":"r3kb1r/pp1q1ppp/2nppn2/8/3pP3/2P2N2/PP2QPPP/RNB2RK1","stockfishScores":{"wn":0.5017857142857143}},{"fenStr":"r3kb1r/pp1q1ppp/2nppn2/8/3PP3/5N2/PP2QPPP/RNB2RK1","stockfishScores":{"bn":0.50875}},{"fenStr":"r3kb1r/pp1q1ppp/2n1pn2/3p4/3PP3/5N2/PP2QPPP/RNB2RK1","stockfishScores":{"wn":0.5091071428571429}},{"fenStr":"r3kb1r/pp1q1ppp/2n1pn2/3pP3/3P4/5N2/PP2QPPP/RNB2RK1","stockfishScores":{"bn":0.5105952380952381}},{"fenStr":"r3kb1r/pp1q1ppp/2n1p3/3pP3/3Pn3/5N2/PP2QPPP/RNB2RK1","stockfishScores":{"wn":0.5067261904761905}},{"fenStr":"r3kb1r/pp1q1ppp/2n1p3/3pP3/3Pn3/2N2N2/PP2QPPP/R1B2RK1","stockfishScores":{"bn":0.5099404761904762}},{"fenStr":"r3kb1r/pp1q1ppp/2n1p3/3pP3/3P4/2n2N2/PP2QPPP/R1B2RK1","stockfishScores":{"wn":0.48333333333333334}},{"fenStr":"r3kb1r/pp1q1ppp/2n1p3/3pP3/3P4/2P2N2/P3QPPP/R1B2RK1","stockfishScores":{"bn":0.5092857142857143}},{"fenStr":"r3k2r/pp1qbppp/2n1p3/3pP3/3P4/2P2N2/P3QPPP/R1B2RK1","stockfishScores":{"wn":0.50875}},{"fenStr":"r3k2r/pp1qbppp/2n1p3/3pP1N1/3P4/2P5/P3QPPP/R1B2RK1","stockfishScores":{"bn":0.5073214285714286}},{"fenStr":"r3k2r/pp1q1ppp/2n1p3/3pP1b1/3P4/2P5/P3QPPP/R1B2RK1","stockfishScores":{"wn":0.4861309523809524}},{"fenStr":"r3k2r/pp1q1ppp/2n1p3/3pP1B1/3P4/2P5/P3QPPP/R4RK1","stockfishScores":{"bn":0.5093452380952381}},{"fenStr":"2r1k2r/pp1q1ppp/2n1p3/3pP1B1/3P4/2P5/P3QPPP/R4RK1","stockfishScores":{"wn":0.5092857142857143}},{"fenStr":"2r1k2r/pp1q1ppp/2n1p3/3pP1B1/3P1P2/2P5/P3Q1PP/R4RK1","stockfishScores":{"bn":0.5079761904761905}},{"fenStr":"2r2rk1/pp1q1ppp/2n1p3/3pP1B1/3P1P2/2P5/P3Q1PP/R4RK1","stockfishScores":{"wn":0.4982142857142857}},{"fenStr":"2r2rk1/pp1q1ppp/2n1p3/3pP1B1/3P1P2/2P5/P3Q1PP/4RRK1","stockfishScores":{"bn":0.49839285714285714}},{"fenStr":"2r2rk1/pp1qnppp/4p3/3pP1B1/3P1P2/2P5/P3Q1PP/4RRK1","stockfishScores":{"wn":0.4979166666666667}},{"fenStr":"2r2rk1/pp1qnppp/4p3/3pP1B1/3P1P2/2P2R2/P3Q1PP/4R1K1","stockfishScores":{"bn":0.4975595238095238}},{"fenStr":"2r2rk1/pp1q1ppp/4p3/3pPnB1/3P1P2/2P2R2/P3Q1PP/4R1K1","stockfishScores":{"wn":0.49607142857142855}},{"fenStr":"2r2rk1/pp1q1ppp/4p3/3pPnB1/3P1PP1/2P2R2/P3Q2P/4R1K1","stockfishScores":{"bn":0.49654761904761907}},{"fenStr":"2r2rk1/pp1qnppp/4p3/3pP1B1/3P1PP1/2P2R2/P3Q2P/4R1K1","stockfishScores":{"wn":0.49779761904761904}},{"fenStr":"2r2rk1/pp1qnppp/4p3/3pP1B1/3P1PP1/2P4R/P3Q2P/4R1K1","stockfishScores":{"bn":0.49892857142857144}},{"fenStr":"5rk1/pprqnppp/4p3/3pP1B1/3P1PP1/2P4R/P3Q2P/4R1K1","stockfishScores":{"wn":0.5010714285714286}},{"fenStr":"5rk1/pprqnppp/4p3/3pP1B1/3P1PP1/2PQ3R/P6P/4R1K1","stockfishScores":{"bn":0.5117857142857143}},{"fenStr":"5rk1/pprqnp1p/4p1p1/3pP1B1/3P1PP1/2PQ3R/P6P/4R1K1","stockfishScores":{"wn":0.5090476190476191}},{"fenStr":"5rk1/pprqnp1p/4pBp1/3pP3/3P1PP1/2PQ3R/P6P/4R1K1","stockfishScores":{"bn":0.5139880952380952}},{"fenStr":"5rk1/pprqnp2/4pBp1/3pP2p/3P1PP1/2PQ3R/P6P/4R1K1","stockfishScores":{"wn":0.5053571428571428}},{"fenStr":"5rk1/pprqnp2/4pBp1/3pP2P/3P1P2/2PQ3R/P6P/4R1K1","stockfishScores":{"bn":0.5147619047619048}},{"fenStr":"5rk1/pprq1p2/4pBp1/3pPn1P/3P1P2/2PQ3R/P6P/4R1K1","stockfishScores":{"wn":0.5069642857142858}},{"fenStr":"5rk1/pprq1p2/4pBP1/3pPn2/3P1P2/2PQ3R/P6P/4R1K1","stockfishScores":{"bn":0.5480357142857143}},{"fenStr":"5rk1/pprq4/4pBp1/3pPn2/3P1P2/2PQ3R/P6P/4R1K1","stockfishScores":{"wn":0.5189285714285714}},{"fenStr":"5rkR/pprq4/4pBp1/3pPn2/3P1P2/2PQ4/P6P/4R1K1","stockfishScores":{"bn":0.5028571428571429}},{"fenStr":"5r1R/pprq1k2/4pBp1/3pPn2/3P1P2/2PQ4/P6P/4R1K1","stockfishScores":{"wn":0.521547619047619}},{"fenStr":"5r2/pprq1k1R/4pBp1/3pPn2/3P1P2/2PQ4/P6P/4R1K1","stockfishScores":{"bn":0.5103571428571428}},{"fenStr":"4kr2/pprq3R/4pBp1/3pPn2/3P1P2/2PQ4/P6P/4R1K1","stockfishScores":{"wn":0.5132142857142857}},{"fenStr":"4kr2/pprR4/4pBp1/3pPn2/3P1P2/2PQ4/P6P/4R1K1","stockfishScores":{"bn":0.5839880952380953}},{"fenStr":"5r2/pprk4/4pBp1/3pPn2/3P1P2/2PQ4/P6P/4R1K1","stockfishScores":{"wn":0.5460119047619048}},{"fenStr":"5r2/pprk4/4pBp1/3pPn2/3P1P2/2PQ4/P6P/1R4K1","stockfishScores":{"bn":0.5457738095238095}},{"fenStr":"2k2r2/ppr5/4pBp1/3pPn2/3P1P2/2PQ4/P6P/1R4K1","stockfishScores":{"wn":0.5452380952380952}},{"fenStr":"2k2r2/ppr5/4pBp1/3pPn2/1R1P1P2/2PQ4/P6P/6K1","stockfishScores":{"bn":0.5453571428571429}},{"fenStr":"2k5/ppr2r2/4pBp1/3pPn2/1R1P1P2/2PQ4/P6P/6K1","stockfishScores":{"wn":0.5452976190476191}},{"fenStr":"2k5/ppr2r2/4pBp1/3pPn2/1RPP1P2/3Q4/P6P/6K1","stockfishScores":{"bn":0.5461309523809523}},{"fenStr":"2k5/pprr4/4pBp1/3pPn2/1RPP1P2/3Q4/P6P/6K1","stockfishScores":{"wn":0.5460714285714285}},{"fenStr":"2k5/pprr4/4pBp1/2PpPn2/1R1P1P2/3Q4/P6P/6K1","stockfishScores":{"bn":0.5460714285714285}},{"fenStr":"2k5/pp1r4/2r1pBp1/2PpPn2/1R1P1P2/3Q4/P6P/6K1","stockfishScores":{"wn":0.545952380952381}},{"fenStr":"2k5/pp1r4/2r1pBp1/2PpPn2/1R1P1P2/8/P3Q2P/6K1","stockfishScores":{"bn":0.5458928571428572}},{"fenStr":"2k5/pp5r/2r1pBp1/2PpPn2/1R1P1P2/8/P3Q2P/6K1","stockfishScores":{"wn":0.54625}},{"fenStr":"2k5/pp5r/2r1pBp1/2PpPn2/1R1P1PQ1/8/P6P/6K1","stockfishScores":{"bn":0.5461904761904762}},{"fenStr":"2k5/pp6/2r1pBpr/2PpPn2/1R1P1PQ1/8/P6P/6K1","stockfishScores":{"wn":0.5460119047619048}},{"fenStr":"2k5/pp6/2r1pBpr/2PpPn2/R2P1PQ1/8/P6P/6K1","stockfishScores":{"bn":0.5457738095238095}},{"fenStr":"1k6/pp6/2r1pBpr/2PpPn2/R2P1PQ1/8/P6P/6K1","stockfishScores":{"wn":0.5455357142857142}},{"fenStr":"1k6/pp6/2r1pBpr/2PpPnQ1/R2P1P2/8/P6P/6K1","stockfishScores":{"bn":0.5456547619047619}},{"fenStr":"1k6/ppr5/4pBpr/2PpPnQ1/R2P1P2/8/P6P/6K1","stockfishScores":{"wn":0.5457738095238095}},{"fenStr":"1k6/ppr3B1/4p1pr/2PpPnQ1/R2P1P2/8/P6P/6K1","stockfishScores":{"bn":0.5455357142857142}},{"fenStr":"1k6/ppr3Br/4p1p1/2PpPnQ1/R2P1P2/8/P6P/6K1","stockfishScores":{"wn":0.5457142857142857}},{"fenStr":"1k3B2/ppr4r/4p1p1/2PpPnQ1/R2P1P2/8/P6P/6K1","stockfishScores":{"bn":0.5452976190476191}},{"fenStr":"1kr2B2/pp5r/4p1p1/2PpPnQ1/R2P1P2/8/P6P/6K1","stockfishScores":{"wn":0.5453571428571429}},{"fenStr":"1kr2B2/pp5r/4p1Q1/2PpPn2/R2P1P2/8/P6P/6K1","stockfishScores":{"bn":0.5504166666666667}},{"fenStr":"1kr2B1r/pp6/4p1Q1/2PpPn2/R2P1P2/8/P6P/6K1","stockfishScores":{"wn":0.5504166666666667}},{"fenStr":"1kr4r/pp6/3Bp1Q1/2PpPn2/R2P1P2/8/P6P/6K1","stockfishScores":{"bn":0.5514285714285714}},{"fenStr":"1kr4r/pp6/3np1Q1/2PpP3/R2P1P2/8/P6P/6K1","stockfishScores":{"wn":0.5249404761904762}},{"fenStr":"1kr4r/pp6/3Pp1Q1/3pP3/R2P1P2/8/P6P/6K1","stockfishScores":{"bn":0.5523809523809524}},{"fenStr":"1kr3r1/pp6/3Pp1Q1/3pP3/R2P1P2/8/P6P/6K1","stockfishScores":{"wn":0.552202380952381}},{"fenStr":"1kr3r1/pp6/3Pp1Q1/3pPP2/R2P4/8/P6P/6K1","stockfishScores":{"bn":0.5541071428571429}},{"fenStr":"1kr5/pp6/3Pp1r1/3pPP2/R2P4/8/P6P/6K1","stockfishScores":{"wn":0.47970238095238094}},{"fenStr":"1kr5/pp6/3Pp1P1/3pP3/R2P4/8/P6P/6K1","stockfishScores":{"bn":0.5317261904761905}},{"fenStr":"1k4r1/pp6/3Pp1P1/3pP3/R2P4/8/P6P/6K1","stockfishScores":{"wn":0.5285119047619048}},{"fenStr":"1k4r1/pp6/3Pp1P1/3pP3/3P4/R7/P6P/6K1","stockfishScores":{"bn":0.5313690476190476}},{"fenStr":"1k4r1/p7/3Pp1P1/1p1pP3/3P4/R7/P6P/6K1","stockfishScores":{"wn":0.53125}},{"fenStr":"1k4r1/p7/3Pp1P1/1p1pP3/3P4/6R1/P6P/6K1","stockfishScores":{"bn":0.5335119047619048}},{"fenStr":"1k4r1/8/3Pp1P1/pp1pP3/3P4/6R1/P6P/6K1","stockfishScores":{"wn":0.5348809523809523}},{"fenStr":"1k4r1/8/3Pp1P1/pp1pP3/3P3P/6R1/P7/6K1","stockfishScores":{"bn":0.5352976190476191}},{"fenStr":"2k3r1/8/3Pp1P1/pp1pP3/3P3P/6R1/P7/6K1","stockfishScores":{"wn":0.5286904761904762}},{"fenStr":"2k3r1/8/3Pp1P1/pp1pP2P/3P4/6R1/P7/6K1","stockfishScores":{"bn":0.5342857142857143}},{"fenStr":"2k3r1/8/3Pp1P1/p2pP2P/1p1P4/6R1/P7/6K1","stockfishScores":{"wn":0.5332738095238095}},{"fenStr":"2k3r1/8/3Pp1PP/p2pP3/1p1P4/6R1/P7/6K1","stockfishScores":{"bn":0.5430952380952381}},{"fenStr":"2k3r1/8/3Pp1PP/3pP3/pp1P4/6R1/P7/6K1","stockfishScores":{"wn":0.5410714285714285}},{"fenStr":"2k3r1/6P1/3Pp2P/3pP3/pp1P4/6R1/P7/6K1","stockfishScores":{"bn":0.5444642857142857}},{"fenStr":"2k3r1/6P1/3Pp2P/3pP3/p2P4/1p4R1/P7/6K1","stockfishScores":{"wn":0.5325}},{"fenStr":"2k3r1/6PP/3Pp3/3pP3/p2P4/1p4R1/P7/6K1","stockfishScores":{"bn":0.5480357142857143}},{"fenStr":"2k3r1/6PP/3Pp3/3pP3/p2P4/6R1/p7/6K1","stockfishScores":{"wn":0.5358928571428572}},{"fenStr":"2k3Q1/6P1/3Pp3/3pP3/p2P4/6R1/p7/6K1","stockfishScores":{"bn":0.6163095238095238}},{"fenStr":"6Q1/1k4P1/3Pp3/3pP3/p2P4/6R1/p7/6K1","stockfishScores":{"wn":0.6155952380952381}},{"fenStr":"8/1k3QP1/3Pp3/3pP3/p2P4/6R1/p7/6K1","stockfishScores":{"bn":0.6161309523809524}},{"fenStr":"8/5QP1/k2Pp3/3pP3/p2P4/6R1/p7/6K1","stockfishScores":{"wn":0.6178571428571429}},{"fenStr":"8/6P1/k2Pp3/3pP3/p2P4/6R1/p7/5QK1","stockfishScores":{"bn":0.6173214285714286}},{"fenStr":"8/1k4P1/3Pp3/3pP3/p2P4/6R1/p7/5QK1","stockfishScores":{"wn":0.6155952380952381}},{"fenStr":"6Q1/1k6/3Pp3/3pP3/p2P4/6R1/p7/5QK1","stockfishScores":{"bn":0.6847619047619048}},{"fenStr":"6Q1/1k6/3Pp3/3pP3/3P4/p5R1/p7/5QK1","stockfishScores":{"wn":0.6857738095238095}},{"fenStr":"6Q1/1k6/3Pp3/1Q1pP3/3P4/p5R1/p7/6K1","stockfishScores":{"bn":0.6866666666666666}},{"fenStr":"6Q1/k7/3Pp3/1Q1pP3/3P4/p5R1/p7/6K1","stockfishScores":{"wn":0.6876190476190476}},{"fenStr":"6Q1/k7/3Pp3/1Q1pP3/3P4/R7/p7/6K1","stockfishScores":{"bn":0.6914880952380953}}],"result":{"ww":true}}