{"fens":[{"fenStr":"rnbqkbnr/pppppppp/8/8/3P4/8/PPP1PPPP/RNBQKBNR","stockfishScores":{"bn":0.5048809523809524}},{"fenStr":"rnbqkbnr/ppp1pppp/8/3p4/3P4/8/PPP1PPPP/RNBQKBNR","stockfishScores":{"wn":0.5005952380952381}},{"fenStr":"rnbqkbnr/ppp1pppp/8/3p4/2PP4/8/PP2PPPP/RNBQKBNR","stockfishScores":{"bn":0.5009523809523809}},{"fenStr":"rnbqkbnr/ppp2ppp/4p3/3p4/2PP4/8/PP2PPPP/RNBQKBNR","stockfishScores":{"wn":0.4981547619047619}},{"fenStr":"rnbqkbnr/ppp2ppp/4p3/3p4/2PP4/2N5/PP2PPPP/R1BQKBNR","stockfishScores":{"bn":0.5005952380952381}},{"fenStr":"rnbqkb1r/ppp2ppp/4pn2/3p4/2PP4/2N5/PP2PPPP/R1BQKBNR","stockfishScores":{"wn":0.4982738095238095}},{"fenStr":"rnbqkb1r/ppp2ppp/4pn2/3p2B1/2PP4/2N5/PP2PPPP/R2QKBNR","stockfishScores":{"bn":0.5051785714285715}},{"fenStr":"rnbqk2r/ppp1bppp/4pn2/3p2B1/2PP4/2N5/PP2PPPP/R2QKBNR","stockfishScores":{"wn":0.5043452380952381}},{"fenStr":"rnbqk2r/ppp1bppp/4pn2/3p2B1/2PP4/2N1P3/PP3PPP/R2QKBNR","stockfishScores":{"bn":0.5095833333333334}},{"fenStr":"rnbq1rk1/ppp1bppp/4pn2/3p2B1/2PP4/2N1P3/PP3PPP/R2QKBNR","stockfishScores":{"wn":0.49392857142857144}},{"fenStr":"rnbq1rk1/ppp1bppp/4pn2/3p2B1/2PP4/2N1PN2/PP3PPP/R2QKB1R","stockfishScores":{"bn":0.49666666666666665}},{"fenStr":"r1bq1rk1/pppnbppp/4pn2/3p2B1/2PP4/2N1PN2/PP3PPP/R2QKB1R","stockfishScores":{"wn":0.49464285714285716}},{"fenStr":"r1bq1rk1/pppnbppp/4pn2/3p2B1/2PP4/2N1PN2/PP3PPP/2RQKB1R","stockfishScores":{"bn":0.4938690476190476}},{"fenStr":"r1bq1rk1/p1pnbppp/1p2pn2/3p2B1/2PP4/2N1PN2/PP3PPP/2RQKB1R","stockfishScores":{"wn":0.4936309523809524}},{"fenStr":"r1bq1rk1/p1pnbppp/1p2pn2/3P2B1/3P4/2N1PN2/PP3PPP/2RQKB1R","stockfishScores":{"bn":0.5019047619047619}},{"fenStr":"r1bq1rk1/p1pnbppp/1p3n2/3p2B1/3P4/2N1PN2/PP3PPP/2RQKB1R","stockfishScores":{"wn":0.495952380952381}},{"fenStr":"r1bq1rk1/p1pnbppp/1p3n2/1B1p2B1/3P4/2N1PN2/PP3PPP/2RQK2R","stockfishScores":{"bn":0.49601190476190476}},{"fenStr":"r2q1rk1/pbpnbppp/1p3n2/1B1p2B1/3P4/2N1PN2/PP3PPP/2RQK2R","stockfishScores":{"wn":0.4949404761904762}},{"fenStr":"r2q1rk1/pbpnbppp/1p3n2/1B1p2B1/3P4/2N1PN2/PP3PPP/2RQ1RK1","stockfishScores":{"bn":0.5063095238095238}},{"fenStr":"r2q1rk1/pb1nbppp/1pp2n2/1B1p2B1/3P4/2N1PN2/PP3PPP/2RQ1RK1","stockfishScores":{"wn":0.4990476190476191}},{"fenStr":"r2q1rk1/pb1nbppp/1pp2n2/3p2B1/3P4/2NBPN2/PP3PPP/2RQ1RK1","stockfishScores":{"bn":0.5060714285714286}},{"fenStr":"r2qr1k1/pb1nbppp/1pp2n2/3p2B1/3P4/2NBPN2/PP3PPP/2RQ1RK1","stockfishScores":{"wn":0.5064285714285715}},{"fenStr":"r2qr1k1/pb1nbppp/1pp2n2/3p2B1/3P4/2NBPN2/PP2QPPP/2R2RK1","stockfishScores":{"bn":0.5051190476190476}},{"fenStr":"r2qr1k1/1b1nbppp/1pp2n2/p2p2B1/3P4/2NBPN2/PP2QPPP/2R2RK1","stockfishScores":{"wn":0.5051785714285715}},{"fenStr":"r2qr1k1/1b1nbppp/1pp2n2/p2p2B1/3P4/2NBPN2/PP2QPPP/2R1R1K1","stockfishScores":{"bn":0.5042261904761904}},{"fenStr":"r2qr1k1/1b1nbppp/1p3n2/p1pp2B1/3P4/2NBPN2/PP2QPPP/2R1R1K1","stockfishScores":{"wn":0.5039285714285714}},{"fenStr":"r2qr1k1/1b1nbppp/1p3n2/pBpp2B1/3P4/2N1PN2/PP2QPPP/2R1R1K1","stockfishScores":{"bn":0.5042857142857143}},{"fenStr":"2rqr1k1/1b1nbppp/1p3n2/pBpp2B1/3P4/2N1PN2/PP2QPPP/2R1R1K1","stockfishScores":{"wn":0.5057142857142857}},{"fenStr":"2rqr1k1/1b1nbppp/1p3n2/pBppN1B1/3P4/2N1P3/PP2QPPP/2R1R1K1","stockfishScores":{"bn":0.5101190476190476}},{"fenStr":"2rq1rk1/1b1nbppp/1p3n2/pBppN1B1/3P4/2N1P3/PP2QPPP/2R1R1K1","stockfishScores":{"wn":0.5101190476190476}},{"fenStr":"2rq1rk1/1b1nbppp/1p3n2/pBpp2B1/3P4/2N1PN2/PP2QPPP/2R1R1K1","stockfishScores":{"bn":0.5052380952380953}},{"fenStr":"2rq1rk1/1b1nbppp/1p6/pBpp2Bn/3P4/2N1PN2/PP2QPPP/2R1R1K1","stockfishScores":{"wn":0.5094047619047619}},{"fenStr":"2rq1rk1/1b1nBppp/1p6/pBpp3n/3P4/2N1PN2/PP2QPPP/2R1R1K1","stockfishScores":{"bn":0.5398809523809524}},{"fenStr":"2r2rk1/1b1nqppp/1p6/pBpp3n/3P4/2N1PN2/PP2QPPP/2R1R1K1","stockfishScores":{"wn":0.5089880952380952}},{"fenStr":"2r2rk1/1b1Bqppp/1p6/p1pp3n/3P4/2N1PN2/PP2QPPP/2R1R1K1","stockfishScores":{"bn":0.5317857142857143}},{"fenStr":"2r2rk1/1b1q1ppp/1p6/p1pp3n/3P4/2N1PN2/PP2QPPP/2R1R1K1","stockfishScores":{"wn":0.5038095238095238}},{"fenStr":"2r2rk1/1b1q1ppp/1p6/p1ppN2n/3P4/2N1P3/PP2QPPP/2R1R1K1","stockfishScores":{"bn":0.5101190476190476}},{"fenStr":"2r2rk1/1b3ppp/1p6/p1ppNq1n/3P4/2N1P3/PP2QPPP/2R1R1K1","stockfishScores":{"wn":0.5070833333333333}},{"fenStr":"2r2rk1/1b3ppp/1p6/p1ppNq1n/3P2P1/2N1P3/PP2QP1P/2R1R1K1","stockfishScores":{"bn":0.5111309523809524}},{"fenStr":"2r2rk1/1b3ppp/1p6/p1ppN1qn/3P2P1/2N1P3/PP2QP1P/2R1R1K1","stockfishScores":{"wn":0.5081547619047619}},{"fenStr":"2r2rk1/1b3ppp/1p6/p1ppN1qn/3P2PP/2N1P3/PP2QP2/2R1R1K1","stockfishScores":{"bn":0.5072023809523809}},{"fenStr":"2r2rk1/1b3ppp/1p6/p1ppN2n/3P2Pq/2N1P3/PP2QP2/2R1R1K1","stockfishScores":{"wn":0.49464285714285716}},{"fenStr":"2r2rk1/1b3ppp/1p6/p1ppN2P/3P3q/2N1P3/PP2QP2/2R1R1K1","stockfishScores":{"bn":0.5064880952380952}},{"fenStr":"2r2rk1/1b3ppp/1p6/p2pN2P/3p3q/2N1P3/PP2QP2/2R1R1K1","stockfishScores":{"wn":0.4974404761904762}},{"fenStr":"2r2rk1/1b3ppp/1p6/p2pN2P/3P3q/2N5/PP2QP2/2R1R1K1","stockfishScores":{"bn":0.5056547619047619}},{"fenStr":"2r2rk1/1b3ppp/1p6/p2pN2P/3q4/2N5/PP2QP2/2R1R1K1","stockfishScores":{"wn":0.517797619047619}},{"fenStr":"2r2rk1/1b3ppp/1p6/pN1pN2P/3q4/8/PP2QP2/2R1R1K1","stockfishScores":{"bn":0.5229761904761905}},{"fenStr":"2r2rk1/1b3ppp/1p6/pN1pN2P/5q2/8/PP2QP2/2R1R1K1","stockfishScores":{"wn":0.5067261904761905}},{"fenStr":"2r2rk1/1b3ppp/1p6/pN1pN2P/5q2/4Q3/PP3P2/2R1R1K1","stockfishScores":{"bn":0.5100595238095238}},{"fenStr":"2r2rk1/1b3ppp/1p6/pN1pN2P/1q6/4Q3/PP3P2/2R1R1K1","stockfishScores":{"wn":0.5161904761904762}},{"fenStr":"2R2rk1/1b3ppp/1p6/pN1pN2P/1q6/4Q3/PP3P2/4R1K1","stockfishScores":{"bn":0.5516071428571429}},{"fenStr":"2b2rk1/5ppp/1p6/pN1pN2P/1q6/4Q3/PP3P2/4R1K1","stockfishScores":{"wn":0.5154166666666666}},{"fenStr":"2b2rk1/5ppp/1p6/p2pN2P/1q1N4/4Q3/PP3P2/4R1K1","stockfishScores":{"bn":0.519702380952381}},{"fenStr":"2b2rk1/5ppp/1p6/p2pN2P/3N4/4Q3/Pq3P2/4R1K1","stockfishScores":{"wn":0.5126785714285714}},{"fenStr":"2b2rk1/5ppp/1p5P/p2pN3/3N4/4Q3/Pq3P2/4R1K1","stockfishScores":{"bn":0.5122023809523809}},{"fenStr":"2b2rk1/5p1p/1p4pP/p2pN3/3N4/4Q3/Pq3P2/4R1K1","stockfishScores":{"wn":0.5151785714285714}},{"fenStr":"2b2rk1/5N1p/1p4pP/p2p4/3N4/4Q3/Pq3P2/4R1K1","stockfishScores":{"bn":0.5172619047619048}},{"fenStr":"2b3k1/5r1p/1p4pP/p2p4/3N4/4Q3/Pq3P2/4R1K1","stockfishScores":{"wn":0.5053571428571428}},{"fenStr":"2b3k1/5r1p/1p4pP/p2p4/3N4/4QP2/Pq6/4R1K1","stockfishScores":{"bn":0.5005952380952381}},{"fenStr":"2b3k1/5r1p/1p4pP/p2p4/1q1N4/4QP2/P7/4R1K1","stockfishScores":{"wn":0.5067261904761905}},{"fenStr":"2b3k1/5r1p/1pN3pP/p2p4/1q6/4QP2/P7/4R1K1","stockfishScores":{"bn":0.5043452380952381}},{"fenStr":"2b3k1/5r1p/1pN3pP/p1qp4/8/4QP2/P7/4R1K1","stockfishScores":{"wn":0.4825}},{"fenStr":"2b3k1/5r1p/1pN3pP/p1Qp4/8/5P2/P7/4R1K1","stockfishScores":{"bn":0.5652380952380952}},{"fenStr":"2b3k1/5r1p/2N3pP/p1pp4/8/5P2/P7/4R1K1","stockfishScores":{"wn":0.48464285714285715}},{"fenStr":"2b3k1/4Nr1p/6pP/p1pp4/8/5P2/P7/4R1K1","stockfishScores":{"bn":0.48428571428571426}},{"fenStr":"2b2k2/4Nr1p/6pP/p1pp4/8/5P2/P7/4R1K1","stockfishScores":{"wn":0.4806547619047619}},{"fenStr":"2N2k2/5r1p/6pP/p1pp4/8/5P2/P7/4R1K1","stockfishScores":{"bn":0.5035714285714286}},{"fenStr":"2N2k2/7p/6pP/p1pp4/8/5r2/P7/4R1K1","stockfishScores":{"wn":0.5004761904761905}},{"fenStr":"5k2/7p/3N2pP/p1pp4/8/5r2/P7/4R1K1","stockfishScores":{"bn":0.5013095238095238}},{"fenStr":"6k1/7p/3N2pP/p1pp4/8/5r2/P7/4R1K1","stockfishScores":{"wn":0.5009523809523809}},{"fenStr":"4R1k1/7p/3N2pP/p1pp4/8/5r2/P7/6K1","stockfishScores":{"bn":0.4994047619047619}},{"fenStr":"4Rrk1/7p/3N2pP/p1pp4/8/8/P7/6K1","stockfishScores":{"wn":0.5039880952380953}},{"fenStr":"5rk1/4R2p/3N2pP/p1pp4/8/8/P7/6K1","stockfishScores":{"bn":0.50125}},{"fenStr":"3r2k1/4R2p/3N2pP/p1pp4/8/8/P7/6K1","stockfishScores":{"wn":0.501547619047619}},{"fenStr":"3r2k1/6Rp/3N2pP/p1pp4/8/8/P7/6K1","stockfishScores":{"bn":0.4994047619047619}},{"fenStr":"3r3k/6Rp/3N2pP/p1pp4/8/8/P7/6K1","stockfishScores":{"wn":0.5016071428571428}},{"fenStr":"3r3k/5NRp/6pP/p1pp4/8/8/P7/6K1","stockfishScores":{"bn":0.5010119047619047}}],"result":{"bw":true}}