{"fens":[{"fenStr":"rnbqkbnr/pppppppp/8/8/3P4/8/PPP1PPPP/RNBQKBNR","stockfishScores":{"bn":0.5048809523809524}},{"fenStr":"rnbqkbnr/ppp1pppp/8/3p4/3P4/8/PPP1PPPP/RNBQKBNR","stockfishScores":{"wn":0.5005952380952381}},{"fenStr":"rnbqkbnr/ppp1pppp/8/3p4/2PP4/8/PP2PPPP/RNBQKBNR","stockfishScores":{"bn":0.5009523809523809}},{"fenStr":"rnbqkbnr/pp2pppp/2p5/3p4/2PP4/8/PP2PPPP/RNBQKBNR","stockfishScores":{"wn":0.4994047619047619}},{"fenStr":"rnbqkbnr/pp2pppp/2p5/3p4/2PP4/5N2/PP2PPPP/RNBQKB1R","stockfishScores":{"bn":0.5027380952380952}},{"fenStr":"rnbqkb1r/pp2pppp/2p2n2/3p4/2PP4/5N2/PP2PPPP/RNBQKB1R","stockfishScores":{"wn":0.49964285714285717}},{"fenStr":"rnbqkb1r/pp2pppp/2p2n2/3p4/2PP4/4PN2/PP3PPP/RNBQKB1R","stockfishScores":{"bn":0.5025595238095238}},{"fenStr":"rnbqkb1r/pp3ppp/2p1pn2/3p4/2PP4/4PN2/PP3PPP/RNBQKB1R","stockfishScores":{"wn":0.5013095238095238}},{"fenStr":"rnbqkb1r/pp3ppp/2p1pn2/3p4/2PP4/3BPN2/PP3PPP/RNBQK2R","stockfishScores":{"bn":0.50125}},{"fenStr":"r1bqkb1r/pp1n1ppp/2p1pn2/3p4/2PP4/3BPN2/PP3PPP/RNBQK2R","stockfishScores":{"wn":0.4988690476190476}},{"fenStr":"r1bqkb1r/pp1n1ppp/2p1pn2/3p4/2PP4/3BPN2/PP1N1PPP/R1BQK2R","stockfishScores":{"bn":0.5014285714285714}},{"fenStr":"r1bqk2r/pp1n1ppp/2pbpn2/3p4/2PP4/3BPN2/PP1N1PPP/R1BQK2R","stockfishScores":{"wn":0.5026190476190476}},{"fenStr":"r1bqk2r/pp1n1ppp/2pbpn2/3p4/2PPP3/3B1N2/PP1N1PPP/R1BQK2R","stockfishScores":{"bn":0.5025}},{"fenStr":"r1bqk2r/pp1n1ppp/2pb1n2/3pp3/2PPP3/3B1N2/PP1N1PPP/R1BQK2R","stockfishScores":{"wn":0.5014880952380952}},{"fenStr":"r1bqk2r/pp1n1ppp/2pb1n2/3Pp3/3PP3/3B1N2/PP1N1PPP/R1BQK2R","stockfishScores":{"bn":0.5104166666666666}},{"fenStr":"r1bqk2r/pp1n1ppp/3b1n2/3pp3/3PP3/3B1N2/PP1N1PPP/R1BQK2R","stockfishScores":{"wn":0.5005952380952381}},{"fenStr":"r1bqk2r/pp1n1ppp/3b1n2/3Pp3/3P4/3B1N2/PP1N1PPP/R1BQK2R","stockfishScores":{"bn":0.4999404761904762}},{"fenStr":"r1bq1rk1/pp1n1ppp/3b1n2/3Pp3/3P4/3B1N2/PP1N1PPP/R1BQK2R","stockfishScores":{"wn":0.48964285714285716}},{"fenStr":"r1bq1rk1/pp1n1ppp/3b1n2/3Pp3/3P4/3B1N2/PP1N1PPP/R1BQ1RK1","stockfishScores":{"bn":0.5}},{"fenStr":"r1bq1rk1/pp1n1ppp/3b1n2/3P4/3p4/3B1N2/PP1N1PPP/R1BQ1RK1","stockfishScores":{"wn":0.5005952380952381}},{"fenStr":"r1bq1rk1/pp1n1ppp/3b1n2/3P4/3pN3/3B1N2/PP3PPP/R1BQ1RK1","stockfishScores":{"bn":0.5063690476190477}},{"fenStr":"r1bq1rk1/pp1n1ppp/3b4/3P4/3pn3/3B1N2/PP3PPP/R1BQ1RK1","stockfishScores":{"wn":0.4806547619047619}},{"fenStr":"r1bq1rk1/pp1n1ppp/3b4/3P4/3pB3/5N2/PP3PPP/R1BQ1RK1","stockfishScores":{"bn":0.5064880952380952}},{"fenStr":"r1bq1rk1/pp1n2pp/3b4/3P1p2/3pB3/5N2/PP3PPP/R1BQ1RK1","stockfishScores":{"wn":0.49910714285714286}},{"fenStr":"r1bq1rk1/pp1n2pp/3b4/3P1p2/3p4/5N2/PP3PPP/RBBQ1RK1","stockfishScores":{"bn":0.5021428571428571}},{"fenStr":"r1bq1rk1/pp4pp/3b4/3Pnp2/3p4/5N2/PP3PPP/RBBQ1RK1","stockfishScores":{"wn":0.5005357142857143}},{"fenStr":"r1bq1rk1/pp4pp/3b4/3Pnp2/3N4/8/PP3PPP/RBBQ1RK1","stockfishScores":{"bn":0.5082142857142857}},{"fenStr":"r1b2rk1/pp4pp/3b4/3Pnp2/3N3q/8/PP3PPP/RBBQ1RK1","stockfishScores":{"wn":0.5090476190476191}},{"fenStr":"r1b2rk1/pp4pp/3b4/3Pnp2/3N1P1q/8/PP4PP/RBBQ1RK1","stockfishScores":{"bn":0.5123809523809524}},{"fenStr":"r1b2rk1/pp4pp/8/2bPnp2/3N1P1q/8/PP4PP/RBBQ1RK1","stockfishScores":{"wn":0.5075}},{"fenStr":"r1b2rk1/pp4pp/8/2bPnp2/3N1P1q/6P1/PP5P/RBBQ1RK1","stockfishScores":{"bn":0.5078571428571429}},{"fenStr":"r1b2rk1/pp4pp/5q2/2bPnp2/3N1P2/6P1/PP5P/RBBQ1RK1","stockfishScores":{"wn":0.5058928571428571}},{"fenStr":"r1b2rk1/pp4pp/5q2/2bPnp2/3N1P2/6P1/PP4KP/RBBQ1R2","stockfishScores":{"bn":0.5089880952380952}},{"fenStr":"r1b2rk1/pp4pp/5q2/2bP1p2/2nN1P2/6P1/PP4KP/RBBQ1R2","stockfishScores":{"wn":0.5032738095238095}},{"fenStr":"r1b2rk1/pp4pp/5q2/2bP1p2/2n2P2/5NP1/PP4KP/RBBQ1R2","stockfishScores":{"bn":0.5045238095238095}},{"fenStr":"r1b2rk1/p5pp/5q2/1pbP1p2/2n2P2/5NP1/PP4KP/RBBQ1R2","stockfishScores":{"wn":0.5049404761904762}},{"fenStr":"r1b2rk1/p5pp/5q2/1pbP1p2/2n2P2/3B1NP1/PP4KP/R1BQ1R2","stockfishScores":{"bn":0.5063690476190477}},{"fenStr":"r4rk1/pb4pp/5q2/1pbP1p2/2n2P2/3B1NP1/PP4KP/R1BQ1R2","stockfishScores":{"wn":0.50375}},{"fenStr":"r4rk1/pb4pp/5q2/1pbP1p2/2B2P2/5NP1/PP4KP/R1BQ1R2","stockfishScores":{"bn":0.5330952380952381}},{"fenStr":"r4rk1/pb4pp/5q2/2bP1p2/2p2P2/5NP1/PP4KP/R1BQ1R2","stockfishScores":{"wn":0.504702380952381}},{"fenStr":"r4rk1/pb4pp/5q2/2bP1p2/2p2P2/5NP1/PP4KP/R1BQR3","stockfishScores":{"bn":0.5061904761904762}},{"fenStr":"r3r1k1/pb4pp/5q2/2bP1p2/2p2P2/5NP1/PP4KP/R1BQR3","stockfishScores":{"wn":0.503452380952381}},{"fenStr":"r3r1k1/pb4pp/5q2/2bPRp2/2p2P2/5NP1/PP4KP/R1BQ4","stockfishScores":{"bn":0.5061309523809524}},{"fenStr":"3rr1k1/pb4pp/5q2/2bPRp2/2p2P2/5NP1/PP4KP/R1BQ4","stockfishScores":{"wn":0.5020833333333333}},{"fenStr":"3rr1k1/pb4pp/5q2/2bPRp2/2p2P2/5NP1/PP2Q1KP/R1B5","stockfishScores":{"bn":0.5033928571428572}},{"fenStr":"3r2k1/pb4pp/5q2/2bPrp2/2p2P2/5NP1/PP2Q1KP/R1B5","stockfishScores":{"wn":0.45898809523809525}},{"fenStr":"3r2k1/pb4pp/5q2/2bPPp2/2p5/5NP1/PP2Q1KP/R1B5","stockfishScores":{"bn":0.5130357142857143}},{"fenStr":"3r2k1/pb3qpp/8/2bPPp2/2p5/5NP1/PP2Q1KP/R1B5","stockfishScores":{"wn":0.5116071428571428}},{"fenStr":"3r2k1/pb3qpp/3P4/2b1Pp2/2p5/5NP1/PP2Q1KP/R1B5","stockfishScores":{"bn":0.49976190476190474}},{"fenStr":"3r2k1/pb4pp/3Pq3/2b1Pp2/2p5/5NP1/PP2Q1KP/R1B5","stockfishScores":{"wn":0.49851190476190477}},{"fenStr":"3r2k1/pb4pp/3Pq3/2b1Pp2/2p5/4BNP1/PP2Q1KP/R7","stockfishScores":{"bn":0.5054166666666666}},{"fenStr":"3r2k1/pb4pp/3P4/2b1qp2/2p5/4BNP1/PP2Q1KP/R7","stockfishScores":{"wn":0.4961309523809524}},{"fenStr":"3r2k1/pb4pp/3P4/2b1qp2/2Q5/4BNP1/PP4KP/R7","stockfishScores":{"bn":0.4911904761904762}},{"fenStr":"3r3k/pb4pp/3P4/2b1qp2/2Q5/4BNP1/PP4KP/R7","stockfishScores":{"wn":0.4936309523809524}},{"fenStr":"3r3k/pb4pp/3P4/2Q1qp2/8/4BNP1/PP4KP/R7","stockfishScores":{"bn":0.5218452380952381}},{"fenStr":"3r3k/pb4pp/3P4/2Q2p2/8/4BNP1/Pq4KP/R7","stockfishScores":{"wn":0.5155952380952381}},{"fenStr":"3r3k/pb4pp/3P4/2Q2p2/8/4BNPK/Pq5P/R7","stockfishScores":{"bn":0.5195833333333333}},{"fenStr":"3r3k/p5pp/3P4/2Q2p2/8/4BbPK/Pq5P/R7","stockfishScores":{"wn":0.4845833333333333}},{"fenStr":"3r3k/p5pp/3P4/2Q2p2/8/4BbPK/Pq5P/6R1","stockfishScores":{"bn":0.49738095238095237}},{"fenStr":"3r3k/p5pp/3P4/2Q2p2/6b1/4B1PK/Pq5P/6R1","stockfishScores":{"wn":0.4998214285714286}},{"fenStr":"3r3k/p5pp/3P4/2Q2p2/6bK/4B1P1/Pq5P/6R1","stockfishScores":{"bn":0.48660714285714285}},{"fenStr":"3r3k/p5pp/3P4/2Q2p2/6bK/4B1P1/P6q/6R1","stockfishScores":{"wn":0.4786309523809524}},{"fenStr":"3r3k/p5pp/3P4/2Q2pK1/6b1/4B1P1/P6q/6R1","stockfishScores":{"bn":0.47333333333333333}},{"fenStr":"3r3k/p5pp/3P3q/2Q2pK1/6b1/4B1P1/P7/6R1","stockfishScores":{"wn":0.4776190476190476}}],"result":{"bw":true}}