{"fens":[{"fenStr":"rnbqkbnr/pppppppp/8/8/4P3/8/PPPP1PPP/RNBQKBNR","stockfishScores":{"bn":0.5049404761904762}},{"fenStr":"rnbqkbnr/pp1ppppp/2p5/8/4P3/8/PPPP1PPP/RNBQKBNR","stockfishScores":{"wn":0.5039880952380953}},{"fenStr":"rnbqkbnr/pp1ppppp/2p5/8/3PP3/8/PPP2PPP/RNBQKBNR","stockfishScores":{"bn":0.5090476190476191}},{"fenStr":"rnbqkbnr/pp2pppp/2p5/3p4/3PP3/8/PPP2PPP/RNBQKBNR","stockfishScores":{"wn":0.5023214285714286}},{"fenStr":"rnbqkbnr/pp2pppp/2p5/3p4/3PP3/8/PPPN1PPP/R1BQKBNR","stockfishScores":{"bn":0.5040476190476191}},{"fenStr":"rnbqkbnr/pp2pppp/2p5/8/3Pp3/8/PPPN1PPP/R1BQKBNR","stockfishScores":{"wn":0.49404761904761907}},{"fenStr":"rnbqkbnr/pp2pppp/2p5/8/3PN3/8/PPP2PPP/R1BQKBNR","stockfishScores":{"bn":0.5049404761904762}},{"fenStr":"rn1qkbnr/pp2pppp/2p5/5b2/3PN3/8/PPP2PPP/R1BQKBNR","stockfishScores":{"wn":0.503452380952381}},{"fenStr":"rn1qkbnr/pp2pppp/2p5/5b2/3P4/6N1/PPP2PPP/R1BQKBNR","stockfishScores":{"bn":0.5043452380952381}},{"fenStr":"rn1qkbnr/pp2pppp/2p3b1/8/3P4/6N1/PPP2PPP/R1BQKBNR","stockfishScores":{"wn":0.5013690476190477}},{"fenStr":"rn1qkbnr/pp2pppp/2p3b1/8/3P3P/6N1/PPP2PP1/R1BQKBNR","stockfishScores":{"bn":0.5064285714285715}},{"fenStr":"rn1qkbnr/pp2ppp1/2p3bp/8/3P3P/6N1/PPP2PP1/R1BQKBNR","stockfishScores":{"wn":0.5060119047619047}},{"fenStr":"rn1qkbnr/pp2ppp1/2p3bp/8/3P3P/5NN1/PPP2PP1/R1BQKB1R","stockfishScores":{"bn":0.5076190476190476}},{"fenStr":"r2qkbnr/pp1nppp1/2p3bp/8/3P3P/5NN1/PPP2PP1/R1BQKB1R","stockfishScores":{"wn":0.5058333333333334}},{"fenStr":"r2qkbnr/pp1nppp1/2p3bp/7P/3P4/5NN1/PPP2PP1/R1BQKB1R","stockfishScores":{"bn":0.5082738095238095}},{"fenStr":"r2qkbnr/pp1npppb/2p4p/7P/3P4/5NN1/PPP2PP1/R1BQKB1R","stockfishScores":{"wn":0.5058928571428571}},{"fenStr":"r2qkbnr/pp1npppb/2p4p/7P/3P4/3B1NN1/PPP2PP1/R1BQK2R","stockfishScores":{"bn":0.5069642857142858}},{"fenStr":"r2qkbnr/pp1nppp1/2p4p/7P/3P4/3b1NN1/PPP2PP1/R1BQK2R","stockfishScores":{"wn":0.4800595238095238}},{"fenStr":"r2qkbnr/pp1nppp1/2p4p/7P/3P4/3Q1NN1/PPP2PP1/R1B1K2R","stockfishScores":{"bn":0.5097619047619047}},{"fenStr":"r2qkb1r/pp1nppp1/2p2n1p/7P/3P4/3Q1NN1/PPP2PP1/R1B1K2R","stockfishScores":{"wn":0.505}},{"fenStr":"r2qkb1r/pp1nppp1/2p2n1p/7P/3P1B2/3Q1NN1/PPP2PP1/R3K2R","stockfishScores":{"bn":0.5038690476190476}},{"fenStr":"r2qkb1r/pp1n1pp1/2p1pn1p/7P/3P1B2/3Q1NN1/PPP2PP1/R3K2R","stockfishScores":{"wn":0.5011904761904762}},{"fenStr":"r2qkb1r/pp1n1pp1/2p1pn1p/7P/3P1B2/3Q1NN1/PPP2PP1/2KR3R","stockfishScores":{"bn":0.5059523809523809}},{"fenStr":"r2qk2r/pp1nbpp1/2p1pn1p/7P/3P1B2/3Q1NN1/PPP2PP1/2KR3R","stockfishScores":{"wn":0.506547619047619}},{"fenStr":"r2qk2r/pp1nbpp1/2p1pn1p/7P/3PNB2/3Q1N2/PPP2PP1/2KR3R","stockfishScores":{"bn":0.5092261904761904}},{"fenStr":"r2q1rk1/pp1nbpp1/2p1pn1p/7P/3PNB2/3Q1N2/PPP2PP1/2KR3R","stockfishScores":{"wn":0.4975}},{"fenStr":"r2q1rk1/pp1nbpp1/2p1pn1p/7P/2PPNB2/3Q1N2/PP3PP1/2KR3R","stockfishScores":{"bn":0.49785714285714283}},{"fenStr":"r2q1rk1/pp1nbpp1/2p1p2p/7P/2PPnB2/3Q1N2/PP3PP1/2KR3R","stockfishScores":{"wn":0.46839285714285717}},{"fenStr":"r2q1rk1/pp1nbpp1/2p1p2p/7P/2PPQB2/5N2/PP3PP1/2KR3R","stockfishScores":{"bn":0.49607142857142855}},{"fenStr":"r2q1rk1/pp2bpp1/2p1pn1p/7P/2PPQB2/5N2/PP3PP1/2KR3R","stockfishScores":{"wn":0.4951785714285714}},{"fenStr":"r2q1rk1/pp2bpp1/2p1pn1p/7P/2PP1B2/5N2/PP2QPP1/2KR3R","stockfishScores":{"bn":0.49857142857142855}},{"fenStr":"r2q1rk1/pp3pp1/2pbpn1p/7P/2PP1B2/5N2/PP2QPP1/2KR3R","stockfishScores":{"wn":0.49654761904761907}},{"fenStr":"r2q1rk1/pp3pp1/2pbpn1p/4N2P/2PP1B2/8/PP2QPP1/2KR3R","stockfishScores":{"bn":0.49779761904761904}},{"fenStr":"r4rk1/pp2qpp1/2pbpn1p/4N2P/2PP1B2/8/PP2QPP1/2KR3R","stockfishScores":{"wn":0.49976190476190474}},{"fenStr":"r4rk1/pp2qpp1/2pbpn1p/4N2P/2PP1BP1/8/PP2QP2/2KR3R","stockfishScores":{"bn":0.500297619047619}},{"fenStr":"r4rk1/pp1nqpp1/2pbp2p/4N2P/2PP1BP1/8/PP2QP2/2KR3R","stockfishScores":{"wn":0.5013690476190477}},{"fenStr":"r4rk1/pp1nqpp1/2pbp2p/4N2P/2PP1BP1/8/PP2QP2/2KR2R1","stockfishScores":{"bn":0.5}},{"fenStr":"r4rk1/pp1nqpp1/2p1p2p/4b2P/2PP1BP1/8/PP2QP2/2KR2R1","stockfishScores":{"wn":0.47458333333333336}},{"fenStr":"r4rk1/pp1nqpp1/2p1p2p/4P2P/2P2BP1/8/PP2QP2/2KR2R1","stockfishScores":{"bn":0.49952380952380954}},{"fenStr":"3r1rk1/pp1nqpp1/2p1p2p/4P2P/2P2BP1/8/PP2QP2/2KR2R1","stockfishScores":{"wn":0.4967857142857143}},{"fenStr":"3r1rk1/pp1nqpp1/2p1p2p/4P1PP/2P2B2/8/PP2QP2/2KR2R1","stockfishScores":{"bn":0.4982738095238095}},{"fenStr":"3r1rk1/pp1nqpp1/2p1p3/4P1pP/2P2B2/8/PP2QP2/2KR2R1","stockfishScores":{"wn":0.49255952380952384}},{"fenStr":"3r1rk1/pp1nqpp1/2p1p3/4P1BP/2P5/8/PP2QP2/2KR2R1","stockfishScores":{"bn":0.5077380952380952}},{"fenStr":"3r1rk1/pp1nq1p1/2p1pp2/4P1BP/2P5/8/PP2QP2/2KR2R1","stockfishScores":{"wn":0.4998214285714286}},{"fenStr":"3r1rk1/pp1nq1p1/2p1pP2/6BP/2P5/8/PP2QP2/2KR2R1","stockfishScores":{"bn":0.5232738095238095}},{"fenStr":"3r1rk1/pp2q1p1/2p1pn2/6BP/2P5/8/PP2QP2/2KR2R1","stockfishScores":{"wn":0.5053571428571428}},{"fenStr":"3R1rk1/pp2q1p1/2p1pn2/6BP/2P5/8/PP2QP2/2K3R1","stockfishScores":{"bn":0.5457738095238095}},{"fenStr":"3r2k1/pp2q1p1/2p1pn2/6BP/2P5/8/PP2QP2/2K3R1","stockfishScores":{"wn":0.5029166666666667}},{"fenStr":"3r2k1/pp2q1p1/2p1pn1B/7P/2P5/8/PP2QP2/2K3R1","stockfishScores":{"bn":0.4981547619047619}},{"fenStr":"3r3k/pp2q1p1/2p1pn1B/7P/2P5/8/PP2QP2/2K3R1","stockfishScores":{"wn":0.5004166666666666}},{"fenStr":"3r3k/pp2q1B1/2p1pn2/7P/2P5/8/PP2QP2/2K3R1","stockfishScores":{"bn":0.513452380952381}},{"fenStr":"3r4/pp2q1Bk/2p1pn2/7P/2P5/8/PP2QP2/2K3R1","stockfishScores":{"wn":0.5252380952380953}},{"fenStr":"3r4/pp2q1Bk/2p1pn2/7P/2P5/8/PPQ2P2/2K3R1","stockfishScores":{"bn":0.5252976190476191}},{"fenStr":"3r2k1/pp2q1B1/2p1pn2/7P/2P5/8/PPQ2P2/2K3R1","stockfishScores":{"wn":0.518154761904762}},{"fenStr":"3r2k1/pp2q3/2p1pB2/7P/2P5/8/PPQ2P2/2K3R1","stockfishScores":{"bn":0.57125}},{"fenStr":"3r4/pp2qk2/2p1pB2/7P/2P5/8/PPQ2P2/2K3R1","stockfishScores":{"wn":0.5721428571428572}},{"fenStr":"3r4/pp2qk2/2p1pBQ1/7P/2P5/8/PP3P2/2K3R1","stockfishScores":{"bn":0.5748809523809524}},{"fenStr":"3r1k2/pp2q3/2p1pBQ1/7P/2P5/8/PP3P2/2K3R1","stockfishScores":{"wn":0.5922619047619048}},{"fenStr":"3r1kQ1/pp2q3/2p1pB2/7P/2P5/8/PP3P2/2K3R1","stockfishScores":{"bn":0.5516666666666666}}],"result":{"ww":true}}