{"fens":[{"fenStr":"rnbqkbnr/pppppppp/8/8/4P3/8/PPPP1PPP/RNBQKBNR","stockfishScores":{"bn":0.5049404761904762}},{"fenStr":"rnbqkbnr/pppp1ppp/4p3/8/4P3/8/PPPP1PPP/RNBQKBNR","stockfishScores":{"wn":0.5002380952380953}},{"fenStr":"rnbqkbnr/pppp1ppp/4p3/8/3PP3/8/PPP2PPP/RNBQKBNR","stockfishScores":{"bn":0.5058928571428571}},{"fenStr":"rnbqkbnr/ppp2ppp/4p3/3p4/3PP3/8/PPP2PPP/RNBQKBNR","stockfishScores":{"wn":0.5010119047619047}},{"fenStr":"rnbqkbnr/ppp2ppp/4p3/3p4/3PP3/8/PPPN1PPP/R1BQKBNR","stockfishScores":{"bn":0.5027380952380952}},{"fenStr":"rnbqkbnr/pp3ppp/4p3/2pp4/3PP3/8/PPPN1PPP/R1BQKBNR","stockfishScores":{"wn":0.49964285714285717}},{"fenStr":"rnbqkbnr/pp3ppp/4p3/2pP4/3P4/8/PPPN1PPP/R1BQKBNR","stockfishScores":{"bn":0.5072619047619048}},{"fenStr":"rnb1kbnr/pp3ppp/4p3/2pq4/3P4/8/PPPN1PPP/R1BQKBNR","stockfishScores":{"wn":0.5022619047619048}},{"fenStr":"rnb1kbnr/pp3ppp/4p3/2pq4/3P4/5N2/PPPN1PPP/R1BQKB1R","stockfishScores":{"bn":0.506547619047619}},{"fenStr":"rnb1kbnr/pp3ppp/4p3/3q4/3p4/5N2/PPPN1PPP/R1BQKB1R","stockfishScores":{"wn":0.49851190476190477}},{"fenStr":"rnb1kbnr/pp3ppp/4p3/3q4/2Bp4/5N2/PPPN1PPP/R1BQK2R","stockfishScores":{"bn":0.4963095238095238}},{"fenStr":"rnb1kbnr/pp3ppp/3qp3/8/2Bp4/5N2/PPPN1PPP/R1BQK2R","stockfishScores":{"wn":0.49910714285714286}},{"fenStr":"rnb1kbnr/pp3ppp/3qp3/8/2Bp4/5N2/PPPN1PPP/R1BQ1RK1","stockfishScores":{"bn":0.5102380952380953}},{"fenStr":"rnb1kb1r/pp3ppp/3qpn2/8/2Bp4/5N2/PPPN1PPP/R1BQ1RK1","stockfishScores":{"wn":0.5063690476190477}},{"fenStr":"rnb1kb1r/pp3ppp/3qpn2/8/2Bp4/1N3N2/PPP2PPP/R1BQ1RK1","stockfishScores":{"bn":0.5055952380952381}},{"fenStr":"r1b1kb1r/pp3ppp/2nqpn2/8/2Bp4/1N3N2/PPP2PPP/R1BQ1RK1","stockfishScores":{"wn":0.5004761904761905}},{"fenStr":"r1b1kb1r/pp3ppp/2nqpn2/8/2BN4/5N2/PPP2PPP/R1BQ1RK1","stockfishScores":{"bn":0.5073809523809524}},{"fenStr":"r1b1kb1r/pp3ppp/3qpn2/8/2Bn4/5N2/PPP2PPP/R1BQ1RK1","stockfishScores":{"wn":0.48583333333333334}},{"fenStr":"r1b1kb1r/pp3ppp/3qpn2/8/2BN4/8/PPP2PPP/R1BQ1RK1","stockfishScores":{"bn":0.5130357142857143}},{"fenStr":"r3kb1r/pp1b1ppp/3qpn2/8/2BN4/8/PPP2PPP/R1BQ1RK1","stockfishScores":{"wn":0.5075}},{"fenStr":"r3kb1r/pp1b1ppp/3qpn2/8/2BN4/2P5/PP3PPP/R1BQ1RK1","stockfishScores":{"bn":0.5082142857142857}},{"fenStr":"2kr1b1r/pp1b1ppp/3qpn2/8/2BN4/2P5/PP3PPP/R1BQ1RK1","stockfishScores":{"wn":0.5026785714285714}},{"fenStr":"2kr1b1r/pp1b1ppp/3qpn2/8/2BN4/2P2Q2/PP3PPP/R1B2RK1","stockfishScores":{"bn":0.5029166666666667}},{"fenStr":"2kr1b1r/pp1b1ppp/4pn2/2q5/2BN4/2P2Q2/PP3PPP/R1B2RK1","stockfishScores":{"wn":0.5014880952380952}},{"fenStr":"2kr1b1r/pp1b1ppp/4pn2/2q5/3N4/1BP2Q2/PP3PPP/R1B2RK1","stockfishScores":{"bn":0.5023214285714286}},{"fenStr":"2kr3r/pp1b1ppp/3bpn2/2q5/3N4/1BP2Q2/PP3PPP/R1B2RK1","stockfishScores":{"wn":0.49952380952380954}},{"fenStr":"2kr3r/pp1b1ppp/3bpn2/2q5/3N4/1BP1BQ2/PP3PPP/R4RK1","stockfishScores":{"bn":0.5035714285714286}},{"fenStr":"2kr3r/pp1b1ppp/3bpn2/4q3/3N4/1BP1BQ2/PP3PPP/R4RK1","stockfishScores":{"wn":0.4876785714285714}},{"fenStr":"2kr3r/pp1b1ppp/3bpn2/4q3/3N4/1BP1BQP1/PP3P1P/R4RK1","stockfishScores":{"bn":0.5054761904761905}},{"fenStr":"2kr3r/pp1b1ppp/3bpn2/q7/3N4/1BP1BQP1/PP3P1P/R4RK1","stockfishScores":{"wn":0.5041666666666667}},{"fenStr":"2kr3r/pp1b1ppp/3bpn2/q7/3N4/1BP1BQP1/PP3P1P/R2R2K1","stockfishScores":{"bn":0.5055952380952381}},{"fenStr":"1k1r3r/pp1b1ppp/3bpn2/q7/3N4/1BP1BQP1/PP3P1P/R2R2K1","stockfishScores":{"wn":0.5029166666666667}},{"fenStr":"1k1r3r/pp1b1ppp/3bpn2/q7/8/1BP1BQP1/PPN2P1P/R2R2K1","stockfishScores":{"bn":0.5059523809523809}},{"fenStr":"1k1r3r/ppbb1ppp/4pn2/q7/8/1BP1BQP1/PPN2P1P/R2R2K1","stockfishScores":{"wn":0.5046428571428572}},{"fenStr":"1k1r3r/ppbb1ppp/4pn2/q7/8/1BP1B1P1/PPN1QP1P/R2R2K1","stockfishScores":{"bn":0.5029761904761905}},{"fenStr":"1k1r3r/ppbb1pp1/4pn2/q6p/8/1BP1B1P1/PPN1QP1P/R2R2K1","stockfishScores":{"wn":0.5026785714285714}},{"fenStr":"1k1r3r/ppbb1pp1/4pn2/q6p/7P/1BP1B1P1/PPN1QP2/R2R2K1","stockfishScores":{"bn":0.5036309523809523}},{"fenStr":"1k1r3r/ppbb1pp1/4p3/q6p/6nP/1BP1B1P1/PPN1QP2/R2R2K1","stockfishScores":{"wn":0.5036309523809523}},{"fenStr":"1k1r3r/ppbb1pp1/4p3/q6p/6nP/1BP3P1/PPNBQP2/R2R2K1","stockfishScores":{"bn":0.5}},{"fenStr":"1k1rr3/ppbb1pp1/4p3/q6p/6nP/1BP3P1/PPNBQP2/R2R2K1","stockfishScores":{"wn":0.4995833333333333}},{"fenStr":"1k1rr3/ppbb1pp1/4p3/q6p/6nP/1BP1N1P1/PP1BQP2/R2R2K1","stockfishScores":{"bn":0.5013095238095238}},{"fenStr":"1k1rr3/ppbb1pp1/4p3/q6p/7P/1BP1n1P1/PP1BQP2/R2R2K1","stockfishScores":{"wn":0.4783928571428571}},{"fenStr":"1k1rr3/ppbb1pp1/4p3/q6p/7P/1BP1B1P1/PP2QP2/R2R2K1","stockfishScores":{"bn":0.5056547619047619}},{"fenStr":"1k1rr3/ppb2pp1/2b1p3/q6p/7P/1BP1B1P1/PP2QP2/R2R2K1","stockfishScores":{"wn":0.4969642857142857}},{"fenStr":"1k1Rr3/ppb2pp1/2b1p3/q6p/7P/1BP1B1P1/PP2QP2/R5K1","stockfishScores":{"bn":0.5339880952380952}},{"fenStr":"1k1r4/ppb2pp1/2b1p3/q6p/7P/1BP1B1P1/PP2QP2/R5K1","stockfishScores":{"wn":0.49392857142857144}},{"fenStr":"1k1r4/ppb2pp1/2b1p3/q6p/7P/1BP1B1P1/PP2QP2/3R2K1","stockfishScores":{"bn":0.4975}},{"fenStr":"1k6/ppb2pp1/2b1p3/q6p/7P/1BP1B1P1/PP2QP2/3r2K1","stockfishScores":{"wn":0.45380952380952383}},{"fenStr":"1k6/ppb2pp1/2b1p3/q6p/7P/1BP1B1P1/PP3P2/3Q2K1","stockfishScores":{"bn":0.4976190476190476}},{"fenStr":"1k6/ppb2pp1/2b1p3/5q1p/7P/1BP1B1P1/PP3P2/3Q2K1","stockfishScores":{"wn":0.49404761904761907}},{"fenStr":"1k6/ppb2pp1/2b1p3/5q1p/7P/1BP1B1P1/PP3P1K/3Q4","stockfishScores":{"bn":0.4924404761904762}},{"fenStr":"1k6/ppb2pp1/2b1p3/7p/4q2P/1BP1B1P1/PP3P1K/3Q4","stockfishScores":{"wn":0.4899404761904762}},{"fenStr":"1k6/ppb2pp1/2b1p3/7p/4q2P/1BP1B1P1/PP3P1K/6Q1","stockfishScores":{"bn":0.4926785714285714}},{"fenStr":"1k6/ppb2pp1/2b1p3/7p/7q/1BP1B1P1/PP3P1K/6Q1","stockfishScores":{"wn":0.4905952380952381}}],"result":{"bw":true}}