{"fens":[{"fenStr":"rnbqkbnr/pppppppp/8/8/8/5N2/PPPPPPPP/RNBQKB1R","stockfishScores":{"bn":0.5038690476190476}},{"fenStr":"rnbqkb1r/pppppppp/5n2/8/8/5N2/PPPPPPPP/RNBQKB1R","stockfishScores":{"wn":0.5005952380952381}},{"fenStr":"rnbqkb1r/pppppppp/5n2/8/3P4/5N2/PPP1PPPP/RNBQKB1R","stockfishScores":{"bn":0.5051785714285715}},{"fenStr":"rnbqkb1r/ppp1pppp/3p1n2/8/3P4/5N2/PPP1PPPP/RNBQKB1R","stockfishScores":{"wn":0.5005357142857143}},{"fenStr":"rnbqkb1r/ppp1pppp/3p1n2/8/3P4/5NP1/PPP1PP1P/RNBQKB1R","stockfishScores":{"bn":0.5010714285714286}},{"fenStr":"rn1qkb1r/ppp1pppp/3p1n2/8/3P2b1/5NP1/PPP1PP1P/RNBQKB1R","stockfishScores":{"wn":0.5008333333333334}},{"fenStr":"rn1qkb1r/ppp1pppp/3p1n2/8/3P2b1/5NP1/PPP1PPBP/RNBQK2R","stockfishScores":{"bn":0.5019642857142858}},{"fenStr":"rn1qkb1r/pp2pppp/2pp1n2/8/3P2b1/5NP1/PPP1PPBP/RNBQK2R","stockfishScores":{"wn":0.49779761904761904}},{"fenStr":"rn1qkb1r/pp2pppp/2pp1n2/8/3P2b1/5NP1/PPP1PPBP/RNBQ1RK1","stockfishScores":{"bn":0.5098809523809524}},{"fenStr":"r2qkb1r/pp1npppp/2pp1n2/8/3P2b1/5NP1/PPP1PPBP/RNBQ1RK1","stockfishScores":{"wn":0.5069642857142858}},{"fenStr":"r2qkb1r/pp1npppp/2pp1n2/8/3P2b1/5NPP/PPP1PPB1/RNBQ1RK1","stockfishScores":{"bn":0.5096428571428572}},{"fenStr":"r2qkb1r/pp1npppp/2pp1n2/8/3P4/5bPP/PPP1PPB1/RNBQ1RK1","stockfishScores":{"wn":0.4855952380952381}},{"fenStr":"r2qkb1r/pp1npppp/2pp1n2/8/3P4/5PPP/PPP2PB1/RNBQ1RK1","stockfishScores":{"bn":0.5079761904761905}},{"fenStr":"r2qkb1r/pp1n1ppp/2pppn2/8/3P4/5PPP/PPP2PB1/RNBQ1RK1","stockfishScores":{"wn":0.5075}},{"fenStr":"r2qkb1r/pp1n1ppp/2pppn2/8/3P1P2/6PP/PPP2PB1/RNBQ1RK1","stockfishScores":{"bn":0.5104166666666666}},{"fenStr":"r2qk2r/pp1nbppp/2pppn2/8/3P1P2/6PP/PPP2PB1/RNBQ1RK1","stockfishScores":{"wn":0.5103571428571428}},{"fenStr":"r2qk2r/pp1nbppp/2pppn2/8/3P1P2/6PP/PPPN1PB1/R1BQ1RK1","stockfishScores":{"bn":0.5111904761904762}},{"fenStr":"r2q1rk1/pp1nbppp/2pppn2/8/3P1P2/6PP/PPPN1PB1/R1BQ1RK1","stockfishScores":{"wn":0.5005952380952381}},{"fenStr":"r2q1rk1/pp1nbppp/2pppn2/8/3P1P2/5NPP/PPP2PB1/R1BQ1RK1","stockfishScores":{"bn":0.5008928571428571}},{"fenStr":"r2q1rk1/pp1nbppp/2p1pn2/3p4/3P1P2/5NPP/PPP2PB1/R1BQ1RK1","stockfishScores":{"wn":0.49952380952380954}},{"fenStr":"r2q1rk1/pp1nbppp/2p1pn2/3p4/3P1P2/3Q1NPP/PPP2PB1/R1B2RK1","stockfishScores":{"bn":0.498452380952381}},{"fenStr":"r2q1rk1/pp1nbppp/4pn2/2pp4/3P1P2/3Q1NPP/PPP2PB1/R1B2RK1","stockfishScores":{"wn":0.4986904761904762}},{"fenStr":"r2q1rk1/pp1nbppp/4pn2/2Pp4/5P2/3Q1NPP/PPP2PB1/R1B2RK1","stockfishScores":{"bn":0.5047619047619047}},{"fenStr":"r2q1rk1/pp1n1ppp/4pn2/2bp4/5P2/3Q1NPP/PPP2PB1/R1B2RK1","stockfishScores":{"wn":0.4998214285714286}},{"fenStr":"r2q1rk1/pp1n1ppp/4pn2/2bp4/5P2/2PQ1NPP/PP3PB1/R1B2RK1","stockfishScores":{"bn":0.501547619047619}},{"fenStr":"r2q1rk1/pp1n1ppp/4p3/2bp4/4nP2/2PQ1NPP/PP3PB1/R1B2RK1","stockfishScores":{"wn":0.49964285714285717}},{"fenStr":"r2q1rk1/pp1n1ppp/4p3/2bp4/3NnP2/2PQ2PP/PP3PB1/R1B2RK1","stockfishScores":{"bn":0.5042261904761904}},{"fenStr":"r2q1rk1/pp3ppp/4pn2/2bp4/3NnP2/2PQ2PP/PP3PB1/R1B2RK1","stockfishScores":{"wn":0.505297619047619}},{"fenStr":"r2q1rk1/pp3ppp/4pn2/2bp4/3NnP2/2PQB1PP/PP3PB1/R4RK1","stockfishScores":{"bn":0.5059523809523809}},{"fenStr":"2rq1rk1/pp3ppp/4pn2/2bp4/3NnP2/2PQB1PP/PP3PB1/R4RK1","stockfishScores":{"wn":0.5056547619047619}},{"fenStr":"2rq1rk1/pp3ppp/4pn2/2bp4/3NnP2/2PQB1PP/PP3PBK/R4R2","stockfishScores":{"bn":0.5042857142857143}},{"fenStr":"2rq1rk1/1p3ppp/p3pn2/2bp4/3NnP2/2PQB1PP/PP3PBK/R4R2","stockfishScores":{"wn":0.5041666666666667}},{"fenStr":"2rq1rk1/1p3ppp/p3pn2/2bp4/3NnP2/2PQB1PP/PP3PBK/3R1R2","stockfishScores":{"bn":0.5045833333333334}},{"fenStr":"2rq1rk1/1p3ppp/p2bpn2/3p4/3NnP2/2PQB1PP/PP3PBK/3R1R2","stockfishScores":{"wn":0.5055952380952381}},{"fenStr":"2rq1rk1/1p3ppp/p2bpn2/3p4/4nP2/2PQBNPP/PP3PBK/3R1R2","stockfishScores":{"bn":0.5001785714285715}},{"fenStr":"2r2rk1/1pq2ppp/p2bpn2/3p4/4nP2/2PQBNPP/PP3PBK/3R1R2","stockfishScores":{"wn":0.5013690476190477}},{"fenStr":"2r2rk1/1pq2ppp/p2bpn2/3p4/3BnP2/2PQ1NPP/PP3PBK/3R1R2","stockfishScores":{"bn":0.5031547619047619}},{"fenStr":"2r2rk1/1pqn1ppp/p2bp3/3p4/3BnP2/2PQ1NPP/PP3PBK/3R1R2","stockfishScores":{"wn":0.5032142857142857}},{"fenStr":"2r2rk1/1pqn1ppp/p2bp3/3p4/3BnP2/2PQ2PP/PP1N1PBK/3R1R2","stockfishScores":{"bn":0.5033333333333333}},{"fenStr":"2r2rk1/1pqn2pp/p2bp3/3p1p2/3BnP2/2PQ2PP/PP1N1PBK/3R1R2","stockfishScores":{"wn":0.505297619047619}},{"fenStr":"2r2rk1/1pqn2pp/p2bp3/3p1p2/4nP2/2PQB1PP/PP1N1PBK/3R1R2","stockfishScores":{"bn":0.5018452380952381}},{"fenStr":"2r3k1/1pqn2pp/p2bpr2/3p1p2/4nP2/2PQB1PP/PP1N1PBK/3R1R2","stockfishScores":{"wn":0.5033928571428572}},{"fenStr":"2r3k1/1pqn2pp/p2bpr2/3p1p2/4BP2/2PQB1PP/PP1N1P1K/3R1R2","stockfishScores":{"bn":0.5230357142857143}},{"fenStr":"2r3k1/1pqn2pp/p2bpr2/3p4/4pP2/2PQB1PP/PP1N1P1K/3R1R2","stockfishScores":{"wn":0.48988095238095236}},{"fenStr":"2r3k1/1pqn2pp/p2bpr2/3p4/4NP2/2PQB1PP/PP3P1K/3R1R2","stockfishScores":{"bn":0.5079761904761905}},{"fenStr":"2r3k1/1pqn2pp/p2bp1r1/3p4/4NP2/2PQB1PP/PP3P1K/3R1R2","stockfishScores":{"wn":0.5108333333333334}},{"fenStr":"2r3k1/1pqn2pp/p2Np1r1/3p4/5P2/2PQB1PP/PP3P1K/3R1R2","stockfishScores":{"bn":0.5441071428571429}},{"fenStr":"2r3k1/1p1n2pp/p2qp1r1/3p4/5P2/2PQB1PP/PP3P1K/3R1R2","stockfishScores":{"wn":0.5139285714285714}},{"fenStr":"2r3k1/1p1n2pp/p2qp1r1/3p4/2P2P2/3QB1PP/PP3P1K/3R1R2","stockfishScores":{"bn":0.5132142857142857}},{"fenStr":"2r3k1/1p4pp/p2qp1r1/2np4/2P2P2/3QB1PP/PP3P1K/3R1R2","stockfishScores":{"wn":0.5121428571428571}},{"fenStr":"2r3k1/1p4pp/p2qp1r1/2np4/2P2P2/Q3B1PP/PP3P1K/3R1R2","stockfishScores":{"bn":0.5157738095238096}},{"fenStr":"2r3k1/6pp/pp1qp1r1/2np4/2P2P2/Q3B1PP/PP3P1K/3R1R2","stockfishScores":{"wn":0.5140476190476191}},{"fenStr":"2r3k1/6pp/pp1qp1r1/2np4/1PP2P2/Q3B1PP/P4P1K/3R1R2","stockfishScores":{"bn":0.5176190476190476}},{"fenStr":"2r3k1/6pp/pp1qp1r1/3p4/1PP1nP2/Q3B1PP/P4P1K/3R1R2","stockfishScores":{"wn":0.5152976190476191}},{"fenStr":"2r3k1/6pp/Qp1qp1r1/3p4/1PP1nP2/4B1PP/P4P1K/3R1R2","stockfishScores":{"bn":0.5194642857142857}},{"fenStr":"6k1/6pp/Qprqp1r1/3p4/1PP1nP2/4B1PP/P4P1K/3R1R2","stockfishScores":{"wn":0.5206547619047619}},{"fenStr":"6k1/6pp/Qprqp1r1/3P4/1P2nP2/4B1PP/P4P1K/3R1R2","stockfishScores":{"bn":0.527797619047619}},{"fenStr":"6k1/6pp/Qprq2r1/3p4/1P2nP2/4B1PP/P4P1K/3R1R2","stockfishScores":{"wn":0.5161904761904762}},{"fenStr":"Q5k1/6pp/1prq2r1/3p4/1P2nP2/4B1PP/P4P1K/3R1R2","stockfishScores":{"bn":0.52125}},{"fenStr":"Q7/5kpp/1prq2r1/3p4/1P2nP2/4B1PP/P4P1K/3R1R2","stockfishScores":{"wn":0.5298214285714286}},{"fenStr":"Q7/5kpp/1prq2r1/3p4/1P2nP2/4B1PP/P4P1K/2R2R2","stockfishScores":{"bn":0.5307738095238095}},{"fenStr":"Q7/5kpp/1p1q2r1/3p4/1P2nP2/4B1PP/P4P1K/2r2R2","stockfishScores":{"wn":0.48738095238095236}},{"fenStr":"Q7/5kpp/1p1q2r1/3p4/1P2nP2/4B1PP/P4P1K/2R5","stockfishScores":{"bn":0.526547619047619}},{"fenStr":"Q7/5kp1/1p1q2r1/3p3p/1P2nP2/4B1PP/P4P1K/2R5","stockfishScores":{"wn":0.5273809523809524}},{"fenStr":"8/1Q3kp1/1p1q2r1/3p3p/1P2nP2/4B1PP/P4P1K/2R5","stockfishScores":{"bn":0.5233333333333333}},{"fenStr":"6k1/1Q4p1/1p1q2r1/3p3p/1P2nP2/4B1PP/P4P1K/2R5","stockfishScores":{"wn":0.5342857142857143}},{"fenStr":"2R3k1/1Q4p1/1p1q2r1/3p3p/1P2nP2/4B1PP/P4P1K/8","stockfishScores":{"bn":0.5272023809523809}},{"fenStr":"2R5/1Q4pk/1p1q2r1/3p3p/1P2nP2/4B1PP/P4P1K/8","stockfishScores":{"wn":0.5270238095238096}},{"fenStr":"Q1R5/6pk/1p1q2r1/3p3p/1P2nP2/4B1PP/P4P1K/8","stockfishScores":{"bn":0.5191071428571429}},{"fenStr":"Q1R5/6pk/1p1qr3/3p3p/1P2nP2/4B1PP/P4P1K/8","stockfishScores":{"wn":0.5189880952380952}},{"fenStr":"Q1R5/6pk/1p1qr3/3p1P1p/1P2n3/4B1PP/P4P1K/8","stockfishScores":{"bn":0.5225}},{"fenStr":"Q1R5/6pk/1p1qr3/3p1P1p/1P6/4B1nP/P4P1K/8","stockfishScores":{"wn":0.5079761904761905}},{"fenStr":"Q6R/6pk/1p1qr3/3p1P1p/1P6/4B1nP/P4P1K/8","stockfishScores":{"bn":0.5171428571428571}}],"result":{"ww":true}}