{"fens":[{"fenStr":"rnbqkbnr/pppppppp/8/8/3P4/8/PPP1PPPP/RNBQKBNR","stockfishScores":{"bn":0.5048809523809524}},{"fenStr":"rnbqkb1r/pppppppp/5n2/8/3P4/8/PPP1PPPP/RNBQKBNR","stockfishScores":{"wn":0.5016071428571428}},{"fenStr":"rnbqkb1r/pppppppp/5n2/8/2PP4/8/PP2PPPP/RNBQKBNR","stockfishScores":{"bn":0.5041071428571429}},{"fenStr":"rnbqkb1r/pp1ppppp/5n2/2p5/2PP4/8/PP2PPPP/RNBQKBNR","stockfishScores":{"wn":0.5042261904761904}},{"fenStr":"rnbqkb1r/pp1ppppp/5n2/2pP4/2P5/8/PP2PPPP/RNBQKBNR","stockfishScores":{"bn":0.5044047619047619}},{"fenStr":"rnbqkb1r/p2ppppp/5n2/1ppP4/2P5/8/PP2PPPP/RNBQKBNR","stockfishScores":{"wn":0.503095238095238}},{"fenStr":"rnbqkb1r/p2ppppp/5n2/1PpP4/8/8/PP2PPPP/RNBQKBNR","stockfishScores":{"bn":0.5075595238095238}},{"fenStr":"rnbqkb1r/3ppppp/p4n2/1PpP4/8/8/PP2PPPP/RNBQKBNR","stockfishScores":{"wn":0.5083333333333333}},{"fenStr":"rnbqkb1r/3ppppp/pP3n2/2pP4/8/8/PP2PPPP/RNBQKBNR","stockfishScores":{"bn":0.5120238095238095}},{"fenStr":"rnbqkb1r/4pppp/pP1p1n2/2pP4/8/8/PP2PPPP/RNBQKBNR","stockfishScores":{"wn":0.5116071428571428}},{"fenStr":"rnbqkb1r/4pppp/pP1p1n2/2pP4/8/2N5/PP2PPPP/R1BQKBNR","stockfishScores":{"bn":0.5146428571428572}},{"fenStr":"r1bqkb1r/3npppp/pP1p1n2/2pP4/8/2N5/PP2PPPP/R1BQKBNR","stockfishScores":{"wn":0.5059523809523809}},{"fenStr":"r1bqkb1r/3npppp/pP1p1n2/2pP4/P7/2N5/1P2PPPP/R1BQKBNR","stockfishScores":{"bn":0.5041071428571429}},{"fenStr":"r1bqkb1r/3npppp/1P1p1n2/p1pP4/P7/2N5/1P2PPPP/R1BQKBNR","stockfishScores":{"wn":0.5055357142857143}},{"fenStr":"r1bqkb1r/3npppp/1P1p1n2/p1pP4/P3P3/2N5/1P3PPP/R1BQKBNR","stockfishScores":{"bn":0.5118452380952381}},{"fenStr":"r1bqkb1r/3npp1p/1P1p1np1/p1pP4/P3P3/2N5/1P3PPP/R1BQKBNR","stockfishScores":{"wn":0.5108928571428571}},{"fenStr":"r1bqkb1r/3npp1p/1P1p1np1/p1pP4/P3PP2/2N5/1P4PP/R1BQKBNR","stockfishScores":{"bn":0.5088095238095238}},{"fenStr":"r1bqk2r/3nppbp/1P1p1np1/p1pP4/P3PP2/2N5/1P4PP/R1BQKBNR","stockfishScores":{"wn":0.5076785714285714}},{"fenStr":"r1bqk2r/3nppbp/1P1p1np1/p1pP4/P3PP2/2N2N2/1P4PP/R1BQKB1R","stockfishScores":{"bn":0.5119047619047619}},{"fenStr":"r1bq1rk1/3nppbp/1P1p1np1/p1pP4/P3PP2/2N2N2/1P4PP/R1BQKB1R","stockfishScores":{"wn":0.5023809523809524}},{"fenStr":"r1bq1rk1/3nppbp/1P1p1np1/pBpP4/P3PP2/2N2N2/1P4PP/R1BQK2R","stockfishScores":{"bn":0.5032738095238095}},{"fenStr":"r1bq1rk1/4ppbp/1n1p1np1/pBpP4/P3PP2/2N2N2/1P4PP/R1BQK2R","stockfishScores":{"wn":0.49291666666666667}},{"fenStr":"r1bq1rk1/4ppbp/1n1p1np1/pBpP4/P3PP2/2N2N2/1P4PP/R1BQ1RK1","stockfishScores":{"bn":0.5039880952380953}},{"fenStr":"r1bq1rk1/5pbp/1n1ppnp1/pBpP4/P3PP2/2N2N2/1P4PP/R1BQ1RK1","stockfishScores":{"wn":0.5047619047619047}},{"fenStr":"r1bq1rk1/5pbp/1n1pPnp1/pBp5/P3PP2/2N2N2/1P4PP/R1BQ1RK1","stockfishScores":{"bn":0.5142857142857142}},{"fenStr":"r2q1rk1/5pbp/1n1pbnp1/pBp5/P3PP2/2N2N2/1P4PP/R1BQ1RK1","stockfishScores":{"wn":0.5022619047619048}},{"fenStr":"r2q1rk1/5pbp/1n1pbnp1/pBp2P2/P3P3/2N2N2/1P4PP/R1BQ1RK1","stockfishScores":{"bn":0.5069047619047619}},{"fenStr":"r2q1rk1/5pbp/1n1p1np1/pBp2P2/P1b1P3/2N2N2/1P4PP/R1BQ1RK1","stockfishScores":{"wn":0.5036904761904762}},{"fenStr":"r2q1rk1/5pbp/1n1p1np1/p1p2P2/P1B1P3/2N2N2/1P4PP/R1BQ1RK1","stockfishScores":{"bn":0.5302380952380953}},{"fenStr":"r2q1rk1/5pbp/3p1np1/p1p2P2/P1n1P3/2N2N2/1P4PP/R1BQ1RK1","stockfishScores":{"wn":0.4999404761904762}},{"fenStr":"r2q1rk1/5pbp/3p1np1/p1p2P2/P1n1P3/2N2N2/1P2Q1PP/R1B2RK1","stockfishScores":{"bn":0.502797619047619}},{"fenStr":"r2q1rk1/5pbp/1n1p1np1/p1p2P2/P3P3/2N2N2/1P2Q1PP/R1B2RK1","stockfishScores":{"wn":0.5032738095238095}},{"fenStr":"r2q1rk1/5pbp/1n1p1nP1/p1p5/P3P3/2N2N2/1P2Q1PP/R1B2RK1","stockfishScores":{"bn":0.5092857142857143}},{"fenStr":"r2q1rk1/6bp/1n1p1np1/p1p5/P3P3/2N2N2/1P2Q1PP/R1B2RK1","stockfishScores":{"wn":0.5007738095238096}},{"fenStr":"r2q1rk1/6bp/1n1p1np1/p1p3B1/P3P3/2N2N2/1P2Q1PP/R4RK1","stockfishScores":{"bn":0.5046428571428572}},{"fenStr":"r2q1rk1/6b1/1n1p1npp/p1p3B1/P3P3/2N2N2/1P2Q1PP/R4RK1","stockfishScores":{"wn":0.5022023809523809}},{"fenStr":"r2q1rk1/6b1/1n1p1npp/p1p5/P3P2B/2N2N2/1P2Q1PP/R4RK1","stockfishScores":{"bn":0.5025595238095238}},{"fenStr":"r2q1rk1/6b1/1n1p1n1p/p1p3p1/P3P2B/2N2N2/1P2Q1PP/R4RK1","stockfishScores":{"wn":0.49601190476190476}},{"fenStr":"r2q1rk1/6b1/1n1p1n1p/p1p3p1/P3P3/2N2N2/1P2QBPP/R4RK1","stockfishScores":{"bn":0.5}},{"fenStr":"r2q1rk1/6b1/1n1p3p/p1p3pn/P3P3/2N2N2/1P2QBPP/R4RK1","stockfishScores":{"wn":0.5009523809523809}},{"fenStr":"r2q1rk1/6b1/1n1p3p/p1p3pn/P3P3/2N2NP1/1P2QB1P/R4RK1","stockfishScores":{"bn":0.49589285714285714}},{"fenStr":"r4rk1/4q1b1/1n1p3p/p1p3pn/P3P3/2N2NP1/1P2QB1P/R4RK1","stockfishScores":{"wn":0.49642857142857144}},{"fenStr":"r4rk1/4q1b1/1n1p3p/p1p3pn/P3P3/2N3P1/1P1NQB1P/R4RK1","stockfishScores":{"bn":0.5019047619047619}},{"fenStr":"r4rk1/4q1b1/1n1p1n1p/p1p3p1/P3P3/2N3P1/1P1NQB1P/R4RK1","stockfishScores":{"wn":0.5005357142857143}},{"fenStr":"r4rk1/4q1b1/1n1p1n1p/p1p3p1/P3P3/2N3P1/1P1NQB1P/4RRK1","stockfishScores":{"bn":0.5011904761904762}},{"fenStr":"r4rk1/3nq1b1/3p1n1p/p1p3p1/P3P3/2N3P1/1P1NQB1P/4RRK1","stockfishScores":{"wn":0.500297619047619}},{"fenStr":"r4rk1/3nq1b1/3p1n1p/p1p3p1/P1N1P3/2N3P1/1P2QB1P/4RRK1","stockfishScores":{"bn":0.5021428571428571}},{"fenStr":"4rrk1/3nq1b1/3p1n1p/p1p3p1/P1N1P3/2N3P1/1P2QB1P/4RRK1","stockfishScores":{"wn":0.5020833333333333}},{"fenStr":"4rrk1/3nq1b1/3p1n1p/p1p3p1/P1N1P3/2N3P1/1P3B1P/3QRRK1","stockfishScores":{"bn":0.5036309523809523}},{"fenStr":"4rrk1/3n2b1/3pqn1p/p1p3p1/P1N1P3/2N3P1/1P3B1P/3QRRK1","stockfishScores":{"wn":0.5014880952380952}},{"fenStr":"4rrk1/3n2b1/3Nqn1p/p1p3p1/P3P3/2N3P1/1P3B1P/3QRRK1","stockfishScores":{"bn":0.5101785714285715}},{"fenStr":"4rrk1/3n2b1/3N1n1p/p1p3p1/P3P3/2N3Pq/1P3B1P/3QRRK1","stockfishScores":{"wn":0.5126190476190476}},{"fenStr":"4rrk1/3n2b1/3N1n1p/p1p3p1/P3P3/2N3Pq/1P3B1P/3QRR1K","stockfishScores":{"bn":0.5116666666666667}},{"fenStr":"1r3rk1/3n2b1/3N1n1p/p1p3p1/P3P3/2N3Pq/1P3B1P/3QRR1K","stockfishScores":{"wn":0.5036309523809523}},{"fenStr":"1r3rk1/3n2b1/3N1n1p/pNp3p1/P3P3/6Pq/1P3B1P/3QRR1K","stockfishScores":{"bn":0.5118452380952381}},{"fenStr":"1r3rk1/6b1/3N1n1p/pNp1n1p1/P3P3/6Pq/1P3B1P/3QRR1K","stockfishScores":{"wn":0.5054166666666666}},{"fenStr":"1r3rk1/6b1/3N1n1p/pNp1n1p1/P3P3/6Pq/1P5P/3QRRBK","stockfishScores":{"bn":0.511547619047619}},{"fenStr":"1r3rk1/6b1/3N3p/pNp1n1pn/P3P3/6Pq/1P5P/3QRRBK","stockfishScores":{"wn":0.5095238095238095}},{"fenStr":"1r3Rk1/6b1/3N3p/pNp1n1pn/P3P3/6Pq/1P5P/3QR1BK","stockfishScores":{"bn":0.5430952380952381}},{"fenStr":"5rk1/6b1/3N3p/pNp1n1pn/P3P3/6Pq/1P5P/3QR1BK","stockfishScores":{"wn":0.4993452380952381}},{"fenStr":"5rk1/6b1/3N3p/pNp1n1pn/P3P3/4R1Pq/1P5P/3Q2BK","stockfishScores":{"bn":0.4961904761904762}},{"fenStr":"6k1/6b1/3N3p/pNp1n1pn/P3P3/4R1Pq/1P5P/3Q1rBK","stockfishScores":{"wn":0.47470238095238093}},{"fenStr":"6k1/6b1/3N3p/pNpQn1pn/P3P3/4R1Pq/1P5P/5rBK","stockfishScores":{"bn":0.48017857142857145}},{"fenStr":"8/6bk/3N3p/pNpQn1pn/P3P3/4R1Pq/1P5P/5rBK","stockfishScores":{"wn":0.4743452380952381}},{"fenStr":"8/6bk/7p/pNpQnNpn/P3P3/4R1Pq/1P5P/5rBK","stockfishScores":{"bn":0.4770238095238095}},{"fenStr":"8/6bk/7p/pNpQ1Npn/P3P1n1/4R1Pq/1P5P/5rBK","stockfishScores":{"wn":0.4245238095238095}},{"fenStr":"8/6bk/7p/pNpQ1Npn/P3P1n1/6Pq/1P2R2P/5rBK","stockfishScores":{"bn":0.4843452380952381}},{"fenStr":"8/6bk/7p/pNpQ1Npn/P3P3/6Pq/1P2Rn1P/5rBK","stockfishScores":{"wn":0.4839880952380952}},{"fenStr":"8/6bk/7p/pNpQ1Npn/P3P3/6Pq/1P3R1P/5rBK","stockfishScores":{"bn":0.5302380952380953}},{"fenStr":"8/6bk/7p/pNpQ1Npn/P3P3/6Pq/1P3r1P/6BK","stockfishScores":{"wn":0.4820238095238095}},{"fenStr":"8/6bk/7p/pNp2Npn/P3P3/3Q2Pq/1P3r1P/6BK","stockfishScores":{"bn":0.47601190476190475}},{"fenStr":"8/6bk/7p/pNp2Npn/P3P3/3Q2P1/1P3rqP/6BK","stockfishScores":{"wn":0.4826785714285714}}],"result":{"bw":true}}