{"fens":[{"fenStr":"rnbqkbnr/pppppppp/8/8/4P3/8/PPPP1PPP/RNBQKBNR","stockfishScores":{"bn":0.5049404761904762}},{"fenStr":"rnbqkbnr/pp1ppppp/8/2p5/4P3/8/PPPP1PPP/RNBQKBNR","stockfishScores":{"wn":0.5038095238095238}},{"fenStr":"rnbqkbnr/pp1ppppp/8/2p5/4P3/5N2/PPPP1PPP/RNBQKB1R","stockfishScores":{"bn":0.5058928571428571}},{"fenStr":"rnbqkbnr/pp1p1ppp/4p3/2p5/4P3/5N2/PPPP1PPP/RNBQKB1R","stockfishScores":{"wn":0.5020238095238095}},{"fenStr":"rnbqkbnr/pp1p1ppp/4p3/2p5/3PP3/5N2/PPP2PPP/RNBQKB1R","stockfishScores":{"bn":0.5095833333333334}},{"fenStr":"rnbqkbnr/pp1p1ppp/4p3/8/3pP3/5N2/PPP2PPP/RNBQKB1R","stockfishScores":{"wn":0.4922619047619048}},{"fenStr":"rnbqkbnr/pp1p1ppp/4p3/8/3NP3/8/PPP2PPP/RNBQKB1R","stockfishScores":{"bn":0.5060119047619047}},{"fenStr":"rnbqkb1r/pp1p1ppp/4pn2/8/3NP3/8/PPP2PPP/RNBQKB1R","stockfishScores":{"wn":0.5032142857142857}},{"fenStr":"rnbqkb1r/pp1p1ppp/4pn2/8/3NP3/2N5/PPP2PPP/R1BQKB1R","stockfishScores":{"bn":0.5070238095238095}},{"fenStr":"rnbqkb1r/pp3ppp/3ppn2/8/3NP3/2N5/PPP2PPP/R1BQKB1R","stockfishScores":{"wn":0.5086309523809524}},{"fenStr":"rnbqkb1r/pp3ppp/3ppn2/8/3NP3/2N1B3/PPP2PPP/R2QKB1R","stockfishScores":{"bn":0.5093452380952381}},{"fenStr":"rnbqkb1r/1p3ppp/p2ppn2/8/3NP3/2N1B3/PPP2PPP/R2QKB1R","stockfishScores":{"wn":0.5066666666666667}},{"fenStr":"rnbqkb1r/1p3ppp/p2ppn2/8/3NP3/2N1BP2/PPP3PP/R2QKB1R","stockfishScores":{"bn":0.5061309523809524}},{"fenStr":"r1bqkb1r/1p3ppp/p1nppn2/8/3NP3/2N1BP2/PPP3PP/R2QKB1R","stockfishScores":{"wn":0.5027380952380952}},{"fenStr":"r1bqkb1r/1p3ppp/p1nppn2/8/3NP3/2N1BP2/PPPQ2PP/R3KB1R","stockfishScores":{"bn":0.5020833333333333}},{"fenStr":"r1bqk2r/1p2bppp/p1nppn2/8/3NP3/2N1BP2/PPPQ2PP/R3KB1R","stockfishScores":{"wn":0.5022023809523809}},{"fenStr":"r1bqk2r/1p2bppp/p1nppn2/8/3NP3/2N1BP2/PPPQ2PP/2KR1B1R","stockfishScores":{"bn":0.5111309523809524}},{"fenStr":"r1bq1rk1/1p2bppp/p1nppn2/8/3NP3/2N1BP2/PPPQ2PP/2KR1B1R","stockfishScores":{"wn":0.5011904761904762}},{"fenStr":"r1bq1rk1/1p2bppp/p1nppn2/8/3NP1P1/2N1BP2/PPPQ3P/2KR1B1R","stockfishScores":{"bn":0.5023809523809524}},{"fenStr":"r1bq1rk1/1p2bppp/p2ppn2/8/3nP1P1/2N1BP2/PPPQ3P/2KR1B1R","stockfishScores":{"wn":0.4814880952380952}},{"fenStr":"r1bq1rk1/1p2bppp/p2ppn2/8/3BP1P1/2N2P2/PPPQ3P/2KR1B1R","stockfishScores":{"bn":0.5056547619047619}},{"fenStr":"r1bq1rk1/4bppp/p2ppn2/1p6/3BP1P1/2N2P2/PPPQ3P/2KR1B1R","stockfishScores":{"wn":0.5026785714285714}},{"fenStr":"r1bq1rk1/4bppp/p2ppn2/1p6/3BP1PP/2N2P2/PPPQ4/2KR1B1R","stockfishScores":{"bn":0.5033333333333333}},{"fenStr":"r2q1rk1/1b2bppp/p2ppn2/1p6/3BP1PP/2N2P2/PPPQ4/2KR1B1R","stockfishScores":{"wn":0.5014285714285714}},{"fenStr":"r2q1rk1/1b2bppp/p2ppn2/1p6/3BP1PP/P1N2P2/1PPQ4/2KR1B1R","stockfishScores":{"bn":0.5023809523809524}},{"fenStr":"2rq1rk1/1b2bppp/p2ppn2/1p6/3BP1PP/P1N2P2/1PPQ4/2KR1B1R","stockfishScores":{"wn":0.501547619047619}},{"fenStr":"2rq1rk1/1b2bppp/p2ppn2/1p4P1/3BP2P/P1N2P2/1PPQ4/2KR1B1R","stockfishScores":{"bn":0.5048214285714285}},{"fenStr":"2rq1rk1/1b1nbppp/p2pp3/1p4P1/3BP2P/P1N2P2/1PPQ4/2KR1B1R","stockfishScores":{"wn":0.500297619047619}},{"fenStr":"2rq1rk1/1b1nbppp/p2pp3/1p4P1/3BPP1P/P1N5/1PPQ4/2KR1B1R","stockfishScores":{"bn":0.5019047619047619}},{"fenStr":"2rq1rk1/1b2bppp/p2pp3/1pn3P1/3BPP1P/P1N5/1PPQ4/2KR1B1R","stockfishScores":{"wn":0.5045238095238095}},{"fenStr":"2rq1rk1/1b2bppp/p2pp3/1pn3P1/3BPP1P/P1N5/1PPQ2B1/2KR3R","stockfishScores":{"bn":0.5056547619047619}},{"fenStr":"2rq1rk1/1b2bppp/3pp3/ppn3P1/3BPP1P/P1N5/1PPQ2B1/2KR3R","stockfishScores":{"wn":0.5070833333333333}},{"fenStr":"2rq1rk1/1b2bppp/3pp3/ppn3P1/3BPP1P/P1N1Q3/1PP3B1/2KR3R","stockfishScores":{"bn":0.5064880952380952}},{"fenStr":"2rq1rk1/1b2bppp/3pp3/p1n3P1/1p1BPP1P/P1N1Q3/1PP3B1/2KR3R","stockfishScores":{"wn":0.500297619047619}},{"fenStr":"2rq1rk1/1b2bppp/3pp3/pNn3P1/1p1BPP1P/P3Q3/1PP3B1/2KR3R","stockfishScores":{"bn":0.5039880952380953}},{"fenStr":"2rq1rk1/1b2bppp/3pp3/pNn3P1/3BPP1P/p3Q3/1PP3B1/2KR3R","stockfishScores":{"wn":0.49476190476190474}},{"fenStr":"2rq1rk1/1b2bppp/3pp3/p1n3P1/3BPP1P/N3Q3/1PP3B1/2KR3R","stockfishScores":{"bn":0.5045238095238095}},{"fenStr":"2r2rk1/1b2bppp/1q1pp3/p1n3P1/3BPP1P/N3Q3/1PP3B1/2KR3R","stockfishScores":{"wn":0.5042261904761904}},{"fenStr":"2r2rk1/1b2bppp/1q1pp3/p1n3P1/3BPP1P/N3Q3/1PP3B1/1K1R3R","stockfishScores":{"bn":0.5036309523809523}},{"fenStr":"2rr2k1/1b2bppp/1q1pp3/p1n3P1/3BPP1P/N3Q3/1PP3B1/1K1R3R","stockfishScores":{"wn":0.5041071428571429}},{"fenStr":"2rr2k1/1b2bppp/1q1pp3/p1n3PP/3BPP2/N3Q3/1PP3B1/1K1R3R","stockfishScores":{"bn":0.5060714285714286}},{"fenStr":"2rr2k1/1b2bppp/1q1p4/p1n1p1PP/3BPP2/N3Q3/1PP3B1/1K1R3R","stockfishScores":{"wn":0.49952380952380954}},{"fenStr":"2rr2k1/1b2bppp/1q1p4/p1n1P1PP/3BP3/N3Q3/1PP3B1/1K1R3R","stockfishScores":{"bn":0.50625}},{"fenStr":"2rr2k1/1b2bppp/1q6/p1n1p1PP/3BP3/N3Q3/1PP3B1/1K1R3R","stockfishScores":{"wn":0.4963690476190476}},{"fenStr":"2rr2k1/1b2bppp/1q6/p1n1B1PP/4P3/N3Q3/1PP3B1/1K1R3R","stockfishScores":{"bn":0.50125}},{"fenStr":"2rr2k1/1b2bppp/1q6/p3B1PP/n3P3/N3Q3/1PP3B1/1K1R3R","stockfishScores":{"wn":0.49654761904761907}},{"fenStr":"2rr2k1/1b2bppp/1Q6/p3B1PP/n3P3/N7/1PP3B1/1K1R3R","stockfishScores":{"bn":0.5853571428571429}},{"fenStr":"2rr2k1/1b2bppp/1n6/p3B1PP/4P3/N7/1PP3B1/1K1R3R","stockfishScores":{"wn":0.5016666666666667}},{"fenStr":"2rR2k1/1b2bppp/1n6/p3B1PP/4P3/N7/1PP3B1/1K5R","stockfishScores":{"bn":0.5461309523809523}},{"fenStr":"3r2k1/1b2bppp/1n6/p3B1PP/4P3/N7/1PP3B1/1K5R","stockfishScores":{"wn":0.5027380952380952}},{"fenStr":"3r2k1/1b2bppp/1n6/p5PP/4PB2/N7/1PP3B1/1K5R","stockfishScores":{"bn":0.5032738095238095}},{"fenStr":"3r2k1/1b2b1pp/1n6/p4pPP/4PB2/N7/1PP3B1/1K5R","stockfishScores":{"wn":0.5075}},{"fenStr":"3r2k1/1b2b1pp/1n6/pN3pPP/4PB2/8/1PP3B1/1K5R","stockfishScores":{"bn":0.5104166666666666}},{"fenStr":"3r2k1/1b2b1pp/8/pN3pPP/2n1PB2/8/1PP3B1/1K5R","stockfishScores":{"wn":0.5088095238095238}},{"fenStr":"3r2k1/1b2b1pp/8/pN3pPP/2n1PB2/8/1PP3B1/1K2R3","stockfishScores":{"bn":0.507797619047619}},{"fenStr":"3r4/1b2bkpp/8/pN3pPP/2n1PB2/8/1PP3B1/1K2R3","stockfishScores":{"wn":0.5066666666666667}},{"fenStr":"3r4/1b2bkpp/6P1/pN3p1P/2n1PB2/8/1PP3B1/1K2R3","stockfishScores":{"bn":0.5111904761904762}},{"fenStr":"3r4/1b2bkp1/6p1/pN3p1P/2n1PB2/8/1PP3B1/1K2R3","stockfishScores":{"wn":0.49333333333333335}},{"fenStr":"3r4/1b2bkp1/6P1/pN3p2/2n1PB2/8/1PP3B1/1K2R3","stockfishScores":{"bn":0.5006547619047619}},{"fenStr":"3r1k2/1b2b1p1/6P1/pN3p2/2n1PB2/8/1PP3B1/1K2R3","stockfishScores":{"wn":0.5066666666666667}},{"fenStr":"3r1k2/1bN1b1p1/6P1/p4p2/2n1PB2/8/1PP3B1/1K2R3","stockfishScores":{"bn":0.5052380952380953}},{"fenStr":"5k2/1bNrb1p1/6P1/p4p2/2n1PB2/8/1PP3B1/1K2R3","stockfishScores":{"wn":0.505297619047619}},{"fenStr":"5k2/1bNrb1p1/6P1/p4p2/2n1PB2/8/1PP5/1K2RB2","stockfishScores":{"bn":0.5061904761904762}},{"fenStr":"5k2/1bNrb1p1/6P1/p4p2/4PB2/8/1PPn4/1K2RB2","stockfishScores":{"wn":0.5067261904761905}},{"fenStr":"5k2/1bNrb1p1/6P1/p4p2/4P3/8/1PPB4/1K2RB2","stockfishScores":{"bn":0.5279166666666667}},{"fenStr":"5k2/1bN1b1p1/6P1/p4p2/4P3/8/1PPr4/1K2RB2","stockfishScores":{"wn":0.49857142857142855}},{"fenStr":"5k2/1bN1b1p1/6P1/p4P2/8/8/1PPr4/1K2RB2","stockfishScores":{"bn":0.5119047619047619}},{"fenStr":"5k2/1bN3p1/5bP1/p4P2/8/8/1PPr4/1K2RB2","stockfishScores":{"wn":0.515}},{"fenStr":"4Rk2/1bN3p1/5bP1/p4P2/8/8/1PPr4/1K3B2","stockfishScores":{"bn":0.5059523809523809}}],"result":{"ww":true}}