{"fens":[{"fenStr":"rnbqkbnr/pppppppp/8/8/3P4/8/PPP1PPPP/RNBQKBNR","stockfishScores":{"bn":0.5048809523809524}},{"fenStr":"rnbqkb1r/pppppppp/5n2/8/3P4/8/PPP1PPPP/RNBQKBNR","stockfishScores":{"wn":0.5016071428571428}},{"fenStr":"rnbqkb1r/pppppppp/5n2/8/3P4/5N2/PPP1PPPP/RNBQKB1R","stockfishScores":{"bn":0.5051785714285715}},{"fenStr":"rnbqkb1r/pppp1ppp/4pn2/8/3P4/5N2/PPP1PPPP/RNBQKB1R","stockfishScores":{"wn":0.5017857142857143}},{"fenStr":"rnbqkb1r/pppp1ppp/4pn2/8/3P4/5N2/PPPNPPPP/R1BQKB1R","stockfishScores":{"bn":0.5023214285714286}},{"fenStr":"rnbqkb1r/pp1p1ppp/4pn2/2p5/3P4/5N2/PPPNPPPP/R1BQKB1R","stockfishScores":{"wn":0.5014285714285714}},{"fenStr":"rnbqkb1r/pp1p1ppp/4pn2/2p5/3P4/2P2N2/PP1NPPPP/R1BQKB1R","stockfishScores":{"bn":0.5029761904761905}},{"fenStr":"rnbqkb1r/p2p1ppp/1p2pn2/2p5/3P4/2P2N2/PP1NPPPP/R1BQKB1R","stockfishScores":{"wn":0.5020238095238095}},{"fenStr":"rnbqkb1r/p2p1ppp/1p2pn2/2p5/3PP3/2P2N2/PP1N1PPP/R1BQKB1R","stockfishScores":{"bn":0.5086309523809524}},{"fenStr":"rnbqkb1r/p2p1ppp/1p2pn2/8/3pP3/2P2N2/PP1N1PPP/R1BQKB1R","stockfishScores":{"wn":0.5008333333333334}},{"fenStr":"rnbqkb1r/p2p1ppp/1p2pn2/8/3PP3/5N2/PP1N1PPP/R1BQKB1R","stockfishScores":{"bn":0.5079761904761905}},{"fenStr":"rn1qkb1r/pb1p1ppp/1p2pn2/8/3PP3/5N2/PP1N1PPP/R1BQKB1R","stockfishScores":{"wn":0.5053571428571428}},{"fenStr":"rn1qkb1r/pb1p1ppp/1p2pn2/8/3PP3/3B1N2/PP1N1PPP/R1BQK2R","stockfishScores":{"bn":0.5054166666666666}},{"fenStr":"r2qkb1r/pb1p1ppp/1pn1pn2/8/3PP3/3B1N2/PP1N1PPP/R1BQK2R","stockfishScores":{"wn":0.5024404761904762}},{"fenStr":"r2qkb1r/pb1p1ppp/1pn1pn2/8/3PP3/P2B1N2/1P1N1PPP/R1BQK2R","stockfishScores":{"bn":0.5022023809523809}},{"fenStr":"r2qk2r/pb1pbppp/1pn1pn2/8/3PP3/P2B1N2/1P1N1PPP/R1BQK2R","stockfishScores":{"wn":0.5029166666666667}},{"fenStr":"r2qk2r/pb1pbppp/1pn1pn2/8/3PP3/P2B1N2/1P1N1PPP/R1BQ1RK1","stockfishScores":{"bn":0.5133928571428571}},{"fenStr":"r2qk2r/pb2bppp/1pnppn2/8/3PP3/P2B1N2/1P1N1PPP/R1BQ1RK1","stockfishScores":{"wn":0.5126190476190476}},{"fenStr":"r2qk2r/pb2bppp/1pnppn2/8/1P1PP3/P2B1N2/3N1PPP/R1BQ1RK1","stockfishScores":{"bn":0.5135714285714286}},{"fenStr":"r2q1rk1/pb2bppp/1pnppn2/8/1P1PP3/P2B1N2/3N1PPP/R1BQ1RK1","stockfishScores":{"wn":0.5028571428571429}},{"fenStr":"r2q1rk1/pb2bppp/1pnppn2/8/1P1PP3/P2B1N2/3N1PPP/R1BQR1K1","stockfishScores":{"bn":0.5021428571428571}},{"fenStr":"r2qr1k1/pb2bppp/1pnppn2/8/1P1PP3/P2B1N2/3N1PPP/R1BQR1K1","stockfishScores":{"wn":0.5030357142857143}},{"fenStr":"r2qr1k1/pb2bppp/1pnppn2/8/1P1PP3/P2B1N2/5PPP/R1BQRNK1","stockfishScores":{"bn":0.5014880952380952}},{"fenStr":"2rqr1k1/pb2bppp/1pnppn2/8/1P1PP3/P2B1N2/5PPP/R1BQRNK1","stockfishScores":{"wn":0.5010119047619047}},{"fenStr":"2rqr1k1/pb2bppp/1pnppn2/8/1P1PP3/P2B1NN1/5PPP/R1BQR1K1","stockfishScores":{"bn":0.5018452380952381}},{"fenStr":"2rqr1k1/1b2bppp/ppnppn2/8/1P1PP3/P2B1NN1/5PPP/R1BQR1K1","stockfishScores":{"wn":0.5019642857142858}},{"fenStr":"2rqr1k1/1b2bppp/ppnppn2/8/1P1PP2P/P2B1NN1/5PP1/R1BQR1K1","stockfishScores":{"bn":0.5002380952380953}},{"fenStr":"2rqr1k1/1b2bppp/p1nppn2/1p6/1P1PP2P/P2B1NN1/5PP1/R1BQR1K1","stockfishScores":{"wn":0.5001785714285715}},{"fenStr":"2rqr1k1/1b2bppp/p1nppn2/1p6/1P1PP2P/P2B1NN1/4QPP1/R1B1R1K1","stockfishScores":{"bn":0.4986904761904762}},{"fenStr":"2rqr1k1/1b1nbppp/p1npp3/1p6/1P1PP2P/P2B1NN1/4QPP1/R1B1R1K1","stockfishScores":{"wn":0.49952380952380954}},{"fenStr":"2rqr1k1/1b1nbppp/p1npp3/1p5P/1P1PP3/P2B1NN1/4QPP1/R1B1R1K1","stockfishScores":{"bn":0.4990476190476191}},{"fenStr":"2rqr1k1/1b1n1ppp/p1nppb2/1p5P/1P1PP3/P2B1NN1/4QPP1/R1B1R1K1","stockfishScores":{"wn":0.4992857142857143}},{"fenStr":"2rqr1k1/1b1n1ppp/p1nppb2/1p5P/1P1PP3/P2B1NN1/1B2QPP1/R3R1K1","stockfishScores":{"bn":0.4986309523809524}},{"fenStr":"2rqr1k1/1b1n1p1p/p1nppbp1/1p5P/1P1PP3/P2B1NN1/1B2QPP1/R3R1K1","stockfishScores":{"wn":0.5}},{"fenStr":"2rqr1k1/1b1n1p1p/p1nppbP1/1p6/1P1PP3/P2B1NN1/1B2QPP1/R3R1K1","stockfishScores":{"bn":0.5108333333333334}},{"fenStr":"2rqr1k1/1b1n1p2/p1nppbp1/1p6/1P1PP3/P2B1NN1/1B2QPP1/R3R1K1","stockfishScores":{"wn":0.49952380952380954}},{"fenStr":"2rqr1k1/1b1n1p2/p1nppbp1/1p6/1P1PP3/P2B1NN1/1B2QPP1/3RR1K1","stockfishScores":{"bn":0.4992857142857143}},{"fenStr":"2rqr1k1/1b1n1pb1/p1npp1p1/1p6/1P1PP3/P2B1NN1/1B2QPP1/3RR1K1","stockfishScores":{"wn":0.4988690476190476}},{"fenStr":"2rqr1k1/1b1n1pb1/p1npp1p1/1p6/1P1PP3/P4NN1/1B2QPP1/1B1RR1K1","stockfishScores":{"bn":0.4961904761904762}},{"fenStr":"2rqr1k1/1b3pb1/pnnpp1p1/1p6/1P1PP3/P4NN1/1B2QPP1/1B1RR1K1","stockfishScores":{"wn":0.4968452380952381}},{"fenStr":"2rqr1k1/1b3pb1/pnnpp1p1/1p2P3/1P1P4/P4NN1/1B2QPP1/1B1RR1K1","stockfishScores":{"bn":0.4992261904761905}},{"fenStr":"2rqr1k1/1b2npb1/pn1pp1p1/1p2P3/1P1P4/P4NN1/1B2QPP1/1B1RR1K1","stockfishScores":{"wn":0.4963690476190476}},{"fenStr":"2rqr1k1/1b2npb1/pn1pp1p1/1p2P3/1P1PN3/P4N2/1B2QPP1/1B1RR1K1","stockfishScores":{"bn":0.49833333333333335}},{"fenStr":"2rqr1k1/4npb1/pn1pp1p1/1p2P3/1P1Pb3/P4N2/1B2QPP1/1B1RR1K1","stockfishScores":{"wn":0.4756547619047619}},{"fenStr":"2rqr1k1/4npb1/pn1pp1p1/1p2P3/1P1PQ3/P4N2/1B3PP1/1B1RR1K1","stockfishScores":{"bn":0.5014880952380952}},{"fenStr":"2rqr1k1/5pb1/pn1pp1p1/1p1nP3/1P1PQ3/P4N2/1B3PP1/1B1RR1K1","stockfishScores":{"wn":0.49720238095238095}},{"fenStr":"2rqr1k1/5pb1/pn1pp1p1/1p1nP3/1P1P2Q1/P4N2/1B3PP1/1B1RR1K1","stockfishScores":{"bn":0.4969047619047619}},{"fenStr":"2rqr1k1/5pb1/pn1pp1p1/1p2P3/1P1P2Q1/P1n2N2/1B3PP1/1B1RR1K1","stockfishScores":{"wn":0.4992857142857143}},{"fenStr":"2rqr1k1/5pb1/pn1pp1p1/1p2P3/1P1P2Q1/P1B2N2/5PP1/1B1RR1K1","stockfishScores":{"bn":0.5245238095238095}},{"fenStr":"3qr1k1/5pb1/pn1pp1p1/1p2P3/1P1P2Q1/P1r2N2/5PP1/1B1RR1K1","stockfishScores":{"wn":0.4994047619047619}},{"fenStr":"3qr1k1/5pb1/pn1pp1p1/1p2P1N1/1P1P2Q1/P1r5/5PP1/1B1RR1K1","stockfishScores":{"bn":0.5043452380952381}},{"fenStr":"3qr1k1/5pb1/pn2p1p1/1p1pP1N1/1P1P2Q1/P1r5/5PP1/1B1RR1K1","stockfishScores":{"wn":0.5035714285714286}},{"fenStr":"3qr1k1/5pb1/pn2p1p1/1p1pP1N1/1P1P2Q1/P1r1R3/5PP1/1B1R2K1","stockfishScores":{"bn":0.5057738095238096}},{"fenStr":"3qr1k1/5pb1/pn2p1p1/1p1pP1N1/1P1P2Q1/P3r3/5PP1/1B1R2K1","stockfishScores":{"wn":0.4711904761904762}},{"fenStr":"3qr1k1/5pb1/pn2p1p1/1p1pP1N1/1P1P2Q1/P3P3/6P1/1B1R2K1","stockfishScores":{"bn":0.502797619047619}},{"fenStr":"3qr1k1/3n1pb1/p3p1p1/1p1pP1N1/1P1P2Q1/P3P3/6P1/1B1R2K1","stockfishScores":{"wn":0.504702380952381}},{"fenStr":"3qr1k1/3n1Nb1/p3p1p1/1p1pP3/1P1P2Q1/P3P3/6P1/1B1R2K1","stockfishScores":{"bn":0.5154761904761904}},{"fenStr":"3qr3/3n1kb1/p3p1p1/1p1pP3/1P1P2Q1/P3P3/6P1/1B1R2K1","stockfishScores":{"wn":0.5136904761904761}},{"fenStr":"3qr3/3n1kb1/p3p1Q1/1p1pP3/1P1P4/P3P3/6P1/1B1R2K1","stockfishScores":{"bn":0.502797619047619}},{"fenStr":"3qr1k1/3n2b1/p3p1Q1/1p1pP3/1P1P4/P3P3/6P1/1B1R2K1","stockfishScores":{"wn":0.5311309523809524}},{"fenStr":"3qr1k1/3n2bQ/p3p3/1p1pP3/1P1P4/P3P3/6P1/1B1R2K1","stockfishScores":{"bn":0.4942261904761905}},{"fenStr":"3qrk2/3n2bQ/p3p3/1p1pP3/1P1P4/P3P3/6P1/1B1R2K1","stockfishScores":{"wn":0.5066071428571428}},{"fenStr":"3qrk2/3n2bQ/p3p3/1p1pP3/1P1P4/P3P3/6P1/1B3RK1","stockfishScores":{"bn":0.5167857142857143}},{"fenStr":"3qrk2/3n3Q/p3pb2/1p1pP3/1P1P4/P3P3/6P1/1B3RK1","stockfishScores":{"wn":0.5297619047619048}},{"fenStr":"3qrk2/3n3Q/p3pbB1/1p1pP3/1P1P4/P3P3/6P1/5RK1","stockfishScores":{"bn":0.5351190476190476}},{"fenStr":"4rk2/3nq2Q/p3pbB1/1p1pP3/1P1P4/P3P3/6P1/5RK1","stockfishScores":{"wn":0.5292857142857142}},{"fenStr":"4rk1Q/3nq3/p3pbB1/1p1pP3/1P1P4/P3P3/6P1/5RK1","stockfishScores":{"bn":0.5207738095238095}}],"result":{"ww":true}}