{"fens":[{"fenStr":"rnbqkbnr/pppppppp/8/8/2P5/8/PP1PPPPP/RNBQKBNR","stockfishScores":{"bn":0.5016666666666667}},{"fenStr":"rnbqkbnr/pppppp1p/6p1/8/2P5/8/PP1PPPPP/RNBQKBNR","stockfishScores":{"wn":0.5007142857142857}},{"fenStr":"rnbqkbnr/pppppp1p/6p1/8/2P5/5N2/PP1PPPPP/RNBQKB1R","stockfishScores":{"bn":0.5039880952380953}},{"fenStr":"rnbqk1nr/ppppppbp/6p1/8/2P5/5N2/PP1PPPPP/RNBQKB1R","stockfishScores":{"wn":0.5017857142857143}},{"fenStr":"rnbqk1nr/ppppppbp/6p1/8/2P5/2N2N2/PP1PPPPP/R1BQKB1R","stockfishScores":{"bn":0.503452380952381}},{"fenStr":"rnbqk1nr/pp1pppbp/2p3p1/8/2P5/2N2N2/PP1PPPPP/R1BQKB1R","stockfishScores":{"wn":0.5025595238095238}},{"fenStr":"rnbqk1nr/pp1pppbp/2p3p1/8/2P1P3/2N2N2/PP1P1PPP/R1BQKB1R","stockfishScores":{"bn":0.504702380952381}},{"fenStr":"rnbqk1nr/pp1p1pbp/2p3p1/4p3/2P1P3/2N2N2/PP1P1PPP/R1BQKB1R","stockfishScores":{"wn":0.5072023809523809}},{"fenStr":"rnbqk1nr/pp1p1pbp/2p3p1/4p3/2PPP3/2N2N2/PP3PPP/R1BQKB1R","stockfishScores":{"bn":0.515}},{"fenStr":"rnbqk1nr/pp3pbp/2pp2p1/4p3/2PPP3/2N2N2/PP3PPP/R1BQKB1R","stockfishScores":{"wn":0.5109523809523809}},{"fenStr":"rnbqk1nr/pp3pbp/2pp2p1/4p3/2PPP3/2N2N2/PP2BPPP/R1BQK2R","stockfishScores":{"bn":0.5099404761904762}},{"fenStr":"rnbqk2r/pp2npbp/2pp2p1/4p3/2PPP3/2N2N2/PP2BPPP/R1BQK2R","stockfishScores":{"wn":0.5060119047619047}},{"fenStr":"rnbqk2r/pp2npbp/2pp2p1/4p3/2PPP3/2N2N2/PP2BPPP/R1BQ1RK1","stockfishScores":{"bn":0.5173809523809524}},{"fenStr":"rnbq1rk1/pp2npbp/2pp2p1/4p3/2PPP3/2N2N2/PP2BPPP/R1BQ1RK1","stockfishScores":{"wn":0.5085714285714286}},{"fenStr":"rnbq1rk1/pp2npbp/2pp2p1/4p3/2PPP3/2N2N2/PP2BPPP/R1BQR1K1","stockfishScores":{"bn":0.5076785714285714}},{"fenStr":"rnbq1rk1/pp2n1bp/2pp2p1/4pp2/2PPP3/2N2N2/PP2BPPP/R1BQR1K1","stockfishScores":{"wn":0.5081547619047619}},{"fenStr":"rnbq1rk1/pp2n1bp/2pp2p1/4Pp2/2P1P3/2N2N2/PP2BPPP/R1BQR1K1","stockfishScores":{"bn":0.5154166666666666}},{"fenStr":"rnbq1rk1/pp2n1bp/2p3p1/4pp2/2P1P3/2N2N2/PP2BPPP/R1BQR1K1","stockfishScores":{"wn":0.5073214285714286}},{"fenStr":"rnbq1rk1/pp2n1bp/2p3p1/4ppB1/2P1P3/2N2N2/PP2BPPP/R2QR1K1","stockfishScores":{"bn":0.5111309523809524}},{"fenStr":"rnb2rk1/ppq1n1bp/2p3p1/4ppB1/2P1P3/2N2N2/PP2BPPP/R2QR1K1","stockfishScores":{"wn":0.50875}},{"fenStr":"rnb2rk1/ppq1n1bp/2p3p1/2P1ppB1/4P3/2N2N2/PP2BPPP/R2QR1K1","stockfishScores":{"bn":0.5210119047619047}},{"fenStr":"rnbr2k1/ppq1n1bp/2p3p1/2P1ppB1/4P3/2N2N2/PP2BPPP/R2QR1K1","stockfishScores":{"wn":0.5185714285714286}},{"fenStr":"rnbr2k1/ppq1n1bp/2p3p1/2P1ppB1/4P3/1QN2N2/PP2BPPP/R3R1K1","stockfishScores":{"bn":0.5292261904761905}},{"fenStr":"rnbr3k/ppq1n1bp/2p3p1/2P1ppB1/4P3/1QN2N2/PP2BPPP/R3R1K1","stockfishScores":{"wn":0.5110119047619047}},{"fenStr":"rnbr3k/ppq1nQbp/2p3p1/2P1ppB1/4P3/2N2N2/PP2BPPP/R3R1K1","stockfishScores":{"bn":0.5116071428571428}},{"fenStr":"rnbr3k/ppq1nQbp/2p3p1/2P1p1B1/4p3/2N2N2/PP2BPPP/R3R1K1","stockfishScores":{"wn":0.5098809523809524}},{"fenStr":"rnbr3k/ppq1nQbp/2p3p1/2P1p1B1/4N3/5N2/PP2BPPP/R3R1K1","stockfishScores":{"bn":0.5198809523809523}},{"fenStr":"rnb4k/ppqrnQbp/2p3p1/2P1p1B1/4N3/5N2/PP2BPPP/R3R1K1","stockfishScores":{"wn":0.5391666666666667}},{"fenStr":"rnb4k/ppqrnQbp/2p2Bp1/2P1p3/4N3/5N2/PP2BPPP/R3R1K1","stockfishScores":{"bn":0.5661904761904761}},{"fenStr":"rnb4k/ppqrnQ1p/2p2bp1/2P1p3/4N3/5N2/PP2BPPP/R3R1K1","stockfishScores":{"wn":0.5111904761904762}},{"fenStr":"rnb4k/ppqrnQ1p/2p2Np1/2P1p3/8/5N2/PP2BPPP/R3R1K1","stockfishScores":{"bn":0.5488690476190476}},{"fenStr":"rnb4k/ppqr1Q1p/2p2Np1/2P1pn2/8/5N2/PP2BPPP/R3R1K1","stockfishScores":{"wn":0.5377380952380952}},{"fenStr":"rnb3Qk/ppqr3p/2p2Np1/2P1pn2/8/5N2/PP2BPPP/R3R1K1","stockfishScores":{"bn":0.5192261904761905}}],"result":{"ww":true}}