{"fens":[{"fenStr":"rnbqkbnr/pppppppp/8/8/4P3/8/PPPP1PPP/RNBQKBNR","stockfishScores":{"bn":0.5049404761904762}},{"fenStr":"rnbqkbnr/pppp1ppp/8/4p3/4P3/8/PPPP1PPP/RNBQKBNR","stockfishScores":{"wn":0.5005952380952381}},{"fenStr":"rnbqkbnr/pppp1ppp/8/4p3/4PP2/8/PPPP2PP/RNBQKBNR","stockfishScores":{"bn":0.500297619047619}},{"fenStr":"rnbqkbnr/pppp1ppp/8/8/4Pp2/8/PPPP2PP/RNBQKBNR","stockfishScores":{"wn":0.48678571428571427}},{"fenStr":"rnbqkbnr/pppp1ppp/8/8/4Pp2/5N2/PPPP2PP/RNBQKB1R","stockfishScores":{"bn":0.4957142857142857}},{"fenStr":"rnbqk1nr/ppppbppp/8/8/4Pp2/5N2/PPPP2PP/RNBQKB1R","stockfishScores":{"wn":0.49660714285714286}},{"fenStr":"rnbqk1nr/ppppbppp/8/8/2B1Pp2/5N2/PPPP2PP/RNBQK2R","stockfishScores":{"bn":0.4982738095238095}},{"fenStr":"rnbqk1nr/ppp1bppp/8/3p4/2B1Pp2/5N2/PPPP2PP/RNBQK2R","stockfishScores":{"wn":0.48488095238095236}},{"fenStr":"rnbqk1nr/ppp1bppp/8/3P4/2B2p2/5N2/PPPP2PP/RNBQK2R","stockfishScores":{"bn":0.5020833333333333}},{"fenStr":"rnbqk2r/ppp1bppp/5n2/3P4/2B2p2/5N2/PPPP2PP/RNBQK2R","stockfishScores":{"wn":0.49898809523809523}},{"fenStr":"rnbqk2r/ppp1bppp/5n2/3P4/2B2p2/2N2N2/PPPP2PP/R1BQK2R","stockfishScores":{"bn":0.5020833333333333}},{"fenStr":"r1bqk2r/pppnbppp/5n2/3P4/2B2p2/2N2N2/PPPP2PP/R1BQK2R","stockfishScores":{"wn":0.5004761904761905}},{"fenStr":"r1bqk2r/pppnbppp/5n2/3P4/2BP1p2/2N2N2/PPP3PP/R1BQK2R","stockfishScores":{"bn":0.5028571428571429}},{"fenStr":"r1bqk2r/ppp1bppp/1n3n2/3P4/2BP1p2/2N2N2/PPP3PP/R1BQK2R","stockfishScores":{"wn":0.4986904761904762}},{"fenStr":"r1bqk2r/ppp1bppp/1n3n2/1B1P4/3P1p2/2N2N2/PPP3PP/R1BQK2R","stockfishScores":{"bn":0.5008928571428571}},{"fenStr":"r2qk2r/pppbbppp/1n3n2/1B1P4/3P1p2/2N2N2/PPP3PP/R1BQK2R","stockfishScores":{"wn":0.5020833333333333}},{"fenStr":"r2qk2r/pppBbppp/1n3n2/3P4/3P1p2/2N2N2/PPP3PP/R1BQK2R","stockfishScores":{"bn":0.5226190476190476}},{"fenStr":"r3k2r/pppqbppp/1n3n2/3P4/3P1p2/2N2N2/PPP3PP/R1BQK2R","stockfishScores":{"wn":0.5001785714285715}},{"fenStr":"r3k2r/pppqbppp/1n3n2/3P4/3P1B2/2N2N2/PPP3PP/R2QK2R","stockfishScores":{"bn":0.5060714285714286}},{"fenStr":"r3k2r/pppqbppp/5n2/3n4/3P1B2/2N2N2/PPP3PP/R2QK2R","stockfishScores":{"wn":0.48601190476190476}},{"fenStr":"r3k2r/pppqbppp/5n2/3N4/3P1B2/5N2/PPP3PP/R2QK2R","stockfishScores":{"bn":0.5323214285714286}},{"fenStr":"r3k2r/pppqbppp/8/3n4/3P1B2/5N2/PPP3PP/R2QK2R","stockfishScores":{"wn":0.4807142857142857}},{"fenStr":"r3k2r/pppqbppp/8/3n4/3P4/5N2/PPPB2PP/R2QK2R","stockfishScores":{"bn":0.4886309523809524}},{"fenStr":"r3k2r/ppp1bppp/4q3/3n4/3P4/5N2/PPPB2PP/R2QK2R","stockfishScores":{"wn":0.4861309523809524}},{"fenStr":"r3k2r/ppp1bppp/4q3/3n4/3P4/5N2/PPPBQ1PP/R3K2R","stockfishScores":{"bn":0.49041666666666667}},{"fenStr":"r3k2r/ppp1bppp/8/3n4/3P4/5N2/PPPBq1PP/R3K2R","stockfishScores":{"wn":0.42178571428571426}},{"fenStr":"r3k2r/ppp1bppp/8/3n4/3P4/5N2/PPPBK1PP/R6R","stockfishScores":{"bn":0.503452380952381}},{"fenStr":"r3k2r/pp2bppp/8/2pn4/3P4/5N2/PPPBK1PP/R6R","stockfishScores":{"wn":0.5046428571428572}},{"fenStr":"r3k2r/pp2bppp/8/2Pn4/8/5N2/PPPBK1PP/R6R","stockfishScores":{"bn":0.5086309523809524}},{"fenStr":"r3k2r/pp3ppp/8/2bn4/8/5N2/PPPBK1PP/R6R","stockfishScores":{"wn":0.5057142857142857}},{"fenStr":"r3k2r/pp3ppp/8/2bn4/2P5/5N2/PP1BK1PP/R6R","stockfishScores":{"bn":0.5075}},{"fenStr":"r3k2r/pp3ppp/5n2/2b5/2P5/5N2/PP1BK1PP/R6R","stockfishScores":{"wn":0.5058928571428571}},{"fenStr":"r3k2r/pp3ppp/5n2/2b5/2P5/4BN2/PP2K1PP/R6R","stockfishScores":{"bn":0.5058333333333334}},{"fenStr":"r3k2r/pp3ppp/5n2/8/2P5/4bN2/PP2K1PP/R6R","stockfishScores":{"wn":0.48077380952380955}},{"fenStr":"r3k2r/pp3ppp/5n2/8/2P5/4KN2/PP4PP/R6R","stockfishScores":{"bn":0.5045238095238095}},{"fenStr":"r4rk1/pp3ppp/5n2/8/2P5/4KN2/PP4PP/R6R","stockfishScores":{"wn":0.5025}},{"fenStr":"r4rk1/pp3ppp/5n2/8/2P5/4KN2/PP4PP/R3R3","stockfishScores":{"bn":0.5027380952380952}},{"fenStr":"r4rk1/pp3ppp/8/8/2P3n1/4KN2/PP4PP/R3R3","stockfishScores":{"wn":0.5042857142857143}},{"fenStr":"r4rk1/pp3ppp/8/8/2PK2n1/5N2/PP4PP/R3R3","stockfishScores":{"bn":0.504702380952381}},{"fenStr":"2r2rk1/pp3ppp/8/8/2PK2n1/5N2/PP4PP/R3R3","stockfishScores":{"wn":0.5008333333333334}},{"fenStr":"2r2rk1/pp3ppp/8/8/2PK2n1/5N1P/PP4P1/R3R3","stockfishScores":{"bn":0.5039285714285714}},{"fenStr":"2rr2k1/pp3ppp/8/8/2PK2n1/5N1P/PP4P1/R3R3","stockfishScores":{"wn":0.5007142857142857}},{"fenStr":"2rr2k1/pp3ppp/8/8/2P3n1/2K2N1P/PP4P1/R3R3","stockfishScores":{"bn":0.5036309523809523}},{"fenStr":"2rr2k1/p4ppp/8/1p6/2P3n1/2K2N1P/PP4P1/R3R3","stockfishScores":{"wn":0.5041071428571429}},{"fenStr":"2rr2k1/p4ppp/8/1p6/2P3n1/1PK2N1P/P5P1/R3R3","stockfishScores":{"bn":0.508452380952381}},{"fenStr":"2rr2k1/p4ppp/5n2/1p6/2P5/1PK2N1P/P5P1/R3R3","stockfishScores":{"wn":0.5044047619047619}},{"fenStr":"2rr2k1/p4ppp/5n2/1p6/2P5/1PK2N1P/P5P1/3RR3","stockfishScores":{"bn":0.5059523809523809}},{"fenStr":"2rr2k1/p4ppp/8/1p1n4/2P5/1PK2N1P/P5P1/3RR3","stockfishScores":{"wn":0.5101785714285715}},{"fenStr":"2rr2k1/p4ppp/8/1p1n4/2P5/1P3N1P/PK4P1/3RR3","stockfishScores":{"bn":0.5113095238095238}},{"fenStr":"2rr2k1/p4ppp/8/3n4/2p5/1P3N1P/PK4P1/3RR3","stockfishScores":{"wn":0.49541666666666667}},{"fenStr":"2rr2k1/p4ppp/8/3n4/2P5/5N1P/PK4P1/3RR3","stockfishScores":{"bn":0.5022619047619048}},{"fenStr":"1r1r2k1/p4ppp/8/3n4/2P5/5N1P/PK4P1/3RR3","stockfishScores":{"wn":0.5063690476190477}},{"fenStr":"1r1r2k1/p4ppp/8/3n4/2P5/K4N1P/P5P1/3RR3","stockfishScores":{"bn":0.5060119047619047}},{"fenStr":"1r4k1/p4ppp/3r4/3n4/2P5/K4N1P/P5P1/3RR3","stockfishScores":{"wn":0.5046428571428572}},{"fenStr":"1r4k1/p4ppp/3r4/3P4/8/K4N1P/P5P1/3RR3","stockfishScores":{"bn":0.5273214285714286}},{"fenStr":"1r4k1/p4ppp/r7/3P4/8/K4N1P/P5P1/3RR3","stockfishScores":{"wn":0.5261904761904762}}],"result":{"bw":true}}