{"fens":[{"fenStr":"rnbqkbnr/pppppppp/8/8/3P4/8/PPP1PPPP/RNBQKBNR","stockfishScores":{"bn":0.5048809523809524}},{"fenStr":"rnbqkbnr/pp1ppppp/8/2p5/3P4/8/PPP1PPPP/RNBQKBNR","stockfishScores":{"wn":0.5050595238095238}},{"fenStr":"rnbqkbnr/pp1ppppp/8/2pP4/8/8/PPP1PPPP/RNBQKBNR","stockfishScores":{"bn":0.5049404761904762}},{"fenStr":"rnbqkbnr/pp1ppp1p/6p1/2pP4/8/8/PPP1PPPP/RNBQKBNR","stockfishScores":{"wn":0.5045833333333334}},{"fenStr":"rnbqkbnr/pp1ppp1p/6p1/2pP4/4P3/8/PPP2PPP/RNBQKBNR","stockfishScores":{"bn":0.5098214285714285}},{"fenStr":"rnbqkbnr/pp2pp1p/3p2p1/2pP4/4P3/8/PPP2PPP/RNBQKBNR","stockfishScores":{"wn":0.5059523809523809}},{"fenStr":"rnbqkbnr/pp2pp1p/3p2p1/2pP4/4P3/5N2/PPP2PPP/RNBQKB1R","stockfishScores":{"bn":0.5089285714285714}},{"fenStr":"rnbqkb1r/pp2pp1p/3p1np1/2pP4/4P3/5N2/PPP2PPP/RNBQKB1R","stockfishScores":{"wn":0.5035714285714286}},{"fenStr":"rnbqkb1r/pp2pp1p/3p1np1/2pP4/4P3/2N2N2/PPP2PPP/R1BQKB1R","stockfishScores":{"bn":0.5073214285714286}},{"fenStr":"rnbqk2r/pp2ppbp/3p1np1/2pP4/4P3/2N2N2/PPP2PPP/R1BQKB1R","stockfishScores":{"wn":0.5060714285714286}},{"fenStr":"rnbqk2r/pp2ppbp/3p1np1/2pP4/4P3/2N2N1P/PPP2PP1/R1BQKB1R","stockfishScores":{"bn":0.5088095238095238}},{"fenStr":"rnbq1rk1/pp2ppbp/3p1np1/2pP4/4P3/2N2N1P/PPP2PP1/R1BQKB1R","stockfishScores":{"wn":0.49773809523809526}},{"fenStr":"rnbq1rk1/pp2ppbp/3p1np1/2pP4/4PB2/2N2N1P/PPP2PP1/R2QKB1R","stockfishScores":{"bn":0.4963095238095238}},{"fenStr":"rnbq1rk1/p3ppbp/3p1np1/1ppP4/4PB2/2N2N1P/PPP2PP1/R2QKB1R","stockfishScores":{"wn":0.49565476190476193}},{"fenStr":"rnbq1rk1/p3ppbp/3p1np1/1BpP4/4PB2/2N2N1P/PPP2PP1/R2QK2R","stockfishScores":{"bn":0.5028571428571429}},{"fenStr":"rnbq1rk1/p3ppbp/3p2p1/1BpP4/4nB2/2N2N1P/PPP2PP1/R2QK2R","stockfishScores":{"wn":0.49279761904761904}},{"fenStr":"rnbq1rk1/p3ppbp/3p2p1/1BpP4/4NB2/5N1P/PPP2PP1/R2QK2R","stockfishScores":{"bn":0.5161904761904762}},{"fenStr":"rnb2rk1/p3ppbp/3p2p1/qBpP4/4NB2/5N1P/PPP2PP1/R2QK2R","stockfishScores":{"wn":0.5133928571428571}},{"fenStr":"rnb2rk1/p3ppbp/3p2p1/qBpP4/5B2/5N1P/PPPN1PP1/R2QK2R","stockfishScores":{"bn":0.5136309523809524}},{"fenStr":"rnb2rk1/p3ppbp/3p2p1/1qpP4/5B2/5N1P/PPPN1PP1/R2QK2R","stockfishScores":{"wn":0.48904761904761906}},{"fenStr":"rnb2rk1/p3ppbp/3p2p1/1qpP4/5B2/1P3N1P/P1PN1PP1/R2QK2R","stockfishScores":{"bn":0.4880952380952381}},{"fenStr":"rnb2rk1/p3pp1p/3p2p1/1qpP4/5B2/1Pb2N1P/P1PN1PP1/R2QK2R","stockfishScores":{"wn":0.4835714285714286}},{"fenStr":"rnb2rk1/p3pp1p/3p2p1/1qpP4/5B2/1Pb2N1P/P1PN1PP1/2RQK2R","stockfishScores":{"bn":0.4843452380952381}},{"fenStr":"rn3rk1/p3pp1p/b2p2p1/1qpP4/5B2/1Pb2N1P/P1PN1PP1/2RQK2R","stockfishScores":{"wn":0.4779761904761905}},{"fenStr":"rn3rk1/p3pp1p/b2p2p1/1qpP4/5B2/1Pb4P/P1PN1PP1/2RQK1NR","stockfishScores":{"bn":0.45166666666666666}},{"fenStr":"rn3rk1/p3pp1p/b2p2p1/2pP4/5B2/1Pb4P/P1PN1PP1/2RQKqNR","stockfishScores":{"wn":0.46690476190476193}}],"result":{"bw":true}}