{"fens":[{"fenStr":"rnbqkbnr/pppppppp/8/8/4P3/8/PPPP1PPP/RNBQKBNR","stockfishScores":{"bn":0.5049404761904762}},{"fenStr":"rnbqkbnr/pp1ppppp/8/2p5/4P3/8/PPPP1PPP/RNBQKBNR","stockfishScores":{"wn":0.5038095238095238}},{"fenStr":"rnbqkbnr/pp1ppppp/8/2p5/4P3/5N2/PPPP1PPP/RNBQKB1R","stockfishScores":{"bn":0.5058928571428571}},{"fenStr":"r1bqkbnr/pp1ppppp/2n5/2p5/4P3/5N2/PPPP1PPP/RNBQKB1R","stockfishScores":{"wn":0.5025}},{"fenStr":"r1bqkbnr/pp1ppppp/2n5/2p5/3PP3/5N2/PPP2PPP/RNBQKB1R","stockfishScores":{"bn":0.5116666666666667}},{"fenStr":"r1bqkbnr/pp1ppppp/2n5/8/3pP3/5N2/PPP2PPP/RNBQKB1R","stockfishScores":{"wn":0.4961309523809524}},{"fenStr":"r1bqkbnr/pp1ppppp/2n5/8/3NP3/8/PPP2PPP/RNBQKB1R","stockfishScores":{"bn":0.5067261904761905}},{"fenStr":"r1bqkb1r/pp1ppppp/2n2n2/8/3NP3/8/PPP2PPP/RNBQKB1R","stockfishScores":{"wn":0.5020833333333333}},{"fenStr":"r1bqkb1r/pp1ppppp/2n2n2/8/3NP3/2N5/PPP2PPP/R1BQKB1R","stockfishScores":{"bn":0.5061309523809524}},{"fenStr":"r1bqkb1r/pp1p1ppp/2n2n2/4p3/3NP3/2N5/PPP2PPP/R1BQKB1R","stockfishScores":{"wn":0.49833333333333335}},{"fenStr":"r1bqkb1r/pp1p1ppp/2n2n2/1N2p3/4P3/2N5/PPP2PPP/R1BQKB1R","stockfishScores":{"bn":0.5066071428571428}},{"fenStr":"r1bqkb1r/pp3ppp/2np1n2/1N2p3/4P3/2N5/PPP2PPP/R1BQKB1R","stockfishScores":{"wn":0.5030357142857143}},{"fenStr":"r1bqkb1r/pp3ppp/2np1n2/1N2p3/4P3/2N1B3/PPP2PPP/R2QKB1R","stockfishScores":{"bn":0.503452380952381}},{"fenStr":"r1bqk2r/pp2bppp/2np1n2/1N2p3/4P3/2N1B3/PPP2PPP/R2QKB1R","stockfishScores":{"wn":0.5038690476190476}},{"fenStr":"r1bqk2r/pp2bppp/2np1n2/1N2p3/4P3/2N1BP2/PPP3PP/R2QKB1R","stockfishScores":{"bn":0.5055952380952381}},{"fenStr":"r1bq1rk1/pp2bppp/2np1n2/1N2p3/4P3/2N1BP2/PPP3PP/R2QKB1R","stockfishScores":{"wn":0.49238095238095236}},{"fenStr":"r1bq1rk1/pp2bppp/2np1n2/1N2p3/4P3/2N1BP2/PPPQ2PP/R3KB1R","stockfishScores":{"bn":0.4919047619047619}},{"fenStr":"r1bq1rk1/1p2bppp/p1np1n2/1N2p3/4P3/2N1BP2/PPPQ2PP/R3KB1R","stockfishScores":{"wn":0.4889880952380952}},{"fenStr":"r1bq1rk1/1p2bppp/p1np1n2/4p3/4P3/N1N1BP2/PPPQ2PP/R3KB1R","stockfishScores":{"bn":0.48851190476190476}},{"fenStr":"r1bq1rk1/4bppp/p1np1n2/1p2p3/4P3/N1N1BP2/PPPQ2PP/R3KB1R","stockfishScores":{"wn":0.4847619047619048}},{"fenStr":"r1bq1rk1/4bppp/p1np1n2/1p1Np3/4P3/N3BP2/PPPQ2PP/R3KB1R","stockfishScores":{"bn":0.493452380952381}},{"fenStr":"r1bq1rk1/4bppp/p1np4/1p1np3/4P3/N3BP2/PPPQ2PP/R3KB1R","stockfishScores":{"wn":0.4549404761904762}},{"fenStr":"r1bq1rk1/4bppp/p1np4/1p1Pp3/8/N3BP2/PPPQ2PP/R3KB1R","stockfishScores":{"bn":0.4882142857142857}},{"fenStr":"r1bq1rk1/4bppp/p2p4/1p1Pp3/3n4/N3BP2/PPPQ2PP/R3KB1R","stockfishScores":{"wn":0.4832738095238095}},{"fenStr":"r1bq1rk1/4bppp/p2p4/1p1Pp3/3n4/N3BP2/PPP2QPP/R3KB1R","stockfishScores":{"bn":0.47291666666666665}},{"fenStr":"r2q1rk1/1b2bppp/p2p4/1p1Pp3/3n4/N3BP2/PPP2QPP/R3KB1R","stockfishScores":{"wn":0.46982142857142856}},{"fenStr":"r2q1rk1/1b2bppp/p2p4/1p1Pp3/3n4/N1P1BP2/PP3QPP/R3KB1R","stockfishScores":{"bn":0.48714285714285716}},{"fenStr":"r2qr1k1/1b2bppp/p2p4/1p1Pp3/3n4/N1P1BP2/PP3QPP/R3KB1R","stockfishScores":{"wn":0.4882142857142857}},{"fenStr":"r2qr1k1/1b2bppp/p2p4/1p1Pp3/3n4/N1P1BP2/PP3QPP/3RKB1R","stockfishScores":{"bn":0.4880952380952381}},{"fenStr":"r2qr1k1/1b2bppp/p2p4/1p1Ppn2/8/N1P1BP2/PP3QPP/3RKB1R","stockfishScores":{"wn":0.4789285714285714}},{"fenStr":"r2qr1k1/1b2bppp/pB1p4/1p1Ppn2/8/N1P2P2/PP3QPP/3RKB1R","stockfishScores":{"bn":0.4838095238095238}},{"fenStr":"r3r1k1/1b1qbppp/pB1p4/1p1Ppn2/8/N1P2P2/PP3QPP/3RKB1R","stockfishScores":{"wn":0.48125}},{"fenStr":"r3r1k1/1b1qbppp/pB1p4/1p1Ppn2/8/N1PB1P2/PP3QPP/3RK2R","stockfishScores":{"bn":0.48291666666666666}},{"fenStr":"r3r1k1/1b1q1ppp/pB1p4/1p1Ppn2/7b/N1PB1P2/PP3QPP/3RK2R","stockfishScores":{"wn":0.4813095238095238}},{"fenStr":"r3r1k1/1b1q1ppp/pB1p4/1p1Ppn2/7b/N1PB1PP1/PP3Q1P/3RK2R","stockfishScores":{"bn":0.4889880952380952}},{"fenStr":"r3r1k1/1b1q1ppp/pB1p4/1p1Ppnb1/8/N1PB1PP1/PP3Q1P/3RK2R","stockfishScores":{"wn":0.48119047619047617}},{"fenStr":"r3r1k1/1b1q1ppp/pB1p4/1p1Ppnb1/8/N1PB1PP1/PP3Q1P/3R1RK1","stockfishScores":{"bn":0.4957142857142857}},{"fenStr":"r3r1k1/1b1qnppp/pB1p4/1p1Pp1b1/8/N1PB1PP1/PP3Q1P/3R1RK1","stockfishScores":{"wn":0.49773809523809526}},{"fenStr":"r3r1k1/1b1qnppp/pB1p4/1p1Pp1b1/2P5/N2B1PP1/PP3Q1P/3R1RK1","stockfishScores":{"bn":0.49892857142857144}},{"fenStr":"r3r1k1/1b1qnppp/pB1p4/3Pp1b1/2p5/N2B1PP1/PP3Q1P/3R1RK1","stockfishScores":{"wn":0.4905357142857143}},{"fenStr":"r3r1k1/1b1qnppp/pB1p4/3Pp1b1/2B5/N4PP1/PP3Q1P/3R1RK1","stockfishScores":{"bn":0.4949404761904762}},{"fenStr":"r3r1k1/1b1qn1pp/pB1p4/3Pppb1/2B5/N4PP1/PP3Q1P/3R1RK1","stockfishScores":{"wn":0.49738095238095237}},{"fenStr":"r3r1k1/1b1qn1pp/pB1p4/3Pppb1/2B5/5PP1/PP3Q1P/1N1R1RK1","stockfishScores":{"bn":0.49547619047619046}},{"fenStr":"r3r1k1/1b1qn1p1/pB1p4/3Pppbp/2B5/5PP1/PP3Q1P/1N1R1RK1","stockfishScores":{"wn":0.4976785714285714}},{"fenStr":"r3r1k1/1b1qn1p1/pB1p4/3Pppbp/2B5/2N2PP1/PP3Q1P/3R1RK1","stockfishScores":{"bn":0.5005952380952381}},{"fenStr":"r3r1k1/1b1qn1p1/pB1p4/3Pppb1/2B4p/2N2PP1/PP3Q1P/3R1RK1","stockfishScores":{"wn":0.4993452380952381}},{"fenStr":"r3r1k1/1b1qn1p1/pB1p4/3Pppb1/7p/1BN2PP1/PP3Q1P/3R1RK1","stockfishScores":{"bn":0.4993452380952381}},{"fenStr":"r3r1k1/1b1q2p1/pB1p2n1/3Pppb1/7p/1BN2PP1/PP3Q1P/3R1RK1","stockfishScores":{"wn":0.5002380952380953}},{"fenStr":"r3r1k1/1b1q2p1/pB1p2n1/3Pppb1/7p/1BN2PP1/PP4QP/3R1RK1","stockfishScores":{"bn":0.4990476190476191}},{"fenStr":"r3r1k1/1b1q2p1/pB1p2n1/3Pppb1/8/1BN2Pp1/PP4QP/3R1RK1","stockfishScores":{"wn":0.48351190476190475}},{"fenStr":"r3r1k1/1b1q2p1/pB1p2n1/3Pppb1/8/1BN2PP1/PP4Q1/3R1RK1","stockfishScores":{"bn":0.49916666666666665}},{"fenStr":"r4rk1/1b1q2p1/pB1p2n1/3Pppb1/8/1BN2PP1/PP4Q1/3R1RK1","stockfishScores":{"wn":0.5001785714285715}},{"fenStr":"r4rk1/1b1q2p1/pB1p2n1/3Pppb1/8/1BN2PPQ/PP6/3R1RK1","stockfishScores":{"bn":0.5011309523809524}},{"fenStr":"r4r2/1b1q1kp1/pB1p2n1/3Pppb1/8/1BN2PPQ/PP6/3R1RK1","stockfishScores":{"wn":0.4999404761904762}},{"fenStr":"r4r2/1b1q1kp1/pB1p2n1/3Pppb1/4N3/1B3PPQ/PP6/3R1RK1","stockfishScores":{"bn":0.5095238095238095}},{"fenStr":"r4r2/1b1qbkp1/pB1p2n1/3Ppp2/4N3/1B3PPQ/PP6/3R1RK1","stockfishScores":{"wn":0.5006547619047619}},{"fenStr":"r4r2/1b1qbkp1/pB1p2n1/3Ppp2/B3N3/5PPQ/PP6/3R1RK1","stockfishScores":{"bn":0.5066666666666667}},{"fenStr":"r4r2/1b2bkp1/pB1p2n1/3Ppp2/q3N3/5PPQ/PP6/3R1RK1","stockfishScores":{"wn":0.4897619047619048}},{"fenStr":"r4r2/1b2bkp1/pB1p2n1/3PpQ2/q3N3/5PP1/PP6/3R1RK1","stockfishScores":{"bn":0.5055357142857143}},{"fenStr":"r4rk1/1b2b1p1/pB1p2n1/3PpQ2/q3N3/5PP1/PP6/3R1RK1","stockfishScores":{"wn":0.48714285714285716}},{"fenStr":"r4rk1/1b2b1p1/pB1p2Q1/3Pp3/q3N3/5PP1/PP6/3R1RK1","stockfishScores":{"bn":0.5250595238095238}},{"fenStr":"r5k1/1b2b1p1/pB1p2Q1/3Pp3/q3N3/5rP1/PP6/3R1RK1","stockfishScores":{"wn":0.5201190476190476}},{"fenStr":"r5k1/1b2b1p1/pB1p2Q1/3Pp3/q3N3/1P3rP1/P7/3R1RK1","stockfishScores":{"bn":0.5242857142857142}},{"fenStr":"r5k1/1b2b1p1/pB1p2Q1/3Pp3/q3N3/1P4P1/P7/3R1rK1","stockfishScores":{"wn":0.48678571428571427}},{"fenStr":"r5k1/1b2b1p1/pB1p2Q1/3Pp3/q3N3/1P4P1/P7/5RK1","stockfishScores":{"bn":0.5353571428571429}},{"fenStr":"r5k1/1b2b1p1/pB1p2Q1/3Pp3/1q2N3/1P4P1/P7/5RK1","stockfishScores":{"wn":0.5299404761904762}},{"fenStr":"r5k1/1b2bRp1/pB1p2Q1/3Pp3/1q2N3/1P4P1/P7/6K1","stockfishScores":{"bn":0.5486904761904762}},{"fenStr":"r5k1/1b2bRp1/pB1p2Q1/3Pp3/4N3/1P4P1/P7/4q1K1","stockfishScores":{"wn":0.5523214285714285}},{"fenStr":"r5k1/1b2bRp1/pB1p2Q1/3Pp3/4N3/1P4P1/P6K/4q3","stockfishScores":{"bn":0.5433333333333333}},{"fenStr":"r5k1/1b2bRp1/pB1p2Q1/3Pp3/4N3/1P4P1/P3q2K/8","stockfishScores":{"wn":0.5476785714285715}},{"fenStr":"r5k1/1b2bRp1/p2p2Q1/3Pp3/4N3/1P4P1/P3qB1K/8","stockfishScores":{"bn":0.5414285714285714}},{"fenStr":"r5k1/1b2bRp1/p2p2Q1/3Pp3/4q3/1P4P1/P4B1K/8","stockfishScores":{"wn":0.508095238095238}},{"fenStr":"r5k1/1b2bRQ1/p2p4/3Pp3/4q3/1P4P1/P4B1K/8","stockfishScores":{"bn":0.49214285714285716}}],"result":{"ww":true}}