{"fens":[{"fenStr":"rnbqkbnr/pppppppp/8/8/2P5/8/PP1PPPPP/RNBQKBNR","stockfishScores":{"bn":0.5016666666666667}},{"fenStr":"rnbqkbnr/ppp1pppp/3p4/8/2P5/8/PP1PPPPP/RNBQKBNR","stockfishScores":{"wn":0.4975595238095238}},{"fenStr":"rnbqkbnr/ppp1pppp/3p4/8/2P5/2N5/PP1PPPPP/R1BQKBNR","stockfishScores":{"bn":0.5008928571428571}},{"fenStr":"rnbqkbnr/ppp2ppp/3p4/4p3/2P5/2N5/PP1PPPPP/R1BQKBNR","stockfishScores":{"wn":0.498452380952381}},{"fenStr":"rnbqkbnr/ppp2ppp/3p4/4p3/2P5/2N3P1/PP1PPP1P/R1BQKBNR","stockfishScores":{"bn":0.49916666666666665}},{"fenStr":"rnbqkbnr/ppp3pp/3p4/4pp2/2P5/2N3P1/PP1PPP1P/R1BQKBNR","stockfishScores":{"wn":0.5004166666666666}},{"fenStr":"rnbqkbnr/ppp3pp/3p4/4pp2/2P5/2N3P1/PP1PPPBP/R1BQK1NR","stockfishScores":{"bn":0.5023809523809524}},{"fenStr":"rnbqkb1r/ppp3pp/3p1n2/4pp2/2P5/2N3P1/PP1PPPBP/R1BQK1NR","stockfishScores":{"wn":0.498452380952381}},{"fenStr":"rnbqkb1r/ppp3pp/3p1n2/4pp2/2P5/2N1P1P1/PP1P1PBP/R1BQK1NR","stockfishScores":{"bn":0.49952380952380954}},{"fenStr":"rnbqkb1r/ppp4p/3p1np1/4pp2/2P5/2N1P1P1/PP1P1PBP/R1BQK1NR","stockfishScores":{"wn":0.4980952380952381}},{"fenStr":"rnbqkb1r/ppp4p/3p1np1/4pp2/2PP4/2N1P1P1/PP3PBP/R1BQK1NR","stockfishScores":{"bn":0.5013690476190477}},{"fenStr":"r1bqkb1r/pppn3p/3p1np1/4pp2/2PP4/2N1P1P1/PP3PBP/R1BQK1NR","stockfishScores":{"wn":0.5002380952380953}},{"fenStr":"r1bqkb1r/pppn3p/3p1np1/4pp2/2PP4/2N1P1P1/PP2NPBP/R1BQK2R","stockfishScores":{"bn":0.5043452380952381}},{"fenStr":"r1bqkb1r/pp1n3p/2pp1np1/4pp2/2PP4/2N1P1P1/PP2NPBP/R1BQK2R","stockfishScores":{"wn":0.5029166666666667}},{"fenStr":"r1bqkb1r/pp1n3p/2pp1np1/4pp2/2PP4/1PN1P1P1/P3NPBP/R1BQK2R","stockfishScores":{"bn":0.5032738095238095}},{"fenStr":"r1b1kb1r/pp1n3p/2pp1np1/q3pp2/2PP4/1PN1P1P1/P3NPBP/R1BQK2R","stockfishScores":{"wn":0.50375}},{"fenStr":"r1b1kb1r/pp1n3p/2pp1np1/q3pp2/2PP4/1PN1P1P1/P3NPBP/R1BQ1RK1","stockfishScores":{"bn":0.516547619047619}},{"fenStr":"r1b1kb1r/pp1n3p/2pp1np1/q4p2/2PPp3/1PN1P1P1/P3NPBP/R1BQ1RK1","stockfishScores":{"wn":0.5152976190476191}},{"fenStr":"r1b1kb1r/pp1n3p/2pp1np1/q4p2/2PPp3/1PN1PPP1/P3N1BP/R1BQ1RK1","stockfishScores":{"bn":0.5136904761904761}},{"fenStr":"r1b1kb1r/pp1n3p/2pp1np1/q4p2/2PP4/1PN1PpP1/P3N1BP/R1BQ1RK1","stockfishScores":{"wn":0.49970238095238095}},{"fenStr":"r1b1kb1r/pp1n3p/2pp1np1/q4p2/2PP4/1PN1PBP1/P3N2P/R1BQ1RK1","stockfishScores":{"bn":0.5135714285714286}},{"fenStr":"r1b1k2r/pp1n2bp/2pp1np1/q4p2/2PP4/1PN1PBP1/P3N2P/R1BQ1RK1","stockfishScores":{"wn":0.5123214285714286}},{"fenStr":"r1b1k2r/pp1n2bp/2pp1np1/q4p2/2PP4/1PN1PBP1/P2BN2P/R2Q1RK1","stockfishScores":{"bn":0.5139285714285714}},{"fenStr":"r1bqk2r/pp1n2bp/2pp1np1/5p2/2PP4/1PN1PBP1/P2BN2P/R2Q1RK1","stockfishScores":{"wn":0.5120238095238095}},{"fenStr":"r1bqk2r/pp1n2bp/2pp1np1/5p2/2PP1N2/1PN1PBP1/P2B3P/R2Q1RK1","stockfishScores":{"bn":0.51375}},{"fenStr":"r1b1k2r/pp1nq1bp/2pp1np1/5p2/2PP1N2/1PN1PBP1/P2B3P/R2Q1RK1","stockfishScores":{"wn":0.5136904761904761}},{"fenStr":"r1b1k2r/pp1nq1bp/2pp1np1/5p2/2PP1N2/1PN1PBP1/P1QB3P/R4RK1","stockfishScores":{"bn":0.5133928571428571}},{"fenStr":"r1b2rk1/pp1nq1bp/2pp1np1/5p2/2PP1N2/1PN1PBP1/P1QB3P/R4RK1","stockfishScores":{"wn":0.5019642857142858}},{"fenStr":"r1b2rk1/pp1nq1bp/2pp1np1/5p2/2PP1N2/1PN1PBP1/P1QB3P/4RRK1","stockfishScores":{"bn":0.5035119047619048}},{"fenStr":"r1b2rk1/pp2q1bp/1npp1np1/5p2/2PP1N2/1PN1PBP1/P1QB3P/4RRK1","stockfishScores":{"wn":0.5047619047619047}},{"fenStr":"r1b2rk1/pp2q1bp/1npp1np1/5p2/P1PP1N2/1PN1PBP1/2QB3P/4RRK1","stockfishScores":{"bn":0.5051785714285715}},{"fenStr":"r1b2rk1/1p2q1bp/1npp1np1/p4p2/P1PP1N2/1PN1PBP1/2QB3P/4RRK1","stockfishScores":{"wn":0.504702380952381}},{"fenStr":"r1b2rk1/1p2q1bp/1npp1np1/p4p2/P1PP1N2/1PN1PBP1/2Q4P/2B1RRK1","stockfishScores":{"bn":0.5026190476190476}},{"fenStr":"r1b2rk1/1p2q1bp/1npp1n2/p4pp1/P1PP1N2/1PN1PBP1/2Q4P/2B1RRK1","stockfishScores":{"wn":0.5016666666666667}},{"fenStr":"r1b2rk1/1p2q1bp/1npp1n2/p4pp1/P1PP4/1PN1PBP1/2Q3NP/2B1RRK1","stockfishScores":{"bn":0.4992857142857143}},{"fenStr":"r1b2rk1/1p2q1bp/1np2n2/p2p1pp1/P1PP4/1PN1PBP1/2Q3NP/2B1RRK1","stockfishScores":{"wn":0.5008333333333334}},{"fenStr":"r1b2rk1/1p2q1bp/1np2n2/p2p1pp1/P1PP4/1PN1PBP1/Q5NP/2B1RRK1","stockfishScores":{"bn":0.5002380952380953}},{"fenStr":"r1b1r1k1/1p2q1bp/1np2n2/p2p1pp1/P1PP4/1PN1PBP1/Q5NP/2B1RRK1","stockfishScores":{"wn":0.49952380952380954}},{"fenStr":"r1b1r1k1/1p2q1bp/1np2n2/p2p1pp1/P1PP4/BPN1PBP1/Q5NP/4RRK1","stockfishScores":{"bn":0.5025595238095238}},{"fenStr":"r1b1r1k1/1p3qbp/1np2n2/p2p1pp1/P1PP4/BPN1PBP1/Q5NP/4RRK1","stockfishScores":{"wn":0.49892857142857144}},{"fenStr":"r1b1r1k1/1p3qbp/1np2n2/p1Pp1pp1/P2P4/BPN1PBP1/Q5NP/4RRK1","stockfishScores":{"bn":0.5016071428571428}},{"fenStr":"r1b1r1k1/1p1n1qbp/2p2n2/p1Pp1pp1/P2P4/BPN1PBP1/Q5NP/4RRK1","stockfishScores":{"wn":0.49702380952380953}},{"fenStr":"r1b1r1k1/1p1n1qbp/2p2n2/p1Pp1pp1/P2P4/BPN1P1P1/Q3B1NP/4RRK1","stockfishScores":{"bn":0.4980952380952381}},{"fenStr":"r1b1rnk1/1p3qbp/2p2n2/p1Pp1pp1/P2P4/BPN1P1P1/Q3B1NP/4RRK1","stockfishScores":{"wn":0.4974404761904762}},{"fenStr":"r1b1rnk1/1p3qbp/2p2n2/p1Pp1pp1/P2P4/BPNBP1P1/Q5NP/4RRK1","stockfishScores":{"bn":0.4976190476190476}},{"fenStr":"r1b1rnk1/1p3qbp/2p5/p1Pp1pp1/P2Pn3/BPNBP1P1/Q5NP/4RRK1","stockfishScores":{"wn":0.4948214285714286}},{"fenStr":"r1b1rnk1/1p3qbp/2p5/p1Pp1pp1/P2PN3/BP1BP1P1/Q5NP/4RRK1","stockfishScores":{"bn":0.5232738095238095}},{"fenStr":"r1b1rnk1/1p3qbp/2p5/p1P2pp1/P2Pp3/BP1BP1P1/Q5NP/4RRK1","stockfishScores":{"wn":0.4955952380952381}},{"fenStr":"r1b1rnk1/1p3qbp/2p5/p1P2pp1/P1BPp3/BP2P1P1/Q5NP/4RRK1","stockfishScores":{"bn":0.5073214285714286}},{"fenStr":"r3rnk1/1p3qbp/2p1b3/p1P2pp1/P1BPp3/BP2P1P1/Q5NP/4RRK1","stockfishScores":{"wn":0.49779761904761904}},{"fenStr":"r3rnk1/1p3qbp/2p1b3/p1P2pp1/P1BPp3/BP2P1P1/Q4RNP/4R1K1","stockfishScores":{"bn":0.4967261904761905}},{"fenStr":"r3r1k1/1p3qbp/2p1b1n1/p1P2pp1/P1BPp3/BP2P1P1/Q4RNP/4R1K1","stockfishScores":{"wn":0.49535714285714283}},{"fenStr":"r3r1k1/1p3qbp/2p1b1n1/p1P2pp1/P1BPp3/BP2P1P1/Q4RNP/5RK1","stockfishScores":{"bn":0.4967261904761905}},{"fenStr":"r3r1k1/1p2nqbp/2p1b3/p1P2pp1/P1BPp3/BP2P1P1/Q4RNP/5RK1","stockfishScores":{"wn":0.4990476190476191}},{"fenStr":"r3r1k1/1p2nqbp/2p1B3/p1P2pp1/P2Pp3/BP2P1P1/Q4RNP/5RK1","stockfishScores":{"bn":0.5316071428571428}},{"fenStr":"r3r1k1/1p2n1bp/2p1q3/p1P2pp1/P2Pp3/BP2P1P1/Q4RNP/5RK1","stockfishScores":{"wn":0.4951190476190476}},{"fenStr":"r3r1k1/1p2n1bp/2p1q3/p1P2pp1/P2Pp3/BP2P1P1/2Q2RNP/5RK1","stockfishScores":{"bn":0.4945833333333333}},{"fenStr":"r4rk1/1p2n1bp/2p1q3/p1P2pp1/P2Pp3/BP2P1P1/2Q2RNP/5RK1","stockfishScores":{"wn":0.49529761904761904}},{"fenStr":"r4rk1/1p2n1bp/2p1q3/p1P2pp1/P1QPp3/BP2P1P1/5RNP/5RK1","stockfishScores":{"bn":0.49797619047619046}},{"fenStr":"r4rk1/1p4bp/2p1q3/p1Pn1pp1/P1QPp3/BP2P1P1/5RNP/5RK1","stockfishScores":{"wn":0.49}},{"fenStr":"r4rk1/1p4bp/2p1q3/p1Pn1pp1/P1QPp3/1P2P1P1/5RNP/2B2RK1","stockfishScores":{"bn":0.48910714285714285}},{"fenStr":"r4r1k/1p4bp/2p1q3/p1Pn1pp1/P1QPp3/1P2P1P1/5RNP/2B2RK1","stockfishScores":{"wn":0.49142857142857144}},{"fenStr":"r4r1k/1p4bp/2p1q3/p1Pn1pp1/P1QPp3/1P2P1P1/5R1P/2B1NRK1","stockfishScores":{"bn":0.48892857142857143}},{"fenStr":"4rr1k/1p4bp/2p1q3/p1Pn1pp1/P1QPp3/1P2P1P1/5R1P/2B1NRK1","stockfishScores":{"wn":0.48988095238095236}},{"fenStr":"4rr1k/1p4bp/2p1q3/p1Pn1pp1/P1QPp3/1P2P1P1/2N2R1P/2B2RK1","stockfishScores":{"bn":0.49029761904761904}},{"fenStr":"4rr1k/1p5p/2p1q2b/p1Pn1pp1/P1QPp3/1P2P1P1/2N2R1P/2B2RK1","stockfishScores":{"wn":0.49279761904761904}},{"fenStr":"4rr1k/1p5p/2p1q2b/p1Pn1pp1/P1QPp3/1P2P1P1/2NB1R1P/5RK1","stockfishScores":{"bn":0.4948214285714286}},{"fenStr":"4rr1k/1p5p/2p1q2b/p1Pn2p1/P1QPpp2/1P2P1P1/2NB1R1P/5RK1","stockfishScores":{"wn":0.48857142857142855}},{"fenStr":"4rr1k/1p5p/2p1q2b/B1Pn2p1/P1QPpp2/1P2P1P1/2N2R1P/5RK1","stockfishScores":{"bn":0.4922619047619048}},{"fenStr":"4rr1k/1p5p/2p4b/B1Pn2p1/P1QPpp2/1P2P1Pq/2N2R1P/5RK1","stockfishScores":{"wn":0.4936904761904762}},{"fenStr":"4rr1k/1p5p/2p4b/2Pn2p1/P1QPpp2/1P2P1Pq/2N2R1P/4BRK1","stockfishScores":{"bn":0.4911904761904762}},{"fenStr":"4r2k/1p5p/2p4b/2Pn1rp1/P1QPpp2/1P2P1Pq/2N2R1P/4BRK1","stockfishScores":{"wn":0.49351190476190476}},{"fenStr":"4r2k/1p5p/2p4b/2Pn1rp1/P2Ppp2/1P2P1Pq/2N1QR1P/4BRK1","stockfishScores":{"bn":0.493452380952381}},{"fenStr":"7k/1p5p/2p1r2b/2Pn1rp1/P2Ppp2/1P2P1Pq/2N1QR1P/4BRK1","stockfishScores":{"wn":0.49607142857142855}},{"fenStr":"7k/1p5p/2p1r2b/2Pn1rp1/P2Ppp2/1P2P1Pq/2NBQR1P/5RK1","stockfishScores":{"bn":0.4963690476190476}},{"fenStr":"7k/1p5p/2p1r2b/2Pn1rp1/P2Pp3/1P2PpPq/2NBQR1P/5RK1","stockfishScores":{"wn":0.4866666666666667}},{"fenStr":"7k/1p5p/2p1r2b/2Pn1rp1/P2Pp3/1P2PpPq/2NB1R1P/4QRK1","stockfishScores":{"bn":0.4901190476190476}},{"fenStr":"7k/1p4bp/2p1r3/2Pn1rp1/P2Pp3/1P2PpPq/2NB1R1P/4QRK1","stockfishScores":{"wn":0.4898214285714286}},{"fenStr":"7k/1p4bp/2p1r3/2Pn1rp1/PN1Pp3/1P2PpPq/3B1R1P/4QRK1","stockfishScores":{"bn":0.48755952380952383}},{"fenStr":"7k/1p4bp/2p1rn2/2P2rp1/PN1Pp3/1P2PpPq/3B1R1P/4QRK1","stockfishScores":{"wn":0.49107142857142855}},{"fenStr":"7k/1p4bp/2p1rn2/2P2rp1/PN1Pp3/1PB1PpPq/5R1P/4QRK1","stockfishScores":{"bn":0.49125}},{"fenStr":"7k/1p4bp/2p1r3/2P2rp1/PN1Pp1n1/1PB1PpPq/5R1P/4QRK1","stockfishScores":{"wn":0.48333333333333334}},{"fenStr":"7k/1p4bp/2p1r3/2P2rp1/PN1Pp1n1/1PB1PpPq/3Q1R1P/5RK1","stockfishScores":{"bn":0.4832738095238095}},{"fenStr":"7k/1p4bp/2p4r/2P2rp1/PN1Pp1n1/1PB1PpPq/3Q1R1P/5RK1","stockfishScores":{"wn":0.4729761904761905}},{"fenStr":"7k/1p4bp/2p4r/2PP1rp1/PN2p1n1/1PB1PpPq/3Q1R1P/5RK1","stockfishScores":{"bn":0.4766666666666667}},{"fenStr":"7k/1p5p/2p4r/2PP1rp1/PN2p1n1/1Pb1PpPq/3Q1R1P/5RK1","stockfishScores":{"wn":0.4436309523809524}},{"fenStr":"7k/1p5p/2p4r/2PP1rp1/PN2p1n1/1PQ1PpPq/5R1P/5RK1","stockfishScores":{"bn":0.4888690476190476}},{"fenStr":"6k1/1p5p/2p4r/2PP1rp1/PN2p1n1/1PQ1PpPq/5R1P/5RK1","stockfishScores":{"wn":0.48279761904761903}},{"fenStr":"6k1/1p5p/2p4r/2PP1rp1/PN2p1n1/1P2PpPq/3Q1R1P/5RK1","stockfishScores":{"bn":0.4786309523809524}},{"fenStr":"6k1/1p5p/2p2r1r/2PP2p1/PN2p1n1/1P2PpPq/3Q1R1P/5RK1","stockfishScores":{"wn":0.48095238095238096}},{"fenStr":"6k1/1p5p/2P2r1r/2P3p1/PN2p1n1/1P2PpPq/3Q1R1P/5RK1","stockfishScores":{"bn":0.4926190476190476}},{"fenStr":"6k1/7p/2p2r1r/2P3p1/PN2p1n1/1P2PpPq/3Q1R1P/5RK1","stockfishScores":{"wn":0.47964285714285715}},{"fenStr":"3Q2k1/7p/2p2r1r/2P3p1/PN2p1n1/1P2PpPq/5R1P/5RK1","stockfishScores":{"bn":0.4818452380952381}},{"fenStr":"3Q1rk1/7p/2p4r/2P3p1/PN2p1n1/1P2PpPq/5R1P/5RK1","stockfishScores":{"wn":0.4907738095238095}},{"fenStr":"5rk1/7p/2p4r/2P3Q1/PN2p1n1/1P2PpPq/5R1P/5RK1","stockfishScores":{"bn":0.48178571428571426}},{"fenStr":"5rk1/7p/2p3r1/2P3Q1/PN2p1n1/1P2PpPq/5R1P/5RK1","stockfishScores":{"wn":0.4895833333333333}},{"fenStr":"5rk1/4Q2p/2p3r1/2P5/PN2p1n1/1P2PpPq/5R1P/5RK1","stockfishScores":{"bn":0.4920833333333333}},{"fenStr":"5rk1/4Q2p/2p3r1/2P5/PN2p3/1P2PpPq/5R1n/5RK1","stockfishScores":{"wn":0.43875000000000003}},{"fenStr":"5rk1/4Q2p/2p3r1/2P5/PN2p3/1P2PpPq/7R/5RK1","stockfishScores":{"bn":0.4795238095238095}},{"fenStr":"5rk1/4Q2p/2p5/2P5/PN2p3/1P2Pprq/7R/5RK1","stockfishScores":{"wn":0.5119047619047619}},{"fenStr":"5rk1/4Q2p/2p5/2P5/PN2p3/1P2Pprq/5K1R/5R2","stockfishScores":{"bn":0.48238095238095235}},{"fenStr":"5rk1/4Q2p/2p5/2P5/PN2p3/1P2Ppr1/5K1q/5R2","stockfishScores":{"wn":0.4345833333333333}},{"fenStr":"5rk1/4Q2p/2p5/2P5/PN2p3/1P2Ppr1/7q/4KR2","stockfishScores":{"bn":0.464702380952381}},{"fenStr":"5rk1/4Q2p/2p5/2P5/PN2p3/1P2Ppr1/4q3/4KR2","stockfishScores":{"wn":0.4675595238095238}}],"result":{"bw":true}}