{"fens":[{"fenStr":"rnbqkbnr/pppppppp/8/8/3P4/8/PPP1PPPP/RNBQKBNR","stockfishScores":{"bn":0.5048809523809524}},{"fenStr":"rnbqkb1r/pppppppp/5n2/8/3P4/8/PPP1PPPP/RNBQKBNR","stockfishScores":{"wn":0.5016071428571428}},{"fenStr":"rnbqkb1r/pppppppp/5n2/8/3P4/5N2/PPP1PPPP/RNBQKB1R","stockfishScores":{"bn":0.5051785714285715}},{"fenStr":"rnbqkb1r/ppp1pppp/5n2/3p4/3P4/5N2/PPP1PPPP/RNBQKB1R","stockfishScores":{"wn":0.5005952380952381}},{"fenStr":"rnbqkb1r/ppp1pppp/5n2/3p4/3P1B2/5N2/PPP1PPPP/RN1QKB1R","stockfishScores":{"bn":0.5006547619047619}},{"fenStr":"rnbqkb1r/pp2pppp/5n2/2pp4/3P1B2/5N2/PPP1PPPP/RN1QKB1R","stockfishScores":{"wn":0.501547619047619}},{"fenStr":"rnbqkb1r/pp2pppp/5n2/2pp4/3P1B2/4PN2/PPP2PPP/RN1QKB1R","stockfishScores":{"bn":0.5064285714285715}},{"fenStr":"r1bqkb1r/pp2pppp/2n2n2/2pp4/3P1B2/4PN2/PPP2PPP/RN1QKB1R","stockfishScores":{"wn":0.5006547619047619}},{"fenStr":"r1bqkb1r/pp2pppp/2n2n2/2pp4/3P1B2/2P1PN2/PP3PPP/RN1QKB1R","stockfishScores":{"bn":0.5020833333333333}},{"fenStr":"r1b1kb1r/pp2pppp/1qn2n2/2pp4/3P1B2/2P1PN2/PP3PPP/RN1QKB1R","stockfishScores":{"wn":0.4994047619047619}},{"fenStr":"r1b1kb1r/pp2pppp/1qn2n2/2pp4/3P1B2/1QP1PN2/PP3PPP/RN2KB1R","stockfishScores":{"bn":0.49851190476190477}},{"fenStr":"r1b1kb1r/pp2pppp/2n2n2/2pp4/3P1B2/1qP1PN2/PP3PPP/RN2KB1R","stockfishScores":{"wn":0.4217261904761905}},{"fenStr":"r1b1kb1r/pp2pppp/2n2n2/2pp4/3P1B2/1PP1PN2/1P3PPP/RN2KB1R","stockfishScores":{"bn":0.5030357142857143}},{"fenStr":"r1b1kb1r/pp2pppp/2n2n2/3p4/3p1B2/1PP1PN2/1P3PPP/RN2KB1R","stockfishScores":{"wn":0.4969642857142857}},{"fenStr":"r1b1kb1r/pp2pppp/2n2n2/3p4/3P1B2/1PP2N2/1P3PPP/RN2KB1R","stockfishScores":{"bn":0.5022023809523809}},{"fenStr":"r1b1kb1r/1p2pppp/p1n2n2/3p4/3P1B2/1PP2N2/1P3PPP/RN2KB1R","stockfishScores":{"wn":0.5016071428571428}},{"fenStr":"r1b1kb1r/1p2pppp/p1n2n2/3p4/1P1P1B2/2P2N2/1P3PPP/RN2KB1R","stockfishScores":{"bn":0.5016666666666667}},{"fenStr":"r1b1kb1r/np2pppp/p4n2/3p4/1P1P1B2/2P2N2/1P3PPP/RN2KB1R","stockfishScores":{"wn":0.5047619047619047}},{"fenStr":"r1b1kb1r/np2pppp/p4n2/1P1p4/3P1B2/2P2N2/1P3PPP/RN2KB1R","stockfishScores":{"bn":0.5047619047619047}},{"fenStr":"r1b1kb1r/np2pppp/5n2/1p1p4/3P1B2/2P2N2/1P3PPP/RN2KB1R","stockfishScores":{"wn":0.5016666666666667}},{"fenStr":"r1b1kb1r/np2pppp/5n2/1B1p4/3P1B2/2P2N2/1P3PPP/RN2K2R","stockfishScores":{"bn":0.5035714285714286}},{"fenStr":"r3kb1r/np1bpppp/5n2/1B1p4/3P1B2/2P2N2/1P3PPP/RN2K2R","stockfishScores":{"wn":0.5058333333333334}},{"fenStr":"r3kb1r/np1Bpppp/5n2/3p4/3P1B2/2P2N2/1P3PPP/RN2K2R","stockfishScores":{"bn":0.528154761904762}},{"fenStr":"r3kb1r/np1npppp/8/3p4/3P1B2/2P2N2/1P3PPP/RN2K2R","stockfishScores":{"wn":0.5055357142857143}},{"fenStr":"r3kb1r/np1npppp/8/3p4/3P1B2/2P2N2/1P2KPPP/RN5R","stockfishScores":{"bn":0.5088095238095238}},{"fenStr":"r3kb1r/np2pppp/1n6/3p4/3P1B2/2P2N2/1P2KPPP/RN5R","stockfishScores":{"wn":0.5105952380952381}},{"fenStr":"r3kb1r/np2pppp/1n6/3p4/3P1B2/2P2N2/1P1NKPPP/R6R","stockfishScores":{"bn":0.5139285714285714}},{"fenStr":"r3kb1r/np3ppp/1n2p3/3p4/3P1B2/2P2N2/1P1NKPPP/R6R","stockfishScores":{"wn":0.5129166666666667}},{"fenStr":"r3kb1r/np3ppp/1n2p3/3p4/3P1B2/2P2N2/RP1NKPPP/7R","stockfishScores":{"bn":0.5098809523809524}},{"fenStr":"r1n1kb1r/1p3ppp/1n2p3/3p4/3P1B2/2P2N2/RP1NKPPP/7R","stockfishScores":{"wn":0.5053571428571428}},{"fenStr":"R1n1kb1r/1p3ppp/1n2p3/3p4/3P1B2/2P2N2/1P1NKPPP/7R","stockfishScores":{"bn":0.5464880952380953}},{"fenStr":"n1n1kb1r/1p3ppp/4p3/3p4/3P1B2/2P2N2/1P1NKPPP/7R","stockfishScores":{"wn":0.5119047619047619}},{"fenStr":"n1n1kb1r/1p3ppp/4p3/3p4/3P1B2/2P2N2/1P1NKPPP/R7","stockfishScores":{"bn":0.5155952380952381}},{"fenStr":"2n1kb1r/1p3ppp/1n2p3/3p4/3P1B2/2P2N2/1P1NKPPP/R7","stockfishScores":{"wn":0.5096428571428572}},{"fenStr":"2n1kb1r/1pB2ppp/1n2p3/3p4/3P4/2P2N2/1P1NKPPP/R7","stockfishScores":{"bn":0.5092857142857143}},{"fenStr":"2n1k2r/1pB2ppp/1n1bp3/3p4/3P4/2P2N2/1P1NKPPP/R7","stockfishScores":{"wn":0.5051190476190476}},{"fenStr":"2n1k2r/1p3ppp/1B1bp3/3p4/3P4/2P2N2/1P1NKPPP/R7","stockfishScores":{"bn":0.5282142857142857}},{"fenStr":"4k2r/1p3ppp/1n1bp3/3p4/3P4/2P2N2/1P1NKPPP/R7","stockfishScores":{"wn":0.5059523809523809}},{"fenStr":"4k2r/Rp3ppp/1n1bp3/3p4/3P4/2P2N2/1P1NKPPP/8","stockfishScores":{"bn":0.5079761904761905}},{"fenStr":"4k2r/Rp4pp/1n1bpp2/3p4/3P4/2P2N2/1P1NKPPP/8","stockfishScores":{"wn":0.5085714285714286}},{"fenStr":"4k2r/1R4pp/1n1bpp2/3p4/3P4/2P2N2/1P1NKPPP/8","stockfishScores":{"bn":0.5170238095238096}},{"fenStr":"4k2r/1R1n2pp/3bpp2/3p4/3P4/2P2N2/1P1NKPPP/8","stockfishScores":{"wn":0.5146428571428572}},{"fenStr":"4k2r/1R1n2pp/3bpp2/3p4/3P4/1PP2N2/3NKPPP/8","stockfishScores":{"bn":0.512797619047619}},{"fenStr":"3k3r/1R1n2pp/3bpp2/3p4/3P4/1PP2N2/3NKPPP/8","stockfishScores":{"wn":0.5127380952380952}},{"fenStr":"3k3r/1R1n2pp/3bpp2/3p4/2PP4/1P3N2/3NKPPP/8","stockfishScores":{"bn":0.51375}},{"fenStr":"3k3r/1R1n2pp/3bpp2/8/2pP4/1P3N2/3NKPPP/8","stockfishScores":{"wn":0.5014285714285714}},{"fenStr":"3k3r/1R1n2pp/3bpp2/8/2PP4/5N2/3NKPPP/8","stockfishScores":{"bn":0.5154166666666666}},{"fenStr":"2k4r/1R1n2pp/3bpp2/8/2PP4/5N2/3NKPPP/8","stockfishScores":{"wn":0.5135714285714286}},{"fenStr":"2k4r/R2n2pp/3bpp2/8/2PP4/5N2/3NKPPP/8","stockfishScores":{"bn":0.5155952380952381}},{"fenStr":"1bk4r/R2n2pp/4pp2/8/2PP4/5N2/3NKPPP/8","stockfishScores":{"wn":0.5125}},{"fenStr":"1bk4r/3n2pp/R3pp2/8/2PP4/5N2/3NKPPP/8","stockfishScores":{"bn":0.5163690476190477}},{"fenStr":"1bk1r3/3n2pp/R3pp2/8/2PP4/5N2/3NKPPP/8","stockfishScores":{"wn":0.5159523809523809}},{"fenStr":"1bk1r3/3n2pp/R3pp2/8/2PPN3/5N2/4KPPP/8","stockfishScores":{"bn":0.5163690476190477}},{"fenStr":"1bk5/3nr1pp/R3pp2/8/2PPN3/5N2/4KPPP/8","stockfishScores":{"wn":0.5183333333333333}},{"fenStr":"1bk5/3nr1pp/R3pp2/8/2PPN3/8/3NKPPP/8","stockfishScores":{"bn":0.5163690476190477}},{"fenStr":"1b6/1k1nr1pp/R3pp2/8/2PPN3/8/3NKPPP/8","stockfishScores":{"wn":0.5125}},{"fenStr":"1b6/1k1nr1pp/4pp2/R7/2PPN3/8/3NKPPP/8","stockfishScores":{"bn":0.5120238095238095}},{"fenStr":"8/1kbnr1pp/4pp2/R7/2PPN3/8/3NKPPP/8","stockfishScores":{"wn":0.5076785714285714}},{"fenStr":"8/1kbnr1pp/4pp2/1R6/2PPN3/8/3NKPPP/8","stockfishScores":{"bn":0.5122023809523809}},{"fenStr":"8/2bnr1pp/2k1pp2/1R6/2PPN3/8/3NKPPP/8","stockfishScores":{"wn":0.5121428571428571}},{"fenStr":"8/2bnr1pp/2k1pp2/1R6/2PPN3/1N6/4KPPP/8","stockfishScores":{"bn":0.5141071428571429}},{"fenStr":"8/2bnr1pp/2k1p3/1R3p2/2PPN3/1N6/4KPPP/8","stockfishScores":{"wn":0.51375}},{"fenStr":"8/2bnr1pp/2k1p3/1R1P1p2/2P1N3/1N6/4KPPP/8","stockfishScores":{"bn":0.5196428571428572}},{"fenStr":"8/2bnr1pp/2k5/1R1p1p2/2P1N3/1N6/4KPPP/8","stockfishScores":{"wn":0.4939880952380952}},{"fenStr":"8/2bnr1pp/2k5/1R1p1p2/2PNN3/8/4KPPP/8","stockfishScores":{"bn":0.4957142857142857}}],"result":{"ww":true}}