{"fens":[{"fenStr":"rnbqkbnr/pppppppp/8/8/3P4/8/PPP1PPPP/RNBQKBNR","stockfishScores":{"bn":0.5048809523809524}},{"fenStr":"rnbqkb1r/pppppppp/5n2/8/3P4/8/PPP1PPPP/RNBQKBNR","stockfishScores":{"wn":0.5016071428571428}},{"fenStr":"rnbqkb1r/pppppppp/5n2/8/2PP4/8/PP2PPPP/RNBQKBNR","stockfishScores":{"bn":0.5041071428571429}},{"fenStr":"rnbqkb1r/pppppp1p/5np1/8/2PP4/8/PP2PPPP/RNBQKBNR","stockfishScores":{"wn":0.5035119047619048}},{"fenStr":"rnbqkb1r/pppppp1p/5np1/8/2PP4/2N5/PP2PPPP/R1BQKBNR","stockfishScores":{"bn":0.5066666666666667}},{"fenStr":"rnbqkb1r/ppp1pp1p/5np1/3p4/2PP4/2N5/PP2PPPP/R1BQKBNR","stockfishScores":{"wn":0.49952380952380954}},{"fenStr":"rnbqkb1r/ppp1pp1p/5np1/3p4/2PP4/2N2N2/PP2PPPP/R1BQKB1R","stockfishScores":{"bn":0.502797619047619}},{"fenStr":"rnbqk2r/ppp1ppbp/5np1/3p4/2PP4/2N2N2/PP2PPPP/R1BQKB1R","stockfishScores":{"wn":0.5016666666666667}},{"fenStr":"rnbqk2r/ppp1ppbp/5np1/3p4/2PP4/1QN2N2/PP2PPPP/R1B1KB1R","stockfishScores":{"bn":0.5026785714285714}},{"fenStr":"rnbqk2r/ppp1ppbp/5np1/8/2pP4/1QN2N2/PP2PPPP/R1B1KB1R","stockfishScores":{"wn":0.4980357142857143}},{"fenStr":"rnbqk2r/ppp1ppbp/5np1/8/2QP4/2N2N2/PP2PPPP/R1B1KB1R","stockfishScores":{"bn":0.5088690476190476}},{"fenStr":"rnbq1rk1/ppp1ppbp/5np1/8/2QP4/2N2N2/PP2PPPP/R1B1KB1R","stockfishScores":{"wn":0.49220238095238095}},{"fenStr":"rnbq1rk1/ppp1ppbp/5np1/8/2QPP3/2N2N2/PP3PPP/R1B1KB1R","stockfishScores":{"bn":0.49898809523809523}},{"fenStr":"rn1q1rk1/ppp1ppbp/5np1/8/2QPP1b1/2N2N2/PP3PPP/R1B1KB1R","stockfishScores":{"wn":0.49797619047619046}},{"fenStr":"rn1q1rk1/ppp1ppbp/5np1/8/2QPP1b1/2N1BN2/PP3PPP/R3KB1R","stockfishScores":{"bn":0.4982142857142857}},{"fenStr":"rn1q1rk1/pppnppbp/6p1/8/2QPP1b1/2N1BN2/PP3PPP/R3KB1R","stockfishScores":{"wn":0.4982142857142857}},{"fenStr":"rn1q1rk1/pppnppbp/6p1/8/2QPP1b1/2N1BN2/PP3PPP/3RKB1R","stockfishScores":{"bn":0.498452380952381}},{"fenStr":"r2q1rk1/pppnppbp/2n3p1/8/2QPP1b1/2N1BN2/PP3PPP/3RKB1R","stockfishScores":{"wn":0.49583333333333335}},{"fenStr":"r2q1rk1/pppnppbp/2n3p1/8/2QPP1b1/2N1BN2/PP2BPPP/3RK2R","stockfishScores":{"bn":0.49535714285714283}},{"fenStr":"r2q1rk1/ppp1ppbp/1nn3p1/8/2QPP1b1/2N1BN2/PP2BPPP/3RK2R","stockfishScores":{"wn":0.49601190476190476}},{"fenStr":"r2q1rk1/ppp1ppbp/1nn3p1/8/3PP1b1/2NQBN2/PP2BPPP/3RK2R","stockfishScores":{"bn":0.49702380952380953}},{"fenStr":"r2q1rk1/ppp1ppbp/1nn3p1/8/3PP3/2NQBb2/PP2BPPP/3RK2R","stockfishScores":{"wn":0.4726190476190476}},{"fenStr":"r2q1rk1/ppp1ppbp/1nn3p1/8/3PP3/2NQBB2/PP3PPP/3RK2R","stockfishScores":{"bn":0.49797619047619046}},{"fenStr":"r2q1rk1/ppp2pbp/1nn3p1/4p3/3PP3/2NQBB2/PP3PPP/3RK2R","stockfishScores":{"wn":0.49488095238095237}},{"fenStr":"r2q1rk1/ppp2pbp/1nn3p1/3Pp3/4P3/2NQBB2/PP3PPP/3RK2R","stockfishScores":{"bn":0.5019047619047619}},{"fenStr":"r2q1rk1/ppp2pbp/1n4p1/3Pp3/3nP3/2NQBB2/PP3PPP/3RK2R","stockfishScores":{"wn":0.4932142857142857}},{"fenStr":"r2q1rk1/ppp2pbp/1n4p1/3Pp3/3BP3/2NQ1B2/PP3PPP/3RK2R","stockfishScores":{"bn":0.5195833333333333}},{"fenStr":"r2q1rk1/ppp2pbp/1n4p1/3P4/3pP3/2NQ1B2/PP3PPP/3RK2R","stockfishScores":{"wn":0.4880952380952381}},{"fenStr":"r2q1rk1/ppp2pbp/1n4p1/3P4/3pP3/3Q1B2/PP2NPPP/3RK2R","stockfishScores":{"bn":0.49083333333333334}},{"fenStr":"r2q1rk1/pp3pbp/1n4p1/2pP4/3pP3/3Q1B2/PP2NPPP/3RK2R","stockfishScores":{"wn":0.4876190476190476}},{"fenStr":"r2q1rk1/pp3pbp/1nP3p1/8/3pP3/3Q1B2/PP2NPPP/3RK2R","stockfishScores":{"bn":0.5007142857142857}},{"fenStr":"r2q1rk1/p4pbp/1np3p1/8/3pP3/3Q1B2/PP2NPPP/3RK2R","stockfishScores":{"wn":0.4903571428571429}},{"fenStr":"r2q1rk1/p4pbp/1np3p1/8/3pP3/3Q1B2/PP2NPPP/3R1RK1","stockfishScores":{"bn":0.5007738095238096}},{"fenStr":"r2q1rk1/p4pbp/1n4p1/2p5/3pP3/3Q1B2/PP2NPPP/3R1RK1","stockfishScores":{"wn":0.4967261904761905}},{"fenStr":"r2q1rk1/p4pbp/1n4p1/2p5/3pP3/1P1Q1B2/P3NPPP/3R1RK1","stockfishScores":{"bn":0.4982738095238095}},{"fenStr":"r2q1rk1/p2n1pbp/6p1/2p5/3pP3/1P1Q1B2/P3NPPP/3R1RK1","stockfishScores":{"wn":0.4963095238095238}},{"fenStr":"r2q1rk1/p2n1pbp/6p1/2p5/3pP3/1P3B2/P1Q1NPPP/3R1RK1","stockfishScores":{"bn":0.49583333333333335}},{"fenStr":"r2q1rk1/p4pbp/6p1/2p1n3/3pP3/1P3B2/P1Q1NPPP/3R1RK1","stockfishScores":{"wn":0.4918452380952381}},{"fenStr":"r2q1rk1/p4pbp/6p1/2p1n3/3pP3/1P3BN1/P1Q2PPP/3R1RK1","stockfishScores":{"bn":0.4919047619047619}},{"fenStr":"r2q1rk1/p4pb1/6p1/2p1n2p/3pP3/1P3BN1/P1Q2PPP/3R1RK1","stockfishScores":{"wn":0.4913095238095238}},{"fenStr":"r2q1rk1/p4pb1/6p1/2p1n2p/3pP3/1P4N1/P1Q1BPPP/3R1RK1","stockfishScores":{"bn":0.49464285714285716}},{"fenStr":"r2q1rk1/p4pb1/6p1/2p1n3/3pP2p/1P4N1/P1Q1BPPP/3R1RK1","stockfishScores":{"wn":0.49297619047619046}},{"fenStr":"r2q1rk1/p4pb1/6p1/2p1n3/3pP2p/1P6/P1Q1BPPP/3R1RKN","stockfishScores":{"bn":0.4905952380952381}},{"fenStr":"r4rk1/p4pb1/1q4p1/2p1n3/3pP2p/1P6/P1Q1BPPP/3R1RKN","stockfishScores":{"wn":0.4893452380952381}},{"fenStr":"r4rk1/p4pb1/1q4p1/2p1n3/3pP2p/1P1B4/P1Q2PPP/3R1RKN","stockfishScores":{"bn":0.49}},{"fenStr":"r1r3k1/p4pb1/1q4p1/2p1n3/3pP2p/1P1B4/P1Q2PPP/3R1RKN","stockfishScores":{"wn":0.4874404761904762}},{"fenStr":"r1r3k1/p4pb1/1q4p1/2p1n3/3pP2p/1P1B4/P3QPPP/3R1RKN","stockfishScores":{"bn":0.48964285714285716}},{"fenStr":"r1r3k1/p4pb1/4q1p1/2p1n3/3pP2p/1P1B4/P3QPPP/3R1RKN","stockfishScores":{"wn":0.4911904761904762}},{"fenStr":"r1r3k1/p4pb1/4q1p1/2p1n3/3pP2p/1P1B4/P3QPPP/2R2RKN","stockfishScores":{"bn":0.4899404761904762}},{"fenStr":"r1r3k1/p4pb1/4q3/2p1n1p1/3pP2p/1P1B4/P3QPPP/2R2RKN","stockfishScores":{"wn":0.4905952380952381}},{"fenStr":"r1r3k1/p4pb1/4q3/2p1n1p1/3pP2p/1P1B1P2/P3Q1PP/2R2RKN","stockfishScores":{"bn":0.49023809523809525}},{"fenStr":"r1r3k1/5pb1/4q3/p1p1n1p1/3pP2p/1P1B1P2/P3Q1PP/2R2RKN","stockfishScores":{"wn":0.4901190476190476}},{"fenStr":"r1r3k1/5pb1/4q3/p1p1n1p1/2BpP2p/1P3P2/P3Q1PP/2R2RKN","stockfishScores":{"bn":0.4898214285714286}},{"fenStr":"r1r3k1/5pb1/3q4/p1p1n1p1/2BpP2p/1P3P2/P3Q1PP/2R2RKN","stockfishScores":{"wn":0.4872619047619048}},{"fenStr":"r1r3k1/5pb1/3q4/p1pBn1p1/3pP2p/1P3P2/P3Q1PP/2R2RKN","stockfishScores":{"bn":0.49023809523809525}},{"fenStr":"1rr3k1/5pb1/3q4/p1pBn1p1/3pP2p/1P3P2/P3Q1PP/2R2RKN","stockfishScores":{"wn":0.4888095238095238}},{"fenStr":"1rr3k1/5pb1/3q4/p1pBn1p1/3pP2p/1P3P2/P3QNPP/2R2RK1","stockfishScores":{"bn":0.4939880952380952}},{"fenStr":"1rr3k1/5pb1/3q4/2pBn1p1/p2pP2p/1P3P2/P3QNPP/2R2RK1","stockfishScores":{"wn":0.4961904761904762}},{"fenStr":"1rr3k1/5pb1/3q4/2pBn1p1/p2pP2p/1P1N1P2/P3Q1PP/2R2RK1","stockfishScores":{"bn":0.49875}},{"fenStr":"1rr3k1/5pb1/3q4/2pBn1p1/3pP2p/1p1N1P2/P3Q1PP/2R2RK1","stockfishScores":{"wn":0.4820833333333333}},{"fenStr":"1rr3k1/5pb1/3q4/2pBn1p1/3pP2p/1P1N1P2/4Q1PP/2R2RK1","stockfishScores":{"bn":0.49625}},{"fenStr":"1rr3k1/5pb1/3q4/2pB2p1/3pP2p/1P1n1P2/4Q1PP/2R2RK1","stockfishScores":{"wn":0.46708333333333335}},{"fenStr":"1rr3k1/5pb1/3q4/2pB2p1/3pP2p/1P1Q1P2/6PP/2R2RK1","stockfishScores":{"bn":0.49714285714285716}},{"fenStr":"1rr3k1/5p2/3q4/2pBb1p1/3pP2p/1P1Q1P2/6PP/2R2RK1","stockfishScores":{"wn":0.4961904761904762}},{"fenStr":"1rr3k1/5p2/3q4/2pBb1p1/3pP2p/1P1Q1P1P/6P1/2R2RK1","stockfishScores":{"bn":0.49470238095238095}},{"fenStr":"1rr3k1/5p2/3q4/2pB2p1/3pPb1p/1P1Q1P1P/6P1/2R2RK1","stockfishScores":{"wn":0.4919642857142857}},{"fenStr":"1rr3k1/5p2/3q4/2pB2p1/3pPb1p/1P1Q1P1P/6P1/R4RK1","stockfishScores":{"bn":0.4955952380952381}},{"fenStr":"1rr3k1/5p2/3q4/2pB2p1/3pP2p/1P1QbP1P/6P1/R4RK1","stockfishScores":{"wn":0.4992261904761905}},{"fenStr":"1rr3k1/5p2/3q4/2pB2p1/3pP2p/1P1QbP1P/6P1/R4R1K","stockfishScores":{"bn":0.4980357142857143}},{"fenStr":"1rr3k1/5p2/8/2pB2p1/3pP2p/1P1QbPqP/6P1/R4R1K","stockfishScores":{"wn":0.49648809523809523}},{"fenStr":"1rr3k1/5p2/8/2pBP1p1/3p3p/1P1QbPqP/6P1/R4R1K","stockfishScores":{"bn":0.498452380952381}},{"fenStr":"2r3k1/5p2/1r6/2pBP1p1/3p3p/1P1QbPqP/6P1/R4R1K","stockfishScores":{"wn":0.49839285714285714}},{"fenStr":"2r3k1/5p2/1r6/2pBP1p1/3p1P1p/1P1Qb1qP/6P1/R4R1K","stockfishScores":{"bn":0.5046428571428572}},{"fenStr":"2r3k1/5p2/1r6/2pBP1p1/3p1b1p/1P1Q2qP/6P1/R4R1K","stockfishScores":{"wn":0.48642857142857143}},{"fenStr":"2r3k1/5p2/1r6/2pBP1p1/3p1b1p/1P1Q1RqP/6P1/R6K","stockfishScores":{"bn":0.48375}},{"fenStr":"2r3k1/5p2/1r6/2pBP1p1/3p1b1p/1P1Q1R1P/6Pq/R6K","stockfishScores":{"wn":0.49601190476190476}}],"result":{"bw":true}}