{"fens":[{"fenStr":"rnbqkbnr/pppppppp/8/8/3P4/8/PPP1PPPP/RNBQKBNR","stockfishScores":{"bn":0.5048809523809524}},{"fenStr":"rnbqkbnr/ppp1pppp/8/3p4/3P4/8/PPP1PPPP/RNBQKBNR","stockfishScores":{"wn":0.5005952380952381}},{"fenStr":"rnbqkbnr/ppp1pppp/8/3p4/2PP4/8/PP2PPPP/RNBQKBNR","stockfishScores":{"bn":0.5009523809523809}},{"fenStr":"rnbqkbnr/ppp2ppp/4p3/3p4/2PP4/8/PP2PPPP/RNBQKBNR","stockfishScores":{"wn":0.4981547619047619}},{"fenStr":"rnbqkbnr/ppp2ppp/4p3/3p4/2PP4/5N2/PP2PPPP/RNBQKB1R","stockfishScores":{"bn":0.5030357142857143}},{"fenStr":"rnbqkb1r/ppp2ppp/4pn2/3p4/2PP4/5N2/PP2PPPP/RNBQKB1R","stockfishScores":{"wn":0.49916666666666665}},{"fenStr":"rnbqkb1r/ppp2ppp/4pn2/3p2B1/2PP4/5N2/PP2PPPP/RN1QKB1R","stockfishScores":{"bn":0.5061904761904762}},{"fenStr":"rnbqkb1r/pp3ppp/2p1pn2/3p2B1/2PP4/5N2/PP2PPPP/RN1QKB1R","stockfishScores":{"wn":0.5007142857142857}},{"fenStr":"rnbqkb1r/pp3ppp/2p1pn2/3p2B1/2PP4/2N2N2/PP2PPPP/R2QKB1R","stockfishScores":{"bn":0.5029761904761905}},{"fenStr":"r1bqkb1r/pp1n1ppp/2p1pn2/3p2B1/2PP4/2N2N2/PP2PPPP/R2QKB1R","stockfishScores":{"wn":0.5006547619047619}},{"fenStr":"r1bqkb1r/pp1n1ppp/2p1pn2/3p2B1/2PP4/2N1PN2/PP3PPP/R2QKB1R","stockfishScores":{"bn":0.5044047619047619}},{"fenStr":"r1b1kb1r/pp1n1ppp/2p1pn2/q2p2B1/2PP4/2N1PN2/PP3PPP/R2QKB1R","stockfishScores":{"wn":0.503452380952381}},{"fenStr":"r1b1kb1r/pp1n1ppp/2p1pB2/q2p4/2PP4/2N1PN2/PP3PPP/R2QKB1R","stockfishScores":{"bn":0.5213690476190476}},{"fenStr":"r1b1kb1r/pp3ppp/2p1pn2/q2p4/2PP4/2N1PN2/PP3PPP/R2QKB1R","stockfishScores":{"wn":0.501547619047619}},{"fenStr":"r1b1kb1r/pp3ppp/2p1pn2/q2p4/2PP4/2N1PN2/PPQ2PPP/R3KB1R","stockfishScores":{"bn":0.5002380952380953}},{"fenStr":"r1b1k2r/pp3ppp/2p1pn2/q2p4/1bPP4/2N1PN2/PPQ2PPP/R3KB1R","stockfishScores":{"wn":0.5007738095238096}},{"fenStr":"r1b1k2r/pp3ppp/2p1pn2/q2p4/1bPP4/2N1P3/PPQN1PPP/R3KB1R","stockfishScores":{"bn":0.5026190476190476}},{"fenStr":"r1b2rk1/pp3ppp/2p1pn2/q2p4/1bPP4/2N1P3/PPQN1PPP/R3KB1R","stockfishScores":{"wn":0.49220238095238095}},{"fenStr":"r1b2rk1/pp3ppp/2p1pn2/q2p4/1bPP4/2N1P3/PPQNBPPP/R3K2R","stockfishScores":{"bn":0.49291666666666667}},{"fenStr":"r1b2rk1/1p3ppp/p1p1pn2/q2p4/1bPP4/2N1P3/PPQNBPPP/R3K2R","stockfishScores":{"wn":0.49410714285714286}},{"fenStr":"r1b2rk1/1p3ppp/p1p1pn2/q2p4/1bPP4/2N1P3/PPQNBPPP/R4RK1","stockfishScores":{"bn":0.5046428571428572}},{"fenStr":"r4rk1/1p1b1ppp/p1p1pn2/q2p4/1bPP4/2N1P3/PPQNBPPP/R4RK1","stockfishScores":{"wn":0.5035119047619048}},{"fenStr":"r4rk1/1p1b1ppp/p1p1pn2/q1Pp4/1b1P4/2N1P3/PPQNBPPP/R4RK1","stockfishScores":{"bn":0.5054761904761905}},{"fenStr":"r4rk1/1pqb1ppp/p1p1pn2/2Pp4/1b1P4/2N1P3/PPQNBPPP/R4RK1","stockfishScores":{"wn":0.5036904761904762}},{"fenStr":"r4rk1/1pqb1ppp/p1p1pn2/2Pp4/1b1P4/2N1PN2/PPQ1BPPP/R4RK1","stockfishScores":{"bn":0.5031547619047619}},{"fenStr":"r4rk1/1pqb1ppp/p1p1pn2/2Pp4/3P4/2b1PN2/PPQ1BPPP/R4RK1","stockfishScores":{"wn":0.4825}},{"fenStr":"r4rk1/1pqb1ppp/p1p1pn2/2Pp4/3P4/2P1PN2/P1Q1BPPP/R4RK1","stockfishScores":{"bn":0.50375}},{"fenStr":"4rrk1/1pqb1ppp/p1p1pn2/2Pp4/3P4/2P1PN2/P1Q1BPPP/R4RK1","stockfishScores":{"wn":0.5042857142857143}},{"fenStr":"4rrk1/1pqb1ppp/p1p1pn2/2Pp4/3P4/2PBPN2/P1Q2PPP/R4RK1","stockfishScores":{"bn":0.5033333333333333}},{"fenStr":"4rrk1/1pqb1pp1/p1p1pn1p/2Pp4/3P4/2PBPN2/P1Q2PPP/R4RK1","stockfishScores":{"wn":0.5025595238095238}},{"fenStr":"4rrk1/1pqb1pp1/p1p1pn1p/2PpN3/3P4/2PBP3/P1Q2PPP/R4RK1","stockfishScores":{"bn":0.5070833333333333}},{"fenStr":"2b1rrk1/1pq2pp1/p1p1pn1p/2PpN3/3P4/2PBP3/P1Q2PPP/R4RK1","stockfishScores":{"wn":0.5088690476190476}},{"fenStr":"2b1rrk1/1pq2pp1/p1p1pn1p/2PpN3/3P1P2/2PBP3/P1Q3PP/R4RK1","stockfishScores":{"bn":0.5073809523809524}},{"fenStr":"2b1rrk1/1pqn1pp1/p1p1p2p/2PpN3/3P1P2/2PBP3/P1Q3PP/R4RK1","stockfishScores":{"wn":0.5098214285714285}},{"fenStr":"2b1rrk1/1pqn1pp1/p1p1p2p/2Pp4/3P1PN1/2PBP3/P1Q3PP/R4RK1","stockfishScores":{"bn":0.5058333333333334}},{"fenStr":"2b1rrk1/1pqn2p1/p1p1p2p/2Pp1p2/3P1PN1/2PBP3/P1Q3PP/R4RK1","stockfishScores":{"wn":0.4994047619047619}},{"fenStr":"2b1rrk1/1pqn2p1/p1p1p2p/2Pp1p2/3P1P2/2PBP3/P1Q2NPP/R4RK1","stockfishScores":{"bn":0.5047619047619047}},{"fenStr":"2b1rrk1/2qn2p1/ppp1p2p/2Pp1p2/3P1P2/2PBP3/P1Q2NPP/R4RK1","stockfishScores":{"wn":0.5048809523809524}},{"fenStr":"2b1rrk1/2qn2p1/pPp1p2p/3p1p2/3P1P2/2PBP3/P1Q2NPP/R4RK1","stockfishScores":{"bn":0.5139880952380952}},{"fenStr":"2b1rrk1/2q3p1/pnp1p2p/3p1p2/3P1P2/2PBP3/P1Q2NPP/R4RK1","stockfishScores":{"wn":0.5026785714285714}},{"fenStr":"2b1rrk1/2q3p1/pnp1p2p/3p1p2/3P1P2/2PBP2P/P1Q2NP1/R4RK1","stockfishScores":{"bn":0.5016071428571428}},{"fenStr":"2b1rrk1/2q3p1/pn2p2p/2pp1p2/3P1P2/2PBP2P/P1Q2NP1/R4RK1","stockfishScores":{"wn":0.5002380952380953}},{"fenStr":"2b1rrk1/2q3p1/pn2p2p/2pp1p2/3P1P2/2PBP2P/P3QNP1/R4RK1","stockfishScores":{"bn":0.4994047619047619}},{"fenStr":"2b1rrk1/2q3p1/pn2p2p/3p1p2/2pP1P2/2PBP2P/P3QNP1/R4RK1","stockfishScores":{"wn":0.49726190476190474}},{"fenStr":"2b1rrk1/2q3p1/pn2p2p/3p1p2/2pP1P2/2P1P2P/P1B1QNP1/R4RK1","stockfishScores":{"bn":0.5003571428571428}},{"fenStr":"4rrk1/2qb2p1/pn2p2p/3p1p2/2pP1P2/2P1P2P/P1B1QNP1/R4RK1","stockfishScores":{"wn":0.4988095238095238}},{"fenStr":"4rrk1/2qb2p1/pn2p2p/3p1p2/2pP1PP1/2P1P2P/P1B1QN2/R4RK1","stockfishScores":{"bn":0.49583333333333335}},{"fenStr":"4rrk1/2qb2p1/p3p2p/3p1p2/n1pP1PP1/2P1P2P/P1B1QN2/R4RK1","stockfishScores":{"wn":0.4973214285714286}},{"fenStr":"4rrk1/2qb2p1/p3p2p/3p1p2/B1pP1PP1/2P1P2P/P3QN2/R4RK1","stockfishScores":{"bn":0.51875}},{"fenStr":"4rrk1/2q3p1/p3p2p/3p1p2/b1pP1PP1/2P1P2P/P3QN2/R4RK1","stockfishScores":{"wn":0.4979166666666667}},{"fenStr":"4rrk1/2q3p1/p3p2p/3p1p2/b1pP1PP1/2P1P2P/P3QN2/R4R1K","stockfishScores":{"bn":0.49535714285714283}},{"fenStr":"4rrk1/4q1p1/p3p2p/3p1p2/b1pP1PP1/2P1P2P/P3QN2/R4R1K","stockfishScores":{"wn":0.4963095238095238}},{"fenStr":"4rrk1/4q1p1/p3p2p/3p1p2/b1pP1PP1/2P1P2P/P3QN2/R5RK","stockfishScores":{"bn":0.49541666666666667}},{"fenStr":"4rr2/4q1pk/p3p2p/3p1p2/b1pP1PP1/2P1P2P/P3QN2/R5RK","stockfishScores":{"wn":0.49625}},{"fenStr":"4rr2/4q1pk/p3p2p/3p1pP1/b1pP1P2/2P1P2P/P3QN2/R5RK","stockfishScores":{"bn":0.4968452380952381}},{"fenStr":"4rr2/4q2k/p3p1pp/3p1pP1/b1pP1P2/2P1P2P/P3QN2/R5RK","stockfishScores":{"wn":0.49797619047619046}},{"fenStr":"4rr2/4q2k/p3p1pP/3p1p2/b1pP1P2/2P1P2P/P3QN2/R5RK","stockfishScores":{"bn":0.49779761904761904}},{"fenStr":"4rr2/4q3/p3p1pk/3p1p2/b1pP1P2/2P1P2P/P3QN2/R5RK","stockfishScores":{"wn":0.5017857142857143}},{"fenStr":"4rr2/4q3/p3p1pk/3p1pR1/b1pP1P2/2P1P2P/P3QN2/R6K","stockfishScores":{"bn":0.5007142857142857}},{"fenStr":"4r3/4q3/p3prpk/3p1pR1/b1pP1P2/2P1P2P/P3QN2/R6K","stockfishScores":{"wn":0.5036904761904762}},{"fenStr":"4r3/4q3/p3prpk/3p1pR1/b1pP1P1P/2P1P3/P3QN2/R6K","stockfishScores":{"bn":0.503452380952381}},{"fenStr":"7r/4q3/p3prpk/3p1pR1/b1pP1P1P/2P1P3/P3QN2/R6K","stockfishScores":{"wn":0.5042261904761904}},{"fenStr":"7r/4q3/p3prpk/3p1pR1/b1pP1P1P/2P1PQ2/P4N2/R6K","stockfishScores":{"bn":0.5026190476190476}},{"fenStr":"7r/7q/p3prpk/3p1pR1/b1pP1P1P/2P1PQ2/P4N2/R6K","stockfishScores":{"wn":0.5053571428571428}},{"fenStr":"7r/7q/p3prpk/3p1pR1/b1pP1P1P/2P1PQ1N/P7/R6K","stockfishScores":{"bn":0.5090476190476191}},{"fenStr":"7r/7q/p3prpk/3p1pR1/2pP1P1P/2P1PQ1N/P1b5/R6K","stockfishScores":{"wn":0.5085119047619048}},{"fenStr":"7r/7q/p3prpk/3p1pR1/2pP1P1P/2P1PQ1N/P1b4K/R7","stockfishScores":{"bn":0.5088095238095238}},{"fenStr":"7r/6kq/p3prp1/3p1pR1/2pP1P1P/2P1PQ1N/P1b4K/R7","stockfishScores":{"wn":0.49988095238095237}},{"fenStr":"7r/6kq/p3prp1/3p1pRP/2pP1P2/2P1PQ1N/P1b4K/R7","stockfishScores":{"bn":0.5035119047619048}},{"fenStr":"7r/5k1q/p3prp1/3p1pRP/2pP1P2/2P1PQ1N/P1b4K/R7","stockfishScores":{"wn":0.509702380952381}},{"fenStr":"7r/5k1q/p3prp1/3p1pRP/2pP1P2/2P1PQ1N/P1b4K/6R1","stockfishScores":{"bn":0.5114285714285715}},{"fenStr":"7r/5k1q/p3pr2/3p1pRp/2pP1P2/2P1PQ1N/P1b4K/6R1","stockfishScores":{"wn":0.5109523809523809}},{"fenStr":"7r/5k1q/p3pr2/3p1pRp/2pP1P2/2P1P1QN/P1b4K/6R1","stockfishScores":{"bn":0.5092857142857143}},{"fenStr":"7r/5k1q/p3pr2/3p1pR1/2pP1P1p/2P1P1QN/P1b4K/6R1","stockfishScores":{"wn":0.503452380952381}},{"fenStr":"7r/5kRq/p3pr2/3p1p2/2pP1P1p/2P1P1QN/P1b4K/6R1","stockfishScores":{"bn":0.5139880952380952}},{"fenStr":"5k1r/6Rq/p3pr2/3p1p2/2pP1P1p/2P1P1QN/P1b4K/6R1","stockfishScores":{"wn":0.5104761904761905}},{"fenStr":"5k1r/6Rq/p3pr2/3p1pQ1/2pP1P1p/2P1P2N/P1b4K/6R1","stockfishScores":{"bn":0.53}},{"fenStr":"5k1r/6R1/p3pr2/3p1pQq/2pP1P1p/2P1P2N/P1b4K/6R1","stockfishScores":{"wn":0.5282738095238095}},{"fenStr":"5kRr/8/p3pr2/3p1pQq/2pP1P1p/2P1P2N/P1b4K/6R1","stockfishScores":{"bn":0.5097619047619047}},{"fenStr":"5kr1/8/p3pr2/3p1pQq/2pP1P1p/2P1P2N/P1b4K/6R1","stockfishScores":{"wn":0.4554761904761905}},{"fenStr":"5kr1/8/p3pr2/3p1p1Q/2pP1P1p/2P1P2N/P1b4K/6R1","stockfishScores":{"bn":0.542797619047619}},{"fenStr":"5k2/8/p3pr2/3p1p1Q/2pP1P1p/2P1P2N/P1b4K/6r1","stockfishScores":{"wn":0.5020238095238095}},{"fenStr":"5k2/8/p3pr2/3p1p1Q/2pP1P1p/2P1P3/P1b4K/6N1","stockfishScores":{"bn":0.5366071428571428}},{"fenStr":"8/6k1/p3pr2/3p1p1Q/2pP1P1p/2P1P3/P1b4K/6N1","stockfishScores":{"wn":0.5366071428571428}},{"fenStr":"8/6k1/p3pr2/3p1p1Q/2pP1P1p/2P1PN2/P1b4K/8","stockfishScores":{"bn":0.5394642857142857}},{"fenStr":"8/6k1/p3p2r/3p1p1Q/2pP1P1p/2P1PN2/P1b4K/8","stockfishScores":{"wn":0.5355357142857142}},{"fenStr":"8/6k1/p3p2r/3p1pQ1/2pP1P1p/2P1PN2/P1b4K/8","stockfishScores":{"bn":0.5368452380952381}},{"fenStr":"8/6k1/p3p1r1/3p1pQ1/2pP1P1p/2P1PN2/P1b4K/8","stockfishScores":{"wn":0.5419047619047619}},{"fenStr":"8/4Q1k1/p3p1r1/3p1p2/2pP1P1p/2P1PN2/P1b4K/8","stockfishScores":{"bn":0.5377380952380952}},{"fenStr":"6k1/4Q3/p3p1r1/3p1p2/2pP1P1p/2P1PN2/P1b4K/8","stockfishScores":{"wn":0.54375}},{"fenStr":"6k1/4Q3/p3p1r1/3p1pN1/2pP1P1p/2P1P3/P1b4K/8","stockfishScores":{"bn":0.5446428571428571}},{"fenStr":"6k1/4Q1r1/p3p3/3p1pN1/2pP1P1p/2P1P3/P1b4K/8","stockfishScores":{"wn":0.5405357142857143}},{"fenStr":"4Q1k1/6r1/p3p3/3p1pN1/2pP1P1p/2P1P3/P1b4K/8","stockfishScores":{"bn":0.5397619047619048}}],"result":{"ww":true}}