{"fens":[{"fenStr":"rnbqkbnr/pppppppp/8/8/3P4/8/PPP1PPPP/RNBQKBNR","stockfishScores":{"bn":0.5048809523809524}},{"fenStr":"rnbqkb1r/pppppppp/5n2/8/3P4/8/PPP1PPPP/RNBQKBNR","stockfishScores":{"wn":0.5016071428571428}},{"fenStr":"rnbqkb1r/pppppppp/5n2/8/2PP4/8/PP2PPPP/RNBQKBNR","stockfishScores":{"bn":0.5041071428571429}},{"fenStr":"rnbqkb1r/pppp1ppp/4pn2/8/2PP4/8/PP2PPPP/RNBQKBNR","stockfishScores":{"wn":0.5005357142857143}},{"fenStr":"rnbqkb1r/pppp1ppp/4pn2/8/2PP4/2N5/PP2PPPP/R1BQKBNR","stockfishScores":{"bn":0.5033928571428572}},{"fenStr":"rnbqk2r/pppp1ppp/4pn2/8/1bPP4/2N5/PP2PPPP/R1BQKBNR","stockfishScores":{"wn":0.5013095238095238}},{"fenStr":"rnbqk2r/pppp1ppp/4pn2/8/1bPP4/2N1P3/PP3PPP/R1BQKBNR","stockfishScores":{"bn":0.503452380952381}},{"fenStr":"rnbq1rk1/pppp1ppp/4pn2/8/1bPP4/2N1P3/PP3PPP/R1BQKBNR","stockfishScores":{"wn":0.49392857142857144}},{"fenStr":"rnbq1rk1/pppp1ppp/4pn2/8/1bPP4/2NBP3/PP3PPP/R1BQK1NR","stockfishScores":{"bn":0.4945833333333333}},{"fenStr":"rnbq1rk1/pp1p1ppp/4pn2/2p5/1bPP4/2NBP3/PP3PPP/R1BQK1NR","stockfishScores":{"wn":0.49565476190476193}},{"fenStr":"rnbq1rk1/pp1p1ppp/4pn2/2p5/1bPP4/P1NBP3/1P3PPP/R1BQK1NR","stockfishScores":{"bn":0.4982738095238095}},{"fenStr":"rnbq1rk1/pp1p1ppp/4pn2/2p5/2PP4/P1bBP3/1P3PPP/R1BQK1NR","stockfishScores":{"wn":0.47732142857142856}},{"fenStr":"rnbq1rk1/pp1p1ppp/4pn2/2p5/2PP4/P1PBP3/5PPP/R1BQK1NR","stockfishScores":{"bn":0.49797619047619046}},{"fenStr":"r1bq1rk1/pp1p1ppp/2n1pn2/2p5/2PP4/P1PBP3/5PPP/R1BQK1NR","stockfishScores":{"wn":0.4945833333333333}},{"fenStr":"r1bq1rk1/pp1p1ppp/2n1pn2/2p5/2PP4/P1PBP3/4NPPP/R1BQK2R","stockfishScores":{"bn":0.49714285714285716}},{"fenStr":"r1bq1rk1/p2p1ppp/1pn1pn2/2p5/2PP4/P1PBP3/4NPPP/R1BQK2R","stockfishScores":{"wn":0.4932738095238095}},{"fenStr":"r1bq1rk1/p2p1ppp/1pn1pn2/2p5/2PPP3/P1PB4/4NPPP/R1BQK2R","stockfishScores":{"bn":0.4932142857142857}},{"fenStr":"r1bqnrk1/p2p1ppp/1pn1p3/2p5/2PPP3/P1PB4/4NPPP/R1BQK2R","stockfishScores":{"wn":0.4955357142857143}},{"fenStr":"r1bqnrk1/p2p1ppp/1pn1p3/2p5/2PPP3/P1PBB3/4NPPP/R2QK2R","stockfishScores":{"bn":0.49535714285714283}},{"fenStr":"r1bqnrk1/p4ppp/1pnpp3/2p5/2PPP3/P1PBB3/4NPPP/R2QK2R","stockfishScores":{"wn":0.49476190476190474}},{"fenStr":"r1bqnrk1/p4ppp/1pnpp3/2p5/2PPP3/P1PBB3/4NPPP/R2Q1RK1","stockfishScores":{"bn":0.5059523809523809}},{"fenStr":"r2qnrk1/p4ppp/bpnpp3/2p5/2PPP3/P1PBB3/4NPPP/R2Q1RK1","stockfishScores":{"wn":0.5067857142857143}},{"fenStr":"r2qnrk1/p4ppp/bpnpp3/2p5/2PPPP2/P1PBB3/4N1PP/R2Q1RK1","stockfishScores":{"bn":0.50625}},{"fenStr":"r2qnrk1/p4ppp/bp1pp3/n1p5/2PPPP2/P1PBB3/4N1PP/R2Q1RK1","stockfishScores":{"wn":0.5078571428571429}},{"fenStr":"r2qnrk1/p4ppp/bp1pp3/n1p2P2/2PPP3/P1PBB3/4N1PP/R2Q1RK1","stockfishScores":{"bn":0.5102380952380953}},{"fenStr":"r2qnrk1/p4ppp/bp1p4/n1p2p2/2PPP3/P1PBB3/4N1PP/R2Q1RK1","stockfishScores":{"wn":0.5036309523809523}},{"fenStr":"r2qnrk1/p4ppp/bp1p4/n1p2P2/2PP4/P1PBB3/4N1PP/R2Q1RK1","stockfishScores":{"bn":0.5092261904761904}},{"fenStr":"r2qnrk1/p4ppp/bp1p4/2p2P2/2nP4/P1PBB3/4N1PP/R2Q1RK1","stockfishScores":{"wn":0.49898809523809523}},{"fenStr":"r2qnrk1/p4ppp/bp1p4/2p2P2/2nP4/P1PB4/4N1PP/R1BQ1RK1","stockfishScores":{"bn":0.5}},{"fenStr":"r2qnrk1/p4ppp/bp6/2pp1P2/2nP4/P1PB4/4N1PP/R1BQ1RK1","stockfishScores":{"wn":0.4975595238095238}},{"fenStr":"r2qnrk1/p4ppp/bp6/2pp1P2/2nP4/P1PB4/R3N1PP/2BQ1RK1","stockfishScores":{"bn":0.4975595238095238}},{"fenStr":"r2q1rk1/p4ppp/bp3n2/2pp1P2/2nP4/P1PB4/R3N1PP/2BQ1RK1","stockfishScores":{"wn":0.49255952380952384}},{"fenStr":"r2q1rk1/p4ppp/bp3n2/2pp1P2/2nP4/P1PB1R2/R3N1PP/2BQ2K1","stockfishScores":{"bn":0.49297619047619046}},{"fenStr":"r2qr1k1/p4ppp/bp3n2/2pp1P2/2nP4/P1PB1R2/R3N1PP/2BQ2K1","stockfishScores":{"wn":0.49047619047619045}},{"fenStr":"r2qr1k1/p4ppp/bp3n2/2pp1PB1/2nP4/P1PB1R2/R3N1PP/3Q2K1","stockfishScores":{"bn":0.4917261904761905}},{"fenStr":"r2qr1k1/p4pp1/bp3n1p/2pp1PB1/2nP4/P1PB1R2/R3N1PP/3Q2K1","stockfishScores":{"wn":0.4863095238095238}},{"fenStr":"r2qr1k1/p4pp1/bp3n1p/2pp1P2/2nP3B/P1PB1R2/R3N1PP/3Q2K1","stockfishScores":{"bn":0.48875}},{"fenStr":"r3r1k1/p4pp1/bp1q1n1p/2pp1P2/2nP3B/P1PB1R2/R3N1PP/3Q2K1","stockfishScores":{"wn":0.48916666666666664}},{"fenStr":"r3r1k1/p4pp1/bp1q1n1p/2pp1P2/2nP3B/P1PB1R2/R3N1PP/2Q3K1","stockfishScores":{"bn":0.4895238095238095}},{"fenStr":"r5k1/p3rpp1/bp1q1n1p/2pp1P2/2nP3B/P1PB1R2/R3N1PP/2Q3K1","stockfishScores":{"wn":0.4913095238095238}},{"fenStr":"r5k1/p3rpp1/bp1q1n1p/2pp1P2/2nP1N1B/P1PB1R2/R5PP/2Q3K1","stockfishScores":{"bn":0.4918452380952381}},{"fenStr":"r5k1/p3rpp1/bp1q1n1p/3p1P2/2np1N1B/P1PB1R2/R5PP/2Q3K1","stockfishScores":{"wn":0.4888095238095238}},{"fenStr":"r5k1/p3rpp1/bp1q1B1p/3p1P2/2np1N2/P1PB1R2/R5PP/2Q3K1","stockfishScores":{"bn":0.516547619047619}},{"fenStr":"r5k1/p3rp2/bp1q1p1p/3p1P2/2np1N2/P1PB1R2/R5PP/2Q3K1","stockfishScores":{"wn":0.5011309523809524}},{"fenStr":"r5k1/p3rp2/bp1q1p1p/3N1P2/2np4/P1PB1R2/R5PP/2Q3K1","stockfishScores":{"bn":0.5207142857142857}},{"fenStr":"r5k1/p3rp2/bp3p1p/3q1P2/2np4/P1PB1R2/R5PP/2Q3K1","stockfishScores":{"wn":0.4775}},{"fenStr":"r5k1/p3rp2/bp3p1Q/3q1P2/2np4/P1PB1R2/R5PP/6K1","stockfishScores":{"bn":0.4936309523809524}},{"fenStr":"r5k1/p4p2/bp3p1Q/3q1P2/2np4/P1PB1R2/R5PP/4r1K1","stockfishScores":{"wn":0.49601190476190476}},{"fenStr":"r5k1/p4p2/bp3p1Q/3q1P2/2np4/P1PB1R2/R4KPP/4r3","stockfishScores":{"bn":0.4841666666666667}},{"fenStr":"r5k1/p4p2/bp3p1Q/3q1P2/2np4/P1PBrR2/R4KPP/8","stockfishScores":{"wn":0.48083333333333333}},{"fenStr":"r5k1/p4p2/bp3p1Q/3q1P2/2np1R2/P1PBr3/R4KPP/8","stockfishScores":{"bn":0.47601190476190475}},{"fenStr":"r5k1/p4p2/bp3p1Q/3qnP2/3p1R2/P1PBr3/R4KPP/8","stockfishScores":{"wn":0.4207738095238095}},{"fenStr":"r5k1/p4p2/Bp3p1Q/3qnP2/3p1R2/P1P1r3/R4KPP/8","stockfishScores":{"bn":0.46363095238095237}},{"fenStr":"r5k1/p4p2/Bp3p1Q/4nP2/3p1R2/P1P1r3/q4KPP/8","stockfishScores":{"wn":0.43910714285714286}},{"fenStr":"r5k1/p4p2/Bp3p1Q/4nP2/3p1R2/P1P1r3/q5PP/6K1","stockfishScores":{"bn":0.444047619047619}},{"fenStr":"r5k1/p4p2/Bp3p1Q/4nP2/5R2/P1Ppr3/q5PP/6K1","stockfishScores":{"wn":0.4382142857142857}},{"fenStr":"r5k1/p4p2/Bp3p1Q/4nP2/5R2/P1Ppr2P/q5P1/6K1","stockfishScores":{"bn":0.4330357142857143}},{"fenStr":"r5k1/p4p2/Bp3p1Q/4nP2/5R2/P1P1r2P/q2p2P1/6K1","stockfishScores":{"wn":0.43505952380952384}},{"fenStr":"r5k1/p4p2/Bp3p1Q/4nP2/7R/P1P1r2P/q2p2P1/6K1","stockfishScores":{"bn":0.47595238095238096}},{"fenStr":"r5k1/p4p2/Bp3p1Q/4nP2/7R/P1P1r2P/q5P1/3q2K1","stockfishScores":{"wn":0.3925}},{"fenStr":"r5k1/p4p2/1p3p1Q/4nP2/7R/P1P1r2P/q5P1/3q1BK1","stockfishScores":{"bn":0.3923809523809524}},{"fenStr":"r5k1/p4p2/1p3p1Q/4nP2/7R/P1P1r2P/q5P1/5qK1","stockfishScores":{"wn":0.36660714285714285}},{"fenStr":"r5k1/p4p2/1p3p1Q/4nP2/7R/P1P1r2P/q5P1/5K2","stockfishScores":{"bn":0.4417261904761905}},{"fenStr":"r5k1/p4p2/1p3p1Q/4nP2/7R/P1P1r2P/6P1/1q3K2","stockfishScores":{"wn":0.44166666666666665}},{"fenStr":"r5k1/p4p2/1p3p1Q/4nP2/7R/P1P1r2P/5KP1/1q6","stockfishScores":{"bn":0.44202380952380954}},{"fenStr":"r5k1/p4p2/1p3p1Q/4nP2/7R/P1P1r2P/5KP1/4q3","stockfishScores":{"wn":0.4418452380952381}}],"result":{"bw":true}}