{"fens":[{"fenStr":"rnbqkbnr/pppppppp/8/8/8/6P1/PPPPPP1P/RNBQKBNR","stockfishScores":{"bn":0.5014880952380952}},{"fenStr":"rnbqkbnr/pppp1ppp/8/4p3/8/6P1/PPPPPP1P/RNBQKBNR","stockfishScores":{"wn":0.4976190476190476}},{"fenStr":"rnbqkbnr/pppp1ppp/8/4p3/8/6P1/PPPPPPBP/RNBQK1NR","stockfishScores":{"bn":0.4998214285714286}},{"fenStr":"rnbqkbnr/ppp2ppp/3p4/4p3/8/6P1/PPPPPPBP/RNBQK1NR","stockfishScores":{"wn":0.4969642857142857}},{"fenStr":"rnbqkbnr/ppp2ppp/3p4/4p3/8/3P2P1/PPP1PPBP/RNBQK1NR","stockfishScores":{"bn":0.5007142857142857}},{"fenStr":"rnbqk1nr/ppp1bppp/3p4/4p3/8/3P2P1/PPP1PPBP/RNBQK1NR","stockfishScores":{"wn":0.50125}},{"fenStr":"rnbqk1nr/ppp1bppp/3p4/4p3/8/3P1NP1/PPP1PPBP/RNBQK2R","stockfishScores":{"bn":0.5031547619047619}},{"fenStr":"rnbqk1nr/ppp1b1pp/3p4/4pp2/8/3P1NP1/PPP1PPBP/RNBQK2R","stockfishScores":{"wn":0.5046428571428572}},{"fenStr":"rnbqk1nr/ppp1b1pp/3p4/4pp2/8/3P1NP1/PPP1PPBP/RNBQ1RK1","stockfishScores":{"bn":0.512797619047619}},{"fenStr":"rnbqk2r/ppp1b1pp/3p1n2/4pp2/8/3P1NP1/PPP1PPBP/RNBQ1RK1","stockfishScores":{"wn":0.5086904761904761}},{"fenStr":"rnbqk2r/ppp1b1pp/3p1n2/4pp2/2P5/3P1NP1/PP2PPBP/RNBQ1RK1","stockfishScores":{"bn":0.510297619047619}},{"fenStr":"rnbq1rk1/ppp1b1pp/3p1n2/4pp2/2P5/3P1NP1/PP2PPBP/RNBQ1RK1","stockfishScores":{"wn":0.5}},{"fenStr":"rnbq1rk1/ppp1b1pp/3p1n2/4pp2/2P5/2NP1NP1/PP2PPBP/R1BQ1RK1","stockfishScores":{"bn":0.5026190476190476}},{"fenStr":"r1bq1rk1/ppp1b1pp/2np1n2/4pp2/2P5/2NP1NP1/PP2PPBP/R1BQ1RK1","stockfishScores":{"wn":0.5005952380952381}},{"fenStr":"r1bq1rk1/ppp1b1pp/2np1n2/4pp2/2P5/P1NP1NP1/1P2PPBP/R1BQ1RK1","stockfishScores":{"bn":0.5004761904761905}},{"fenStr":"r1bq1rk1/1pp1b1pp/2np1n2/p3pp2/2P5/P1NP1NP1/1P2PPBP/R1BQ1RK1","stockfishScores":{"wn":0.5011309523809524}},{"fenStr":"r1bq1rk1/1pp1b1pp/2np1n2/p3pp2/2P5/P1NP1NP1/1P1BPPBP/R2Q1RK1","stockfishScores":{"bn":0.5023809523809524}},{"fenStr":"r1b1qrk1/1pp1b1pp/2np1n2/p3pp2/2P5/P1NP1NP1/1P1BPPBP/R2Q1RK1","stockfishScores":{"wn":0.5023214285714286}},{"fenStr":"r1b1qrk1/1pp1b1pp/2np1n2/p3pp2/2P5/P1NP2P1/1P1BPPBP/R2QNRK1","stockfishScores":{"bn":0.5008333333333334}},{"fenStr":"r1b2rk1/1pp1b1pp/2np1nq1/p3pp2/2P5/P1NP2P1/1P1BPPBP/R2QNRK1","stockfishScores":{"wn":0.5013690476190477}},{"fenStr":"r1b2rk1/1pp1b1pp/2np1nq1/p3pp2/2P5/P1NP2P1/1PNBPPBP/R2Q1RK1","stockfishScores":{"bn":0.5014880952380952}},{"fenStr":"r1bb1rk1/1pp3pp/2np1nq1/p3pp2/2P5/P1NP2P1/1PNBPPBP/R2Q1RK1","stockfishScores":{"wn":0.5042261904761904}},{"fenStr":"r1bb1rk1/1pp3pp/2np1nq1/p3pp2/1PP5/P1NP2P1/2NBPPBP/R2Q1RK1","stockfishScores":{"bn":0.505297619047619}},{"fenStr":"r1bb1rk1/1pp3pp/2np1nq1/p3p3/1PP2p2/P1NP2P1/2NBPPBP/R2Q1RK1","stockfishScores":{"wn":0.5031547619047619}},{"fenStr":"r1bb1rk1/1pp3pp/2np1nq1/p2Np3/1PP2p2/P2P2P1/2NBPPBP/R2Q1RK1","stockfishScores":{"bn":0.5009523809523809}},{"fenStr":"r1bb1rk1/1pp3pp/2np1nq1/3Np3/1pP2p2/P2P2P1/2NBPPBP/R2Q1RK1","stockfishScores":{"wn":0.48505952380952383}},{"fenStr":"r1bb1rk1/1pp3pp/2np1nq1/3Np3/1PP2p2/3P2P1/2NBPPBP/R2Q1RK1","stockfishScores":{"bn":0.5033333333333333}},{"fenStr":"2bb1rk1/1pp3pp/2np1nq1/3Np3/1PP2p2/3P2P1/2NBPPBP/r2Q1RK1","stockfishScores":{"wn":0.4707142857142857}},{"fenStr":"2bb1rk1/1pp3pp/2np1nq1/3Np3/1PP2p2/3P2P1/2NBPPBP/Q4RK1","stockfishScores":{"bn":0.5029166666666667}},{"fenStr":"2bb1rk1/1pp3pp/2np1n2/3Np2q/1PP2p2/3P2P1/2NBPPBP/Q4RK1","stockfishScores":{"wn":0.5007738095238096}},{"fenStr":"2bb1rk1/1pp3pp/2np1n2/1P1Np2q/2P2p2/3P2P1/2NBPPBP/Q4RK1","stockfishScores":{"bn":0.5041071428571429}},{"fenStr":"2bb1rk1/1pp3pp/2np1n2/1P1Np3/2P2p2/3P2P1/2NBqPBP/Q4RK1","stockfishScores":{"wn":0.49654761904761907}},{"fenStr":"2bb1rk1/1pp3pp/2Pp1n2/3Np3/2P2p2/3P2P1/2NBqPBP/Q4RK1","stockfishScores":{"bn":0.5164880952380952}},{"fenStr":"2bb1rk1/1pp3pp/2Pp1n2/3Np3/2P2p2/3P2P1/2Nq1PBP/Q4RK1","stockfishScores":{"wn":0.48964285714285716}},{"fenStr":"2bb1rk1/1Pp3pp/3p1n2/3Np3/2P2p2/3P2P1/2Nq1PBP/Q4RK1","stockfishScores":{"bn":0.5132738095238095}},{"fenStr":"3b1rk1/1bp3pp/3p1n2/3Np3/2P2p2/3P2P1/2Nq1PBP/Q4RK1","stockfishScores":{"wn":0.48970238095238094}},{"fenStr":"3b1rk1/1bp3pp/3p1N2/4p3/2P2p2/3P2P1/2Nq1PBP/Q4RK1","stockfishScores":{"bn":0.5052380952380953}},{"fenStr":"5rk1/1bp3pp/3p1b2/4p3/2P2p2/3P2P1/2Nq1PBP/Q4RK1","stockfishScores":{"wn":0.4826785714285714}},{"fenStr":"5rk1/1Bp3pp/3p1b2/4p3/2P2p2/3P2P1/2Nq1P1P/Q4RK1","stockfishScores":{"bn":0.5107738095238096}},{"fenStr":"5rk1/1Bp3pp/3p1b2/4p3/2P2p2/3P2P1/2q2P1P/Q4RK1","stockfishScores":{"wn":0.49214285714285716}},{"fenStr":"5rk1/2p3pp/3p1b2/3Bp3/2P2p2/3P2P1/2q2P1P/Q4RK1","stockfishScores":{"bn":0.49404761904761907}},{"fenStr":"5r1k/2p3pp/3p1b2/3Bp3/2P2p2/3P2P1/2q2P1P/Q4RK1","stockfishScores":{"wn":0.4944642857142857}},{"fenStr":"5r1k/Q1p3pp/3p1b2/3Bp3/2P2p2/3P2P1/2q2P1P/5RK1","stockfishScores":{"bn":0.49452380952380953}},{"fenStr":"3b1r1k/Q1p3pp/3p4/3Bp3/2P2p2/3P2P1/2q2P1P/5RK1","stockfishScores":{"wn":0.495952380952381}},{"fenStr":"3b1r1k/Q1p3pp/3p4/4p3/2P1Bp2/3P2P1/2q2P1P/5RK1","stockfishScores":{"bn":0.4976190476190476}},{"fenStr":"3b1r1k/Q1p3pp/3p4/4p3/2P1Bp2/3P2P1/4qP1P/5RK1","stockfishScores":{"wn":0.4967261904761905}},{"fenStr":"3b1r1k/1Qp3pp/3p4/4p3/2P1Bp2/3P2P1/4qP1P/5RK1","stockfishScores":{"bn":0.4967261904761905}},{"fenStr":"5r1k/1Qp3pp/3p4/4p1b1/2P1Bp2/3P2P1/4qP1P/5RK1","stockfishScores":{"wn":0.49851190476190477}},{"fenStr":"5r1k/1Qp3pp/3p4/4p1b1/2P2p2/3P2P1/4qPBP/5RK1","stockfishScores":{"bn":0.4961904761904762}},{"fenStr":"5r1k/1Qp3pp/3p4/4p1b1/2P5/3P1pP1/4qPBP/5RK1","stockfishScores":{"wn":0.4926785714285714}},{"fenStr":"5r1k/1Qp3pp/3p4/4p1b1/2P5/3P1pPB/4qP1P/5RK1","stockfishScores":{"bn":0.49297619047619046}},{"fenStr":"5r1k/1Qp3pp/3p4/4p1b1/2P5/3q1pPB/5P1P/5RK1","stockfishScores":{"wn":0.48845238095238097}},{"fenStr":"5r1k/2Q3pp/3p4/4p1b1/2P5/3q1pPB/5P1P/5RK1","stockfishScores":{"bn":0.49255952380952384}},{"fenStr":"5r1k/2Q3pp/3p4/6b1/2P1p3/3q1pPB/5P1P/5RK1","stockfishScores":{"wn":0.49178571428571427}},{"fenStr":"5r1k/2Q3pp/3p4/5Bb1/2P1p3/3q1pP1/5P1P/5RK1","stockfishScores":{"bn":0.48845238095238097}},{"fenStr":"r6k/2Q3pp/3p4/5Bb1/2P1p3/3q1pP1/5P1P/5RK1","stockfishScores":{"wn":0.49255952380952384}},{"fenStr":"r6k/2Q3pp/3p4/5Bb1/2P1p3/3q1pP1/5P1P/4R1K1","stockfishScores":{"bn":0.49583333333333335}},{"fenStr":"r6k/2Q3pp/3p4/5Bb1/2P1p3/5pP1/4qP1P/4R1K1","stockfishScores":{"wn":0.48875}},{"fenStr":"r6k/2Q3pp/3p4/5Bb1/2P1p3/5pP1/4qP1P/1R4K1","stockfishScores":{"bn":0.4955952380952381}},{"fenStr":"3r3k/2Q3pp/3p4/5Bb1/2P1p3/5pP1/4qP1P/1R4K1","stockfishScores":{"wn":0.49773809523809526}},{"fenStr":"3r3k/2Q3pp/3p4/5Bb1/2P1p2P/5pP1/4qP2/1R4K1","stockfishScores":{"bn":0.4994642857142857}},{"fenStr":"3r3k/2Q3pp/3p4/5Bb1/2P4P/4ppP1/4qP2/1R4K1","stockfishScores":{"wn":0.49255952380952384}},{"fenStr":"3r3k/2Q3pp/3p4/5Bb1/2P4P/4ppP1/4qP2/5RK1","stockfishScores":{"bn":0.49404761904761907}},{"fenStr":"3r3k/2Q3pp/3p4/5Bb1/2P4P/5pP1/4qp2/5RK1","stockfishScores":{"wn":0.48797619047619045}},{"fenStr":"3r3k/2Q3pp/3p4/5Bb1/2P4P/5pP1/4qR2/6K1","stockfishScores":{"bn":0.4926785714285714}},{"fenStr":"3r3k/2Q3pp/3p4/5Bb1/2P4P/5pP1/5R2/4q1K1","stockfishScores":{"wn":0.4982142857142857}},{"fenStr":"3r3k/2Q3pp/3p4/5Bb1/2P4P/5pP1/5R1K/4q3","stockfishScores":{"bn":0.4874404761904762}},{"fenStr":"3r3k/2Q3pp/3p4/5Bb1/2P4P/5pP1/5q1K/8","stockfishScores":{"wn":0.4518452380952381}},{"fenStr":"3r3k/2Q3pp/3p4/5Bb1/2P4P/5pPK/5q2/8","stockfishScores":{"bn":0.45053571428571426}},{"fenStr":"3r3k/2Q3pp/3p1b2/5B2/2P4P/5pPK/5q2/8","stockfishScores":{"wn":0.4460119047619048}},{"fenStr":"3r3k/2Q3pp/3p1b2/5B2/2P3KP/5pP1/5q2/8","stockfishScores":{"bn":0.45220238095238097}},{"fenStr":"3r3k/2Q3pp/3p1b2/5B2/2P3KP/5pP1/4q3/8","stockfishScores":{"wn":0.4516071428571429}},{"fenStr":"3r3k/2Q3pp/3p1b2/5B2/2P4P/5pPK/4q3/8","stockfishScores":{"bn":0.4376785714285714}},{"fenStr":"3r3k/2Q3pp/3p1b2/5B2/2P4P/6PK/4qp2/8","stockfishScores":{"wn":0.44089285714285714}},{"fenStr":"3r3k/2Q3pp/3p1b2/5B2/2P3PP/7K/4qp2/8","stockfishScores":{"bn":0.4380357142857143}},{"fenStr":"3r3k/2Q3pp/3p1b2/5B2/2P3PP/7K/4q3/5q2","stockfishScores":{"wn":0.38803571428571426}},{"fenStr":"3r3k/2Q3pp/3p1b2/5B2/2P3PP/6K1/4q3/5q2","stockfishScores":{"bn":0.38958333333333334}},{"fenStr":"3r3k/2Q3pp/3p1b2/5B2/2P3PP/6K1/6q1/5q2","stockfishScores":{"wn":0.3898809523809524}}],"result":{"bw":true}}