{"fens":[{"fenStr":"rnbqkbnr/pppppppp/8/8/4P3/8/PPPP1PPP/RNBQKBNR","stockfishScores":{"bn":0.5049404761904762}},{"fenStr":"rnbqkbnr/pppp1ppp/4p3/8/4P3/8/PPPP1PPP/RNBQKBNR","stockfishScores":{"wn":0.5002380952380953}},{"fenStr":"rnbqkbnr/pppp1ppp/4p3/8/4P3/8/PPPPQPPP/RNB1KBNR","stockfishScores":{"bn":0.5003571428571428}},{"fenStr":"rnbqkbnr/pp1p1ppp/4p3/2p5/4P3/8/PPPPQPPP/RNB1KBNR","stockfishScores":{"wn":0.5000595238095238}},{"fenStr":"rnbqkbnr/pp1p1ppp/4p3/2p5/4PP2/8/PPPPQ1PP/RNB1KBNR","stockfishScores":{"bn":0.49970238095238095}},{"fenStr":"r1bqkbnr/pp1p1ppp/2n1p3/2p5/4PP2/8/PPPPQ1PP/RNB1KBNR","stockfishScores":{"wn":0.49601190476190476}},{"fenStr":"r1bqkbnr/pp1p1ppp/2n1p3/2p5/4PP2/5N2/PPPPQ1PP/RNB1KB1R","stockfishScores":{"bn":0.4995833333333333}},{"fenStr":"r1bqkbnr/pp1p1p1p/2n1p1p1/2p5/4PP2/5N2/PPPPQ1PP/RNB1KB1R","stockfishScores":{"wn":0.5002380952380953}},{"fenStr":"r1bqkbnr/pp1p1p1p/2n1p1p1/2p5/4PP2/5NP1/PPPPQ2P/RNB1KB1R","stockfishScores":{"bn":0.5013095238095238}},{"fenStr":"r1bqk1nr/pp1p1pbp/2n1p1p1/2p5/4PP2/5NP1/PPPPQ2P/RNB1KB1R","stockfishScores":{"wn":0.5005357142857143}},{"fenStr":"r1bqk1nr/pp1p1pbp/2n1p1p1/2p5/4PP2/5NP1/PPPPQ1BP/RNB1K2R","stockfishScores":{"bn":0.4994047619047619}},{"fenStr":"r1bqk2r/pp1pnpbp/2n1p1p1/2p5/4PP2/5NP1/PPPPQ1BP/RNB1K2R","stockfishScores":{"wn":0.49523809523809526}},{"fenStr":"r1bqk2r/pp1pnpbp/2n1p1p1/2p5/4PP2/5NP1/PPPPQ1BP/RNB2RK1","stockfishScores":{"bn":0.5055357142857143}},{"fenStr":"r1bq1rk1/pp1pnpbp/2n1p1p1/2p5/4PP2/5NP1/PPPPQ1BP/RNB2RK1","stockfishScores":{"wn":0.4969642857142857}},{"fenStr":"r1bq1rk1/pp1pnpbp/2n1p1p1/2p5/4PP2/3P1NP1/PPP1Q1BP/RNB2RK1","stockfishScores":{"bn":0.5004166666666666}},{"fenStr":"r1bq1rk1/p2pnpbp/1pn1p1p1/2p5/4PP2/3P1NP1/PPP1Q1BP/RNB2RK1","stockfishScores":{"wn":0.4994642857142857}},{"fenStr":"r1bq1rk1/p2pnpbp/1pn1p1p1/2p5/4PP2/3P1NP1/PPP1Q1BP/RNB2R1K","stockfishScores":{"bn":0.4970833333333333}},{"fenStr":"r2q1rk1/pb1pnpbp/1pn1p1p1/2p5/4PP2/3P1NP1/PPP1Q1BP/RNB2R1K","stockfishScores":{"wn":0.4944047619047619}},{"fenStr":"r2q1rk1/pb1pnpbp/1pn1p1p1/2p5/4PPP1/3P1N2/PPP1Q1BP/RNB2R1K","stockfishScores":{"bn":0.4906547619047619}},{"fenStr":"r2q1rk1/pb1pn1bp/1pn1p1p1/2p2p2/4PPP1/3P1N2/PPP1Q1BP/RNB2R1K","stockfishScores":{"wn":0.48892857142857143}},{"fenStr":"r2q1rk1/pb1pn1bp/1pn1p1p1/2p2P2/4PP2/3P1N2/PPP1Q1BP/RNB2R1K","stockfishScores":{"bn":0.5025595238095238}},{"fenStr":"r2q1rk1/pb1pn1bp/1pn3p1/2p2p2/4PP2/3P1N2/PPP1Q1BP/RNB2R1K","stockfishScores":{"wn":0.49315476190476193}},{"fenStr":"r2q1rk1/pb1pn1bp/1pn3p1/2p2p2/4PP2/2NP1N2/PPP1Q1BP/R1B2R1K","stockfishScores":{"bn":0.49404761904761907}},{"fenStr":"r2q1rk1/pb2n1bp/1pnp2p1/2p2p2/4PP2/2NP1N2/PPP1Q1BP/R1B2R1K","stockfishScores":{"wn":0.4936309523809524}},{"fenStr":"r2q1rk1/pb2n1bp/1pnp2p1/2p2p2/4PP2/2NPBN2/PPP1Q1BP/R4R1K","stockfishScores":{"bn":0.49529761904761904}},{"fenStr":"r4rk1/pb1qn1bp/1pnp2p1/2p2p2/4PP2/2NPBN2/PPP1Q1BP/R4R1K","stockfishScores":{"wn":0.49565476190476193}},{"fenStr":"r4rk1/pb1qn1bp/1pnp2p1/2p2p2/4PP2/2NPBN2/PPP1Q1BP/4RR1K","stockfishScores":{"bn":0.49541666666666667}},{"fenStr":"4rrk1/pb1qn1bp/1pnp2p1/2p2p2/4PP2/2NPBN2/PPP1Q1BP/4RR1K","stockfishScores":{"wn":0.495}},{"fenStr":"4rrk1/pb1qn1bp/1pnp2p1/2p2p2/4PP2/2NPBN2/PPP2QBP/4RR1K","stockfishScores":{"bn":0.4948214285714286}},{"fenStr":"4rrk1/pb1qn1bp/1pn3p1/2pp1p2/4PP2/2NPBN2/PPP2QBP/4RR1K","stockfishScores":{"wn":0.4944047619047619}},{"fenStr":"4rrk1/pb1qn1bp/1pn3p1/2pP1p2/5P2/2NPBN2/PPP2QBP/4RR1K","stockfishScores":{"bn":0.50875}},{"fenStr":"4rrk1/pb1q2bp/1pn3p1/2pn1p2/5P2/2NPBN2/PPP2QBP/4RR1K","stockfishScores":{"wn":0.4880952380952381}},{"fenStr":"4rrk1/pb1q2bp/1pn3p1/2pN1p2/5P2/3PBN2/PPP2QBP/4RR1K","stockfishScores":{"bn":0.5207142857142857}},{"fenStr":"4rrk1/pb4bp/1pn3p1/2pq1p2/5P2/3PBN2/PPP2QBP/4RR1K","stockfishScores":{"wn":0.49720238095238095}},{"fenStr":"4rrk1/pb4bp/1pn3p1/2pq1pN1/5P2/3PB3/PPP2QBP/4RR1K","stockfishScores":{"bn":0.5023214285714286}},{"fenStr":"4rrk1/pb1q2bp/1pn3p1/2p2pN1/5P2/3PB3/PPP2QBP/4RR1K","stockfishScores":{"wn":0.49601190476190476}},{"fenStr":"4rrk1/pb1q2bp/1pn3p1/2p2pN1/5P1Q/3PB3/PPP3BP/4RR1K","stockfishScores":{"bn":0.5067857142857143}},{"fenStr":"4rrk1/pb1q3p/1pn3p1/2p2pN1/5P1Q/3PB3/PbP3BP/4RR1K","stockfishScores":{"wn":0.4932738095238095}},{"fenStr":"4rrk1/pb1q3p/1pn3p1/2B2pN1/5P1Q/3P4/PbP3BP/4RR1K","stockfishScores":{"bn":0.505297619047619}},{"fenStr":"4rrk1/pb1q3p/2n3p1/2p2pN1/5P1Q/3P4/PbP3BP/4RR1K","stockfishScores":{"wn":0.47654761904761905}},{"fenStr":"4rrk1/pb1q3p/2n3p1/2p2pN1/5P1Q/3P4/PbP3BP/1R3R1K","stockfishScores":{"bn":0.4780952380952381}},{"fenStr":"4rrk1/pb1q3p/2n2bp1/2p2pN1/5P1Q/3P4/P1P3BP/1R3R1K","stockfishScores":{"wn":0.47041666666666665}},{"fenStr":"4rrk1/pb1q3Q/2n2bp1/2p2pN1/5P2/3P4/P1P3BP/1R3R1K","stockfishScores":{"bn":0.49660714285714286}},{"fenStr":"4rrk1/pb5q/2n2bp1/2p2pN1/5P2/3P4/P1P3BP/1R3R1K","stockfishScores":{"wn":0.39976190476190476}},{"fenStr":"4rrk1/pb5N/2n2bp1/2p2p2/5P2/3P4/P1P3BP/1R3R1K","stockfishScores":{"bn":0.4792857142857143}},{"fenStr":"4rr2/pb5k/2n2bp1/2p2p2/5P2/3P4/P1P3BP/1R3R1K","stockfishScores":{"wn":0.4500595238095238}},{"fenStr":"4rr2/pR5k/2n2bp1/2p2p2/5P2/3P4/P1P3BP/5R1K","stockfishScores":{"bn":0.4856547619047619}},{"fenStr":"4rr2/pR2n2k/5bp1/2p2p2/5P2/3P4/P1P3BP/5R1K","stockfishScores":{"wn":0.48720238095238094}},{"fenStr":"4rr2/R3n2k/5bp1/2p2p2/5P2/3P4/P1P3BP/5R1K","stockfishScores":{"bn":0.4882142857142857}},{"fenStr":"1r3r2/R3n2k/5bp1/2p2p2/5P2/3P4/P1P3BP/5R1K","stockfishScores":{"wn":0.4907738095238095}},{"fenStr":"1r3r2/R3n2k/5bp1/2p2p2/P4P2/3P4/2P3BP/5R1K","stockfishScores":{"bn":0.4913690476190476}},{"fenStr":"5r2/R3n2k/5bp1/2p2p2/P4P2/3P4/1rP3BP/5R1K","stockfishScores":{"wn":0.4911309523809524}},{"fenStr":"5r2/R3n2k/5bp1/P1p2p2/5P2/3P4/1rP3BP/5R1K","stockfishScores":{"bn":0.4923214285714286}},{"fenStr":"5r2/R3n2k/5bp1/P1p2p2/5P2/3P4/2r3BP/5R1K","stockfishScores":{"wn":0.48851190476190476}},{"fenStr":"5r2/R3n2k/P4bp1/2p2p2/5P2/3P4/2r3BP/5R1K","stockfishScores":{"bn":0.48773809523809525}},{"fenStr":"5r2/R3n2k/P4bp1/2p2p2/5P2/3P4/r5BP/5R1K","stockfishScores":{"wn":0.4874404761904762}},{"fenStr":"5r2/R3n2k/P4bp1/2p2p2/5P2/3P4/r5BP/4R2K","stockfishScores":{"bn":0.48875}},{"fenStr":"3r4/R3n2k/P4bp1/2p2p2/5P2/3P4/r5BP/4R2K","stockfishScores":{"wn":0.4876190476190476}},{"fenStr":"3r4/R3R2k/P4bp1/2p2p2/5P2/3P4/r5BP/7K","stockfishScores":{"bn":0.5023214285714286}},{"fenStr":"3r4/R3b2k/P5p1/2p2p2/5P2/3P4/r5BP/7K","stockfishScores":{"wn":0.4763095238095238}},{"fenStr":"3r4/4R2k/P5p1/2p2p2/5P2/3P4/r5BP/7K","stockfishScores":{"bn":0.49410714285714286}},{"fenStr":"3r4/4R3/P5pk/2p2p2/5P2/3P4/r5BP/7K","stockfishScores":{"wn":0.49392857142857144}},{"fenStr":"3r4/4R3/P5pk/2p2p2/5P2/3P4/r6P/5B1K","stockfishScores":{"bn":0.49220238095238095}},{"fenStr":"3r4/4R3/r5pk/2p2p2/5P2/3P4/7P/5B1K","stockfishScores":{"wn":0.4830357142857143}},{"fenStr":"3r4/2R5/r5pk/2p2p2/5P2/3P4/7P/5B1K","stockfishScores":{"bn":0.48375}},{"fenStr":"1r6/2R5/r5pk/2p2p2/5P2/3P4/7P/5B1K","stockfishScores":{"wn":0.485}},{"fenStr":"1r6/2R5/r5pk/2p2p2/5P2/3P4/6KP/5B2","stockfishScores":{"bn":0.48488095238095236}},{"fenStr":"8/2R5/r5pk/2p2p2/5P2/3P4/1r4KP/5B2","stockfishScores":{"wn":0.4851190476190476}},{"fenStr":"8/2R5/r5pk/2p2p2/5P2/3P1K2/1r5P/5B2","stockfishScores":{"bn":0.4841666666666667}},{"fenStr":"8/2R5/6pk/2p2p2/5P2/3P1K2/rr5P/5B2","stockfishScores":{"wn":0.48142857142857143}},{"fenStr":"8/2R5/6pk/2p2p2/5P2/3PK3/rr5P/5B2","stockfishScores":{"bn":0.48119047619047617}},{"fenStr":"8/2R5/6pk/2p2p2/5P2/3PK3/r4r1P/5B2","stockfishScores":{"wn":0.48029761904761903}},{"fenStr":"8/2R5/6pk/2p2p2/5P2/3PK2B/r4r1P/8","stockfishScores":{"bn":0.47910714285714284}},{"fenStr":"8/2R5/6pk/2p2p2/5P2/3PK2B/4rr1P/8","stockfishScores":{"wn":0.4820833333333333}}],"result":{"bw":true}}