{"fens":[{"fenStr":"rnbqkbnr/pppppppp/8/8/3P4/8/PPP1PPPP/RNBQKBNR","stockfishScores":{"bn":0.5048809523809524}},{"fenStr":"rnbqkbnr/ppp1pppp/8/3p4/3P4/8/PPP1PPPP/RNBQKBNR","stockfishScores":{"wn":0.5005952380952381}},{"fenStr":"rnbqkbnr/ppp1pppp/8/3p4/3P4/5N2/PPP1PPPP/RNBQKB1R","stockfishScores":{"bn":0.5038690476190476}},{"fenStr":"rnbqkb1r/ppp1pppp/5n2/3p4/3P4/5N2/PPP1PPPP/RNBQKB1R","stockfishScores":{"wn":0.5005952380952381}},{"fenStr":"rnbqkb1r/ppp1pppp/5n2/3p4/2PP4/5N2/PP2PPPP/RNBQKB1R","stockfishScores":{"bn":0.5007142857142857}},{"fenStr":"rnbqkb1r/pp2pppp/2p2n2/3p4/2PP4/5N2/PP2PPPP/RNBQKB1R","stockfishScores":{"wn":0.49964285714285717}},{"fenStr":"rnbqkb1r/pp2pppp/2p2n2/3p4/2PP4/2N2N2/PP2PPPP/R1BQKB1R","stockfishScores":{"bn":0.5018452380952381}},{"fenStr":"rnbqkb1r/1p2pppp/p1p2n2/3p4/2PP4/2N2N2/PP2PPPP/R1BQKB1R","stockfishScores":{"wn":0.5036309523809523}},{"fenStr":"rnbqkb1r/1p2pppp/p1p2n2/2Pp4/3P4/2N2N2/PP2PPPP/R1BQKB1R","stockfishScores":{"bn":0.5048214285714285}},{"fenStr":"rn1qkb1r/1p2pppp/p1p2n2/2Pp1b2/3P4/2N2N2/PP2PPPP/R1BQKB1R","stockfishScores":{"wn":0.5045833333333334}},{"fenStr":"rn1qkb1r/1p2pppp/p1p2n2/2Pp1b2/3P4/1QN2N2/PP2PPPP/R1B1KB1R","stockfishScores":{"bn":0.5063690476190477}},{"fenStr":"rnq1kb1r/1p2pppp/p1p2n2/2Pp1b2/3P4/1QN2N2/PP2PPPP/R1B1KB1R","stockfishScores":{"wn":0.5054166666666666}},{"fenStr":"rnq1kb1r/1p2pppp/p1p2n2/2Pp1b2/N2P4/1Q3N2/PP2PPPP/R1B1KB1R","stockfishScores":{"bn":0.5029166666666667}},{"fenStr":"r1q1kb1r/1p1npppp/p1p2n2/2Pp1b2/N2P4/1Q3N2/PP2PPPP/R1B1KB1R","stockfishScores":{"wn":0.5007142857142857}},{"fenStr":"r1q1kb1r/1p1npppp/p1p2n2/2PpNb2/N2P4/1Q6/PP2PPPP/R1B1KB1R","stockfishScores":{"bn":0.5028571428571429}},{"fenStr":"r1q1kb1r/1p1nppp1/p1p2n1p/2PpNb2/N2P4/1Q6/PP2PPPP/R1B1KB1R","stockfishScores":{"wn":0.5011904761904762}},{"fenStr":"r1q1kb1r/1p1nppp1/p1p2n1p/2PpNb2/N2P4/1Q3P2/PP2P1PP/R1B1KB1R","stockfishScores":{"bn":0.5000595238095238}},{"fenStr":"2q1kb1r/rp1nppp1/p1p2n1p/2PpNb2/N2P4/1Q3P2/PP2P1PP/R1B1KB1R","stockfishScores":{"wn":0.5014880952380952}},{"fenStr":"2q1kb1r/rp1nppp1/p1p2n1p/2PpNb2/N2PP3/1Q3P2/PP4PP/R1B1KB1R","stockfishScores":{"bn":0.5126785714285714}},{"fenStr":"2q1kb1r/rp1nppp1/p1p1bn1p/2PpN3/N2PP3/1Q3P2/PP4PP/R1B1KB1R","stockfishScores":{"wn":0.5056547619047619}},{"fenStr":"2q1kb1r/rp1Nppp1/p1p1bn1p/2Pp4/N2PP3/1Q3P2/PP4PP/R1B1KB1R","stockfishScores":{"bn":0.5322023809523809}},{"fenStr":"2q1kb1r/rp1nppp1/p1p1b2p/2Pp4/N2PP3/1Q3P2/PP4PP/R1B1KB1R","stockfishScores":{"wn":0.504702380952381}},{"fenStr":"2q1kb1r/rp1nppp1/p1p1b2p/2Pp4/N2PP3/5P2/PPQ3PP/R1B1KB1R","stockfishScores":{"bn":0.5050595238095238}},{"fenStr":"2q1kb1r/rp1npp2/p1p1b1pp/2Pp4/N2PP3/5P2/PPQ3PP/R1B1KB1R","stockfishScores":{"wn":0.5058928571428571}},{"fenStr":"2q1kb1r/rp1npp2/p1p1b1pp/2Pp4/N2PP3/3B1P2/PPQ3PP/R1B1K2R","stockfishScores":{"bn":0.5059523809523809}},{"fenStr":"2q1kb1r/rp1npp2/p1p1b1pp/2P5/N2Pp3/3B1P2/PPQ3PP/R1B1K2R","stockfishScores":{"wn":0.49583333333333335}},{"fenStr":"2q1kb1r/rp1npp2/p1p1b1pp/2P5/N2PP3/3B4/PPQ3PP/R1B1K2R","stockfishScores":{"bn":0.5051190476190476}},{"fenStr":"2q1k2r/rp1nppb1/p1p1b1pp/2P5/N2PP3/3B4/PPQ3PP/R1B1K2R","stockfishScores":{"wn":0.5003571428571428}},{"fenStr":"2q1k2r/rp1nppb1/p1p1b1pp/2P5/N2PP3/3BB3/PPQ3PP/R3K2R","stockfishScores":{"bn":0.5031547619047619}},{"fenStr":"2q1k2r/rp2ppb1/p1p1bnpp/2P5/N2PP3/3BB3/PPQ3PP/R3K2R","stockfishScores":{"wn":0.505297619047619}},{"fenStr":"2q1k2r/rp2ppb1/p1p1bnpp/2P5/N2PP3/3BB2P/PPQ3P1/R3K2R","stockfishScores":{"bn":0.5063690476190477}},{"fenStr":"2q1k2r/rp2ppb1/p1p1bnp1/2P4p/N2PP3/3BB2P/PPQ3P1/R3K2R","stockfishScores":{"wn":0.504702380952381}},{"fenStr":"2q1k2r/rp2ppb1/p1p1bnp1/2P4p/N2PP3/3BB2P/PPQ3P1/2KR3R","stockfishScores":{"bn":0.5107738095238096}},{"fenStr":"4k2r/rpq1ppb1/p1p1bnp1/2P4p/N2PP3/3BB2P/PPQ3P1/2KR3R","stockfishScores":{"wn":0.5103571428571428}},{"fenStr":"4k2r/rpq1ppb1/p1p1bnp1/2P4p/N2PP3/3BB2P/PPQ3P1/1K1R3R","stockfishScores":{"bn":0.5140476190476191}},{"fenStr":"r3k2r/1pq1ppb1/p1p1bnp1/2P4p/N2PP3/3BB2P/PPQ3P1/1K1R3R","stockfishScores":{"wn":0.5145833333333333}},{"fenStr":"r3k2r/1pq1ppb1/p1p1bnp1/2P4p/N2PP3/3BB2P/PPQ3P1/1K1R1R2","stockfishScores":{"bn":0.5172619047619048}},{"fenStr":"r3k2r/1pq1pp2/p1p1bnpb/2P4p/N2PP3/3BB2P/PPQ3P1/1K1R1R2","stockfishScores":{"wn":0.5179166666666667}},{"fenStr":"r3k2r/1pq1pp2/p1p1bnpB/2P4p/N2PP3/3B3P/PPQ3P1/1K1R1R2","stockfishScores":{"bn":0.5423214285714286}},{"fenStr":"r3k3/1pq1pp2/p1p1bnpr/2P4p/N2PP3/3B3P/PPQ3P1/1K1R1R2","stockfishScores":{"wn":0.5163690476190477}},{"fenStr":"r3k3/1pq1pp2/p1p1bnpr/2P4p/N1BPP3/7P/PPQ3P1/1K1R1R2","stockfishScores":{"bn":0.5159523809523809}},{"fenStr":"r3k3/1pq1pp2/p1p2npr/2P4p/N1bPP3/7P/PPQ3P1/1K1R1R2","stockfishScores":{"wn":0.4863095238095238}},{"fenStr":"r3k3/1pq1pp2/p1p2npr/2P4p/N1QPP3/7P/PP4P1/1K1R1R2","stockfishScores":{"bn":0.5083928571428571}},{"fenStr":"r3k3/1pq1pp2/p1p2n1r/2P3pp/N1QPP3/7P/PP4P1/1K1R1R2","stockfishScores":{"wn":0.5073809523809524}},{"fenStr":"r3k3/1pq1pp2/p1p2n1r/2P3pp/2QPP3/2N4P/PP4P1/1K1R1R2","stockfishScores":{"bn":0.5106547619047619}},{"fenStr":"3rk3/1pq1pp2/p1p2n1r/2P3pp/2QPP3/2N4P/PP4P1/1K1R1R2","stockfishScores":{"wn":0.5107142857142857}},{"fenStr":"3rk3/1pq1pp2/p1p2n1r/2P2Rpp/2QPP3/2N4P/PP4P1/1K1R4","stockfishScores":{"bn":0.5101785714285715}},{"fenStr":"3rk3/1pq2p2/p1p1pn1r/2P2Rpp/2QPP3/2N4P/PP4P1/1K1R4","stockfishScores":{"wn":0.5097619047619047}},{"fenStr":"3rk3/1pq2p2/p1p1pn1r/2P3pp/2QPP3/2N4P/PP3RP1/1K1R4","stockfishScores":{"bn":0.509702380952381}},{"fenStr":"3rk3/2q2p2/p1p1pn1r/1pP3pp/2QPP3/2N4P/PP3RP1/1K1R4","stockfishScores":{"wn":0.5051785714285715}},{"fenStr":"3rk3/2q2p2/p1p1pn1r/1pP3pp/3PP3/2N4P/PP3RP1/1K1R1Q2","stockfishScores":{"bn":0.5056547619047619}},{"fenStr":"3rk3/2q2p2/p1p1pn1r/2P3pp/1p1PP3/2N4P/PP3RP1/1K1R1Q2","stockfishScores":{"wn":0.5075}},{"fenStr":"3rk3/2q2p2/p1p1pR1r/2P3pp/1p1PP3/2N4P/PP4P1/1K1R1Q2","stockfishScores":{"bn":0.5344642857142857}},{"fenStr":"3rk3/2q2p2/p1p1pr2/2P3pp/1p1PP3/2N4P/PP4P1/1K1R1Q2","stockfishScores":{"wn":0.4932142857142857}},{"fenStr":"3rk3/2q2p2/p1p1pQ2/2P3pp/1p1PP3/2N4P/PP4P1/1K1R4","stockfishScores":{"bn":0.5345238095238095}},{"fenStr":"3rk3/2q2p2/p1p1pQ2/2P3pp/3PP3/2p4P/PP4P1/1K1R4","stockfishScores":{"wn":0.5076785714285714}},{"fenStr":"3rk3/2q2p2/p1p1pQ2/2P3pp/3PP3/2p4P/PP4P1/1K3R2","stockfishScores":{"bn":0.5113690476190477}},{"fenStr":"3rk3/4qp2/p1p1pQ2/2P3pp/3PP3/2p4P/PP4P1/1K3R2","stockfishScores":{"wn":0.5139285714285714}},{"fenStr":"3rk2Q/4qp2/p1p1p3/2P3pp/3PP3/2p4P/PP4P1/1K3R2","stockfishScores":{"bn":0.5069642857142858}},{"fenStr":"3rkq1Q/5p2/p1p1p3/2P3pp/3PP3/2p4P/PP4P1/1K3R2","stockfishScores":{"wn":0.5101785714285715}},{"fenStr":"3rkq2/5p2/p1p1p3/2P3pQ/3PP3/2p4P/PP4P1/1K3R2","stockfishScores":{"bn":0.5135119047619048}},{"fenStr":"1r2kq2/5p2/p1p1p3/2P3pQ/3PP3/2p4P/PP4P1/1K3R2","stockfishScores":{"wn":0.5107142857142857}},{"fenStr":"1r2kq2/5p2/p1p1p3/2P3pQ/3PP3/1Pp4P/P5P1/1K3R2","stockfishScores":{"bn":0.5141071428571429}},{"fenStr":"1r2k3/5pq1/p1p1p3/2P3pQ/3PP3/1Pp4P/P5P1/1K3R2","stockfishScores":{"wn":0.5103571428571428}},{"fenStr":"1r2k3/5pq1/p1p1p3/2PP2pQ/4P3/1Pp4P/P5P1/1K3R2","stockfishScores":{"bn":0.5139285714285714}},{"fenStr":"1r2k3/5p2/p1p1p3/2PP2pQ/3qP3/1Pp4P/P5P1/1K3R2","stockfishScores":{"wn":0.512797619047619}},{"fenStr":"1r2k3/5Q2/p1p1p3/2PP2p1/3qP3/1Pp4P/P5P1/1K3R2","stockfishScores":{"bn":0.5441666666666667}},{"fenStr":"1r1k4/5Q2/p1p1p3/2PP2p1/3qP3/1Pp4P/P5P1/1K3R2","stockfishScores":{"wn":0.5427380952380952}},{"fenStr":"1r1k1Q2/8/p1p1p3/2PP2p1/3qP3/1Pp4P/P5P1/1K3R2","stockfishScores":{"bn":0.5226190476190476}},{"fenStr":"1r3Q2/2k5/p1p1p3/2PP2p1/3qP3/1Pp4P/P5P1/1K3R2","stockfishScores":{"wn":0.520952380952381}},{"fenStr":"1r3Q2/2k2R2/p1p1p3/2PP2p1/3qP3/1Pp4P/P5P1/1K6","stockfishScores":{"bn":0.527797619047619}}],"result":{"ww":true}}