{"fens":[{"fenStr":"rnbqkbnr/pppppppp/8/8/3P4/8/PPP1PPPP/RNBQKBNR","stockfishScores":{"bn":0.5048809523809524}},{"fenStr":"rnbqkb1r/pppppppp/5n2/8/3P4/8/PPP1PPPP/RNBQKBNR","stockfishScores":{"wn":0.5016071428571428}},{"fenStr":"rnbqkb1r/pppppppp/5n2/8/2PP4/8/PP2PPPP/RNBQKBNR","stockfishScores":{"bn":0.5041071428571429}},{"fenStr":"rnbqkb1r/pppp1ppp/4pn2/8/2PP4/8/PP2PPPP/RNBQKBNR","stockfishScores":{"wn":0.5005357142857143}},{"fenStr":"rnbqkb1r/pppp1ppp/4pn2/8/2PP4/6P1/PP2PP1P/RNBQKBNR","stockfishScores":{"bn":0.5014880952380952}},{"fenStr":"rnbqk2r/pppp1ppp/4pn2/8/1bPP4/6P1/PP2PP1P/RNBQKBNR","stockfishScores":{"wn":0.5027380952380952}},{"fenStr":"rnbqk2r/pppp1ppp/4pn2/8/1bPP4/6P1/PP1BPP1P/RN1QKBNR","stockfishScores":{"bn":0.5041071428571429}},{"fenStr":"rnbqk2r/pp1p1ppp/4pn2/2p5/1bPP4/6P1/PP1BPP1P/RN1QKBNR","stockfishScores":{"wn":0.49970238095238095}},{"fenStr":"rnbqk2r/pp1p1ppp/4pn2/2p5/1bPP4/6P1/PP1BPPBP/RN1QK1NR","stockfishScores":{"bn":0.5017857142857143}},{"fenStr":"rnbq1rk1/pp1p1ppp/4pn2/2p5/1bPP4/6P1/PP1BPPBP/RN1QK1NR","stockfishScores":{"wn":0.4917261904761905}},{"fenStr":"rnbq1rk1/pp1p1ppp/4pn2/2P5/1bP5/6P1/PP1BPPBP/RN1QK1NR","stockfishScores":{"bn":0.49785714285714283}},{"fenStr":"rnbq1rk1/pp1p1ppp/4pn2/2b5/2P5/6P1/PP1BPPBP/RN1QK1NR","stockfishScores":{"wn":0.49047619047619045}},{"fenStr":"rnbq1rk1/pp1p1ppp/4pn2/2b5/2P5/6PN/PP1BPPBP/RN1QK2R","stockfishScores":{"bn":0.49297619047619046}},{"fenStr":"r1bq1rk1/pp1p1ppp/2n1pn2/2b5/2P5/6PN/PP1BPPBP/RN1QK2R","stockfishScores":{"wn":0.49107142857142855}},{"fenStr":"r1bq1rk1/pp1p1ppp/2n1pn2/2b5/2P5/6PN/PP1BPPBP/RN1Q1RK1","stockfishScores":{"bn":0.4999404761904762}},{"fenStr":"r1bq1rk1/pp3ppp/2n1pn2/2bp4/2P5/6PN/PP1BPPBP/RN1Q1RK1","stockfishScores":{"wn":0.49291666666666667}},{"fenStr":"r1bq1rk1/pp3ppp/2n1pn2/2bP4/8/6PN/PP1BPPBP/RN1Q1RK1","stockfishScores":{"bn":0.5095238095238095}},{"fenStr":"r1bq1rk1/pp3ppp/2n2n2/2bp4/8/6PN/PP1BPPBP/RN1Q1RK1","stockfishScores":{"wn":0.49255952380952384}},{"fenStr":"r1bq1rk1/pp3ppp/2n2n2/2bp2B1/8/6PN/PP2PPBP/RN1Q1RK1","stockfishScores":{"bn":0.4932142857142857}},{"fenStr":"r1bq1rk1/pp2bppp/2n2n2/3p2B1/8/6PN/PP2PPBP/RN1Q1RK1","stockfishScores":{"wn":0.49488095238095237}},{"fenStr":"r1bq1rk1/pp2bppp/2n2n2/3p2B1/5N2/6P1/PP2PPBP/RN1Q1RK1","stockfishScores":{"bn":0.4990476190476191}},{"fenStr":"r1bq1rk1/pp2bpp1/2n2n1p/3p2B1/5N2/6P1/PP2PPBP/RN1Q1RK1","stockfishScores":{"wn":0.4939880952380952}},{"fenStr":"r1bq1rk1/pp2bpp1/2n2B1p/3p4/5N2/6P1/PP2PPBP/RN1Q1RK1","stockfishScores":{"bn":0.5202976190476191}},{"fenStr":"r1bq1rk1/pp3pp1/2n2b1p/3p4/5N2/6P1/PP2PPBP/RN1Q1RK1","stockfishScores":{"wn":0.49255952380952384}},{"fenStr":"r1bq1rk1/pp3pp1/2n2b1p/3p4/5N2/2N3P1/PP2PPBP/R2Q1RK1","stockfishScores":{"bn":0.49488095238095237}},{"fenStr":"r1bq1rk1/pp3pp1/2n2b1p/8/3p1N2/2N3P1/PP2PPBP/R2Q1RK1","stockfishScores":{"wn":0.4963095238095238}},{"fenStr":"r1bq1rk1/pp3pp1/2n2b1p/8/3pNN2/6P1/PP2PPBP/R2Q1RK1","stockfishScores":{"bn":0.5008333333333334}},{"fenStr":"r1bq1rk1/pp3pp1/2n4p/4b3/3pNN2/6P1/PP2PPBP/R2Q1RK1","stockfishScores":{"wn":0.4950595238095238}},{"fenStr":"r1bq1rk1/pp3pp1/2n4p/4b3/3pN3/3N2P1/PP2PPBP/R2Q1RK1","stockfishScores":{"bn":0.5025595238095238}},{"fenStr":"r1bq1rk1/ppb2pp1/2n4p/8/3pN3/3N2P1/PP2PPBP/R2Q1RK1","stockfishScores":{"wn":0.4998214285714286}},{"fenStr":"r1bq1rk1/ppb2pp1/2n4p/8/3pN3/3N2P1/PP2PPBP/2RQ1RK1","stockfishScores":{"bn":0.5003571428571428}},{"fenStr":"1rbq1rk1/ppb2pp1/2n4p/8/3pN3/3N2P1/PP2PPBP/2RQ1RK1","stockfishScores":{"wn":0.50125}},{"fenStr":"1rbq1rk1/ppb2pp1/2n4p/2N5/3p4/3N2P1/PP2PPBP/2RQ1RK1","stockfishScores":{"bn":0.5019642857142858}},{"fenStr":"1rbq1rk1/ppb1npp1/7p/2N5/3p4/3N2P1/PP2PPBP/2RQ1RK1","stockfishScores":{"wn":0.502797619047619}},{"fenStr":"1rbq1rk1/ppb1npp1/7p/2N5/Q2p4/3N2P1/PP2PPBP/2R2RK1","stockfishScores":{"bn":0.5033928571428572}},{"fenStr":"1rbq1rk1/pp2npp1/1b5p/2N5/Q2p4/3N2P1/PP2PPBP/2R2RK1","stockfishScores":{"wn":0.5023809523809524}},{"fenStr":"1rbq1rk1/pp2npp1/1b5p/2N5/Q2p4/3N2P1/PP2PPBP/2RR2K1","stockfishScores":{"bn":0.5025}},{"fenStr":"1rbq1rk1/pp3pp1/1b5p/2N2n2/Q2p4/3N2P1/PP2PPBP/2RR2K1","stockfishScores":{"wn":0.5049404761904762}},{"fenStr":"1rbq1rk1/pp3pp1/1b5p/2N1Nn2/Q2p4/6P1/PP2PPBP/2RR2K1","stockfishScores":{"bn":0.5051190476190476}},{"fenStr":"1rb2rk1/pp3pp1/1b1q3p/2N1Nn2/Q2p4/6P1/PP2PPBP/2RR2K1","stockfishScores":{"wn":0.5035714285714286}},{"fenStr":"1rb2rk1/pp1N1pp1/1b1q3p/4Nn2/Q2p4/6P1/PP2PPBP/2RR2K1","stockfishScores":{"bn":0.5094642857142857}},{"fenStr":"1rbr2k1/pp1N1pp1/1b1q3p/4Nn2/Q2p4/6P1/PP2PPBP/2RR2K1","stockfishScores":{"wn":0.5068452380952381}},{"fenStr":"1rbr2k1/pp3pp1/1N1q3p/4Nn2/Q2p4/6P1/PP2PPBP/2RR2K1","stockfishScores":{"bn":0.5393452380952382}},{"fenStr":"1rbr2k1/pp3pp1/1q5p/4Nn2/Q2p4/6P1/PP2PPBP/2RR2K1","stockfishScores":{"wn":0.5054761904761905}},{"fenStr":"1rbr2k1/pp3pp1/1q5p/5n2/Q1Np4/6P1/PP2PPBP/2RR2K1","stockfishScores":{"bn":0.5082738095238095}},{"fenStr":"1rbr2k1/pp3pp1/q6p/5n2/Q1Np4/6P1/PP2PPBP/2RR2K1","stockfishScores":{"wn":0.5029166666666667}},{"fenStr":"1rbr2k1/pp3pp1/Q6p/5n2/2Np4/6P1/PP2PPBP/2RR2K1","stockfishScores":{"bn":0.5779761904761904}},{"fenStr":"1rbr2k1/p4pp1/p6p/5n2/2Np4/6P1/PP2PPBP/2RR2K1","stockfishScores":{"wn":0.5092857142857143}},{"fenStr":"1rbr2k1/p4pp1/p6p/5n2/2Np4/1P4P1/P3PPBP/2RR2K1","stockfishScores":{"bn":0.5093452380952381}},{"fenStr":"2br2k1/p4pp1/p6p/1r3n2/2Np4/1P4P1/P3PPBP/2RR2K1","stockfishScores":{"wn":0.5105952380952381}},{"fenStr":"2br2k1/p4pp1/p6p/1r3n2/2NpP3/1P4P1/P4PBP/2RR2K1","stockfishScores":{"bn":0.5110714285714286}},{"fenStr":"2br2k1/p3npp1/p6p/1r6/2NpP3/1P4P1/P4PBP/2RR2K1","stockfishScores":{"wn":0.5066666666666667}},{"fenStr":"2br2k1/p3npp1/p6p/1r6/3pP3/1P4P1/PN3PBP/2RR2K1","stockfishScores":{"bn":0.5033333333333333}},{"fenStr":"3r2k1/p3npp1/p3b2p/1r6/3pP3/1P4P1/PN3PBP/2RR2K1","stockfishScores":{"wn":0.502797619047619}},{"fenStr":"3r2k1/p1R1npp1/p3b2p/1r6/3pP3/1P4P1/PN3PBP/3R2K1","stockfishScores":{"bn":0.5083333333333333}},{"fenStr":"2nr2k1/p1R2pp1/p3b2p/1r6/3pP3/1P4P1/PN3PBP/3R2K1","stockfishScores":{"wn":0.5078571428571429}},{"fenStr":"2nr2k1/p1R2pp1/p3b2p/1r6/3pP3/1P1N2P1/P4PBP/3R2K1","stockfishScores":{"bn":0.5110714285714286}},{"fenStr":"2nr2k1/p1R2p2/p3b2p/1r4p1/3pP3/1P1N2P1/P4PBP/3R2K1","stockfishScores":{"wn":0.5128571428571429}},{"fenStr":"2nr2k1/p1R2p2/p3b2p/1rN3p1/3pP3/1P4P1/P4PBP/3R2K1","stockfishScores":{"bn":0.5120238095238095}},{"fenStr":"2nr2k1/p1R2p2/p3b2p/1rN5/3pP1p1/1P4P1/P4PBP/3R2K1","stockfishScores":{"wn":0.5125}},{"fenStr":"2nr2k1/p1R2p2/p3b2p/1rN5/3pP1p1/1P4P1/P4P1P/3R1BK1","stockfishScores":{"bn":0.5144642857142857}},{"fenStr":"2nr2k1/p1R2p2/p3b2p/2N5/1r1pP1p1/1P4P1/P4P1P/3R1BK1","stockfishScores":{"wn":0.5141666666666667}},{"fenStr":"2nr2k1/p1R2p2/B3b2p/2N5/1r1pP1p1/1P4P1/P4P1P/3R2K1","stockfishScores":{"bn":0.5195833333333333}},{"fenStr":"3r2k1/p1R2p2/B2nb2p/2N5/1r1pP1p1/1P4P1/P4P1P/3R2K1","stockfishScores":{"wn":0.5163095238095238}},{"fenStr":"3r2k1/p1R2p2/3nb2p/2N5/1r1pP1p1/1P4P1/P3BP1P/3R2K1","stockfishScores":{"bn":0.5166071428571428}},{"fenStr":"2r3k1/p1R2p2/3nb2p/2N5/1r1pP1p1/1P4P1/P3BP1P/3R2K1","stockfishScores":{"wn":0.5142261904761904}},{"fenStr":"2r3k1/p1R2p2/3nN2p/8/1r1pP1p1/1P4P1/P3BP1P/3R2K1","stockfishScores":{"bn":0.5373214285714286}},{"fenStr":"2r3k1/p1R5/3np2p/8/1r1pP1p1/1P4P1/P3BP1P/3R2K1","stockfishScores":{"wn":0.5113095238095238}},{"fenStr":"2R3k1/p7/3np2p/8/1r1pP1p1/1P4P1/P3BP1P/3R2K1","stockfishScores":{"bn":0.5439285714285714}},{"fenStr":"2n3k1/p7/4p2p/8/1r1pP1p1/1P4P1/P3BP1P/3R2K1","stockfishScores":{"wn":0.5124404761904762}},{"fenStr":"2n3k1/p7/4p2p/8/1rBpP1p1/1P4P1/P4P1P/3R2K1","stockfishScores":{"bn":0.5122023809523809}},{"fenStr":"2n5/p4k2/4p2p/8/1rBpP1p1/1P4P1/P4P1P/3R2K1","stockfishScores":{"wn":0.5094642857142857}},{"fenStr":"2n5/p4k2/4p2p/8/1rBRP1p1/1P4P1/P4P1P/6K1","stockfishScores":{"bn":0.5136904761904761}},{"fenStr":"2n5/p3k3/4p2p/8/1rBRP1p1/1P4P1/P4P1P/6K1","stockfishScores":{"wn":0.5163095238095238}},{"fenStr":"2n5/p3k3/4p2p/4P3/1rBR2p1/1P4P1/P4P1P/6K1","stockfishScores":{"bn":0.5208928571428572}},{"fenStr":"2n5/p3k3/4p3/4P2p/1rBR2p1/1P4P1/P4P1P/6K1","stockfishScores":{"wn":0.5195833333333333}},{"fenStr":"2n5/p3k3/4p3/4P2p/1rBR2p1/1P4PP/P4P2/6K1","stockfishScores":{"bn":0.5178571428571429}},{"fenStr":"2n5/p3k3/4p3/4P2p/1rBR4/1P4Pp/P4P2/6K1","stockfishScores":{"wn":0.5152976190476191}},{"fenStr":"2n5/p3k3/4p3/4P2p/1rBR4/1P4Pp/P4P1K/8","stockfishScores":{"bn":0.5201785714285714}},{"fenStr":"1rn5/p3k3/4p3/4P2p/2BR4/1P4Pp/P4P1K/8","stockfishScores":{"wn":0.5193452380952381}},{"fenStr":"1rn5/p3k3/4p3/4P2p/2B4R/1P4Pp/P4P1K/8","stockfishScores":{"bn":0.5171428571428571}},{"fenStr":"1r6/p3k3/1n2p3/4P2p/2B4R/1P4Pp/P4P1K/8","stockfishScores":{"wn":0.5138095238095238}},{"fenStr":"1r6/p3k3/1n2p3/4P2R/2B5/1P4Pp/P4P1K/8","stockfishScores":{"bn":0.5198214285714285}},{"fenStr":"5r2/p3k3/1n2p3/4P2R/2B5/1P4Pp/P4P1K/8","stockfishScores":{"wn":0.5176785714285714}},{"fenStr":"5r2/p3k2R/1n2p3/4P3/2B5/1P4Pp/P4P1K/8","stockfishScores":{"bn":0.5198214285714285}},{"fenStr":"3k1r2/p6R/1n2p3/4P3/2B5/1P4Pp/P4P1K/8","stockfishScores":{"wn":0.5255357142857143}},{"fenStr":"3k1r2/p6R/1n2p3/4P3/2B2P2/1P4Pp/P6K/8","stockfishScores":{"bn":0.5285714285714286}},{"fenStr":"3k1r2/p2n3R/4p3/4P3/2B2P2/1P4Pp/P6K/8","stockfishScores":{"wn":0.5297619047619048}},{"fenStr":"3k1r2/p2n3R/4B3/4P3/5P2/1P4Pp/P6K/8","stockfishScores":{"bn":0.5417857142857143}},{"fenStr":"3k1r2/p6R/4B3/4n3/5P2/1P4Pp/P6K/8","stockfishScores":{"wn":0.5322023809523809}},{"fenStr":"3k1r2/p6R/4B3/4P3/8/1P4Pp/P6K/8","stockfishScores":{"bn":0.5530357142857143}},{"fenStr":"3k4/p6R/4B3/4P3/8/1P4Pp/P4r1K/8","stockfishScores":{"wn":0.549345238095238}},{"fenStr":"3k4/p6R/4B3/4P3/8/1P4PK/P4r2/8","stockfishScores":{"bn":0.5505952380952381}},{"fenStr":"3k4/p6R/4B3/4P3/8/1P4PK/r7/8","stockfishScores":{"wn":0.5450595238095238}},{"fenStr":"3k4/p6R/8/4P3/2B5/1P4PK/r7/8","stockfishScores":{"bn":0.5453571428571429}},{"fenStr":"3k4/p6R/8/4P3/2B5/1P4PK/8/r7","stockfishScores":{"wn":0.5463095238095238}},{"fenStr":"3k4/p6R/8/4P3/2B3K1/1P4P1/8/r7","stockfishScores":{"bn":0.5478571428571428}},{"fenStr":"3k4/7R/8/p3P3/2B3K1/1P4P1/8/r7","stockfishScores":{"wn":0.5476190476190477}},{"fenStr":"3k4/R7/8/p3P3/2B3K1/1P4P1/8/r7","stockfishScores":{"bn":0.5470238095238096}},{"fenStr":"3k4/R7/8/4P3/p1B3K1/1P4P1/8/r7","stockfishScores":{"wn":0.5460714285714285}},{"fenStr":"3k4/8/8/4P3/R1B3K1/1P4P1/8/r7","stockfishScores":{"bn":0.5503571428571429}},{"fenStr":"3k4/8/8/4P3/R1B3K1/1P4P1/8/4r3","stockfishScores":{"wn":0.5448214285714286}},{"fenStr":"3k4/8/8/4PK2/R1B5/1P4P1/8/4r3","stockfishScores":{"bn":0.5465476190476191}},{"fenStr":"8/4k3/8/4PK2/R1B5/1P4P1/8/4r3","stockfishScores":{"wn":0.5472619047619047}},{"fenStr":"8/R3k3/8/4PK2/2B5/1P4P1/8/4r3","stockfishScores":{"bn":0.5486309523809524}},{"fenStr":"3k4/R7/8/4PK2/2B5/1P4P1/8/4r3","stockfishScores":{"wn":0.5501190476190476}},{"fenStr":"3k4/R7/4K3/4P3/2B5/1P4P1/8/4r3","stockfishScores":{"bn":0.5483928571428571}},{"fenStr":"3k4/R7/4K3/4P3/2B5/1P4P1/8/6r1","stockfishScores":{"wn":0.5492261904761905}},{"fenStr":"3k4/6R1/4K3/4P3/2B5/1P4P1/8/6r1","stockfishScores":{"bn":0.5484523809523809}},{"fenStr":"4k3/6R1/4K3/4P3/2B5/1P4P1/8/6r1","stockfishScores":{"wn":0.5506547619047619}},{"fenStr":"4k1R1/8/4K3/4P3/2B5/1P4P1/8/6r1","stockfishScores":{"bn":0.5473809523809524}}],"result":{"ww":true}}