{"fens":[{"fenStr":"rnbqkbnr/pppppppp/8/8/3P4/8/PPP1PPPP/RNBQKBNR","stockfishScores":{"bn":0.5048809523809524}},{"fenStr":"rnbqkbnr/ppp1pppp/8/3p4/3P4/8/PPP1PPPP/RNBQKBNR","stockfishScores":{"wn":0.5005952380952381}},{"fenStr":"rnbqkbnr/ppp1pppp/8/3p4/2PP4/8/PP2PPPP/RNBQKBNR","stockfishScores":{"bn":0.5009523809523809}},{"fenStr":"rnbqkbnr/ppp2ppp/4p3/3p4/2PP4/8/PP2PPPP/RNBQKBNR","stockfishScores":{"wn":0.4981547619047619}},{"fenStr":"rnbqkbnr/ppp2ppp/4p3/3p4/2PP4/2N5/PP2PPPP/R1BQKBNR","stockfishScores":{"bn":0.5005952380952381}},{"fenStr":"rnbqkb1r/ppp2ppp/4pn2/3p4/2PP4/2N5/PP2PPPP/R1BQKBNR","stockfishScores":{"wn":0.4982738095238095}},{"fenStr":"rnbqkb1r/ppp2ppp/4pn2/3p2B1/2PP4/2N5/PP2PPPP/R2QKBNR","stockfishScores":{"bn":0.5051785714285715}},{"fenStr":"r1bqkb1r/pppn1ppp/4pn2/3p2B1/2PP4/2N5/PP2PPPP/R2QKBNR","stockfishScores":{"wn":0.4986904761904762}},{"fenStr":"r1bqkb1r/pppn1ppp/4pn2/3p2B1/2PP4/2N2N2/PP2PPPP/R2QKB1R","stockfishScores":{"bn":0.5020238095238095}},{"fenStr":"r1bqkb1r/pp1n1ppp/2p1pn2/3p2B1/2PP4/2N2N2/PP2PPPP/R2QKB1R","stockfishScores":{"wn":0.5006547619047619}},{"fenStr":"r1bqkb1r/pp1n1ppp/2p1pn2/3p2B1/2PP4/2N1PN2/PP3PPP/R2QKB1R","stockfishScores":{"bn":0.5044047619047619}},{"fenStr":"r1b1kb1r/pp1n1ppp/2p1pn2/q2p2B1/2PP4/2N1PN2/PP3PPP/R2QKB1R","stockfishScores":{"wn":0.503452380952381}},{"fenStr":"r1b1kb1r/pp1n1ppp/2p1pn2/q2p2B1/2PP4/P1N1PN2/1P3PPP/R2QKB1R","stockfishScores":{"bn":0.5048214285714285}},{"fenStr":"r1b1kb1r/pp1n1ppp/2p1pn2/q5B1/2pP4/P1N1PN2/1P3PPP/R2QKB1R","stockfishScores":{"wn":0.5003571428571428}},{"fenStr":"r1b1kb1r/pp1n1ppp/2p1pB2/q7/2pP4/P1N1PN2/1P3PPP/R2QKB1R","stockfishScores":{"bn":0.5186309523809524}},{"fenStr":"r1b1kb1r/pp3ppp/2p1pn2/q7/2pP4/P1N1PN2/1P3PPP/R2QKB1R","stockfishScores":{"wn":0.4986309523809524}},{"fenStr":"r1b1kb1r/pp3ppp/2p1pn2/q7/2BP4/P1N1PN2/1P3PPP/R2QK2R","stockfishScores":{"bn":0.5009523809523809}},{"fenStr":"r1b1kb1r/pp3ppp/2p1p3/q2n4/2BP4/P1N1PN2/1P3PPP/R2QK2R","stockfishScores":{"wn":0.5020238095238095}},{"fenStr":"r1b1kb1r/pp3ppp/2p1p3/q2n4/2BP4/P1N1PN2/1P3PPP/2RQK2R","stockfishScores":{"bn":0.5001190476190476}},{"fenStr":"r1b1k2r/pp2bppp/2p1p3/q2n4/2BP4/P1N1PN2/1P3PPP/2RQK2R","stockfishScores":{"wn":0.49976190476190474}},{"fenStr":"r1b1k2r/pp2bppp/2p1p3/q2n4/2BP4/P1N1PN2/1P3PPP/2RQ1RK1","stockfishScores":{"bn":0.5143452380952381}},{"fenStr":"r1b2rk1/pp2bppp/2p1p3/q2n4/2BP4/P1N1PN2/1P3PPP/2RQ1RK1","stockfishScores":{"wn":0.5044047619047619}},{"fenStr":"r1b2rk1/pp2bppp/2p1p3/q2n4/2BPP3/P1N2N2/1P3PPP/2RQ1RK1","stockfishScores":{"bn":0.5072619047619048}},{"fenStr":"r1b2rk1/pp2bppp/2p1p3/q7/2BPP3/P1n2N2/1P3PPP/2RQ1RK1","stockfishScores":{"wn":0.48142857142857143}},{"fenStr":"r1b2rk1/pp2bppp/2p1p3/q7/2BPP3/P1R2N2/1P3PPP/3Q1RK1","stockfishScores":{"bn":0.5038690476190476}},{"fenStr":"r1br2k1/pp2bppp/2p1p3/q7/2BPP3/P1R2N2/1P3PPP/3Q1RK1","stockfishScores":{"wn":0.5025595238095238}},{"fenStr":"r1br2k1/pp2bppp/2p1p3/q7/1PBPP3/P1R2N2/5PPP/3Q1RK1","stockfishScores":{"bn":0.5054166666666666}},{"fenStr":"r1br2k1/ppq1bppp/2p1p3/8/1PBPP3/P1R2N2/5PPP/3Q1RK1","stockfishScores":{"wn":0.5014880952380952}},{"fenStr":"r1br2k1/ppq1bppp/2p1p3/8/1PBPP3/P1R2N2/2Q2PPP/5RK1","stockfishScores":{"bn":0.5013690476190477}},{"fenStr":"r1br2k1/1pq1bppp/2p1p3/p7/1PBPP3/P1R2N2/2Q2PPP/5RK1","stockfishScores":{"wn":0.5021428571428571}},{"fenStr":"r1br2k1/1pq1bppp/2p1p3/p2P4/1PB1P3/P1R2N2/2Q2PPP/5RK1","stockfishScores":{"bn":0.5023214285714286}},{"fenStr":"r1br2k1/1pq1bppp/2p1p3/3P4/1pB1P3/P1R2N2/2Q2PPP/5RK1","stockfishScores":{"wn":0.4867261904761905}},{"fenStr":"r1br2k1/1pq1bppp/2p1p3/3P4/1PB1P3/2R2N2/2Q2PPP/5RK1","stockfishScores":{"bn":0.49642857142857144}},{"fenStr":"r1br2k1/1pq2ppp/2p1p3/3P4/1bB1P3/2R2N2/2Q2PPP/5RK1","stockfishScores":{"wn":0.4905952380952381}},{"fenStr":"r1br2k1/1pq2ppp/2p1p3/3P4/1bB1P3/1R3N2/2Q2PPP/5RK1","stockfishScores":{"bn":0.4963095238095238}},{"fenStr":"r1br2k1/1pq2ppp/4p3/2pP4/1bB1P3/1R3N2/2Q2PPP/5RK1","stockfishScores":{"wn":0.49648809523809523}},{"fenStr":"r1br2k1/1pq2ppp/4P3/2p5/1bB1P3/1R3N2/2Q2PPP/5RK1","stockfishScores":{"bn":0.4994047619047619}},{"fenStr":"r1br2k1/1p2qppp/4P3/2p5/1bB1P3/1R3N2/2Q2PPP/5RK1","stockfishScores":{"wn":0.5003571428571428}},{"fenStr":"r1br2k1/1p2qPpp/8/2p5/1bB1P3/1R3N2/2Q2PPP/5RK1","stockfishScores":{"bn":0.5139285714285714}},{"fenStr":"r1br1k2/1p2qPpp/8/2p5/1bB1P3/1R3N2/2Q2PPP/5RK1","stockfishScores":{"wn":0.5135714285714286}},{"fenStr":"r1br1k2/1p2qPpp/8/2p1P3/1bB5/1R3N2/2Q2PPP/5RK1","stockfishScores":{"bn":0.5170238095238096}},{"fenStr":"r2r1k2/1p2qPpp/4b3/2p1P3/1bB5/1R3N2/2Q2PPP/5RK1","stockfishScores":{"wn":0.5127380952380952}},{"fenStr":"r2r1k2/1p2qPpQ/4b3/2p1P3/1bB5/1R3N2/5PPP/5RK1","stockfishScores":{"bn":0.5351785714285714}},{"fenStr":"r2r1k2/1p2qPpQ/8/2p1P3/1bb5/1R3N2/5PPP/5RK1","stockfishScores":{"wn":0.48970238095238094}},{"fenStr":"r2r1kQ1/1p2qPp1/8/2p1P3/1bb5/1R3N2/5PPP/5RK1","stockfishScores":{"bn":0.475297619047619}}],"result":{"ww":true}}