{"fens":[{"fenStr":"rnbqkbnr/pppppppp/8/8/4P3/8/PPPP1PPP/RNBQKBNR","stockfishScores":{"bn":0.5049404761904762}},{"fenStr":"rnbqkbnr/pppp1ppp/4p3/8/4P3/8/PPPP1PPP/RNBQKBNR","stockfishScores":{"wn":0.5002380952380953}},{"fenStr":"rnbqkbnr/pppp1ppp/4p3/8/3PP3/8/PPP2PPP/RNBQKBNR","stockfishScores":{"bn":0.5058928571428571}},{"fenStr":"rnbqkbnr/ppp2ppp/4p3/3p4/3PP3/8/PPP2PPP/RNBQKBNR","stockfishScores":{"wn":0.5010119047619047}},{"fenStr":"rnbqkbnr/ppp2ppp/4p3/3p4/3PP3/8/PPPN1PPP/R1BQKBNR","stockfishScores":{"bn":0.5027380952380952}},{"fenStr":"r1bqkbnr/ppp2ppp/2n1p3/3p4/3PP3/8/PPPN1PPP/R1BQKBNR","stockfishScores":{"wn":0.4992261904761905}},{"fenStr":"r1bqkbnr/ppp2ppp/2n1p3/3p4/3PP3/5N2/PPPN1PPP/R1BQKB1R","stockfishScores":{"bn":0.5036309523809523}},{"fenStr":"r1bqkb1r/ppp2ppp/2n1pn2/3p4/3PP3/5N2/PPPN1PPP/R1BQKB1R","stockfishScores":{"wn":0.5026785714285714}},{"fenStr":"r1bqkb1r/ppp2ppp/2n1pn2/3pP3/3P4/5N2/PPPN1PPP/R1BQKB1R","stockfishScores":{"bn":0.50625}},{"fenStr":"r1bqkb1r/pppn1ppp/2n1p3/3pP3/3P4/5N2/PPPN1PPP/R1BQKB1R","stockfishScores":{"wn":0.5016071428571428}},{"fenStr":"r1bqkb1r/pppn1ppp/2n1p3/3pP3/3P4/3B1N2/PPPN1PPP/R1BQK2R","stockfishScores":{"bn":0.5014880952380952}},{"fenStr":"r1bqk2r/pppnbppp/2n1p3/3pP3/3P4/3B1N2/PPPN1PPP/R1BQK2R","stockfishScores":{"wn":0.5022023809523809}},{"fenStr":"r1bqk2r/pppnbppp/2n1p3/3pP3/3P4/3B1N2/PPPN1PPP/R1BQ1RK1","stockfishScores":{"bn":0.5133928571428571}},{"fenStr":"r1bq1rk1/pppnbppp/2n1p3/3pP3/3P4/3B1N2/PPPN1PPP/R1BQ1RK1","stockfishScores":{"wn":0.5044642857142857}},{"fenStr":"r1bq1rk1/pppnbppp/2n1p3/3pP3/3P4/3B1N2/PPPN1PPP/R1BQR1K1","stockfishScores":{"bn":0.5036904761904762}},{"fenStr":"r1bq1rk1/pppnb1pp/2n1pp2/3pP3/3P4/3B1N2/PPPN1PPP/R1BQR1K1","stockfishScores":{"wn":0.5058928571428571}},{"fenStr":"r1bq1rk1/pppnb1pp/2n1pP2/3p4/3P4/3B1N2/PPPN1PPP/R1BQR1K1","stockfishScores":{"bn":0.5264880952380953}},{"fenStr":"r1bq1rk1/pppn2pp/2n1pb2/3p4/3P4/3B1N2/PPPN1PPP/R1BQR1K1","stockfishScores":{"wn":0.5068452380952381}},{"fenStr":"r1bq1rk1/pppn2pp/2n1Rb2/3p4/3P4/3B1N2/PPPN1PPP/R1BQ2K1","stockfishScores":{"bn":0.5128571428571429}},{"fenStr":"r1bq1rk1/pppn2pp/4Rb2/3p4/3n4/3B1N2/PPPN1PPP/R1BQ2K1","stockfishScores":{"wn":0.5001785714285715}},{"fenStr":"r1bq1rk1/pppn2pp/4Rb2/3p4/3N4/3B4/PPPN1PPP/R1BQ2K1","stockfishScores":{"bn":0.5276190476190477}},{"fenStr":"r1bq1rk1/pppn2pp/4R3/3p4/3b4/3B4/PPPN1PPP/R1BQ2K1","stockfishScores":{"wn":0.4979166666666667}},{"fenStr":"r1bq1rk1/pppn2pp/4R3/3p3Q/3b4/3B4/PPPN1PPP/R1B3K1","stockfishScores":{"bn":0.5251785714285714}},{"fenStr":"r1bq1rk1/pppn2pp/4R3/3p3Q/8/3B4/PPPN1bPP/R1B3K1","stockfishScores":{"wn":0.52}},{"fenStr":"r1bq1rk1/pppn2pp/4R3/3p3Q/8/3B4/PPPN1bPP/R1B4K","stockfishScores":{"bn":0.5176190476190476}},{"fenStr":"r1b2rk1/pppn2pp/4R3/3p3Q/7q/3B4/PPPN1bPP/R1B4K","stockfishScores":{"wn":0.5073809523809524}},{"fenStr":"r1b2rk1/pppn2pp/4R3/3Q4/7q/3B4/PPPN1bPP/R1B4K","stockfishScores":{"bn":0.49238095238095236}},{"fenStr":"r1b2rk1/pp1n2pp/2p1R3/3Q4/7q/3B4/PPPN1bPP/R1B4K","stockfishScores":{"wn":0.4882142857142857}},{"fenStr":"r1b2rk1/pp1n2pp/2R5/3Q4/7q/3B4/PPPN1bPP/R1B4K","stockfishScores":{"bn":0.5045238095238095}},{"fenStr":"r1b2r1k/pp1n2pp/2R5/3Q4/7q/3B4/PPPN1bPP/R1B4K","stockfishScores":{"wn":0.49464285714285716}},{"fenStr":"r1R2r1k/pp1n2pp/8/3Q4/7q/3B4/PPPN1bPP/R1B4K","stockfishScores":{"bn":0.5332142857142858}},{"fenStr":"2r2r1k/pp1n2pp/8/3Q4/7q/3B4/PPPN1bPP/R1B4K","stockfishScores":{"wn":0.4851190476190476}},{"fenStr":"2r2r1k/pp1Q2pp/8/8/7q/3B4/PPPN1bPP/R1B4K","stockfishScores":{"bn":0.50875}},{"fenStr":"3r1r1k/pp1Q2pp/8/8/7q/3B4/PPPN1bPP/R1B4K","stockfishScores":{"wn":0.5035714285714286}},{"fenStr":"3r1r1k/pp4pp/8/8/7q/3B3Q/PPPN1bPP/R1B4K","stockfishScores":{"bn":0.5111309523809524}},{"fenStr":"4rr1k/pp4pp/8/8/7q/3B3Q/PPPN1bPP/R1B4K","stockfishScores":{"wn":0.4980952380952381}},{"fenStr":"4rr1k/pp4pp/8/8/4N2q/3B3Q/PPP2bPP/R1B4K","stockfishScores":{"bn":0.516547619047619}},{"fenStr":"5r1k/pp4pp/8/8/4r2q/3B3Q/PPP2bPP/R1B4K","stockfishScores":{"wn":0.4785714285714286}},{"fenStr":"5r1k/pp4pp/8/8/4B2q/7Q/PPP2bPP/R1B4K","stockfishScores":{"bn":0.5285119047619048}},{"fenStr":"5r1k/pp4pp/8/8/4q3/7Q/PPP2bPP/R1B4K","stockfishScores":{"wn":0.4864880952380952}},{"fenStr":"5r1k/pp4pp/8/8/4q3/7Q/PPPB1bPP/R6K","stockfishScores":{"bn":0.49773809523809526}},{"fenStr":"5r1k/pp4pp/8/8/4q3/7Q/PPPB2PP/R3b2K","stockfishScores":{"wn":0.495}},{"fenStr":"5r1k/pp4pp/8/8/4q3/4B2Q/PPP3PP/R3b2K","stockfishScores":{"bn":0.49589285714285714}},{"fenStr":"7k/pp4pp/8/8/4q3/4B2Q/PPP3PP/R3br1K","stockfishScores":{"wn":0.5066666666666667}},{"fenStr":"7k/pp4pp/8/8/4q3/7Q/PPP3PP/R3brBK","stockfishScores":{"bn":0.49339285714285713}},{"fenStr":"7k/pp4pp/8/8/8/7Q/PPq3PP/R3brBK","stockfishScores":{"wn":0.4925}},{"fenStr":"7k/pp4pp/8/8/8/4Q3/PPq3PP/R3brBK","stockfishScores":{"bn":0.49726190476190474}},{"fenStr":"7k/pp4p1/7p/8/8/4Q3/PPq3PP/R3brBK","stockfishScores":{"wn":0.49785714285714283}},{"fenStr":"7k/pp4p1/7p/8/8/4Q3/PPq3PP/4RrBK","stockfishScores":{"bn":0.5344642857142857}},{"fenStr":"7k/pp4p1/7p/8/8/4Q3/PPq3PP/4r1BK","stockfishScores":{"wn":0.4779761904761905}},{"fenStr":"7k/pp4p1/7p/8/8/8/PPq3PP/4Q1BK","stockfishScores":{"bn":0.525}},{"fenStr":"7k/pp4p1/7p/8/8/8/Pq4PP/4Q1BK","stockfishScores":{"wn":0.5192261904761905}},{"fenStr":"4Q2k/pp4p1/7p/8/8/8/Pq4PP/6BK","stockfishScores":{"bn":0.5239880952380952}},{"fenStr":"4Q3/pp4pk/7p/8/8/8/Pq4PP/6BK","stockfishScores":{"wn":0.5248214285714285}},{"fenStr":"8/pp4pk/7p/8/4Q3/8/Pq4PP/6BK","stockfishScores":{"bn":0.5238095238095238}},{"fenStr":"7k/pp4p1/7p/8/4Q3/8/Pq4PP/6BK","stockfishScores":{"wn":0.5256547619047619}},{"fenStr":"7k/pp4p1/7p/8/P3Q3/8/1q4PP/6BK","stockfishScores":{"bn":0.5258333333333334}},{"fenStr":"7k/1p4p1/p6p/8/P3Q3/8/1q4PP/6BK","stockfishScores":{"wn":0.5252976190476191}},{"fenStr":"7k/1p4p1/p6p/P7/4Q3/8/1q4PP/6BK","stockfishScores":{"bn":0.5255357142857143}},{"fenStr":"7k/1p4p1/p6p/Pq6/4Q3/8/6PP/6BK","stockfishScores":{"wn":0.5208928571428572}},{"fenStr":"7k/1p4p1/p6p/Pq6/8/8/6PP/4Q1BK","stockfishScores":{"bn":0.5180357142857143}},{"fenStr":"7k/1p4p1/p6p/P2q4/8/8/6PP/4Q1BK","stockfishScores":{"wn":0.5172619047619048}},{"fenStr":"7k/1p4p1/p6p/P2q4/8/7P/6P1/4Q1BK","stockfishScores":{"bn":0.5167261904761905}},{"fenStr":"7k/1p6/p6p/P2q2p1/8/7P/6P1/4Q1BK","stockfishScores":{"wn":0.518452380952381}},{"fenStr":"7k/1p6/p6p/P2q2p1/8/7P/6PB/4Q2K","stockfishScores":{"bn":0.5169642857142858}},{"fenStr":"8/1p5k/p6p/P2q2p1/8/7P/6PB/4Q2K","stockfishScores":{"wn":0.5167261904761905}},{"fenStr":"8/1p2Q2k/p6p/P2q2p1/8/7P/6PB/7K","stockfishScores":{"bn":0.51625}},{"fenStr":"8/1p2Q3/p5kp/P2q2p1/8/7P/6PB/7K","stockfishScores":{"wn":0.5191666666666667}},{"fenStr":"8/1p2Q3/p5kp/P2qB1p1/8/7P/6P1/7K","stockfishScores":{"bn":0.5221428571428571}},{"fenStr":"8/1p2Q3/p6p/P2qBkp1/8/7P/6P1/7K","stockfishScores":{"wn":0.5211904761904762}},{"fenStr":"8/1p2Q1B1/p6p/P2q1kp1/8/7P/6P1/7K","stockfishScores":{"bn":0.5241666666666667}},{"fenStr":"8/1p2Q1B1/p6p/q4kp1/8/7P/6P1/7K","stockfishScores":{"wn":0.5254761904761904}},{"fenStr":"8/1p4B1/p4Q1p/q4kp1/8/7P/6P1/7K","stockfishScores":{"bn":0.5164285714285715}},{"fenStr":"8/1p4B1/p4Q1p/q5p1/4k3/7P/6P1/7K","stockfishScores":{"wn":0.5229761904761905}},{"fenStr":"8/1p4B1/p6p/q5p1/4k3/5Q1P/6P1/7K","stockfishScores":{"bn":0.5243452380952381}}],"result":{"ww":true}}