{"fens":[{"fenStr":"rnbqkbnr/pppppppp/8/8/4P3/8/PPPP1PPP/RNBQKBNR","stockfishScores":{"bn":0.5049404761904762}},{"fenStr":"rnbqkbnr/pppp1ppp/8/4p3/4P3/8/PPPP1PPP/RNBQKBNR","stockfishScores":{"wn":0.5005952380952381}},{"fenStr":"rnbqkbnr/pppp1ppp/8/4p3/4P3/5N2/PPPP1PPP/RNBQKB1R","stockfishScores":{"bn":0.5044047619047619}},{"fenStr":"r1bqkbnr/pppp1ppp/2n5/4p3/4P3/5N2/PPPP1PPP/RNBQKB1R","stockfishScores":{"wn":0.5004166666666666}},{"fenStr":"r1bqkbnr/pppp1ppp/2n5/4p3/2B1P3/5N2/PPPP1PPP/RNBQK2R","stockfishScores":{"bn":0.5013095238095238}},{"fenStr":"r1bqk1nr/pppp1ppp/2n5/2b1p3/2B1P3/5N2/PPPP1PPP/RNBQK2R","stockfishScores":{"wn":0.5001785714285715}},{"fenStr":"r1bqk1nr/pppp1ppp/2n5/2b1p3/2B1P3/2P2N2/PP1P1PPP/RNBQK2R","stockfishScores":{"bn":0.5019642857142858}},{"fenStr":"r1bqk2r/pppp1ppp/2n2n2/2b1p3/2B1P3/2P2N2/PP1P1PPP/RNBQK2R","stockfishScores":{"wn":0.4980952380952381}},{"fenStr":"r1bqk2r/pppp1ppp/2n2n2/2b1p3/2BPP3/2P2N2/PP3PPP/RNBQK2R","stockfishScores":{"bn":0.5150595238095238}},{"fenStr":"r1bqk2r/pppp1ppp/1bn2n2/4p3/2BPP3/2P2N2/PP3PPP/RNBQK2R","stockfishScores":{"wn":0.510297619047619}},{"fenStr":"r1bqk2r/pppp1ppp/1bn2n2/4P3/2B1P3/2P2N2/PP3PPP/RNBQK2R","stockfishScores":{"bn":0.5188690476190476}},{"fenStr":"r1bqk2r/pppp1ppp/1bn5/4P3/2B1n3/2P2N2/PP3PPP/RNBQK2R","stockfishScores":{"wn":0.5043452380952381}},{"fenStr":"r1bqk2r/pppp1ppp/1bn5/3QP3/2B1n3/2P2N2/PP3PPP/RNB1K2R","stockfishScores":{"bn":0.5298809523809523}},{"fenStr":"r1bqk2r/pppp1ppp/2n5/3QP3/2B1n3/2P2N2/PP3bPP/RNB1K2R","stockfishScores":{"wn":0.5246428571428572}},{"fenStr":"r1bqk2r/pppp1ppp/2n5/3QP3/2B1n3/2P2N2/PP2KbPP/RNB4R","stockfishScores":{"bn":0.525952380952381}},{"fenStr":"r1bqk2r/pppp1ppp/2n5/3QP3/2B5/2n2N2/PP2KbPP/RNB4R","stockfishScores":{"wn":0.5227380952380952}},{"fenStr":"r1bqk2r/pppp1ppp/2n5/3QP3/2B5/2N2N2/PP2KbPP/R1B4R","stockfishScores":{"bn":0.5554166666666667}},{"fenStr":"r1b1k2r/ppppqppp/2n5/3QP3/2B5/2N2N2/PP2KbPP/R1B4R","stockfishScores":{"wn":0.5289285714285714}},{"fenStr":"r1b1k2r/ppppqppp/2n5/3QP3/2B5/2N2N2/PP3KPP/R1B4R","stockfishScores":{"bn":0.5441666666666667}},{"fenStr":"r1b2rk1/ppppqppp/2n5/3QP3/2B5/2N2N2/PP3KPP/R1B4R","stockfishScores":{"wn":0.5504761904761905}},{"fenStr":"r1b2rk1/ppppqppp/2n5/4P3/2B1Q3/2N2N2/PP3KPP/R1B4R","stockfishScores":{"bn":0.5542857142857143}},{"fenStr":"r1b2rk1/pppp1ppp/2n5/2q1P3/2B1Q3/2N2N2/PP3KPP/R1B4R","stockfishScores":{"wn":0.5499404761904761}},{"fenStr":"r1b2rk1/pppp1ppp/2n5/2q1P3/2B1Q3/2N1BN2/PP3KPP/R6R","stockfishScores":{"bn":0.5436904761904762}},{"fenStr":"r1b2rk1/pppp1ppp/2n5/4P3/1qB1Q3/2N1BN2/PP3KPP/R6R","stockfishScores":{"wn":0.5439285714285714}},{"fenStr":"r1b2rk1/pppp1ppp/2n5/4P3/1q2Q3/1BN1BN2/PP3KPP/R6R","stockfishScores":{"bn":0.5439880952380952}},{"fenStr":"r1b2rk1/pppp1ppp/2n5/4P3/4q3/1BN1BN2/PP3KPP/R6R","stockfishScores":{"wn":0.4756547619047619}},{"fenStr":"r1b2rk1/pppp1ppp/2n5/4P3/4N3/1B2BN2/PP3KPP/R6R","stockfishScores":{"bn":0.5448214285714286}},{"fenStr":"r1b2rk1/p1pp1ppp/1pn5/4P3/4N3/1B2BN2/PP3KPP/R6R","stockfishScores":{"wn":0.5444642857142857}},{"fenStr":"r1b2rk1/p1pp1ppp/1pn5/4P3/4N3/1B2BN2/PP3KPP/R4R2","stockfishScores":{"bn":0.544702380952381}},{"fenStr":"r4rk1/pbpp1ppp/1pn5/4P3/4N3/1B2BN2/PP3KPP/R4R2","stockfishScores":{"wn":0.5439880952380952}},{"fenStr":"r4rk1/pbpp1ppp/1pn5/3BP3/4N3/4BN2/PP3KPP/R4R2","stockfishScores":{"bn":0.544345238095238}},{"fenStr":"r4rk1/p1pp1ppp/bpn5/3BP3/4N3/4BN2/PP3KPP/R4R2","stockfishScores":{"wn":0.5447619047619048}},{"fenStr":"r4rk1/p1pp1ppp/bpn5/3BP3/4N3/4BN2/PP3KPP/R2R4","stockfishScores":{"bn":0.5449404761904761}},{"fenStr":"r4rk1/p1pp1ppp/1pn5/1b1BP3/4N3/4BN2/PP3KPP/R2R4","stockfishScores":{"wn":0.544404761904762}},{"fenStr":"r4rk1/p1pp1ppp/1pn5/1b1BP3/P3N3/4BN2/1P3KPP/R2R4","stockfishScores":{"bn":0.5442857142857143}},{"fenStr":"r4rk1/p1pp1ppp/bpn5/3BP3/P3N3/4BN2/1P3KPP/R2R4","stockfishScores":{"wn":0.5448214285714286}},{"fenStr":"r4rk1/p1pp1ppp/bpn5/3BP3/PP2N3/4BN2/5KPP/R2R4","stockfishScores":{"bn":0.5453571428571429}},{"fenStr":"r4rk1/p1pp1ppp/b1n5/1p1BP3/PP2N3/4BN2/5KPP/R2R4","stockfishScores":{"wn":0.5461309523809523}},{"fenStr":"r4rk1/p1pp1ppp/b1n5/1pNBP3/PP6/4BN2/5KPP/R2R4","stockfishScores":{"bn":0.5455952380952381}},{"fenStr":"r4rk1/p1pp1ppp/b1n5/2NBP3/pP6/4BN2/5KPP/R2R4","stockfishScores":{"wn":0.549702380952381}},{"fenStr":"r4rk1/p1pp1ppp/N1n5/3BP3/pP6/4BN2/5KPP/R2R4","stockfishScores":{"bn":0.5639880952380952}},{"fenStr":"2r2rk1/p1pp1ppp/N1n5/3BP3/pP6/4BN2/5KPP/R2R4","stockfishScores":{"wn":0.56375}},{"fenStr":"2r2rk1/p1pp1ppp/N1n5/3BP1N1/pP6/4B3/5KPP/R2R4","stockfishScores":{"bn":0.5636904761904762}},{"fenStr":"2r2rk1/p1pp1ppp/N7/3Bn1N1/pP6/4B3/5KPP/R2R4","stockfishScores":{"wn":0.55625}},{"fenStr":"2r2rk1/pBpp1ppp/N7/4n1N1/pP6/4B3/5KPP/R2R4","stockfishScores":{"bn":0.5552976190476191}},{"fenStr":"4rrk1/pBpp1ppp/N7/4n1N1/pP6/4B3/5KPP/R2R4","stockfishScores":{"wn":0.5551190476190476}},{"fenStr":"4rrk1/pBpp1ppp/N7/4n3/pP2N3/4B3/5KPP/R2R4","stockfishScores":{"bn":0.5563690476190476}},{"fenStr":"4rrk1/pB1p1ppp/N1p5/4n3/pP2N3/4B3/5KPP/R2R4","stockfishScores":{"wn":0.555952380952381}},{"fenStr":"4rrk1/pB1p1ppp/2p5/2N1n3/pP2N3/4B3/5KPP/R2R4","stockfishScores":{"bn":0.5575}},{"fenStr":"4rrk1/pB1p1ppp/2p5/2N5/pP2N1n1/4B3/5KPP/R2R4","stockfishScores":{"wn":0.5588095238095239}},{"fenStr":"4rrk1/pB1p1ppp/2p5/2N5/pP2N1n1/4B3/4K1PP/R2R4","stockfishScores":{"bn":0.5578571428571428}},{"fenStr":"5rk1/pB1p1ppp/2p5/2N1r3/pP2N1n1/4B3/4K1PP/R2R4","stockfishScores":{"wn":0.5579761904761905}},{"fenStr":"5rk1/pB1R1ppp/2p5/2N1r3/pP2N1n1/4B3/4K1PP/R7","stockfishScores":{"bn":0.5649404761904762}},{"fenStr":"5rk1/pB1R1ppp/2p5/2N2r2/pP2N1n1/4B3/4K1PP/R7","stockfishScores":{"wn":0.5649404761904762}},{"fenStr":"5rk1/p2R1ppp/2B5/2N2r2/pP2N1n1/4B3/4K1PP/R7","stockfishScores":{"bn":0.5708928571428571}},{"fenStr":"5rk1/p2R1ppp/2B5/2N2r2/pP2N3/4B3/4K1Pn/R7","stockfishScores":{"wn":0.565952380952381}},{"fenStr":"5rk1/p2R1ppp/2B5/2N2r2/pP2N3/4B3/4K1Pn/3R4","stockfishScores":{"bn":0.5663095238095238}},{"fenStr":"5rk1/p2R1p1p/2B3p1/2N2r2/pP2N3/4B3/4K1Pn/3R4","stockfishScores":{"wn":0.56625}},{"fenStr":"3R1rk1/p4p1p/2B3p1/2N2r2/pP2N3/4B3/4K1Pn/3R4","stockfishScores":{"bn":0.5661904761904761}},{"fenStr":"3r2k1/p4p1p/2B3p1/2N2r2/pP2N3/4B3/4K1Pn/3R4","stockfishScores":{"wn":0.5292857142857142}},{"fenStr":"3R2k1/p4p1p/2B3p1/2N2r2/pP2N3/4B3/4K1Pn/8","stockfishScores":{"bn":0.5654166666666667}},{"fenStr":"3R4/p4pkp/2B3p1/2N2r2/pP2N3/4B3/4K1Pn/8","stockfishScores":{"wn":0.5648809523809524}},{"fenStr":"8/p2R1pkp/2B3p1/2N2r2/pP2N3/4B3/4K1Pn/8","stockfishScores":{"bn":0.565}},{"fenStr":"8/p2R1pkp/2B3p1/2N2r2/pP2N1n1/4B3/4K1P1/8","stockfishScores":{"wn":0.5632142857142857}},{"fenStr":"8/p2R1pkp/2B1N1p1/5r2/pP2N1n1/4B3/4K1P1/8","stockfishScores":{"bn":0.5636309523809524}},{"fenStr":"6k1/p2R1p1p/2B1N1p1/5r2/pP2N1n1/4B3/4K1P1/8","stockfishScores":{"wn":0.5641666666666667}},{"fenStr":"3R2k1/p4p1p/2B1N1p1/5r2/pP2N1n1/4B3/4K1P1/8","stockfishScores":{"bn":0.564047619047619}}],"result":{"ww":true}}