{"fens":[{"fenStr":"rnbqkbnr/pppppppp/8/8/4P3/8/PPPP1PPP/RNBQKBNR","stockfishScores":{"bn":0.5049404761904762}},{"fenStr":"rnbqkbnr/pp1ppppp/2p5/8/4P3/8/PPPP1PPP/RNBQKBNR","stockfishScores":{"wn":0.5039880952380953}},{"fenStr":"rnbqkbnr/pp1ppppp/2p5/8/3PP3/8/PPP2PPP/RNBQKBNR","stockfishScores":{"bn":0.5090476190476191}},{"fenStr":"rnbqkbnr/pp2pppp/2p5/3p4/3PP3/8/PPP2PPP/RNBQKBNR","stockfishScores":{"wn":0.5023214285714286}},{"fenStr":"rnbqkbnr/pp2pppp/2p5/3P4/3P4/8/PPP2PPP/RNBQKBNR","stockfishScores":{"bn":0.5069642857142858}},{"fenStr":"rnbqkbnr/pp2pppp/8/3p4/3P4/8/PPP2PPP/RNBQKBNR","stockfishScores":{"wn":0.5026785714285714}},{"fenStr":"rnbqkbnr/pp2pppp/8/3p4/2PP4/8/PP3PPP/RNBQKBNR","stockfishScores":{"bn":0.5046428571428572}},{"fenStr":"rnbqkb1r/pp2pppp/5n2/3p4/2PP4/8/PP3PPP/RNBQKBNR","stockfishScores":{"wn":0.4994642857142857}},{"fenStr":"rnbqkb1r/pp2pppp/5n2/3p4/2PP4/2N5/PP3PPP/R1BQKBNR","stockfishScores":{"bn":0.5023809523809524}},{"fenStr":"rnbqkb1r/pp3ppp/4pn2/3p4/2PP4/2N5/PP3PPP/R1BQKBNR","stockfishScores":{"wn":0.5022023809523809}},{"fenStr":"rnbqkb1r/pp3ppp/4pn2/3p4/2PP4/2N2N2/PP3PPP/R1BQKB1R","stockfishScores":{"bn":0.5049404761904762}},{"fenStr":"rnbqk2r/pp2bppp/4pn2/3p4/2PP4/2N2N2/PP3PPP/R1BQKB1R","stockfishScores":{"wn":0.5054761904761905}},{"fenStr":"rnbqk2r/pp2bppp/4pn2/3p4/2PP1B2/2N2N2/PP3PPP/R2QKB1R","stockfishScores":{"bn":0.5135714285714286}},{"fenStr":"rnbq1rk1/pp2bppp/4pn2/3p4/2PP1B2/2N2N2/PP3PPP/R2QKB1R","stockfishScores":{"wn":0.49720238095238095}},{"fenStr":"rnbq1rk1/pp2bppp/4pn2/2Pp4/3P1B2/2N2N2/PP3PPP/R2QKB1R","stockfishScores":{"bn":0.49702380952380953}},{"fenStr":"rnbq1rk1/p3bppp/1p2pn2/2Pp4/3P1B2/2N2N2/PP3PPP/R2QKB1R","stockfishScores":{"wn":0.4992261904761905}},{"fenStr":"rnbq1rk1/p3bppp/1p2pn2/2Pp4/1P1P1B2/2N2N2/P4PPP/R2QKB1R","stockfishScores":{"bn":0.4976785714285714}},{"fenStr":"rnbq1rk1/p3bppp/1p2p3/2Pp4/1P1PnB2/2N2N2/P4PPP/R2QKB1R","stockfishScores":{"wn":0.49178571428571427}},{"fenStr":"rnbq1rk1/p3bppp/1p2p3/2Pp4/1P1PnB2/2N2N2/P1Q2PPP/R3KB1R","stockfishScores":{"bn":0.49529761904761904}},{"fenStr":"rnbq1rk1/p3b1pp/1p2p3/2Pp1p2/1P1PnB2/2N2N2/P1Q2PPP/R3KB1R","stockfishScores":{"wn":0.5001190476190476}},{"fenStr":"rnbq1rk1/p3b1pp/1p2p3/2Pp1p2/1P1PnB2/2NB1N2/P1Q2PPP/R3K2R","stockfishScores":{"bn":0.49988095238095237}},{"fenStr":"r1bq1rk1/p3b1pp/1pn1p3/2Pp1p2/1P1PnB2/2NB1N2/P1Q2PPP/R3K2R","stockfishScores":{"wn":0.49279761904761904}},{"fenStr":"r1bq1rk1/p3b1pp/1pn1p3/2Pp1p2/1P1PnB2/2NB1N2/P1Q2PPP/1R2K2R","stockfishScores":{"bn":0.4942857142857143}},{"fenStr":"r1bq1rk1/p5pp/1pn1pb2/2Pp1p2/1P1PnB2/2NB1N2/P1Q2PPP/1R2K2R","stockfishScores":{"wn":0.49297619047619046}},{"fenStr":"r1bq1rk1/p5pp/1pn1pb2/1NPp1p2/1P1PnB2/3B1N2/P1Q2PPP/1R2K2R","stockfishScores":{"bn":0.4932142857142857}},{"fenStr":"r2q1rk1/p2b2pp/1pn1pb2/1NPp1p2/1P1PnB2/3B1N2/P1Q2PPP/1R2K2R","stockfishScores":{"wn":0.49333333333333335}},{"fenStr":"r2q1rk1/p1Bb2pp/1pn1pb2/1NPp1p2/1P1Pn3/3B1N2/P1Q2PPP/1R2K2R","stockfishScores":{"bn":0.49101190476190476}},{"fenStr":"r4rk1/p1Bbq1pp/1pn1pb2/1NPp1p2/1P1Pn3/3B1N2/P1Q2PPP/1R2K2R","stockfishScores":{"wn":0.49166666666666664}},{"fenStr":"r4rk1/p1Bbq1pp/1pn1pb2/1NPp1p2/1P1PB3/5N2/P1Q2PPP/1R2K2R","stockfishScores":{"bn":0.5114880952380952}},{"fenStr":"r4rk1/p1Bbq1pp/1pn1pb2/1NPp4/1P1Pp3/5N2/P1Q2PPP/1R2K2R","stockfishScores":{"wn":0.48029761904761903}},{"fenStr":"r4rk1/p2bq1pp/1pnBpb2/1NPp4/1P1Pp3/5N2/P1Q2PPP/1R2K2R","stockfishScores":{"bn":0.48214285714285715}},{"fenStr":"r4rk1/p2b1qpp/1pnBpb2/1NPp4/1P1Pp3/5N2/P1Q2PPP/1R2K2R","stockfishScores":{"wn":0.48178571428571426}},{"fenStr":"r4Bk1/p2b1qpp/1pn1pb2/1NPp4/1P1Pp3/5N2/P1Q2PPP/1R2K2R","stockfishScores":{"bn":0.5099404761904762}},{"fenStr":"5rk1/p2b1qpp/1pn1pb2/1NPp4/1P1Pp3/5N2/P1Q2PPP/1R2K2R","stockfishScores":{"wn":0.4936309523809524}},{"fenStr":"5rk1/p2b1qpp/1pnNpb2/2Pp4/1P1Pp3/5N2/P1Q2PPP/1R2K2R","stockfishScores":{"bn":0.49892857142857144}},{"fenStr":"5rk1/p2b2pp/1pnNpbq1/2Pp4/1P1Pp3/5N2/P1Q2PPP/1R2K2R","stockfishScores":{"wn":0.4949404761904762}},{"fenStr":"5rk1/p2b2pp/1pnNpbq1/1PPp4/3Pp3/5N2/P1Q2PPP/1R2K2R","stockfishScores":{"bn":0.49851190476190477}},{"fenStr":"5rk1/p2b2pp/1pnNpb2/1PPp4/3Pp3/5N2/P1Q2PqP/1R2K2R","stockfishScores":{"wn":0.48035714285714287}},{"fenStr":"5rk1/p2b2pp/1pnNpb2/1PPp4/3Pp3/5N2/P1Q2PqP/1R2K1R1","stockfishScores":{"bn":0.5024404761904762}},{"fenStr":"5rk1/p2b2pp/1pnNpb2/1PPp4/3Pp3/5q2/P1Q2P1P/1R2K1R1","stockfishScores":{"wn":0.4730952380952381}},{"fenStr":"5rk1/p2b2pp/1pPNpb2/2Pp4/3Pp3/5q2/P1Q2P1P/1R2K1R1","stockfishScores":{"bn":0.5035714285714286}},{"fenStr":"5rk1/p2b2pp/1pPNp3/2Pp4/3bp3/5q2/P1Q2P1P/1R2K1R1","stockfishScores":{"wn":0.47636904761904764}},{"fenStr":"5rk1/p2b2pp/1pPNp3/2Pp4/3bp3/1R3q2/P1Q2P1P/4K1R1","stockfishScores":{"bn":0.48505952380952383}},{"fenStr":"5rk1/p2b2pp/1pPNp3/2Pp4/4p3/1R3q2/P1Q2b1P/4K1R1","stockfishScores":{"wn":0.48029761904761903}},{"fenStr":"5rk1/p2b2pp/1pPNp3/2Pp4/4p3/1R3q2/P1QK1b1P/6R1","stockfishScores":{"bn":0.45958333333333334}},{"fenStr":"5rk1/p2b2pp/1pPNp3/2Pp4/8/1R2pq2/P1QK1b1P/6R1","stockfishScores":{"wn":0.4801190476190476}},{"fenStr":"5rk1/p2b2pp/1pPNp3/2Pp4/8/1R2pq2/P1Q2b1P/2K3R1","stockfishScores":{"bn":0.4901190476190476}},{"fenStr":"5rk1/p2b2pp/1pPNp3/2Pp4/8/1R2pq2/P1Q4P/2K3b1","stockfishScores":{"wn":0.45011904761904764}},{"fenStr":"5rk1/p2P2pp/1p1Np3/2Pp4/8/1R2pq2/P1Q4P/2K3b1","stockfishScores":{"bn":0.46982142857142856}},{"fenStr":"5rk1/p2P2pp/1p1Np3/2Pp4/8/1R2p3/P1Q4P/2K2qb1","stockfishScores":{"wn":0.48029761904761903}},{"fenStr":"5rk1/p2P2pp/1p1Np3/2Pp4/8/1R2p3/PKQ4P/5qb1","stockfishScores":{"bn":0.47}},{"fenStr":"5rk1/p2P2pp/1p1Np3/2Pp4/8/1R6/PKQ1p2P/5qb1","stockfishScores":{"wn":0.4594642857142857}},{"fenStr":"5rk1/p2P2pp/1pPNp3/3p4/8/1R6/PKQ1p2P/5qb1","stockfishScores":{"bn":0.46863095238095237}},{"fenStr":"5rk1/p2P2pp/1pPNp3/3p4/8/1R6/PKQ4P/4qqb1","stockfishScores":{"wn":0.4185714285714286}},{"fenStr":"5rk1/p1PP2pp/1p1Np3/3p4/8/1R6/PKQ4P/4qqb1","stockfishScores":{"bn":0.4275}},{"fenStr":"5rk1/p1PP2pp/1p1Np3/3p4/8/1R6/PKQ4P/q4qb1","stockfishScores":{"wn":0.4280357142857143}},{"fenStr":"5rk1/p1PP2pp/1p1Np3/3p4/8/KR6/P1Q4P/q4qb1","stockfishScores":{"bn":0.4263095238095238}},{"fenStr":"5rk1/p1PP2pp/qp1Np3/3p4/8/KR6/P1Q4P/q5b1","stockfishScores":{"wn":0.4263095238095238}},{"fenStr":"5rk1/p1PP2pp/qp1Np3/3p4/1K6/1R6/P1Q4P/q5b1","stockfishScores":{"bn":0.42714285714285716}},{"fenStr":"5rk1/p1PP2pp/1p1Np3/q2p4/1K6/1R6/P1Q4P/q5b1","stockfishScores":{"wn":0.4268452380952381}}],"result":{"bw":true}}