{"fens":[{"fenStr":"rnbqkbnr/pppppppp/8/8/4P3/8/PPPP1PPP/RNBQKBNR","stockfishScores":{"bn":0.5049404761904762}},{"fenStr":"rnbqkbnr/pppp1ppp/4p3/8/4P3/8/PPPP1PPP/RNBQKBNR","stockfishScores":{"wn":0.5002380952380953}},{"fenStr":"rnbqkbnr/pppp1ppp/4p3/8/3PP3/8/PPP2PPP/RNBQKBNR","stockfishScores":{"bn":0.5058928571428571}},{"fenStr":"rnbqkbnr/ppp2ppp/4p3/3p4/3PP3/8/PPP2PPP/RNBQKBNR","stockfishScores":{"wn":0.5010119047619047}},{"fenStr":"rnbqkbnr/ppp2ppp/4p3/3p4/3PP3/2N5/PPP2PPP/R1BQKBNR","stockfishScores":{"bn":0.5042857142857143}},{"fenStr":"rnbqk1nr/ppp1bppp/4p3/3p4/3PP3/2N5/PPP2PPP/R1BQKBNR","stockfishScores":{"wn":0.5050595238095238}},{"fenStr":"rnbqk1nr/ppp1bppp/4p3/3pP3/3P4/2N5/PPP2PPP/R1BQKBNR","stockfishScores":{"bn":0.5074404761904762}},{"fenStr":"rnbqk1nr/pp2bppp/4p3/2ppP3/3P4/2N5/PPP2PPP/R1BQKBNR","stockfishScores":{"wn":0.5055952380952381}},{"fenStr":"rnbqk1nr/pp2bppp/4p3/2ppP3/3P2Q1/2N5/PPP2PPP/R1B1KBNR","stockfishScores":{"bn":0.5047619047619047}},{"fenStr":"rnbqk1nr/pp2bp1p/4p1p1/2ppP3/3P2Q1/2N5/PPP2PPP/R1B1KBNR","stockfishScores":{"wn":0.5048214285714285}},{"fenStr":"rnbqk1nr/pp2bp1p/4p1p1/2ppP3/3P2Q1/2N2N2/PPP2PPP/R1B1KB1R","stockfishScores":{"bn":0.5077380952380952}},{"fenStr":"r1bqk1nr/pp2bp1p/2n1p1p1/2ppP3/3P2Q1/2N2N2/PPP2PPP/R1B1KB1R","stockfishScores":{"wn":0.5023214285714286}},{"fenStr":"r1bqk1nr/pp2bp1p/2n1p1p1/2PpP3/6Q1/2N2N2/PPP2PPP/R1B1KB1R","stockfishScores":{"bn":0.5023214285714286}},{"fenStr":"r1bqk1nr/pp3p1p/2n1p1p1/2bpP3/6Q1/2N2N2/PPP2PPP/R1B1KB1R","stockfishScores":{"wn":0.5007142857142857}},{"fenStr":"r1bqk1nr/pp3p1p/2n1p1p1/2bpP3/6Q1/P1N2N2/1PP2PPP/R1B1KB1R","stockfishScores":{"bn":0.5011309523809524}},{"fenStr":"r1bqk1nr/pp5p/2n1p1p1/2bpPp2/6Q1/P1N2N2/1PP2PPP/R1B1KB1R","stockfishScores":{"wn":0.49839285714285714}},{"fenStr":"r1bqk1nr/pp5p/2n1p1p1/2bpPp2/8/P1N2NQ1/1PP2PPP/R1B1KB1R","stockfishScores":{"bn":0.5055952380952381}},{"fenStr":"r1bqk2r/pp2n2p/2n1p1p1/2bpPp2/8/P1N2NQ1/1PP2PPP/R1B1KB1R","stockfishScores":{"wn":0.49970238095238095}},{"fenStr":"r1bqk2r/pp2n2p/2n1p1p1/2bpPp2/7P/P1N2NQ1/1PP2PP1/R1B1KB1R","stockfishScores":{"bn":0.5022619047619048}},{"fenStr":"r1b1k2r/pp2n2p/1qn1p1p1/2bpPp2/7P/P1N2NQ1/1PP2PP1/R1B1KB1R","stockfishScores":{"wn":0.5044047619047619}},{"fenStr":"r1b1k2r/pp2n2p/1qn1p1p1/2bpPp2/7P/P1NB1NQ1/1PP2PP1/R1B1K2R","stockfishScores":{"bn":0.5036904761904762}},{"fenStr":"r1b1k2r/pp2n2p/1qn1p1p1/2bpP3/5p1P/P1NB1NQ1/1PP2PP1/R1B1K2R","stockfishScores":{"wn":0.5041666666666667}},{"fenStr":"r1b1k2r/pp2n2p/1qn1p1p1/2bpP3/5B1P/P1NB1NQ1/1PP2PP1/R3K2R","stockfishScores":{"bn":0.51125}},{"fenStr":"r1b1k2r/pp2n2p/2n1p1p1/2bpP3/5B1P/P1NB1NQ1/1qP2PP1/R3K2R","stockfishScores":{"wn":0.49648809523809523}},{"fenStr":"r1b1k2r/pp2n2p/2n1p1p1/2bpP3/5B1P/P1NB1NQ1/1qP2PP1/R4RK1","stockfishScores":{"bn":0.5145238095238095}},{"fenStr":"r1b1k2r/pp2n2p/2n1p1p1/2bpP3/5B1P/P1qB1NQ1/2P2PP1/R4RK1","stockfishScores":{"wn":0.48678571428571427}},{"fenStr":"r1b1k2r/pp2n2p/2n1p1p1/2bpP3/7P/P1qB1NQ1/2PB1PP1/R4RK1","stockfishScores":{"bn":0.4911309523809524}},{"fenStr":"r1b1k2r/pp2n2p/2n1p1p1/2bpP3/7P/P2B1NQ1/2PB1PP1/q4RK1","stockfishScores":{"wn":0.4382142857142857}},{"fenStr":"r1b1k2r/pp2n2p/2n1p1p1/2bpP3/7P/P2B1NQ1/2PB1PP1/R5K1","stockfishScores":{"bn":0.5233928571428571}},{"fenStr":"r3k2r/pp1bn2p/2n1p1p1/2bpP3/7P/P2B1NQ1/2PB1PP1/R5K1","stockfishScores":{"wn":0.5223809523809524}},{"fenStr":"r3k2r/pp1bn2p/2n1p1pB/2bpP3/7P/P2B1NQ1/2P2PP1/R5K1","stockfishScores":{"bn":0.5217261904761905}},{"fenStr":"r3k1r1/pp1bn2p/2n1p1pB/2bpP3/7P/P2B1NQ1/2P2PP1/R5K1","stockfishScores":{"wn":0.5202380952380953}},{"fenStr":"r3k1r1/pp1bn2p/2n1p1pB/2bpP1N1/7P/P2B2Q1/2P2PP1/R5K1","stockfishScores":{"bn":0.5273809523809524}},{"fenStr":"r3k1r1/pp1b3p/2n1p1pB/2bpPnN1/7P/P2B2Q1/2P2PP1/R5K1","stockfishScores":{"wn":0.5223214285714286}},{"fenStr":"r3k1r1/pp1b3p/2n1p1pB/2bpPBN1/7P/P5Q1/2P2PP1/R5K1","stockfishScores":{"bn":0.5549404761904762}},{"fenStr":"r3k1r1/pp1b3p/2n1p2B/2bpPpN1/7P/P5Q1/2P2PP1/R5K1","stockfishScores":{"wn":0.5204761904761904}},{"fenStr":"r3k1r1/pp1b3p/2n1p2B/2bpPpN1/5Q1P/P7/2P2PP1/R5K1","stockfishScores":{"bn":0.5213690476190476}},{"fenStr":"2kr2r1/pp1b3p/2n1p2B/2bpPpN1/5Q1P/P7/2P2PP1/R5K1","stockfishScores":{"wn":0.5127380952380952}},{"fenStr":"2kr2r1/pp1b1N1p/2n1p2B/2bpPp2/5Q1P/P7/2P2PP1/R5K1","stockfishScores":{"bn":0.5116666666666667}},{"fenStr":"2kr4/pp1b1N1p/2n1p2B/2bpPp2/5QrP/P7/2P2PP1/R5K1","stockfishScores":{"wn":0.5066071428571428}},{"fenStr":"2kr4/pp1b1N1p/2n1p2B/2bpPp2/6rP/P7/2PQ1PP1/R5K1","stockfishScores":{"bn":0.5091666666666667}},{"fenStr":"2kr4/pp1b1N1p/4p2B/2bpPp2/3n2rP/P7/2PQ1PP1/R5K1","stockfishScores":{"wn":0.513154761904762}},{"fenStr":"2kr4/pp1b1N1p/4p2B/2bpPp2/3n2rP/P7/2P2PP1/R2Q2K1","stockfishScores":{"bn":0.5100595238095238}},{"fenStr":"2k3r1/pp1b1N1p/4p2B/2bpPp2/3n2rP/P7/2P2PP1/R2Q2K1","stockfishScores":{"wn":0.49839285714285714}},{"fenStr":"2k3r1/pp1b1N1p/4p3/2bpPpB1/3n2rP/P7/2P2PP1/R2Q2K1","stockfishScores":{"bn":0.5114880952380952}},{"fenStr":"2k3r1/pp3N1p/4p3/1bbpPpB1/3n2rP/P7/2P2PP1/R2Q2K1","stockfishScores":{"wn":0.5069642857142858}},{"fenStr":"2k3r1/pp3N1p/4p3/1bbpPpB1/3n2rP/P7/2P2PPK/R2Q4","stockfishScores":{"bn":0.5109523809523809}},{"fenStr":"2k3r1/pp3N1p/4p3/2bpPpB1/3n2rP/P7/2P1bPPK/R2Q4","stockfishScores":{"wn":0.511547619047619}},{"fenStr":"2k3r1/pp3N1p/4p3/2bpPpB1/3n2rP/P7/2PQbPPK/R7","stockfishScores":{"bn":0.5141666666666667}},{"fenStr":"2k3r1/pp3N1p/4p3/2bpPpB1/3n2rP/P4b2/2PQ1PPK/R7","stockfishScores":{"wn":0.513095238095238}},{"fenStr":"2k3r1/pp3N1p/4p3/2bpPpB1/3n2rP/P4bP1/2PQ1P1K/R7","stockfishScores":{"bn":0.5114880952380952}},{"fenStr":"2k3r1/pp3N1p/4p3/2bpPpB1/3nb1rP/P5P1/2PQ1P1K/R7","stockfishScores":{"wn":0.5119642857142858}},{"fenStr":"2k3r1/pp3N1p/4p3/2bpPpB1/3nb1rP/P1Q3P1/2P2P1K/R7","stockfishScores":{"bn":0.5439285714285714}},{"fenStr":"2k3r1/p4N1p/1p2p3/2bpPpB1/3nb1rP/P1Q3P1/2P2P1K/R7","stockfishScores":{"wn":0.5289285714285714}},{"fenStr":"2k3r1/p4N1p/1p2p3/2bpPp2/3nb1rP/P1Q1B1P1/2P2P1K/R7","stockfishScores":{"bn":0.5151190476190476}},{"fenStr":"2k3r1/p4N1p/1p2p3/2bpPp2/4b1rP/P1Q1B1P1/2P1nP1K/R7","stockfishScores":{"wn":0.5154166666666666}},{"fenStr":"2k3r1/p4N1p/1p2p3/2bpPp2/4b1rP/P3B1P1/2P1nP1K/R3Q3","stockfishScores":{"bn":0.5056547619047619}},{"fenStr":"2k3r1/p4N1p/1p2p3/2bpPp2/6rP/P3BbP1/2P1nP1K/R3Q3","stockfishScores":{"wn":0.5060714285714286}},{"fenStr":"2k3r1/p6p/1p2p3/2bpPpN1/6rP/P3BbP1/2P1nP1K/R3Q3","stockfishScores":{"bn":0.5129761904761905}},{"fenStr":"2k3r1/p6p/1p2p3/3pPpN1/6rP/P3bbP1/2P1nP1K/R3Q3","stockfishScores":{"wn":0.4875}},{"fenStr":"2k3r1/p6p/1p2p3/3pPpN1/6rP/P3PbP1/2P1n2K/R3Q3","stockfishScores":{"bn":0.5144047619047619}},{"fenStr":"2k3r1/p6p/1p2p3/3pPpN1/6rP/P3Pbn1/2P4K/R3Q3","stockfishScores":{"wn":0.5076785714285714}},{"fenStr":"2k3r1/p6p/1p2p3/3pPpN1/6rP/P3PbQ1/2P4K/R7","stockfishScores":{"bn":0.5304761904761904}},{"fenStr":"2k3r1/p6p/1p2p3/3pPpN1/7P/P3Pbr1/2P4K/R7","stockfishScores":{"wn":0.4531547619047619}},{"fenStr":"2k3r1/p6p/1p2p3/3pPpN1/7P/P3PbK1/2P5/R7","stockfishScores":{"bn":0.4905952380952381}},{"fenStr":"2k3r1/p6p/1p2p3/3pPpN1/4b2P/P3P1K1/2P5/R7","stockfishScores":{"wn":0.4858928571428571}},{"fenStr":"2k3r1/p6p/1p2p3/3pPpN1/4bK1P/P3P3/2P5/R7","stockfishScores":{"bn":0.4950595238095238}},{"fenStr":"6r1/p2k3p/1p2p3/3pPpN1/4bK1P/P3P3/2P5/R7","stockfishScores":{"wn":0.49255952380952384}},{"fenStr":"6r1/p2k3p/1p2p3/3pPpN1/4bK1P/P1P1P3/8/R7","stockfishScores":{"bn":0.4926190476190476}},{"fenStr":"6r1/3k3p/pp2p3/3pPpN1/4bK1P/P1P1P3/8/R7","stockfishScores":{"wn":0.4944047619047619}},{"fenStr":"6r1/3k1N1p/pp2p3/3pPp2/4bK1P/P1P1P3/8/R7","stockfishScores":{"bn":0.48464285714285715}},{"fenStr":"8/3k1N1p/pp2p3/3pPp2/4bKrP/P1P1P3/8/R7","stockfishScores":{"wn":0.4872619047619048}}],"result":{"bw":true}}