{"fens":[{"fenStr":"rnbqkbnr/pppppppp/8/8/3P4/8/PPP1PPPP/RNBQKBNR","stockfishScores":{"bn":0.5048809523809524}},{"fenStr":"rnbqkbnr/pp1ppppp/8/2p5/3P4/8/PPP1PPPP/RNBQKBNR","stockfishScores":{"wn":0.5050595238095238}},{"fenStr":"rnbqkbnr/pp1ppppp/8/2p5/3P4/4P3/PPP2PPP/RNBQKBNR","stockfishScores":{"bn":0.5083928571428571}},{"fenStr":"rnbqkbnr/pp1ppppp/8/8/3p4/4P3/PPP2PPP/RNBQKBNR","stockfishScores":{"wn":0.49642857142857144}},{"fenStr":"rnbqkbnr/pp1ppppp/8/8/3P4/8/PPP2PPP/RNBQKBNR","stockfishScores":{"bn":0.5067857142857143}},{"fenStr":"rnbqkbnr/pp2pppp/8/3p4/3P4/8/PPP2PPP/RNBQKBNR","stockfishScores":{"wn":0.5026785714285714}},{"fenStr":"rnbqkbnr/pp2pppp/8/3p4/3P4/5N2/PPP2PPP/RNBQKB1R","stockfishScores":{"bn":0.505297619047619}},{"fenStr":"rnbqkbnr/pp2pp1p/6p1/3p4/3P4/5N2/PPP2PPP/RNBQKB1R","stockfishScores":{"wn":0.505}},{"fenStr":"rnbqkbnr/pp2pp1p/6p1/3p4/3P4/2P2N2/PP3PPP/RNBQKB1R","stockfishScores":{"bn":0.5060119047619047}},{"fenStr":"rnbqk1nr/pp2ppbp/6p1/3p4/3P4/2P2N2/PP3PPP/RNBQKB1R","stockfishScores":{"wn":0.5048809523809524}},{"fenStr":"rnbqk1nr/pp2ppbp/6p1/3p4/3P1B2/2P2N2/PP3PPP/RN1QKB1R","stockfishScores":{"bn":0.5179761904761905}},{"fenStr":"r1bqk1nr/pp2ppbp/2n3p1/3p4/3P1B2/2P2N2/PP3PPP/RN1QKB1R","stockfishScores":{"wn":0.5026785714285714}},{"fenStr":"r1bqk1nr/pp2ppbp/2n3p1/3p4/3P1B2/2P2N2/PP1N1PPP/R2QKB1R","stockfishScores":{"bn":0.505}},{"fenStr":"r1bqk2r/pp2ppbp/2n3pn/3p4/3P1B2/2P2N2/PP1N1PPP/R2QKB1R","stockfishScores":{"wn":0.5056547619047619}},{"fenStr":"r1bqk2r/pp2ppbp/2n3pn/3p4/3P1B2/2PB1N2/PP1N1PPP/R2QK2R","stockfishScores":{"bn":0.5059523809523809}},{"fenStr":"r1bqk2r/pp2p1bp/2n2ppn/3p4/3P1B2/2PB1N2/PP1N1PPP/R2QK2R","stockfishScores":{"wn":0.5083333333333333}},{"fenStr":"r1bqk2r/pp2p1bp/2n2ppn/3p4/3P1B2/2PB1N2/PP1N1PPP/R2Q1RK1","stockfishScores":{"bn":0.5196428571428572}},{"fenStr":"r1bqk2r/pp2pnbp/2n2pp1/3p4/3P1B2/2PB1N2/PP1N1PPP/R2Q1RK1","stockfishScores":{"wn":0.5167261904761905}},{"fenStr":"r1bqk2r/pp2pnbp/2n2pp1/3p4/3P1B2/2PB1N2/PP1N1PPP/R2QR1K1","stockfishScores":{"bn":0.5195833333333333}},{"fenStr":"r1bq1rk1/pp2pnbp/2n2pp1/3p4/3P1B2/2PB1N2/PP1N1PPP/R2QR1K1","stockfishScores":{"wn":0.5082142857142857}},{"fenStr":"r1bq1rk1/pp2pnbp/2n2pp1/3p4/3P4/2PB1NB1/PP1N1PPP/R2QR1K1","stockfishScores":{"bn":0.5075}},{"fenStr":"r1bq1rk1/pp3nbp/2n2pp1/3pp3/3P4/2PB1NB1/PP1N1PPP/R2QR1K1","stockfishScores":{"wn":0.4992857142857143}},{"fenStr":"r1bq1rk1/pp3nbp/2n2pp1/3pP3/8/2PB1NB1/PP1N1PPP/R2QR1K1","stockfishScores":{"bn":0.5145238095238095}},{"fenStr":"r1bq1rk1/pp3nbp/2n3p1/3pp3/8/2PB1NB1/PP1N1PPP/R2QR1K1","stockfishScores":{"wn":0.5007738095238096}},{"fenStr":"r1bq1rk1/pp3nbp/2n3p1/1B1pp3/8/2P2NB1/PP1N1PPP/R2QR1K1","stockfishScores":{"bn":0.5010714285714286}},{"fenStr":"r1bq1rk1/pp3nbp/2n3p1/1B1p4/4p3/2P2NB1/PP1N1PPP/R2QR1K1","stockfishScores":{"wn":0.4979166666666667}},{"fenStr":"r1bq1rk1/pp3nbp/2B3p1/3p4/4p3/2P2NB1/PP1N1PPP/R2QR1K1","stockfishScores":{"bn":0.5161904761904762}},{"fenStr":"r1bq1rk1/p4nbp/2p3p1/3p4/4p3/2P2NB1/PP1N1PPP/R2QR1K1","stockfishScores":{"wn":0.4930952380952381}},{"fenStr":"r1bq1rk1/p4nbp/2p3p1/3p4/3Np3/2P3B1/PP1N1PPP/R2QR1K1","stockfishScores":{"bn":0.4963095238095238}},{"fenStr":"r1b2rk1/p4nbp/1qp3p1/3p4/3Np3/2P3B1/PP1N1PPP/R2QR1K1","stockfishScores":{"wn":0.49333333333333335}},{"fenStr":"r1b2rk1/p4nbp/1qp3p1/3p4/4p3/1NP3B1/PP1N1PPP/R2QR1K1","stockfishScores":{"bn":0.4938690476190476}},{"fenStr":"r1b2rk1/p5bp/1qp3p1/3pn3/4p3/1NP3B1/PP1N1PPP/R2QR1K1","stockfishScores":{"wn":0.4830952380952381}},{"fenStr":"r1b2rk1/p5bp/1qp3p1/3pn3/4p3/1NP1R1B1/PP1N1PPP/R2Q2K1","stockfishScores":{"bn":0.48845238095238097}},{"fenStr":"r1b2rk1/p5bp/1qp3p1/3p4/4p1n1/1NP1R1B1/PP1N1PPP/R2Q2K1","stockfishScores":{"wn":0.48964285714285716}},{"fenStr":"r1b2rk1/p5bp/1qp3p1/3p4/4p1n1/1NP1R1B1/PP3PPP/R2Q1NK1","stockfishScores":{"bn":0.4872619047619048}},{"fenStr":"r1b2rk1/p5bp/1qp3p1/3p4/4p3/1NP1n1B1/PP3PPP/R2Q1NK1","stockfishScores":{"wn":0.45654761904761904}},{"fenStr":"r1b2rk1/p5bp/1qp3p1/3p4/4p3/1NP1N1B1/PP3PPP/R2Q2K1","stockfishScores":{"bn":0.4851190476190476}},{"fenStr":"r4rk1/p5bp/bqp3p1/3p4/4p3/1NP1N1B1/PP3PPP/R2Q2K1","stockfishScores":{"wn":0.4845833333333333}},{"fenStr":"r4rk1/p5bp/bqpB2p1/3p4/4p3/1NP1N3/PP3PPP/R2Q2K1","stockfishScores":{"bn":0.48595238095238097}},{"fenStr":"r5k1/p4rbp/bqpB2p1/3p4/4p3/1NP1N3/PP3PPP/R2Q2K1","stockfishScores":{"wn":0.4845833333333333}},{"fenStr":"r5k1/p4rbp/bqp3p1/2Bp4/4p3/1NP1N3/PP3PPP/R2Q2K1","stockfishScores":{"bn":0.4853571428571429}},{"fenStr":"r5k1/p1q2rbp/b1p3p1/2Bp4/4p3/1NP1N3/PP3PPP/R2Q2K1","stockfishScores":{"wn":0.4781547619047619}},{"fenStr":"r5k1/p1q2rbp/b1p3p1/2Bp4/3Np3/2P1N3/PP3PPP/R2Q2K1","stockfishScores":{"bn":0.47869047619047617}},{"fenStr":"4r1k1/p1q2rbp/b1p3p1/2Bp4/3Np3/2P1N3/PP3PPP/R2Q2K1","stockfishScores":{"wn":0.4776190476190476}},{"fenStr":"4r1k1/p1q2rbp/b1p3p1/2Bp4/Q2Np3/2P1N3/PP3PPP/R5K1","stockfishScores":{"bn":0.47732142857142856}},{"fenStr":"4r1k1/p1q2rbp/2p3p1/1bBp4/Q2Np3/2P1N3/PP3PPP/R5K1","stockfishScores":{"wn":0.47535714285714287}},{"fenStr":"4r1k1/p1q2rbp/2p3p1/1bBp4/3Np3/2P1N3/PPQ2PPP/R5K1","stockfishScores":{"bn":0.47958333333333336}},{"fenStr":"4r1k1/p2q1rbp/2p3p1/1bBp4/3Np3/2P1N3/PPQ2PPP/R5K1","stockfishScores":{"wn":0.4824404761904762}},{"fenStr":"4r1k1/p2q1rbp/2p3p1/1NBp4/4p3/2P1N3/PPQ2PPP/R5K1","stockfishScores":{"bn":0.5032738095238095}},{"fenStr":"4r1k1/p2q1rbp/6p1/1pBp4/4p3/2P1N3/PPQ2PPP/R5K1","stockfishScores":{"wn":0.4867261904761905}},{"fenStr":"4r1k1/p2q1rbp/6p1/1pBp4/4p3/2P1N3/PPQ2PPP/3R2K1","stockfishScores":{"bn":0.49047619047619045}},{"fenStr":"4r1k1/p1q2rbp/6p1/1pBp4/4p3/2P1N3/PPQ2PPP/3R2K1","stockfishScores":{"wn":0.4888690476190476}},{"fenStr":"4r1k1/p1q2rbp/6p1/1p1p4/3Bp3/2P1N3/PPQ2PPP/3R2K1","stockfishScores":{"bn":0.48910714285714285}},{"fenStr":"3r2k1/p1q2rbp/6p1/1p1p4/3Bp3/2P1N3/PPQ2PPP/3R2K1","stockfishScores":{"wn":0.4894047619047619}},{"fenStr":"3r2k1/p1q2rBp/6p1/1p1p4/4p3/2P1N3/PPQ2PPP/3R2K1","stockfishScores":{"bn":0.5126785714285714}},{"fenStr":"3r4/p1q2rkp/6p1/1p1p4/4p3/2P1N3/PPQ2PPP/3R2K1","stockfishScores":{"wn":0.48910714285714285}},{"fenStr":"3r4/p1q2rkp/6p1/1p1N4/4p3/2P5/PPQ2PPP/3R2K1","stockfishScores":{"bn":0.4968452380952381}},{"fenStr":"3r4/p4rkp/6p1/1pqN4/4p3/2P5/PPQ2PPP/3R2K1","stockfishScores":{"wn":0.4942261904761905}},{"fenStr":"3r4/p4rkp/6p1/1pqN4/1P2p3/2P5/P1Q2PPP/3R2K1","stockfishScores":{"bn":0.4951785714285714}},{"fenStr":"3r4/p4rkp/2q3p1/1p1N4/1P2p3/2P5/P1Q2PPP/3R2K1","stockfishScores":{"wn":0.4936309523809524}},{"fenStr":"3r4/p4rkp/2q3p1/1p1N4/1P2Q3/2P5/P4PPP/3R2K1","stockfishScores":{"bn":0.5018452380952381}},{"fenStr":"3r4/p4rkp/1q4p1/1p1N4/1P2Q3/2P5/P4PPP/3R2K1","stockfishScores":{"wn":0.5047619047619047}},{"fenStr":"3r4/p4rkp/1q4p1/1p1N4/1P2Q3/2P5/P4PPP/5RK1","stockfishScores":{"bn":0.505297619047619}},{"fenStr":"3r4/p4rkp/3q2p1/1p1N4/1P2Q3/2P5/P4PPP/5RK1","stockfishScores":{"wn":0.49857142857142855}},{"fenStr":"3r4/p4rkp/3q2p1/1p6/1P2Q3/2P1N3/P4PPP/5RK1","stockfishScores":{"bn":0.49666666666666665}},{"fenStr":"3r4/p4rkp/5qp1/1p6/1P2Q3/2P1N3/P4PPP/5RK1","stockfishScores":{"wn":0.4973214285714286}},{"fenStr":"3r4/p4rkp/5qp1/1p1N4/1P2Q3/2P5/P4PPP/5RK1","stockfishScores":{"bn":0.4980952380952381}},{"fenStr":"3r4/p4rkp/6p1/1p1N2q1/1P2Q3/2P5/P4PPP/5RK1","stockfishScores":{"wn":0.49970238095238095}},{"fenStr":"3r4/p4rkp/6p1/1p4q1/1P2Q3/2P1N3/P4PPP/5RK1","stockfishScores":{"bn":0.4982738095238095}},{"fenStr":"5r2/p4rkp/6p1/1p4q1/1P2Q3/2P1N3/P4PPP/5RK1","stockfishScores":{"wn":0.5007738095238096}},{"fenStr":"5r2/p4rkp/6p1/1p4q1/1P1Q4/2P1N3/P4PPP/5RK1","stockfishScores":{"bn":0.4963095238095238}},{"fenStr":"5rk1/p4r1p/6p1/1p4q1/1P1Q4/2P1N3/P4PPP/5RK1","stockfishScores":{"wn":0.4988690476190476}},{"fenStr":"5rk1/p4r1p/6p1/1p4q1/1P1Q3P/2P1N3/P4PP1/5RK1","stockfishScores":{"bn":0.5017261904761905}},{"fenStr":"5rk1/p4r1p/5qp1/1p6/1P1Q3P/2P1N3/P4PP1/5RK1","stockfishScores":{"wn":0.49892857142857144}},{"fenStr":"5rk1/p4r1p/5Qp1/1p6/1P5P/2P1N3/P4PP1/5RK1","stockfishScores":{"bn":0.5780952380952381}},{"fenStr":"5rk1/p6p/5rp1/1p6/1P5P/2P1N3/P4PP1/5RK1","stockfishScores":{"wn":0.49666666666666665}},{"fenStr":"5rk1/p6p/5rp1/1p1N4/1P5P/2P5/P4PP1/5RK1","stockfishScores":{"bn":0.49898809523809523}},{"fenStr":"5rk1/p6p/3r2p1/1p1N4/1P5P/2P5/P4PP1/5RK1","stockfishScores":{"wn":0.49464285714285716}},{"fenStr":"5rk1/p6p/3r2p1/1p6/1P5P/2P1N3/P4PP1/5RK1","stockfishScores":{"bn":0.49625}},{"fenStr":"5rk1/p6p/6p1/1p6/1P5P/2P1N3/P2r1PP1/5RK1","stockfishScores":{"wn":0.4926190476190476}},{"fenStr":"5rk1/p6p/6p1/1p6/1P4NP/2P5/P2r1PP1/5RK1","stockfishScores":{"bn":0.4895238095238095}},{"fenStr":"5rk1/p6p/6p1/1p6/1P4NP/2P5/r4PP1/5RK1","stockfishScores":{"wn":0.48773809523809525}},{"fenStr":"5rk1/p6p/6p1/1p6/1P4NP/2P2P2/r5P1/5RK1","stockfishScores":{"bn":0.4886904761904762}},{"fenStr":"2r3k1/p6p/6p1/1p6/1P4NP/2P2P2/r5P1/5RK1","stockfishScores":{"wn":0.4882142857142857}},{"fenStr":"2r3k1/p6p/5Np1/1p6/1P5P/2P2P2/r5P1/5RK1","stockfishScores":{"bn":0.48851190476190476}},{"fenStr":"2r5/p5kp/5Np1/1p6/1P5P/2P2P2/r5P1/5RK1","stockfishScores":{"wn":0.48375}},{"fenStr":"2r5/p5kp/6p1/1p6/1P2N2P/2P2P2/r5P1/5RK1","stockfishScores":{"bn":0.48851190476190476}},{"fenStr":"3r4/p5kp/6p1/1p6/1P2N2P/2P2P2/r5P1/5RK1","stockfishScores":{"wn":0.4895238095238095}},{"fenStr":"3r4/p5kp/6p1/1p6/1P2N2P/2P2P2/r5P1/4R1K1","stockfishScores":{"bn":0.48964285714285716}},{"fenStr":"3r4/6kp/p5p1/1p6/1P2N2P/2P2P2/r5P1/4R1K1","stockfishScores":{"wn":0.49214285714285716}},{"fenStr":"3r4/6kp/p5p1/1p6/1P2N2P/2P2P2/r5PK/4R3","stockfishScores":{"bn":0.4911309523809524}},{"fenStr":"3r4/6kp/6p1/pp6/1P2N2P/2P2P2/r5PK/4R3","stockfishScores":{"wn":0.48738095238095236}},{"fenStr":"3r4/6kp/6p1/Pp6/4N2P/2P2P2/r5PK/4R3","stockfishScores":{"bn":0.4970833333333333}},{"fenStr":"3r4/6kp/6p1/rp6/4N2P/2P2P2/6PK/4R3","stockfishScores":{"wn":0.49375}},{"fenStr":"3r4/6kp/6p1/rp4N1/7P/2P2P2/6PK/4R3","stockfishScores":{"bn":0.4906547619047619}},{"fenStr":"8/6kp/6p1/rp4N1/7P/2P2P2/3r2PK/4R3","stockfishScores":{"wn":0.4905952380952381}},{"fenStr":"8/4R1kp/6p1/rp4N1/7P/2P2P2/3r2PK/8","stockfishScores":{"bn":0.49488095238095237}},{"fenStr":"5k2/4R2p/6p1/rp4N1/7P/2P2P2/3r2PK/8","stockfishScores":{"wn":0.49607142857142855}},{"fenStr":"5k2/7R/6p1/rp4N1/7P/2P2P2/3r2PK/8","stockfishScores":{"bn":0.50125}},{"fenStr":"5k2/7R/6p1/1p4N1/7P/2P2P2/r2r2PK/8","stockfishScores":{"wn":0.4992261904761905}},{"fenStr":"5k2/7R/4N1p1/1p6/7P/2P2P2/r2r2PK/8","stockfishScores":{"bn":0.49720238095238095}},{"fenStr":"4k3/7R/4N1p1/1p6/7P/2P2P2/r2r2PK/8","stockfishScores":{"wn":0.49910714285714286}},{"fenStr":"4k3/2N4R/6p1/1p6/7P/2P2P2/r2r2PK/8","stockfishScores":{"bn":0.49541666666666667}},{"fenStr":"3k4/2N4R/6p1/1p6/7P/2P2P2/r2r2PK/8","stockfishScores":{"wn":0.4967857142857143}},{"fenStr":"3k4/7R/6p1/1N6/7P/2P2P2/r2r2PK/8","stockfishScores":{"bn":0.4986904761904762}},{"fenStr":"3k4/7R/6p1/1N6/7P/2P2P2/r5rK/8","stockfishScores":{"wn":0.49833333333333335}},{"fenStr":"3k4/7R/6p1/1N6/7P/2P2P1K/r5r1/8","stockfishScores":{"bn":0.49666666666666665}},{"fenStr":"3k4/7R/6p1/1N6/7P/2P2P1K/r6r/8","stockfishScores":{"wn":0.4980952380952381}},{"fenStr":"3k4/7R/6p1/1N6/7P/2P2PK1/r6r/8","stockfishScores":{"bn":0.4967261904761905}},{"fenStr":"3k4/7R/6p1/1N6/7P/2P2PK1/6rr/8","stockfishScores":{"wn":0.4993452380952381}},{"fenStr":"3k4/7R/6p1/1N6/5K1P/2P2P2/6rr/8","stockfishScores":{"bn":0.4988690476190476}},{"fenStr":"3k4/7R/8/1N4p1/5K1P/2P2P2/6rr/8","stockfishScores":{"wn":0.5004761904761905}},{"fenStr":"3k4/7R/8/1N3Kp1/7P/2P2P2/6rr/8","stockfishScores":{"bn":0.502797619047619}},{"fenStr":"3k4/7R/8/1N3K2/7p/2P2P2/6rr/8","stockfishScores":{"wn":0.4967857142857143}},{"fenStr":"3k4/7R/3N4/5K2/7p/2P2P2/6rr/8","stockfishScores":{"bn":0.5001190476190476}},{"fenStr":"3k4/7R/3N4/5K2/7p/2P2P2/2r4r/8","stockfishScores":{"wn":0.5002380952380953}},{"fenStr":"3k4/1N5R/8/5K2/7p/2P2P2/2r4r/8","stockfishScores":{"bn":0.49392857142857144}},{"fenStr":"2k5/1N5R/8/5K2/7p/2P2P2/2r4r/8","stockfishScores":{"wn":0.49529761904761904}},{"fenStr":"2k5/7R/3N4/5K2/7p/2P2P2/2r4r/8","stockfishScores":{"bn":0.4961904761904762}},{"fenStr":"3k4/7R/3N4/5K2/7p/2P2P2/2r4r/8","stockfishScores":{"wn":0.5002380952380953}},{"fenStr":"3k4/1N5R/8/5K2/7p/2P2P2/2r4r/8","stockfishScores":{"bn":0.49392857142857144}},{"fenStr":"2k5/1N5R/8/5K2/7p/2P2P2/2r4r/8","stockfishScores":{"wn":0.49529761904761904}},{"fenStr":"2k5/7R/3N4/5K2/7p/2P2P2/2r4r/8","stockfishScores":{"bn":0.4961904761904762}},{"fenStr":"1k6/7R/3N4/5K2/7p/2P2P2/2r4r/8","stockfishScores":{"wn":0.4981547619047619}},{"fenStr":"1k6/7R/8/5K2/4N2p/2P2P2/2r4r/8","stockfishScores":{"bn":0.4951190476190476}},{"fenStr":"1k6/7R/8/5K2/4N2p/2P2P2/6rr/8","stockfishScores":{"wn":0.4967857142857143}},{"fenStr":"1k6/7R/8/8/4NK1p/2P2P2/6rr/8","stockfishScores":{"bn":0.4957738095238095}},{"fenStr":"2k5/7R/8/8/4NK1p/2P2P2/6rr/8","stockfishScores":{"wn":0.5003571428571428}},{"fenStr":"2k5/7R/8/8/2P1NK1p/5P2/6rr/8","stockfishScores":{"bn":0.5004166666666666}},{"fenStr":"3k4/7R/8/8/2P1NK1p/5P2/6rr/8","stockfishScores":{"wn":0.49916666666666665}},{"fenStr":"3k4/7R/8/2P5/4NK1p/5P2/6rr/8","stockfishScores":{"bn":0.4992857142857143}},{"fenStr":"2k5/7R/8/2P5/4NK1p/5P2/6rr/8","stockfishScores":{"wn":0.502797619047619}},{"fenStr":"2k5/7R/2P5/8/4NK1p/5P2/6rr/8","stockfishScores":{"bn":0.502797619047619}},{"fenStr":"2k5/7R/2P5/8/4NK1p/5P2/2r4r/8","stockfishScores":{"wn":0.5028571428571429}},{"fenStr":"2k5/7R/2PN4/8/5K1p/5P2/2r4r/8","stockfishScores":{"bn":0.5002380952380953}},{"fenStr":"3k4/7R/2PN4/8/5K1p/5P2/2r4r/8","stockfishScores":{"wn":0.503452380952381}},{"fenStr":"3k4/3R4/2PN4/8/5K1p/5P2/2r4r/8","stockfishScores":{"bn":0.49797619047619046}}],"result":{"ww":true}}