{"fens":[{"fenStr":"rnbqkbnr/pppppppp/8/8/3P4/8/PPP1PPPP/RNBQKBNR","stockfishScores":{"bn":0.5048809523809524}},{"fenStr":"rnbqkb1r/pppppppp/5n2/8/3P4/8/PPP1PPPP/RNBQKBNR","stockfishScores":{"wn":0.5016071428571428}},{"fenStr":"rnbqkb1r/pppppppp/5n2/8/2PP4/8/PP2PPPP/RNBQKBNR","stockfishScores":{"bn":0.5041071428571429}},{"fenStr":"rnbqkb1r/pppp1ppp/4pn2/8/2PP4/8/PP2PPPP/RNBQKBNR","stockfishScores":{"wn":0.5005357142857143}},{"fenStr":"rnbqkb1r/pppp1ppp/4pn2/8/2PP4/5N2/PP2PPPP/RNBQKB1R","stockfishScores":{"bn":0.5041071428571429}},{"fenStr":"rnbqkb1r/ppp2ppp/4pn2/3p4/2PP4/5N2/PP2PPPP/RNBQKB1R","stockfishScores":{"wn":0.49916666666666665}},{"fenStr":"rnbqkb1r/ppp2ppp/4pn2/3p4/2PP4/2N2N2/PP2PPPP/R1BQKB1R","stockfishScores":{"bn":0.501547619047619}},{"fenStr":"rnbqk2r/ppp2ppp/4pn2/3p4/1bPP4/2N2N2/PP2PPPP/R1BQKB1R","stockfishScores":{"wn":0.49988095238095237}},{"fenStr":"rnbqk2r/ppp2ppp/4pn2/3P4/1b1P4/2N2N2/PP2PPPP/R1BQKB1R","stockfishScores":{"bn":0.5077380952380952}},{"fenStr":"rnbqk2r/ppp2ppp/5n2/3p4/1b1P4/2N2N2/PP2PPPP/R1BQKB1R","stockfishScores":{"wn":0.49952380952380954}},{"fenStr":"rnbqk2r/ppp2ppp/5n2/3p2B1/1b1P4/2N2N2/PP2PPPP/R2QKB1R","stockfishScores":{"bn":0.5054166666666666}},{"fenStr":"r1bqk2r/pppn1ppp/5n2/3p2B1/1b1P4/2N2N2/PP2PPPP/R2QKB1R","stockfishScores":{"wn":0.5017857142857143}},{"fenStr":"r1bqk2r/pppn1ppp/5n2/3p2B1/1b1P4/2N1PN2/PP3PPP/R2QKB1R","stockfishScores":{"bn":0.5039285714285714}},{"fenStr":"r1bqk2r/pp1n1ppp/5n2/2pp2B1/1b1P4/2N1PN2/PP3PPP/R2QKB1R","stockfishScores":{"wn":0.503452380952381}},{"fenStr":"r1bqk2r/pp1n1ppp/5n2/2pp2B1/1b1P4/2NBPN2/PP3PPP/R2QK2R","stockfishScores":{"bn":0.5022619047619048}},{"fenStr":"r1b1k2r/pp1n1ppp/5n2/q1pp2B1/1b1P4/2NBPN2/PP3PPP/R2QK2R","stockfishScores":{"wn":0.5040476190476191}},{"fenStr":"r1b1k2r/pp1n1ppp/5n2/q1pp2B1/1b1P4/2NBPN2/PPQ2PPP/R3K2R","stockfishScores":{"bn":0.5026785714285714}},{"fenStr":"r1b1k2r/pp1n1ppp/5n2/q2p2B1/1bpP4/2NBPN2/PPQ2PPP/R3K2R","stockfishScores":{"wn":0.49738095238095237}},{"fenStr":"r1b1k2r/pp1n1ppp/5n2/q2p1BB1/1bpP4/2N1PN2/PPQ2PPP/R3K2R","stockfishScores":{"bn":0.5031547619047619}},{"fenStr":"r1b2rk1/pp1n1ppp/5n2/q2p1BB1/1bpP4/2N1PN2/PPQ2PPP/R3K2R","stockfishScores":{"wn":0.49333333333333335}},{"fenStr":"r1b2rk1/pp1n1ppp/5n2/q2p1BB1/1bpP4/2N1PN2/PPQ2PPP/R4RK1","stockfishScores":{"bn":0.50875}},{"fenStr":"r1b2rk1/pp1n1p1p/5np1/q2p1BB1/1bpP4/2N1PN2/PPQ2PPP/R4RK1","stockfishScores":{"wn":0.5089285714285714}},{"fenStr":"r1b2rk1/pp1n1p1p/5np1/q2p2B1/1bpP4/2N1PN1B/PPQ2PPP/R4RK1","stockfishScores":{"bn":0.5118452380952381}},{"fenStr":"r1b1r1k1/pp1n1p1p/5np1/q2p2B1/1bpP4/2N1PN1B/PPQ2PPP/R4RK1","stockfishScores":{"wn":0.51125}},{"fenStr":"r1b1r1k1/pp1n1p1p/5np1/q2p2B1/1bpP4/2N1P2B/PPQN1PPP/R4RK1","stockfishScores":{"bn":0.5083333333333333}},{"fenStr":"r1b1r3/pp1n1pkp/5np1/q2p2B1/1bpP4/2N1P2B/PPQN1PPP/R4RK1","stockfishScores":{"wn":0.509702380952381}},{"fenStr":"r1b1r3/pp1n1pkp/5np1/q2p2B1/1bpP4/2N1P2B/PPQN1PPP/4RRK1","stockfishScores":{"bn":0.5080357142857143}},{"fenStr":"r1b1r3/pp3pkp/1n3np1/q2p2B1/1bpP4/2N1P2B/PPQN1PPP/4RRK1","stockfishScores":{"wn":0.5061904761904762}},{"fenStr":"r1B1r3/pp3pkp/1n3np1/q2p2B1/1bpP4/2N1P3/PPQN1PPP/4RRK1","stockfishScores":{"bn":0.5264880952380953}},{"fenStr":"2r1r3/pp3pkp/1n3np1/q2p2B1/1bpP4/2N1P3/PPQN1PPP/4RRK1","stockfishScores":{"wn":0.5047619047619047}},{"fenStr":"2r1r3/pp3pkp/1n3np1/q2p2B1/1bpP4/2N1PP2/PPQN2PP/4RRK1","stockfishScores":{"bn":0.5039285714285714}},{"fenStr":"2r1r3/pp3pkp/1n3np1/q2p2B1/2pP4/2b1PP2/PPQN2PP/4RRK1","stockfishScores":{"wn":0.48101190476190475}},{"fenStr":"2r1r3/pp3pkp/1n3np1/q2p2B1/2pP4/2P1PP2/P1QN2PP/4RRK1","stockfishScores":{"bn":0.5016071428571428}},{"fenStr":"2r1r3/pp3pkp/5np1/q2p2B1/n1pP4/2P1PP2/P1QN2PP/4RRK1","stockfishScores":{"wn":0.502797619047619}},{"fenStr":"2r1r3/pp3pkp/5np1/q2p2B1/n1pP4/2P1PP2/P1Q3PP/1N2RRK1","stockfishScores":{"bn":0.4988690476190476}},{"fenStr":"4r3/pp3pkp/2r2np1/q2p2B1/n1pP4/2P1PP2/P1Q3PP/1N2RRK1","stockfishScores":{"wn":0.4986309523809524}},{"fenStr":"4r3/pp3pkp/2r2np1/q2p2B1/n1pPP3/2P2P2/P1Q3PP/1N2RRK1","stockfishScores":{"bn":0.5023214285714286}},{"fenStr":"4r3/pp3pkp/4rnp1/q2p2B1/n1pPP3/2P2P2/P1Q3PP/1N2RRK1","stockfishScores":{"wn":0.5026785714285714}},{"fenStr":"4r3/pp3pkp/4rnp1/q2pP1B1/n1pP4/2P2P2/P1Q3PP/1N2RRK1","stockfishScores":{"bn":0.5083333333333333}},{"fenStr":"4r3/pp1n1pkp/4r1p1/q2pP1B1/n1pP4/2P2P2/P1Q3PP/1N2RRK1","stockfishScores":{"wn":0.5028571428571429}},{"fenStr":"4r3/pp1n1pkp/4r1p1/q2pP1B1/n1pP1P2/2P5/P1Q3PP/1N2RRK1","stockfishScores":{"bn":0.5016666666666667}},{"fenStr":"4r3/pp1n2kp/4r1p1/q2pPpB1/n1pP1P2/2P5/P1Q3PP/1N2RRK1","stockfishScores":{"wn":0.5033333333333333}},{"fenStr":"4r3/pp1n2kp/4rPp1/q2p2B1/n1pP1P2/2P5/P1Q3PP/1N2RRK1","stockfishScores":{"bn":0.5150595238095238}},{"fenStr":"4r3/pp4kp/4rnp1/q2p2B1/n1pP1P2/2P5/P1Q3PP/1N2RRK1","stockfishScores":{"wn":0.4957738095238095}},{"fenStr":"4r3/pp4kp/4Rnp1/q2p2B1/n1pP1P2/2P5/P1Q3PP/1N3RK1","stockfishScores":{"bn":0.5488095238095239}},{"fenStr":"8/pp4kp/4rnp1/q2p2B1/n1pP1P2/2P5/P1Q3PP/1N3RK1","stockfishScores":{"wn":0.49738095238095237}},{"fenStr":"8/pp4kp/4rnp1/q2p1PB1/n1pP4/2P5/P1Q3PP/1N3RK1","stockfishScores":{"bn":0.5039285714285714}},{"fenStr":"8/pp4kp/1r3np1/q2p1PB1/n1pP4/2P5/P1Q3PP/1N3RK1","stockfishScores":{"wn":0.5018452380952381}},{"fenStr":"8/pp4kp/1r3np1/q2p1PB1/n1pP4/2P5/P3Q1PP/1N3RK1","stockfishScores":{"bn":0.5086904761904761}},{"fenStr":"8/pp4kp/1r3n2/q2p1pB1/n1pP4/2P5/P3Q1PP/1N3RK1","stockfishScores":{"wn":0.5054166666666666}},{"fenStr":"8/pp4kp/1r3n2/q2pQpB1/n1pP4/2P5/P5PP/1N3RK1","stockfishScores":{"bn":0.5153571428571428}},{"fenStr":"8/pp5p/1r3nk1/q2pQpB1/n1pP4/2P5/P5PP/1N3RK1","stockfishScores":{"wn":0.5123809523809524}},{"fenStr":"8/pp5p/1r3nk1/q2p1QB1/n1pP4/2P5/P5PP/1N3RK1","stockfishScores":{"bn":0.516547619047619}},{"fenStr":"8/pp3k1p/1r3n2/q2p1QB1/n1pP4/2P5/P5PP/1N3RK1","stockfishScores":{"wn":0.5288690476190476}},{"fenStr":"8/pp3k1p/1r3B2/q2p1Q2/n1pP4/2P5/P5PP/1N3RK1","stockfishScores":{"bn":0.5464285714285715}},{"fenStr":"8/pp3k1p/1r3B2/q2p1Q2/2pP4/2n5/P5PP/1N3RK1","stockfishScores":{"wn":0.5317261904761905}},{"fenStr":"8/pp3k1Q/1r3B2/q2p4/2pP4/2n5/P5PP/1N3RK1","stockfishScores":{"bn":0.5432738095238095}},{"fenStr":"8/pp5Q/1r2kB2/q2p4/2pP4/2n5/P5PP/1N3RK1","stockfishScores":{"wn":0.582202380952381}},{"fenStr":"8/pp2Q3/1r2kB2/q2p4/2pP4/2n5/P5PP/1N3RK1","stockfishScores":{"bn":0.5610119047619048}}],"result":{"ww":true}}