{"fens":[{"fenStr":"rnbqkbnr/pppppppp/8/8/3P4/8/PPP1PPPP/RNBQKBNR","stockfishScores":{"bn":0.5048809523809524}},{"fenStr":"rnbqkbnr/ppp1pppp/8/3p4/3P4/8/PPP1PPPP/RNBQKBNR","stockfishScores":{"wn":0.5005952380952381}},{"fenStr":"rnbqkbnr/ppp1pppp/8/3p4/3P4/5N2/PPP1PPPP/RNBQKB1R","stockfishScores":{"bn":0.5038690476190476}},{"fenStr":"rnbqkbnr/ppp2ppp/4p3/3p4/3P4/5N2/PPP1PPPP/RNBQKB1R","stockfishScores":{"wn":0.5029166666666667}},{"fenStr":"rnbqkbnr/ppp2ppp/4p3/3p4/3P4/5NP1/PPP1PP1P/RNBQKB1R","stockfishScores":{"bn":0.5048809523809524}},{"fenStr":"rnbqkb1r/ppp2ppp/4pn2/3p4/3P4/5NP1/PPP1PP1P/RNBQKB1R","stockfishScores":{"wn":0.5003571428571428}},{"fenStr":"rnbqkb1r/ppp2ppp/4pn2/3p4/3P4/5NP1/PPP1PPBP/RNBQK2R","stockfishScores":{"bn":0.5014880952380952}},{"fenStr":"rnbqk2r/ppp1bppp/4pn2/3p4/3P4/5NP1/PPP1PPBP/RNBQK2R","stockfishScores":{"wn":0.5022023809523809}},{"fenStr":"rnbqk2r/ppp1bppp/4pn2/3p4/3P4/5NP1/PPP1PPBP/RNBQ1RK1","stockfishScores":{"bn":0.5117857142857143}},{"fenStr":"rnbq1rk1/ppp1bppp/4pn2/3p4/3P4/5NP1/PPP1PPBP/RNBQ1RK1","stockfishScores":{"wn":0.5016666666666667}},{"fenStr":"rnbq1rk1/ppp1bppp/4pn2/3p4/3P4/1P3NP1/P1P1PPBP/RNBQ1RK1","stockfishScores":{"bn":0.5001785714285715}},{"fenStr":"rnbq1rk1/pp2bppp/4pn2/2pp4/3P4/1P3NP1/P1P1PPBP/RNBQ1RK1","stockfishScores":{"wn":0.49964285714285717}},{"fenStr":"rnbq1rk1/pp2bppp/4pn2/2pp4/3P4/1P3NP1/PBP1PPBP/RN1Q1RK1","stockfishScores":{"bn":0.4982738095238095}},{"fenStr":"r1bq1rk1/pp2bppp/2n1pn2/2pp4/3P4/1P3NP1/PBP1PPBP/RN1Q1RK1","stockfishScores":{"wn":0.4955357142857143}},{"fenStr":"r1bq1rk1/pp2bppp/2n1pn2/2pp4/3P4/1P3NP1/PBPNPPBP/R2Q1RK1","stockfishScores":{"bn":0.4980357142857143}},{"fenStr":"1rbq1rk1/pp2bppp/2n1pn2/2pp4/3P4/1P3NP1/PBPNPPBP/R2Q1RK1","stockfishScores":{"wn":0.49892857142857144}},{"fenStr":"1rbq1rk1/pp2bppp/2n1pn2/2pp4/2PP4/1P3NP1/PB1NPPBP/R2Q1RK1","stockfishScores":{"bn":0.5010119047619047}},{"fenStr":"1rbq1rk1/pp2bppp/4pn2/2pp4/2Pn4/1P3NP1/PB1NPPBP/R2Q1RK1","stockfishScores":{"wn":0.49589285714285714}},{"fenStr":"1rbq1rk1/pp2bppp/4pn2/2pp4/2PN4/1P4P1/PB1NPPBP/R2Q1RK1","stockfishScores":{"bn":0.5157738095238096}},{"fenStr":"1rbq1rk1/pp2bppp/4pn2/3p4/2Pp4/1P4P1/PB1NPPBP/R2Q1RK1","stockfishScores":{"wn":0.49625}},{"fenStr":"1rbq1rk1/pp2bppp/4pn2/3p4/2PB4/1P4P1/P2NPPBP/R2Q1RK1","stockfishScores":{"bn":0.5059523809523809}},{"fenStr":"1rbq1rk1/p3bppp/1p2pn2/3p4/2PB4/1P4P1/P2NPPBP/R2Q1RK1","stockfishScores":{"wn":0.5035119047619048}},{"fenStr":"1rbq1rk1/p3bppp/1p2pn2/3pB3/2P5/1P4P1/P2NPPBP/R2Q1RK1","stockfishScores":{"bn":0.5064285714285715}},{"fenStr":"r1bq1rk1/p3bppp/1p2pn2/3pB3/2P5/1P4P1/P2NPPBP/R2Q1RK1","stockfishScores":{"wn":0.5042857142857143}},{"fenStr":"r1bq1rk1/p3bppp/1p2pn2/3PB3/8/1P4P1/P2NPPBP/R2Q1RK1","stockfishScores":{"bn":0.5141071428571429}},{"fenStr":"r1bq1rk1/p3bppp/1p2p3/3nB3/8/1P4P1/P2NPPBP/R2Q1RK1","stockfishScores":{"wn":0.50375}},{"fenStr":"r1bq1rk1/p3bppp/1p2p3/3nB3/2N5/1P4P1/P3PPBP/R2Q1RK1","stockfishScores":{"bn":0.5036309523809523}},{"fenStr":"r2q1rk1/pb2bppp/1p2p3/3nB3/2N5/1P4P1/P3PPBP/R2Q1RK1","stockfishScores":{"wn":0.5006547619047619}},{"fenStr":"r2q1rk1/pb2bppp/1p2p3/3nB3/2N5/1P4P1/P2QPPBP/R4RK1","stockfishScores":{"bn":0.49988095238095237}},{"fenStr":"r2q1rk1/pb2b1pp/1p2pp2/3nB3/2N5/1P4P1/P2QPPBP/R4RK1","stockfishScores":{"wn":0.49773809523809526}},{"fenStr":"r2q1rk1/pb2b1pp/1p2pp2/3n4/2N5/1P4P1/PB1QPPBP/R4RK1","stockfishScores":{"bn":0.5014880952380952}},{"fenStr":"r2q1rk1/p3b1pp/1pb1pp2/3n4/2N5/1P4P1/PB1QPPBP/R4RK1","stockfishScores":{"wn":0.5033333333333333}},{"fenStr":"r2q1rk1/p3b1pp/1pb1pp2/3n4/2N5/PP4P1/1B1QPPBP/R4RK1","stockfishScores":{"bn":0.5036904761904762}},{"fenStr":"r3qrk1/p3b1pp/1pb1pp2/3n4/2N5/PP4P1/1B1QPPBP/R4RK1","stockfishScores":{"wn":0.5050595238095238}},{"fenStr":"r3qrk1/p3b1pp/1pb1pp2/3n4/2N5/PP4P1/1B1QPPBP/2R2RK1","stockfishScores":{"bn":0.5061904761904762}},{"fenStr":"3rqrk1/p3b1pp/1pb1pp2/3n4/2N5/PP4P1/1B1QPPBP/2R2RK1","stockfishScores":{"wn":0.5016666666666667}},{"fenStr":"3rqrk1/p3b1pp/1pb1pp2/3n4/2N5/PP4P1/1BQ1PPBP/2R2RK1","stockfishScores":{"bn":0.5032738095238095}},{"fenStr":"3rqrk1/p3b1pp/2b1pp2/1p1n4/2N5/PP4P1/1BQ1PPBP/2R2RK1","stockfishScores":{"wn":0.5014285714285714}},{"fenStr":"3rqrk1/p3b1pp/2b1pp2/Np1n4/8/PP4P1/1BQ1PPBP/2R2RK1","stockfishScores":{"bn":0.5098214285714285}},{"fenStr":"b2rqrk1/p3b1pp/4pp2/Np1n4/8/PP4P1/1BQ1PPBP/2R2RK1","stockfishScores":{"wn":0.5056547619047619}},{"fenStr":"b2rqrk1/p3b1pp/2N1pp2/1p1n4/8/PP4P1/1BQ1PPBP/2R2RK1","stockfishScores":{"bn":0.5119047619047619}},{"fenStr":"3rqrk1/p3b1pp/2b1pp2/1p1n4/8/PP4P1/1BQ1PPBP/2R2RK1","stockfishScores":{"wn":0.48297619047619045}},{"fenStr":"3rqrk1/p3b1pp/2Q1pp2/1p1n4/8/PP4P1/1B2PPBP/2R2RK1","stockfishScores":{"bn":0.5106547619047619}},{"fenStr":"4qrk1/p3b1pp/2Qrpp2/1p1n4/8/PP4P1/1B2PPBP/2R2RK1","stockfishScores":{"wn":0.503452380952381}},{"fenStr":"4qrk1/p3b1pp/3rpp2/1p1n4/8/PP4P1/1BQ1PPBP/2R2RK1","stockfishScores":{"bn":0.5075}},{"fenStr":"3q1rk1/p3b1pp/3rpp2/1p1n4/8/PP4P1/1BQ1PPBP/2R2RK1","stockfishScores":{"wn":0.5110119047619047}},{"fenStr":"3q1rk1/p3b1pp/3rpp2/1p1n4/8/PP4P1/1BQ1PPBP/2RR2K1","stockfishScores":{"bn":0.5125595238095239}},{"fenStr":"5rk1/p2qb1pp/3rpp2/1p1n4/8/PP4P1/1BQ1PPBP/2RR2K1","stockfishScores":{"wn":0.511547619047619}},{"fenStr":"5rk1/p2qb1pp/3rpp2/1p1n4/4P3/PP4P1/1BQ2PBP/2RR2K1","stockfishScores":{"bn":0.5095833333333334}},{"fenStr":"5rk1/p2qb1pp/1n1rpp2/1p6/4P3/PP4P1/1BQ2PBP/2RR2K1","stockfishScores":{"wn":0.5100595238095238}},{"fenStr":"5rk1/p2qb1pp/1n1Rpp2/1p6/4P3/PP4P1/1BQ2PBP/2R3K1","stockfishScores":{"bn":0.5439880952380952}},{"fenStr":"5rk1/p2q2pp/1n1bpp2/1p6/4P3/PP4P1/1BQ2PBP/2R3K1","stockfishScores":{"wn":0.5067261904761905}},{"fenStr":"5rk1/p2q2pp/1n1bpp2/1p6/4P3/PP4P1/1BQ2P1P/2R2BK1","stockfishScores":{"bn":0.5051785714285715}},{"fenStr":"2r3k1/p2q2pp/1n1bpp2/1p6/4P3/PP4P1/1BQ2P1P/2R2BK1","stockfishScores":{"wn":0.5025}},{"fenStr":"2r3k1/p2q2pp/1n1bpp2/1p6/4P3/PP1Q2P1/1B3P1P/2R2BK1","stockfishScores":{"bn":0.5033928571428572}},{"fenStr":"6k1/p2q2pp/1n1bpp2/1p6/4P3/PP1Q2P1/1B3P1P/2r2BK1","stockfishScores":{"wn":0.4658333333333333}},{"fenStr":"6k1/p2q2pp/1n1bpp2/1p6/4P3/PP1Q2P1/5P1P/2B2BK1","stockfishScores":{"bn":0.5021428571428571}},{"fenStr":"6k1/3q2pp/pn1bpp2/1p6/4P3/PP1Q2P1/5P1P/2B2BK1","stockfishScores":{"wn":0.5009523809523809}},{"fenStr":"6k1/3q2pp/pn1bpp2/1p6/4P3/PP1Q2P1/1B3P1P/5BK1","stockfishScores":{"bn":0.5005952380952381}},{"fenStr":"6k1/2q3pp/pn1bpp2/1p6/4P3/PP1Q2P1/1B3P1P/5BK1","stockfishScores":{"wn":0.5017261904761905}},{"fenStr":"6k1/2q3pp/pn1bpp2/1p6/4P3/PP1Q2PB/1B3P1P/6K1","stockfishScores":{"bn":0.5032142857142857}},{"fenStr":"8/2q2kpp/pn1bpp2/1p6/4P3/PP1Q2PB/1B3P1P/6K1","stockfishScores":{"wn":0.5044642857142857}},{"fenStr":"8/2q2kpp/pn1bpp2/1p6/4P1B1/PP1Q2P1/1B3P1P/6K1","stockfishScores":{"bn":0.5056547619047619}},{"fenStr":"8/2q2k1p/pn1bppp1/1p6/4P1B1/PP1Q2P1/1B3P1P/6K1","stockfishScores":{"wn":0.5064285714285715}},{"fenStr":"8/2q2k1p/pn1bppp1/1p6/4PPB1/PP1Q2P1/1B5P/6K1","stockfishScores":{"bn":0.5057142857142857}},{"fenStr":"8/2q2k1p/pn2ppp1/1pb5/4PPB1/PP1Q2P1/1B5P/6K1","stockfishScores":{"wn":0.5048809523809524}},{"fenStr":"8/2q2k1p/pn2ppp1/1pb5/4PPB1/PP1Q2P1/1B4KP/8","stockfishScores":{"bn":0.5069642857142858}},{"fenStr":"8/5k1p/pn1qppp1/1pb5/4PPB1/PP1Q2P1/1B4KP/8","stockfishScores":{"wn":0.5047619047619047}},{"fenStr":"8/5k1p/pn1qppp1/1pb5/4PPB1/PPQ3P1/1B4KP/8","stockfishScores":{"bn":0.5108928571428571}},{"fenStr":"8/3n1k1p/p2qppp1/1pb5/4PPB1/PPQ3P1/1B4KP/8","stockfishScores":{"wn":0.5030357142857143}},{"fenStr":"8/3n1k1p/p2qppp1/1pb5/1P2PPB1/P1Q3P1/1B4KP/8","stockfishScores":{"bn":0.5064285714285715}},{"fenStr":"8/3n1k1p/pb1qppp1/1p6/1P2PPB1/P1Q3P1/1B4KP/8","stockfishScores":{"wn":0.5033333333333333}},{"fenStr":"8/3n1k1p/pb1qppp1/1p2P3/1P3PB1/P1Q3P1/1B4KP/8","stockfishScores":{"bn":0.49857142857142855}},{"fenStr":"8/3n1k1p/pb1qp1p1/1p2p3/1P3PB1/P1Q3P1/1B4KP/8","stockfishScores":{"wn":0.4920833333333333}},{"fenStr":"8/3n1k1p/pb1qp1p1/1p2P3/1P4B1/P1Q3P1/1B4KP/8","stockfishScores":{"bn":0.5005357142857143}},{"fenStr":"8/2qn1k1p/pb2p1p1/1p2P3/1P4B1/P1Q3P1/1B4KP/8","stockfishScores":{"wn":0.50125}},{"fenStr":"8/2qn1k1p/pb2p1p1/1p2P3/1P4B1/P4QP1/1B4KP/8","stockfishScores":{"bn":0.5041666666666667}},{"fenStr":"8/2qnk2p/pb2p1p1/1p2P3/1P4B1/P4QP1/1B4KP/8","stockfishScores":{"wn":0.5013095238095238}},{"fenStr":"8/2qnk2p/pb2p1p1/1p2P3/1P4B1/P5P1/1B2Q1KP/8","stockfishScores":{"bn":0.4967857142857143}},{"fenStr":"1n6/2q1k2p/pb2p1p1/1p2P3/1P4B1/P5P1/1B2Q1KP/8","stockfishScores":{"wn":0.5032738095238095}},{"fenStr":"1n6/2q1k2p/pb2p1p1/1p2P3/1P4B1/P5P1/1B1Q2KP/8","stockfishScores":{"bn":0.5123809523809524}},{"fenStr":"8/2qnk2p/pb2p1p1/1p2P3/1P4B1/P5P1/1B1Q2KP/8","stockfishScores":{"wn":0.5063095238095238}},{"fenStr":"8/2qnk2p/pb2p1p1/1p2P3/1P4B1/P5PK/1B1Q3P/8","stockfishScores":{"bn":0.5057738095238096}},{"fenStr":"8/2qnk3/pb2p1p1/1p2P2p/1P4B1/P5PK/1B1Q3P/8","stockfishScores":{"wn":0.5033333333333333}},{"fenStr":"8/2qnk3/pb2p1p1/1p2P1Qp/1P4B1/P5PK/1B5P/8","stockfishScores":{"bn":0.49892857142857144}},{"fenStr":"8/2qn1k2/pb2p1p1/1p2P1Qp/1P4B1/P5PK/1B5P/8","stockfishScores":{"wn":0.5073809523809524}},{"fenStr":"8/2qn1k2/pb2p1p1/1p2P1Qp/1P6/P4BPK/1B5P/8","stockfishScores":{"bn":0.5042261904761904}},{"fenStr":"8/3n1k2/pb2p1p1/1p2P1Qp/1Pq5/P4BPK/1B5P/8","stockfishScores":{"wn":0.49547619047619046}},{"fenStr":"8/3n1k2/pb2p1p1/1p2P2p/1Pq5/P4BPK/1B1Q3P/8","stockfishScores":{"bn":0.4980357142857143}},{"fenStr":"8/3n1k2/pb2p1p1/1p2P2p/1P6/P4BPK/1B1Q3P/5q2","stockfishScores":{"wn":0.5022023809523809}},{"fenStr":"8/3n1k2/pb2p1p1/1p2P2p/1P6/P4BPK/1B4QP/5q2","stockfishScores":{"bn":0.4913690476190476}},{"fenStr":"8/3n1k2/pb2p1p1/1p2P2p/1P6/P4BPK/1B4qP/8","stockfishScores":{"wn":0.4241666666666667}},{"fenStr":"8/3n1k2/pb2p1p1/1p2P2p/1P6/P4BP1/1B4KP/8","stockfishScores":{"bn":0.4975595238095238}},{"fenStr":"1n6/5k2/pb2p1p1/1p2P2p/1P6/P4BP1/1B4KP/8","stockfishScores":{"wn":0.5022023809523809}},{"fenStr":"1n6/5k2/pb2p1p1/1p2P2p/1P6/P1B2BP1/6KP/8","stockfishScores":{"bn":0.5019047619047619}},{"fenStr":"1n6/6k1/pb2p1p1/1p2P2p/1P6/P1B2BP1/6KP/8","stockfishScores":{"wn":0.5042857142857143}},{"fenStr":"1n6/1B4k1/pb2p1p1/1p2P2p/1P6/P1B3P1/6KP/8","stockfishScores":{"bn":0.5033333333333333}},{"fenStr":"1n6/1B4k1/pb2p3/1p2P1pp/1P6/P1B3P1/6KP/8","stockfishScores":{"wn":0.5054761904761905}},{"fenStr":"1n6/1B4k1/pb2p3/1p2P1pp/1P6/P1B3PP/6K1/8","stockfishScores":{"bn":0.5043452380952381}},{"fenStr":"1n6/1B6/pb2p1k1/1p2P1pp/1P6/P1B3PP/6K1/8","stockfishScores":{"wn":0.5042261904761904}},{"fenStr":"1n6/1B6/pb2p1k1/1p2P1pp/1P6/P1B2KPP/8/8","stockfishScores":{"bn":0.5057738095238096}},{"fenStr":"1n6/1B6/pb2p3/1p2Pkpp/1P6/P1B2KPP/8/8","stockfishScores":{"wn":0.5033928571428572}},{"fenStr":"1n6/8/pb2p3/1p2Pkpp/1P2B3/P1B2KPP/8/8","stockfishScores":{"bn":0.5030357142857143}}],"result":{"ww":true}}