{"fens":[{"fenStr":"rnbqkbnr/pppppppp/8/8/4P3/8/PPPP1PPP/RNBQKBNR","stockfishScores":{"bn":0.5049404761904762}},{"fenStr":"rnbqkbnr/pppp1ppp/8/4p3/4P3/8/PPPP1PPP/RNBQKBNR","stockfishScores":{"wn":0.5005952380952381}},{"fenStr":"rnbqkbnr/pppp1ppp/8/4p3/4P3/5N2/PPPP1PPP/RNBQKB1R","stockfishScores":{"bn":0.5044047619047619}},{"fenStr":"r1bqkbnr/pppp1ppp/2n5/4p3/4P3/5N2/PPPP1PPP/RNBQKB1R","stockfishScores":{"wn":0.5004166666666666}},{"fenStr":"r1bqkbnr/pppp1ppp/2n5/4p3/3PP3/5N2/PPP2PPP/RNBQKB1R","stockfishScores":{"bn":0.5090476190476191}},{"fenStr":"r1bqkbnr/pppp1ppp/2n5/8/3pP3/5N2/PPP2PPP/RNBQKB1R","stockfishScores":{"wn":0.4969047619047619}},{"fenStr":"r1bqkbnr/pppp1ppp/2n5/8/3pP3/2P2N2/PP3PPP/RNBQKB1R","stockfishScores":{"bn":0.4986309523809524}},{"fenStr":"r1bqkbnr/ppp2ppp/2n5/3p4/3pP3/2P2N2/PP3PPP/RNBQKB1R","stockfishScores":{"wn":0.4957142857142857}},{"fenStr":"r1bqkbnr/ppp2ppp/2n5/3P4/3p4/2P2N2/PP3PPP/RNBQKB1R","stockfishScores":{"bn":0.5023214285714286}},{"fenStr":"r1b1kbnr/ppp2ppp/2n5/3q4/3p4/2P2N2/PP3PPP/RNBQKB1R","stockfishScores":{"wn":0.4876190476190476}},{"fenStr":"r1b1kbnr/ppp2ppp/2n5/3q4/3P4/5N2/PP3PPP/RNBQKB1R","stockfishScores":{"bn":0.4882738095238095}},{"fenStr":"r3kbnr/ppp2ppp/2n5/3q4/3P2b1/5N2/PP3PPP/RNBQKB1R","stockfishScores":{"wn":0.4836309523809524}},{"fenStr":"r3kbnr/ppp2ppp/2n5/3q4/3P2b1/5N2/PP2BPPP/RNBQK2R","stockfishScores":{"bn":0.4857738095238095}},{"fenStr":"2kr1bnr/ppp2ppp/2n5/3q4/3P2b1/5N2/PP2BPPP/RNBQK2R","stockfishScores":{"wn":0.4764285714285714}},{"fenStr":"2kr1bnr/ppp2ppp/2n5/3q4/3P2b1/2N2N2/PP2BPPP/R1BQK2R","stockfishScores":{"bn":0.49541666666666667}},{"fenStr":"2kr1bnr/ppp2ppp/2n5/q7/3P2b1/2N2N2/PP2BPPP/R1BQK2R","stockfishScores":{"wn":0.4898214285714286}},{"fenStr":"2kr1bnr/ppp2ppp/2n5/q7/3P2b1/2N1BN2/PP2BPPP/R2QK2R","stockfishScores":{"bn":0.4901190476190476}},{"fenStr":"2kr2nr/ppp2ppp/2n5/q1b5/3P2b1/2N1BN2/PP2BPPP/R2QK2R","stockfishScores":{"wn":0.4963095238095238}},{"fenStr":"2kr2nr/ppp2ppp/2n5/q1b5/3P2b1/2N1BN2/PP2BPPP/R2Q1RK1","stockfishScores":{"bn":0.5126190476190476}},{"fenStr":"2kr2nr/ppp2ppp/2n5/q1b5/3P4/2N1Bb2/PP2BPPP/R2Q1RK1","stockfishScores":{"wn":0.49351190476190476}},{"fenStr":"2kr2nr/ppp2ppp/2n5/q1b5/3P4/2N1BB2/PP3PPP/R2Q1RK1","stockfishScores":{"bn":0.5205357142857143}},{"fenStr":"2kr2nr/ppp2ppp/8/q1b5/3n4/2N1BB2/PP3PPP/R2Q1RK1","stockfishScores":{"wn":0.5081547619047619}},{"fenStr":"2kr2nr/ppp2ppp/8/q1b5/3B4/2N2B2/PP3PPP/R2Q1RK1","stockfishScores":{"bn":0.532797619047619}},{"fenStr":"2kr2nr/ppp2ppp/8/q7/3b4/2N2B2/PP3PPP/R2Q1RK1","stockfishScores":{"wn":0.5019642857142858}},{"fenStr":"2kr2nr/ppp2ppp/8/q7/3b4/1QN2B2/PP3PPP/R4RK1","stockfishScores":{"bn":0.5183333333333333}},{"fenStr":"2kr2nr/ppp2ppp/1q6/8/3b4/1QN2B2/PP3PPP/R4RK1","stockfishScores":{"wn":0.5048214285714285}},{"fenStr":"2kr2nr/ppp2Qpp/1q6/8/3b4/2N2B2/PP3PPP/R4RK1","stockfishScores":{"bn":0.5166666666666667}},{"fenStr":"2kr3r/ppp2Qpp/1q5n/8/3b4/2N2B2/PP3PPP/R4RK1","stockfishScores":{"wn":0.4967261904761905}},{"fenStr":"2kr3r/ppp3pp/1q5n/8/2Qb4/2N2B2/PP3PPP/R4RK1","stockfishScores":{"bn":0.505}},{"fenStr":"1k1r3r/ppp3pp/1q5n/8/2Qb4/2N2B2/PP3PPP/R4RK1","stockfishScores":{"wn":0.5008333333333334}},{"fenStr":"1k1r3r/ppp3pp/1q5n/8/2Qb4/2N2B2/PP3PPP/2R2RK1","stockfishScores":{"bn":0.50125}},{"fenStr":"1k1r3r/pp4pp/1qp4n/8/2Qb4/2N2B2/PP3PPP/2R2RK1","stockfishScores":{"wn":0.5007738095238096}},{"fenStr":"1k1r3r/pp4pp/1qp4n/8/1PQb4/2N2B2/P4PPP/2R2RK1","stockfishScores":{"bn":0.5020238095238095}},{"fenStr":"1k1r1r2/pp4pp/1qp4n/8/1PQb4/2N2B2/P4PPP/2R2RK1","stockfishScores":{"wn":0.5003571428571428}},{"fenStr":"1k1r1r2/pp4pp/1qp4n/8/NPQb4/5B2/P4PPP/2R2RK1","stockfishScores":{"bn":0.5035714285714286}},{"fenStr":"1k1r1r2/ppq3pp/2p4n/8/NPQb4/5B2/P4PPP/2R2RK1","stockfishScores":{"wn":0.49654761904761907}},{"fenStr":"1k1r1r2/ppq3pp/2p4n/1P6/N1Qb4/5B2/P4PPP/2R2RK1","stockfishScores":{"bn":0.5014880952380952}},{"fenStr":"1k1r1r2/ppq2npp/2p5/1P6/N1Qb4/5B2/P4PPP/2R2RK1","stockfishScores":{"wn":0.5026190476190476}},{"fenStr":"1k1r1r2/ppq2npp/2p5/1P6/N1Qb4/5B2/P4PPP/2RR2K1","stockfishScores":{"bn":0.5074404761904762}},{"fenStr":"1k1r1r2/ppq3pp/2p5/1P2n3/N1Qb4/5B2/P4PPP/2RR2K1","stockfishScores":{"wn":0.49970238095238095}},{"fenStr":"1k1r1r2/ppq3pp/2p5/1P2n3/NQ1b4/5B2/P4PPP/2RR2K1","stockfishScores":{"bn":0.4986904761904762}},{"fenStr":"1k1r1r2/ppq3pp/2p5/1P6/NQ1b4/5n2/P4PPP/2RR2K1","stockfishScores":{"wn":0.4488690476190476}},{"fenStr":"1k1r1r2/ppq3pp/2p5/1P6/NQ1b4/5P2/P4P1P/2RR2K1","stockfishScores":{"bn":0.48678571428571427}},{"fenStr":"1k1r1r2/ppq3pp/2p5/1P6/NQ6/5P2/P4b1P/2RR2K1","stockfishScores":{"wn":0.48351190476190475}},{"fenStr":"1k1r1r2/ppq3pp/2p5/1P6/NQ6/5P2/P4bKP/2RR4","stockfishScores":{"bn":0.48345238095238097}},{"fenStr":"1k3r2/ppq3pp/2p5/1P6/NQ6/5P2/P4bKP/2Rr4","stockfishScores":{"wn":0.4554166666666667}},{"fenStr":"1k3r2/ppq3pp/2p5/1P6/NQ6/5P2/P4bKP/3R4","stockfishScores":{"bn":0.4922619047619048}},{"fenStr":"1k3r2/ppq3pp/8/1Pp5/NQ6/5P2/P4bKP/3R4","stockfishScores":{"wn":0.4814880952380952}},{"fenStr":"1k3r2/ppq3pp/1P6/2p5/NQ6/5P2/P4bKP/3R4","stockfishScores":{"bn":0.4886309523809524}},{"fenStr":"1k3r2/1pq3pp/1p6/2p5/NQ6/5P2/P4bKP/3R4","stockfishScores":{"wn":0.47898809523809527}},{"fenStr":"1k3r2/1pq3pp/1Q6/2p5/N7/5P2/P4bKP/3R4","stockfishScores":{"bn":0.48916666666666664}},{"fenStr":"1k3r2/1pq3pp/1Q6/2p5/N2b4/5P2/P5KP/3R4","stockfishScores":{"wn":0.48136904761904764}},{"fenStr":"1k3r2/1pq3pp/8/2p5/N2b4/1Q3P2/P5KP/3R4","stockfishScores":{"bn":0.4843452380952381}},{"fenStr":"1k3r2/1p4pp/8/2p1q3/N2b4/1Q3P2/P5KP/3R4","stockfishScores":{"wn":0.4766666666666667}},{"fenStr":"1k3r2/1p4pp/8/2p1q3/N2b4/5P2/P5KP/1Q1R4","stockfishScores":{"bn":0.4710714285714286}},{"fenStr":"1k3r2/1p4pp/8/2p5/N2b4/5P2/P3q1KP/1Q1R4","stockfishScores":{"wn":0.4718452380952381}},{"fenStr":"1k3r2/1p4pp/8/2p5/N2b4/5PK1/P3q2P/1Q1R4","stockfishScores":{"bn":0.42833333333333334}},{"fenStr":"1k3r2/1p4pp/8/2p5/N2b4/5PK1/P4q1P/1Q1R4","stockfishScores":{"wn":0.435952380952381}},{"fenStr":"1k3r2/1p4pp/8/2p5/N2b2K1/5P2/P4q1P/1Q1R4","stockfishScores":{"bn":0.4668452380952381}},{"fenStr":"1k3r2/1p4pp/8/2p5/N2b2K1/5P2/P5qP/1Q1R4","stockfishScores":{"wn":0.46839285714285717}},{"fenStr":"1k3r2/1p4pp/8/2p4K/N2b4/5P2/P5qP/1Q1R4","stockfishScores":{"bn":0.44970238095238096}},{"fenStr":"1k6/1p4pp/8/2p2r1K/N2b4/5P2/P5qP/1Q1R4","stockfishScores":{"wn":0.4286904761904762}},{"fenStr":"1k6/1p4pp/8/2p2r2/N2b3K/5P2/P5qP/1Q1R4","stockfishScores":{"bn":0.4301190476190476}},{"fenStr":"1k6/1p4pp/8/2p2r2/N6K/5P2/P4bqP/1Q1R4","stockfishScores":{"wn":0.44523809523809527}}],"result":{"bw":true}}