{"fens":[{"fenStr":"rnbqkbnr/pppppppp/8/8/1P6/8/P1PPPPPP/RNBQKBNR","stockfishScores":{"bn":0.5005357142857143}},{"fenStr":"rnbqkbnr/pppp1ppp/8/4p3/1P6/8/P1PPPPPP/RNBQKBNR","stockfishScores":{"wn":0.49476190476190474}},{"fenStr":"rnbqkbnr/pppp1ppp/8/4p3/1P6/8/PBPPPPPP/RN1QKBNR","stockfishScores":{"bn":0.498452380952381}},{"fenStr":"rnbqkbnr/ppp2ppp/3p4/4p3/1P6/8/PBPPPPPP/RN1QKBNR","stockfishScores":{"wn":0.49535714285714283}},{"fenStr":"rnbqkbnr/ppp2ppp/3p4/4p3/1P6/4P3/PBPP1PPP/RN1QKBNR","stockfishScores":{"bn":0.49970238095238095}},{"fenStr":"rn1qkbnr/ppp2ppp/3p4/4pb2/1P6/4P3/PBPP1PPP/RN1QKBNR","stockfishScores":{"wn":0.5007142857142857}},{"fenStr":"rn1qkbnr/ppp2ppp/3p4/4pb2/1PP5/4P3/PB1P1PPP/RN1QKBNR","stockfishScores":{"bn":0.5010714285714286}},{"fenStr":"r2qkbnr/ppp2ppp/2np4/4pb2/1PP5/4P3/PB1P1PPP/RN1QKBNR","stockfishScores":{"wn":0.49916666666666665}},{"fenStr":"r2qkbnr/ppp2ppp/2np4/1P2pb2/2P5/4P3/PB1P1PPP/RN1QKBNR","stockfishScores":{"bn":0.5025}},{"fenStr":"r2qkbnr/ppp2ppp/3p4/1P2pb2/1nP5/4P3/PB1P1PPP/RN1QKBNR","stockfishScores":{"wn":0.49107142857142855}},{"fenStr":"r2qkbnr/ppp2ppp/3p4/1P2pb2/1nP5/3PP3/PB3PPP/RN1QKBNR","stockfishScores":{"bn":0.4988095238095238}},{"fenStr":"r2qkbnr/ppp2ppp/8/1P1ppb2/1nP5/3PP3/PB3PPP/RN1QKBNR","stockfishScores":{"wn":0.49714285714285716}},{"fenStr":"r2qkbnr/ppp2ppp/8/1P1ppb2/1nP5/P2PP3/1B3PPP/RN1QKBNR","stockfishScores":{"bn":0.5010714285714286}},{"fenStr":"r2qkbnr/ppp2ppp/8/1P2pb2/1np5/P2PP3/1B3PPP/RN1QKBNR","stockfishScores":{"wn":0.49101190476190476}},{"fenStr":"r2qkbnr/ppp2ppp/8/1P2pb2/1Pp5/3PP3/1B3PPP/RN1QKBNR","stockfishScores":{"bn":0.5170238095238096}},{"fenStr":"r2qk1nr/ppp2ppp/8/1P2pb2/1bp5/3PP3/1B3PPP/RN1QKBNR","stockfishScores":{"wn":0.5068452380952381}},{"fenStr":"r2qk1nr/ppp2ppp/8/1P2pb2/1bp5/2BPP3/5PPP/RN1QKBNR","stockfishScores":{"bn":0.512797619047619}},{"fenStr":"r2qk1nr/ppp2ppp/8/1P2pb2/2p5/2bPP3/5PPP/RN1QKBNR","stockfishScores":{"wn":0.47958333333333336}},{"fenStr":"r2qk1nr/ppp2ppp/8/1P2pb2/2p5/2NPP3/5PPP/R2QKBNR","stockfishScores":{"bn":0.5173214285714286}},{"fenStr":"r2qk1nr/ppp2ppp/8/1P2pb2/8/2NpP3/5PPP/R2QKBNR","stockfishScores":{"wn":0.5005357142857143}},{"fenStr":"r2qk1nr/ppp2ppp/8/1P2pb2/4P3/2Np4/5PPP/R2QKBNR","stockfishScores":{"bn":0.5066666666666667}},{"fenStr":"r2qk1nr/ppp2ppp/6b1/1P2p3/4P3/2Np4/5PPP/R2QKBNR","stockfishScores":{"wn":0.5008928571428571}},{"fenStr":"r2qk1nr/ppp2ppp/6b1/1P2p3/4P3/2NB4/5PPP/R2QK1NR","stockfishScores":{"bn":0.5171428571428571}},{"fenStr":"r2qk2r/ppp2ppp/5nb1/1P2p3/4P3/2NB4/5PPP/R2QK1NR","stockfishScores":{"wn":0.5120833333333333}},{"fenStr":"r2qk2r/ppp2ppp/5nb1/1P2p3/4P3/2NB1N2/5PPP/R2QK2R","stockfishScores":{"bn":0.518452380952381}},{"fenStr":"r2q1rk1/ppp2ppp/5nb1/1P2p3/4P3/2NB1N2/5PPP/R2QK2R","stockfishScores":{"wn":0.5075}},{"fenStr":"r2q1rk1/ppp2ppp/5nb1/1P2p3/4P3/2NB1N2/5PPP/R2Q1RK1","stockfishScores":{"bn":0.5176785714285714}},{"fenStr":"r2qr1k1/ppp2ppp/5nb1/1P2p3/4P3/2NB1N2/5PPP/R2Q1RK1","stockfishScores":{"wn":0.5163690476190477}},{"fenStr":"r2qr1k1/ppp2ppp/5nb1/1P2p3/4P3/2NB1N2/2Q2PPP/R4RK1","stockfishScores":{"bn":0.5155357142857143}},{"fenStr":"r3r1k1/ppp1qppp/5nb1/1P2p3/4P3/2NB1N2/2Q2PPP/R4RK1","stockfishScores":{"wn":0.5166071428571428}},{"fenStr":"r3r1k1/ppp1qppp/5nb1/1P2p3/R3P3/2NB1N2/2Q2PPP/5RK1","stockfishScores":{"bn":0.5152380952380953}},{"fenStr":"r3r1k1/ppp2ppp/3q1nb1/1P2p3/R3P3/2NB1N2/2Q2PPP/5RK1","stockfishScores":{"wn":0.5158928571428572}},{"fenStr":"r3r1k1/ppp2ppp/3q1nb1/1P2p3/R3P3/2NB1N2/2Q2PPP/R5K1","stockfishScores":{"bn":0.5163095238095238}},{"fenStr":"r3r1k1/ppp2ppp/1q3nb1/1P2p3/R3P3/2NB1N2/2Q2PPP/R5K1","stockfishScores":{"wn":0.51875}},{"fenStr":"r3r1k1/ppp2ppp/1q3nb1/1P2p3/R3P3/2NB1N1P/2Q2PP1/R5K1","stockfishScores":{"bn":0.5188095238095238}},{"fenStr":"r3r1k1/pppn1ppp/1q4b1/1P2p3/R3P3/2NB1N1P/2Q2PP1/R5K1","stockfishScores":{"wn":0.5193452380952381}},{"fenStr":"r3r1k1/pppn1ppp/1q4b1/1P1Np3/R3P3/3B1N1P/2Q2PP1/R5K1","stockfishScores":{"bn":0.52125}},{"fenStr":"r3r1k1/pppn1ppp/3q2b1/1P1Np3/R3P3/3B1N1P/2Q2PP1/R5K1","stockfishScores":{"wn":0.5198809523809523}},{"fenStr":"r3r1k1/ppNn1ppp/3q2b1/1P2p3/R3P3/3B1N1P/2Q2PP1/R5K1","stockfishScores":{"bn":0.5276785714285714}},{"fenStr":"r1r3k1/ppNn1ppp/3q2b1/1P2p3/R3P3/3B1N1P/2Q2PP1/R5K1","stockfishScores":{"wn":0.5172619047619048}},{"fenStr":"r1r3k1/ppNn1ppp/1P1q2b1/4p3/R3P3/3B1N1P/2Q2PP1/R5K1","stockfishScores":{"bn":0.5210119047619047}},{"fenStr":"r1r3k1/ppN2ppp/1n1q2b1/4p3/R3P3/3B1N1P/2Q2PP1/R5K1","stockfishScores":{"wn":0.5094642857142857}},{"fenStr":"r1r3k1/pp3ppp/1n1q2b1/1N2p3/R3P3/3B1N1P/2Q2PP1/R5K1","stockfishScores":{"bn":0.5076190476190476}},{"fenStr":"r1r3k1/pp1q1ppp/1n4b1/1N2p3/R3P3/3B1N1P/2Q2PP1/R5K1","stockfishScores":{"wn":0.5083333333333333}},{"fenStr":"r1r3k1/pp1q1ppp/1n4b1/1N2N3/R3P3/3B3P/2Q2PP1/R5K1","stockfishScores":{"bn":0.5175595238095239}},{"fenStr":"r1r3k1/pp3ppp/1n2q1b1/1N2N3/R3P3/3B3P/2Q2PP1/R5K1","stockfishScores":{"wn":0.5163690476190477}},{"fenStr":"r1r3k1/pp3ppp/1n2q1b1/1N2N3/R3P3/3B3P/1Q3PP1/R5K1","stockfishScores":{"bn":0.521547619047619}},{"fenStr":"r1r3k1/pp3ppp/4q1b1/1N2N3/n3P3/3B3P/1Q3PP1/R5K1","stockfishScores":{"wn":0.48857142857142855}},{"fenStr":"r1r3k1/pp3ppp/4q1b1/1N2N3/R3P3/3B3P/1Q3PP1/6K1","stockfishScores":{"bn":0.5120238095238095}},{"fenStr":"r1r3k1/1p3ppp/p3q1b1/1N2N3/R3P3/3B3P/1Q3PP1/6K1","stockfishScores":{"wn":0.5083928571428571}},{"fenStr":"r1r3k1/1p3ppp/p3q1b1/1N2N3/R1B1P3/7P/1Q3PP1/6K1","stockfishScores":{"bn":0.5076785714285714}},{"fenStr":"r1r3k1/1p3ppp/p4qb1/1N2N3/R1B1P3/7P/1Q3PP1/6K1","stockfishScores":{"wn":0.5086904761904761}},{"fenStr":"r1r3k1/1p3ppp/p4qb1/1N2N3/R1B1P3/7P/5PP1/Q5K1","stockfishScores":{"bn":0.5060119047619047}},{"fenStr":"r1r3k1/1p3ppp/p4q2/1N2N3/R1B1b3/7P/5PP1/Q5K1","stockfishScores":{"wn":0.4990476190476191}},{"fenStr":"r1r3k1/1p3Bpp/p4q2/1N2N3/R3b3/7P/5PP1/Q5K1","stockfishScores":{"bn":0.5032738095238095}},{"fenStr":"r1r4k/1p3Bpp/p4q2/1N2N3/R3b3/7P/5PP1/Q5K1","stockfishScores":{"wn":0.5085714285714286}},{"fenStr":"r1r4k/1p3Bpp/p4q2/1N2N3/4R3/7P/5PP1/Q5K1","stockfishScores":{"bn":0.5336309523809524}},{"fenStr":"r1r4k/1p3Bpp/5q2/1p2N3/4R3/7P/5PP1/Q5K1","stockfishScores":{"wn":0.5048214285714285}},{"fenStr":"r1r4k/1p3Bpp/5q2/1p2N3/4R3/7P/1Q3PP1/6K1","stockfishScores":{"bn":0.5144047619047619}},{"fenStr":"r4r1k/1p3Bpp/5q2/1p2N3/4R3/7P/1Q3PP1/6K1","stockfishScores":{"wn":0.5123214285714286}},{"fenStr":"r4r1k/1p3Bpp/5q2/1p2N3/4R3/1Q5P/5PP1/6K1","stockfishScores":{"bn":0.5079761904761905}},{"fenStr":"5r1k/1p3Bpp/5q2/1p2N3/4R3/1Q5P/5PP1/r5K1","stockfishScores":{"wn":0.50375}},{"fenStr":"5r1k/1p3Bpp/5q2/1p2N3/4R3/1Q5P/5PPK/r7","stockfishScores":{"bn":0.5058928571428571}},{"fenStr":"5r1k/1p3Bpp/8/1p2N3/4R3/1Q5P/5qPK/r7","stockfishScores":{"wn":0.4845833333333333}},{"fenStr":"5r1k/1p3Bpp/8/1p2N3/1Q2R3/7P/5qPK/r7","stockfishScores":{"bn":0.4894047619047619}},{"fenStr":"5r1k/1p3Bpp/8/1p2N3/1Q2R3/7P/6PK/r5q1","stockfishScores":{"wn":0.4820238095238095}},{"fenStr":"5r1k/1p3Bpp/8/1p2N3/1Q2R3/6KP/6P1/r5q1","stockfishScores":{"bn":0.5095833333333334}},{"fenStr":"7k/1p3rpp/8/1p2N3/1Q2R3/6KP/6P1/r5q1","stockfishScores":{"wn":0.46875}},{"fenStr":"7k/1p3Npp/8/1p6/1Q2R3/6KP/6P1/r5q1","stockfishScores":{"bn":0.5226785714285714}},{"fenStr":"6k1/1p3Npp/8/1p6/1Q2R3/6KP/6P1/r5q1","stockfishScores":{"wn":0.5148214285714285}},{"fenStr":"6k1/1p4pp/3N4/1p6/1Q2R3/6KP/6P1/r5q1","stockfishScores":{"bn":0.5251190476190476}},{"fenStr":"r5k1/1p4pp/3N4/1p6/1Q2R3/6KP/6P1/6q1","stockfishScores":{"wn":0.5211309523809524}},{"fenStr":"r5k1/1p4pp/3N4/1p6/4R3/1Q4KP/6P1/6q1","stockfishScores":{"bn":0.5219642857142857}},{"fenStr":"r6k/1p4pp/3N4/1p6/4R3/1Q4KP/6P1/6q1","stockfishScores":{"wn":0.5226190476190476}},{"fenStr":"r6k/1p3Npp/8/1p6/4R3/1Q4KP/6P1/6q1","stockfishScores":{"bn":0.5116666666666667}},{"fenStr":"r5k1/1p3Npp/8/1p6/4R3/1Q4KP/6P1/6q1","stockfishScores":{"wn":0.5129761904761905}},{"fenStr":"r5k1/1p4pp/7N/1p6/4R3/1Q4KP/6P1/6q1","stockfishScores":{"bn":0.513154761904762}},{"fenStr":"r6k/1p4pp/7N/1p6/4R3/1Q4KP/6P1/6q1","stockfishScores":{"wn":0.513452380952381}},{"fenStr":"r5Qk/1p4pp/7N/1p6/4R3/6KP/6P1/6q1","stockfishScores":{"bn":0.5020833333333333}},{"fenStr":"6rk/1p4pp/7N/1p6/4R3/6KP/6P1/6q1","stockfishScores":{"wn":0.441547619047619}},{"fenStr":"6rk/1p3Npp/8/1p6/4R3/6KP/6P1/6q1","stockfishScores":{"bn":0.4419642857142857}}],"result":{"ww":true}}