{"fens":[{"fenStr":"rnbqkbnr/pppppppp/8/8/3P4/8/PPP1PPPP/RNBQKBNR","stockfishScores":{"bn":0.5048809523809524}},{"fenStr":"rnbqkb1r/pppppppp/5n2/8/3P4/8/PPP1PPPP/RNBQKBNR","stockfishScores":{"wn":0.5016071428571428}},{"fenStr":"rnbqkb1r/pppppppp/5n2/8/2PP4/8/PP2PPPP/RNBQKBNR","stockfishScores":{"bn":0.5041071428571429}},{"fenStr":"rnbqkb1r/pppppp1p/5np1/8/2PP4/8/PP2PPPP/RNBQKBNR","stockfishScores":{"wn":0.5035119047619048}},{"fenStr":"rnbqkb1r/pppppp1p/5np1/8/2PP4/2N5/PP2PPPP/R1BQKBNR","stockfishScores":{"bn":0.5066666666666667}},{"fenStr":"rnbqk2r/ppppppbp/5np1/8/2PP4/2N5/PP2PPPP/R1BQKBNR","stockfishScores":{"wn":0.5055357142857143}},{"fenStr":"rnbqk2r/ppppppbp/5np1/8/2PPP3/2N5/PP3PPP/R1BQKBNR","stockfishScores":{"bn":0.510297619047619}},{"fenStr":"rnbq1rk1/ppppppbp/5np1/8/2PPP3/2N5/PP3PPP/R1BQKBNR","stockfishScores":{"wn":0.5016666666666667}},{"fenStr":"rnbq1rk1/ppppppbp/5np1/8/2PPP3/2N2N2/PP3PPP/R1BQKB1R","stockfishScores":{"bn":0.5048214285714285}},{"fenStr":"rnbq1rk1/ppp1ppbp/3p1np1/8/2PPP3/2N2N2/PP3PPP/R1BQKB1R","stockfishScores":{"wn":0.4988690476190476}},{"fenStr":"rnbq1rk1/ppp1ppbp/3p1np1/8/2PPP3/2N2N1P/PP3PP1/R1BQKB1R","stockfishScores":{"bn":0.5004761904761905}},{"fenStr":"rnbq1rk1/ppp2pbp/3p1np1/4p3/2PPP3/2N2N1P/PP3PP1/R1BQKB1R","stockfishScores":{"wn":0.49857142857142855}},{"fenStr":"rnbq1rk1/ppp2pbp/3p1np1/3Pp3/2P1P3/2N2N1P/PP3PP1/R1BQKB1R","stockfishScores":{"bn":0.4988690476190476}},{"fenStr":"rnbq1rk1/1pp2pbp/3p1np1/p2Pp3/2P1P3/2N2N1P/PP3PP1/R1BQKB1R","stockfishScores":{"wn":0.49970238095238095}},{"fenStr":"rnbq1rk1/1pp2pbp/3p1np1/p2Pp3/2P1P1P1/2N2N1P/PP3P2/R1BQKB1R","stockfishScores":{"bn":0.5}},{"fenStr":"r1bq1rk1/1pp2pbp/n2p1np1/p2Pp3/2P1P1P1/2N2N1P/PP3P2/R1BQKB1R","stockfishScores":{"wn":0.4999404761904762}},{"fenStr":"r1bq1rk1/1pp2pbp/n2p1np1/p2Pp3/2P1P1P1/2N1BN1P/PP3P2/R2QKB1R","stockfishScores":{"bn":0.5002380952380953}},{"fenStr":"r1bq1rk1/1pp2pbp/3p1np1/p1nPp3/2P1P1P1/2N1BN1P/PP3P2/R2QKB1R","stockfishScores":{"wn":0.4979166666666667}},{"fenStr":"r1bq1rk1/1pp2pbp/3p1np1/p1nPp3/2P1P1P1/2N1B2P/PP1N1P2/R2QKB1R","stockfishScores":{"bn":0.4963690476190476}},{"fenStr":"r1bq1rk1/1p3pbp/2pp1np1/p1nPp3/2P1P1P1/2N1B2P/PP1N1P2/R2QKB1R","stockfishScores":{"wn":0.4963095238095238}},{"fenStr":"r1bq1rk1/1p3pbp/2pp1np1/p1nPp3/2P1P1P1/2N1B2P/PP1NBP2/R2QK2R","stockfishScores":{"bn":0.495}},{"fenStr":"r1bq1rk1/1p3pbp/3p1np1/p1npp3/2P1P1P1/2N1B2P/PP1NBP2/R2QK2R","stockfishScores":{"wn":0.48428571428571426}},{"fenStr":"r1bq1rk1/1p3pbp/3p1np1/p1nPp3/4P1P1/2N1B2P/PP1NBP2/R2QK2R","stockfishScores":{"bn":0.49726190476190474}},{"fenStr":"r1bq1rk1/5pbp/1p1p1np1/p1nPp3/4P1P1/2N1B2P/PP1NBP2/R2QK2R","stockfishScores":{"wn":0.49666666666666665}},{"fenStr":"r1bq1rk1/5pbp/1p1p1np1/p1nPp3/4P1P1/2N1BP1P/PP1NB3/R2QK2R","stockfishScores":{"bn":0.4957738095238095}},{"fenStr":"r1bqnrk1/5pbp/1p1p2p1/p1nPp3/4P1P1/2N1BP1P/PP1NB3/R2QK2R","stockfishScores":{"wn":0.49101190476190476}},{"fenStr":"r1bqnrk1/5pbp/1p1p2p1/p1nPp3/4P1PP/2N1BP2/PP1NB3/R2QK2R","stockfishScores":{"bn":0.5016071428571428}},{"fenStr":"r1bqnrk1/6bp/1p1p2p1/p1nPpp2/4P1PP/2N1BP2/PP1NB3/R2QK2R","stockfishScores":{"wn":0.4999404761904762}},{"fenStr":"r1bqnrk1/6bp/1p1p2p1/p1nPppP1/4P2P/2N1BP2/PP1NB3/R2QK2R","stockfishScores":{"bn":0.4976785714285714}},{"fenStr":"r1bqn1k1/5rbp/1p1p2p1/p1nPppP1/4P2P/2N1BP2/PP1NB3/R2QK2R","stockfishScores":{"wn":0.4976190476190476}},{"fenStr":"r1bqn1k1/5rbp/1p1p2p1/p1nPppP1/4P2P/2N1BP2/PP1NB3/2RQK2R","stockfishScores":{"bn":0.4980357142857143}},{"fenStr":"r1bqnbk1/5r1p/1p1p2p1/p1nPppP1/4P2P/2N1BP2/PP1NB3/2RQK2R","stockfishScores":{"wn":0.5004166666666666}},{"fenStr":"r1bqnbk1/5r1p/1p1p2p1/p1nPppP1/2N1P2P/2N1BP2/PP2B3/2RQK2R","stockfishScores":{"bn":0.50125}},{"fenStr":"r1bqnbk1/5r1p/1p1p2p1/p1nPp1P1/2N1Pp1P/2N1BP2/PP2B3/2RQK2R","stockfishScores":{"wn":0.49702380952380953}},{"fenStr":"r1bqnbk1/5r1p/1p1p2p1/p1nPp1P1/2N1Pp1P/2N2P2/PP2BB2/2RQK2R","stockfishScores":{"bn":0.5004761904761905}},{"fenStr":"r1bqnbk1/5r2/1p1p2pp/p1nPp1P1/2N1Pp1P/2N2P2/PP2BB2/2RQK2R","stockfishScores":{"wn":0.5007142857142857}},{"fenStr":"r1bqnbk1/5r2/1p1p2pP/p1nPp3/2N1Pp1P/2N2P2/PP2BB2/2RQK2R","stockfishScores":{"bn":0.5123809523809524}},{"fenStr":"r1bqnbk1/7r/1p1p2pP/p1nPp3/2N1Pp1P/2N2P2/PP2BB2/2RQK2R","stockfishScores":{"wn":0.5136904761904761}},{"fenStr":"r1bqnbk1/7r/1p1p2pP/p1nPp3/2N1Pp1P/2N2P2/PP1KBB2/2RQ3R","stockfishScores":{"bn":0.5141071428571429}},{"fenStr":"r1bqnbk1/8/1p1p2pr/p1nPp3/2N1Pp1P/2N2P2/PP1KBB2/2RQ3R","stockfishScores":{"wn":0.5058928571428571}},{"fenStr":"r1bqnbk1/8/1p1p2pr/p1nPp3/2N1Pp1P/2N2P2/PP1KBB2/2R3QR","stockfishScores":{"bn":0.5063690476190477}},{"fenStr":"2bqnbk1/r7/1p1p2pr/p1nPp3/2N1Pp1P/2N2P2/PP1KBB2/2R3QR","stockfishScores":{"wn":0.5061309523809524}},{"fenStr":"2bqnbk1/r7/1p1p2pr/p1nPp1Q1/2N1Pp1P/2N2P2/PP1KBB2/2R4R","stockfishScores":{"bn":0.5044642857142857}},{"fenStr":"2b1nbk1/r7/1p1p2pr/p1nPp1q1/2N1Pp1P/2N2P2/PP1KBB2/2R4R","stockfishScores":{"wn":0.42464285714285716}},{"fenStr":"2b1nbk1/r7/1p1p2pr/p1nPp1P1/2N1Pp2/2N2P2/PP1KBB2/2R4R","stockfishScores":{"bn":0.5138690476190476}},{"fenStr":"2b1nbk1/r7/1p1p2p1/p1nPp1P1/2N1Pp2/2N2P2/PP1KBB2/2R4r","stockfishScores":{"wn":0.4701190476190476}},{"fenStr":"2b1nbk1/r7/1p1p2p1/p1nPp1P1/2N1Pp2/2N2P2/PP1KBB2/7R","stockfishScores":{"bn":0.508452380952381}},{"fenStr":"2b1nbk1/1r6/1p1p2p1/p1nPp1P1/2N1Pp2/2N2P2/PP1KBB2/7R","stockfishScores":{"wn":0.5088095238095238}},{"fenStr":"2b1nbk1/1r6/1p1p2p1/p1nPp1P1/2N1Pp2/1PN2P2/P2KBB2/7R","stockfishScores":{"bn":0.5086309523809524}},{"fenStr":"2b1n1k1/1r2b3/1p1p2p1/p1nPp1P1/2N1Pp2/1PN2P2/P2KBB2/7R","stockfishScores":{"wn":0.5083333333333333}},{"fenStr":"2b1n1k1/1r2b3/1p1p2p1/p1BPp1P1/2N1Pp2/1PN2P2/P2KB3/7R","stockfishScores":{"bn":0.5297619047619048}},{"fenStr":"2b1n1k1/1r2b3/1p4p1/p1pPp1P1/2N1Pp2/1PN2P2/P2KB3/7R","stockfishScores":{"wn":0.5130357142857143}},{"fenStr":"2b1n1k1/1r2b3/1p4p1/p1pPN1P1/4Pp2/1PN2P2/P2KB3/7R","stockfishScores":{"bn":0.5192261904761905}},{"fenStr":"2b1n1k1/1r6/1p4p1/p1pPN1b1/4Pp2/1PN2P2/P2KB3/7R","stockfishScores":{"wn":0.509702380952381}},{"fenStr":"2b1n1k1/1r6/1p4N1/p1pP2b1/4Pp2/1PN2P2/P2KB3/7R","stockfishScores":{"bn":0.5205952380952381}},{"fenStr":"2b1n1k1/6r1/1p4N1/p1pP2b1/4Pp2/1PN2P2/P2KB3/7R","stockfishScores":{"wn":0.5166666666666667}},{"fenStr":"2b1n1kR/6r1/1p4N1/p1pP2b1/4Pp2/1PN2P2/P2KB3/8","stockfishScores":{"bn":0.5082738095238095}},{"fenStr":"2b1n2R/5kr1/1p4N1/p1pP2b1/4Pp2/1PN2P2/P2KB3/8","stockfishScores":{"wn":0.5214285714285715}},{"fenStr":"2b1n2R/5kr1/1p6/p1pPN1b1/4Pp2/1PN2P2/P2KB3/8","stockfishScores":{"bn":0.51375}},{"fenStr":"2b1n2R/4k1r1/1p6/p1pPN1b1/4Pp2/1PN2P2/P2KB3/8","stockfishScores":{"wn":0.5178571428571429}},{"fenStr":"2b1n2R/4k1r1/1pN5/p1pP2b1/4Pp2/1PN2P2/P2KB3/8","stockfishScores":{"bn":0.5151785714285714}},{"fenStr":"2b1n2R/5kr1/1pN5/p1pP2b1/4Pp2/1PN2P2/P2KB3/8","stockfishScores":{"wn":0.5191071428571429}},{"fenStr":"2b1n2R/5kr1/1pN5/p1pPP1b1/5p2/1PN2P2/P2KB3/8","stockfishScores":{"bn":0.5201785714285714}},{"fenStr":"2b1n1rR/5k2/1pN5/p1pPP1b1/5p2/1PN2P2/P2KB3/8","stockfishScores":{"wn":0.5175}},{"fenStr":"2b1n1R1/5k2/1pN5/p1pPP1b1/5p2/1PN2P2/P2KB3/8","stockfishScores":{"bn":0.5458928571428572}},{"fenStr":"2b1n1k1/8/1pN5/p1pPP1b1/5p2/1PN2P2/P2KB3/8","stockfishScores":{"wn":0.5176190476190476}},{"fenStr":"2b1n1k1/8/1pN5/p1pPP1b1/4Np2/1P3P2/P2KB3/8","stockfishScores":{"bn":0.5198214285714285}},{"fenStr":"2b1n1k1/8/1pN5/p1pPP3/4Np1b/1P3P2/P2KB3/8","stockfishScores":{"wn":0.5182142857142857}},{"fenStr":"2b1n1k1/8/1pN5/p1pPP3/2B1Np1b/1P3P2/P2K4/8","stockfishScores":{"bn":0.5176190476190476}},{"fenStr":"2b1nk2/8/1pN5/p1pPP3/2B1Np1b/1P3P2/P2K4/8","stockfishScores":{"wn":0.5156547619047619}},{"fenStr":"2b1nk2/8/1pN1P3/p1pP4/2B1Np1b/1P3P2/P2K4/8","stockfishScores":{"bn":0.5177380952380952}},{"fenStr":"4nk2/1b6/1pN1P3/p1pP4/2B1Np1b/1P3P2/P2K4/8","stockfishScores":{"wn":0.51625}},{"fenStr":"4nk2/1b6/1p2P3/p1pPN3/2B1Np1b/1P3P2/P2K4/8","stockfishScores":{"bn":0.5175}},{"fenStr":"3bnk2/1b6/1p2P3/p1pPN3/2B1Np2/1P3P2/P2K4/8","stockfishScores":{"wn":0.5186904761904761}},{"fenStr":"3bnk2/1b6/1p2P1N1/p1pP4/2B1Np2/1P3P2/P2K4/8","stockfishScores":{"bn":0.5192261904761905}},{"fenStr":"3bn3/1b4k1/1p2P1N1/p1pP4/2B1Np2/1P3P2/P2K4/8","stockfishScores":{"wn":0.51875}},{"fenStr":"3bn3/1b4k1/1p2P3/p1pP4/2B1NN2/1P3P2/P2K4/8","stockfishScores":{"bn":0.5282738095238095}},{"fenStr":"4n3/1bb3k1/1p2P3/p1pP4/2B1NN2/1P3P2/P2K4/8","stockfishScores":{"wn":0.5306547619047619}},{"fenStr":"4n3/1bb3k1/1p2P3/p1pP4/2B1NN2/1P2KP2/P7/8","stockfishScores":{"bn":0.533452380952381}},{"fenStr":"8/1bb3k1/1p1nP3/p1pP4/2B1NN2/1P2KP2/P7/8","stockfishScores":{"wn":0.5282738095238095}},{"fenStr":"8/1bb3k1/1p1NP3/p1pP4/2B2N2/1P2KP2/P7/8","stockfishScores":{"bn":0.5603571428571429}},{"fenStr":"8/1b4k1/1p1bP3/p1pP4/2B2N2/1P2KP2/P7/8","stockfishScores":{"wn":0.5217261904761905}},{"fenStr":"8/1b4k1/1p1bP3/p1pP4/P1B2N2/1P2KP2/8/8","stockfishScores":{"bn":0.5211309523809524}},{"fenStr":"8/1b6/1p1bPk2/p1pP4/P1B2N2/1P2KP2/8/8","stockfishScores":{"wn":0.5172023809523809}},{"fenStr":"8/1b6/1p1bPk2/p1pP4/P1B1KN2/1P3P2/8/8","stockfishScores":{"bn":0.5176190476190476}},{"fenStr":"5b2/1b6/1p2Pk2/p1pP4/P1B1KN2/1P3P2/8/8","stockfishScores":{"wn":0.5244642857142857}},{"fenStr":"5b2/1b6/1p2Pk2/p1pP4/P1B1K3/1P1N1P2/8/8","stockfishScores":{"bn":0.5233928571428571}},{"fenStr":"8/1b6/1p1bPk2/p1pP4/P1B1K3/1P1N1P2/8/8","stockfishScores":{"wn":0.5202976190476191}},{"fenStr":"8/1b6/1p1bPk2/p1pP4/P1B1KP2/1P1N4/8/8","stockfishScores":{"bn":0.5208928571428572}},{"fenStr":"8/1bb5/1p2Pk2/p1pP4/P1B1KP2/1P1N4/8/8","stockfishScores":{"wn":0.5248214285714285}},{"fenStr":"8/1bb5/1p2Pk2/p1pPN3/P1B1KP2/1P6/8/8","stockfishScores":{"bn":0.5244047619047619}},{"fenStr":"8/1bb1k3/1p2P3/p1pPN3/P1B1KP2/1P6/8/8","stockfishScores":{"wn":0.5230357142857143}},{"fenStr":"8/1bb1k3/1p2P3/p1pP4/P1B1KPN1/1P6/8/8","stockfishScores":{"bn":0.5202976190476191}},{"fenStr":"8/1bb5/1p1kP3/p1pP4/P1B1KPN1/1P6/8/8","stockfishScores":{"wn":0.5193452380952381}},{"fenStr":"8/1bb5/1p1kP3/p1pP1P2/P1B1K1N1/1P6/8/8","stockfishScores":{"bn":0.52125}},{"fenStr":"8/1bb5/3kP3/pppP1P2/P1B1K1N1/1P6/8/8","stockfishScores":{"wn":0.5224404761904762}},{"fenStr":"8/1bb5/3kP3/pPpP1P2/2B1K1N1/1P6/8/8","stockfishScores":{"bn":0.5295833333333333}},{"fenStr":"8/1bb5/3kP3/1PpP1P2/p1B1K1N1/1P6/8/8","stockfishScores":{"wn":0.5244642857142857}},{"fenStr":"8/1bb5/3kP3/1PpP1P2/P1B1K1N1/8/8/8","stockfishScores":{"bn":0.5385714285714286}},{"fenStr":"1b6/1b6/3kP3/1PpP1P2/P1B1K1N1/8/8/8","stockfishScores":{"wn":0.5435714285714286}},{"fenStr":"1b6/1b6/3kPP2/1PpP4/P1B1K1N1/8/8/8","stockfishScores":{"bn":0.5536309523809524}},{"fenStr":"8/1bb5/3kPP2/1PpP4/P1B1K1N1/8/8/8","stockfishScores":{"wn":0.550952380952381}},{"fenStr":"8/1bb2P2/3kP3/1PpP4/P1B1K1N1/8/8/8","stockfishScores":{"bn":0.555952380952381}},{"fenStr":"8/1bb1kP2/4P3/1PpP4/P1B1K1N1/8/8/8","stockfishScores":{"wn":0.5491071428571429}},{"fenStr":"8/1bb1kP2/4P3/1PpPN3/P1B1K3/8/8/8","stockfishScores":{"bn":0.5482738095238096}},{"fenStr":"1b6/1b2kP2/4P3/1PpPN3/P1B1K3/8/8/8","stockfishScores":{"wn":0.5532738095238096}},{"fenStr":"1b6/1b2kP2/4P1N1/1PpP4/P1B1K3/8/8/8","stockfishScores":{"bn":0.5546428571428571}},{"fenStr":"1b6/1b3P2/4PkN1/1PpP4/P1B1K3/8/8/8","stockfishScores":{"wn":0.570952380952381}},{"fenStr":"1b3Q2/1b6/4PkN1/1PpP4/P1B1K3/8/8/8","stockfishScores":{"bn":0.59375}},{"fenStr":"1b3Q2/1b6/4P1k1/1PpP4/P1B1K3/8/8/8","stockfishScores":{"wn":0.5675595238095238}},{"fenStr":"1b6/1b3Q2/4P1k1/1PpP4/P1B1K3/8/8/8","stockfishScores":{"bn":0.5679761904761905}},{"fenStr":"1b6/1b3Q2/4P3/1PpP2k1/P1B1K3/8/8/8","stockfishScores":{"wn":0.5686309523809524}},{"fenStr":"1b6/1Q6/4P3/1PpP2k1/P1B1K3/8/8/8","stockfishScores":{"bn":0.5960714285714286}},{"fenStr":"8/1Q6/3bP3/1PpP2k1/P1B1K3/8/8/8","stockfishScores":{"wn":0.5951190476190477}},{"fenStr":"8/6Q1/3bP3/1PpP2k1/P1B1K3/8/8/8","stockfishScores":{"bn":0.5951190476190477}},{"fenStr":"8/6Q1/3bP3/1PpP4/P1B1K2k/8/8/8","stockfishScores":{"wn":0.596547619047619}},{"fenStr":"8/6Q1/3bP3/1PpP4/P1B4k/5K2/8/8","stockfishScores":{"bn":0.5973809523809523}},{"fenStr":"8/6Q1/3bP3/1PpP3k/P1B5/5K2/8/8","stockfishScores":{"wn":0.5969047619047619}},{"fenStr":"8/6Q1/3bP3/1PpP3k/P7/3B1K2/8/8","stockfishScores":{"bn":0.5971428571428572}},{"fenStr":"8/6Q1/3bP3/1P1P3k/P1p5/3B1K2/8/8","stockfishScores":{"wn":0.5973809523809523}},{"fenStr":"8/8/3bP1Q1/1P1P3k/P1p5/3B1K2/8/8","stockfishScores":{"bn":0.5975}},{"fenStr":"8/8/3bP1Q1/1P1P4/P1p4k/3B1K2/8/8","stockfishScores":{"wn":0.5979761904761904}},{"fenStr":"8/8/3bP3/1P1P4/P1p3Qk/3B1K2/8/8","stockfishScores":{"bn":0.5980952380952381}}],"result":{"ww":true}}