{"fens":[{"fenStr":"rnbqkbnr/pppppppp/8/8/4P3/8/PPPP1PPP/RNBQKBNR","stockfishScores":{"bn":0.5049404761904762}},{"fenStr":"rnbqkbnr/pp1ppppp/2p5/8/4P3/8/PPPP1PPP/RNBQKBNR","stockfishScores":{"wn":0.5039880952380953}},{"fenStr":"rnbqkbnr/pp1ppppp/2p5/8/3PP3/8/PPP2PPP/RNBQKBNR","stockfishScores":{"bn":0.5090476190476191}},{"fenStr":"rnbqkbnr/pp2pppp/2p5/3p4/3PP3/8/PPP2PPP/RNBQKBNR","stockfishScores":{"wn":0.5023214285714286}},{"fenStr":"rnbqkbnr/pp2pppp/2p5/3p4/3PP3/2N5/PPP2PPP/R1BQKBNR","stockfishScores":{"bn":0.5055952380952381}},{"fenStr":"rnbqkbnr/pp2pppp/2p5/8/3Pp3/2N5/PPP2PPP/R1BQKBNR","stockfishScores":{"wn":0.49714285714285716}},{"fenStr":"rnbqkbnr/pp2pppp/2p5/8/3PN3/8/PPP2PPP/R1BQKBNR","stockfishScores":{"bn":0.5049404761904762}},{"fenStr":"rn1qkbnr/pp2pppp/2p5/5b2/3PN3/8/PPP2PPP/R1BQKBNR","stockfishScores":{"wn":0.503452380952381}},{"fenStr":"rn1qkbnr/pp2pppp/2p5/5b2/3P4/6N1/PPP2PPP/R1BQKBNR","stockfishScores":{"bn":0.5043452380952381}},{"fenStr":"rn1qkbnr/pp2pppp/2p3b1/8/3P4/6N1/PPP2PPP/R1BQKBNR","stockfishScores":{"wn":0.5013690476190477}},{"fenStr":"rn1qkbnr/pp2pppp/2p3b1/8/3P3P/6N1/PPP2PP1/R1BQKBNR","stockfishScores":{"bn":0.5064285714285715}},{"fenStr":"rn1qkbnr/pp2ppp1/2p3bp/8/3P3P/6N1/PPP2PP1/R1BQKBNR","stockfishScores":{"wn":0.5060119047619047}},{"fenStr":"rn1qkbnr/pp2ppp1/2p3bp/8/3P3P/5NN1/PPP2PP1/R1BQKB1R","stockfishScores":{"bn":0.5076190476190476}},{"fenStr":"r2qkbnr/pp1nppp1/2p3bp/8/3P3P/5NN1/PPP2PP1/R1BQKB1R","stockfishScores":{"wn":0.5058333333333334}},{"fenStr":"r2qkbnr/pp1nppp1/2p3bp/7P/3P4/5NN1/PPP2PP1/R1BQKB1R","stockfishScores":{"bn":0.5082738095238095}},{"fenStr":"r2qkbnr/pp1npppb/2p4p/7P/3P4/5NN1/PPP2PP1/R1BQKB1R","stockfishScores":{"wn":0.5058928571428571}},{"fenStr":"r2qkbnr/pp1npppb/2p4p/7P/3P4/3B1NN1/PPP2PP1/R1BQK2R","stockfishScores":{"bn":0.5069642857142858}},{"fenStr":"r2qkbnr/pp1nppp1/2p4p/7P/3P4/3b1NN1/PPP2PP1/R1BQK2R","stockfishScores":{"wn":0.4800595238095238}},{"fenStr":"r2qkbnr/pp1nppp1/2p4p/7P/3P4/3Q1NN1/PPP2PP1/R1B1K2R","stockfishScores":{"bn":0.5097619047619047}},{"fenStr":"r2qkbnr/pp1n1pp1/2p1p2p/7P/3P4/3Q1NN1/PPP2PP1/R1B1K2R","stockfishScores":{"wn":0.5055357142857143}},{"fenStr":"r2qkbnr/pp1n1pp1/2p1p2p/7P/3P4/3QBNN1/PPP2PP1/R3K2R","stockfishScores":{"bn":0.5049404761904762}},{"fenStr":"r2qkb1r/pp1n1pp1/2p1pn1p/7P/3P4/3QBNN1/PPP2PP1/R3K2R","stockfishScores":{"wn":0.5013690476190477}},{"fenStr":"r2qkb1r/pp1n1pp1/2p1pn1p/7P/3P4/3QBNN1/PPP2PP1/2KR3R","stockfishScores":{"bn":0.5057142857142857}},{"fenStr":"r2qkb1r/pp1n1pp1/2p1p2p/3n3P/3P4/3QBNN1/PPP2PP1/2KR3R","stockfishScores":{"wn":0.5019047619047619}},{"fenStr":"r2qkb1r/pp1n1pp1/2p1p2p/3n3P/3P4/3Q1NN1/PPPB1PP1/2KR3R","stockfishScores":{"bn":0.5039285714285714}},{"fenStr":"r2qkb1r/pp1n1pp1/2p1p2p/7P/1n1P4/3Q1NN1/PPPB1PP1/2KR3R","stockfishScores":{"wn":0.5026785714285714}},{"fenStr":"r2qkb1r/pp1n1pp1/2p1p2p/7P/1n1P4/1Q3NN1/PPPB1PP1/2KR3R","stockfishScores":{"bn":0.5108928571428571}},{"fenStr":"r2qkb1r/1p1n1pp1/2p1p2p/p6P/1n1P4/1Q3NN1/PPPB1PP1/2KR3R","stockfishScores":{"wn":0.5093452380952381}},{"fenStr":"r2qkb1r/1p1n1pp1/2p1p2p/p6P/1n1P4/1Q3NN1/PPPB1PP1/2KRR3","stockfishScores":{"bn":0.5108333333333334}},{"fenStr":"r2qkb1r/1p1n1pp1/2p1p2p/7P/pn1P4/1Q3NN1/PPPB1PP1/2KRR3","stockfishScores":{"wn":0.508452380952381}},{"fenStr":"r2qkb1r/1p1n1pp1/2p1R2p/7P/pn1P4/1Q3NN1/PPPB1PP1/2KR4","stockfishScores":{"bn":0.5126190476190476}},{"fenStr":"r2qkb1r/1p1n2p1/2p1p2p/7P/pn1P4/1Q3NN1/PPPB1PP1/2KR4","stockfishScores":{"wn":0.48946428571428574}},{"fenStr":"r2qkb1r/1p1n2p1/2p1Q2p/7P/pn1P4/5NN1/PPPB1PP1/2KR4","stockfishScores":{"bn":0.5001785714285715}},{"fenStr":"r3kb1r/1p1nq1p1/2p1Q2p/7P/pn1P4/5NN1/PPPB1PP1/2KR4","stockfishScores":{"wn":0.5110714285714286}},{"fenStr":"r3kb1r/1p1nq1p1/2p3Qp/7P/pn1P4/5NN1/PPPB1PP1/2KR4","stockfishScores":{"bn":0.4944642857142857}},{"fenStr":"r2k1b1r/1p1nq1p1/2p3Qp/7P/pn1P4/5NN1/PPPB1PP1/2KR4","stockfishScores":{"wn":0.48464285714285715}},{"fenStr":"r2k1b1r/1p1nq1p1/2p3Qp/7P/pn1P4/5NN1/PPPB1PP1/2K1R3","stockfishScores":{"bn":0.49720238095238095}},{"fenStr":"r2k1b1r/1p1nq1p1/2p3Qp/7P/p2P4/5NN1/nPPB1PP1/2K1R3","stockfishScores":{"wn":0.5000595238095238}},{"fenStr":"r2k1b1r/1p1nq1p1/2p3Qp/7P/p2P4/5NN1/nPPB1PP1/1K2R3","stockfishScores":{"bn":0.49964285714285717}},{"fenStr":"r2k1b1r/1p1n2p1/2p3Qp/7P/p2P4/5NN1/nPPB1PP1/1K2q3","stockfishScores":{"wn":0.43625}},{"fenStr":"r2k1b1r/1p1n2p1/2p3Qp/7P/p2P4/5NN1/nPP2PP1/1K2B3","stockfishScores":{"bn":0.5190476190476191}},{"fenStr":"r2k1b1r/1p1n2p1/2p3Qp/7P/pn1P4/5NN1/1PP2PP1/1K2B3","stockfishScores":{"wn":0.5166666666666667}},{"fenStr":"r2k1b1r/1p1n2p1/2p3Qp/4N2P/pn1P4/6N1/1PP2PP1/1K2B3","stockfishScores":{"bn":0.5289880952380952}},{"fenStr":"r2k1b1r/1p4p1/2p3Qp/4n2P/pn1P4/6N1/1PP2PP1/1K2B3","stockfishScores":{"wn":0.4906547619047619}},{"fenStr":"r2k1b1r/1p4p1/2p3Qp/4P2P/pn6/6N1/1PP2PP1/1K2B3","stockfishScores":{"bn":0.5161309523809524}},{"fenStr":"r4b1r/1pk3p1/2p3Qp/4P2P/pn6/6N1/1PP2PP1/1K2B3","stockfishScores":{"wn":0.5149404761904762}},{"fenStr":"r4b1r/1pk3p1/2p3Qp/4P2P/pn2N3/8/1PP2PP1/1K2B3","stockfishScores":{"bn":0.5180357142857143}},{"fenStr":"r4b1r/1pk3p1/2p3Qp/3nP2P/p3N3/8/1PP2PP1/1K2B3","stockfishScores":{"wn":0.5173809523809524}},{"fenStr":"r4b1r/1pk3p1/2p3Qp/3nP2P/p1P1N3/8/1P3PP1/1K2B3","stockfishScores":{"bn":0.5168452380952381}},{"fenStr":"r4b1r/1pk3p1/1np3Qp/4P2P/p1P1N3/8/1P3PP1/1K2B3","stockfishScores":{"wn":0.5149404761904762}},{"fenStr":"r4b1r/1pk3p1/1np3Qp/4P2P/p1P1N3/8/1P1B1PP1/1K6","stockfishScores":{"bn":0.5160119047619047}},{"fenStr":"r4b1r/1pk3p1/1np3Qp/4P2P/2P1N3/p7/1P1B1PP1/1K6","stockfishScores":{"wn":0.5125}},{"fenStr":"r4b1r/1pk3p1/1np3Qp/4P2P/2P1N3/P7/3B1PP1/1K6","stockfishScores":{"bn":0.5182142857142857}},{"fenStr":"rk3b1r/1p4p1/1np3Qp/4P2P/2P1N3/P7/3B1PP1/1K6","stockfishScores":{"wn":0.5198809523809523}},{"fenStr":"rk3b1r/1p4p1/1np3Qp/4P2P/2P1N3/P3B3/5PP1/1K6","stockfishScores":{"bn":0.5239880952380952}},{"fenStr":"r4b1r/kp4p1/1np3Qp/4P2P/2P1N3/P3B3/5PP1/1K6","stockfishScores":{"wn":0.5272619047619047}},{"fenStr":"r4b1r/kp4p1/1npN2Qp/4P2P/2P5/P3B3/5PP1/1K6","stockfishScores":{"bn":0.5323809523809524}},{"fenStr":"r6r/kp4p1/1npb2Qp/4P2P/2P5/P3B3/5PP1/1K6","stockfishScores":{"wn":0.4938095238095238}},{"fenStr":"r6r/kp4p1/1npQ3p/4P2P/2P5/P3B3/5PP1/1K6","stockfishScores":{"bn":0.5216071428571428}},{"fenStr":"r6r/1p4p1/knpQ3p/4P2P/2P5/P3B3/5PP1/1K6","stockfishScores":{"wn":0.5175595238095239}},{"fenStr":"r6r/1p4p1/knp4p/4P2P/1QP5/P3B3/5PP1/1K6","stockfishScores":{"bn":0.5261309523809524}},{"fenStr":"r6r/1p1n2p1/k1p4p/4P2P/1QP5/P3B3/5PP1/1K6","stockfishScores":{"wn":0.5216666666666667}},{"fenStr":"r6r/1p1n2p1/k1p4p/4P2P/Q1P5/P3B3/5PP1/1K6","stockfishScores":{"bn":0.5110119047619047}}],"result":{"ww":true}}