{"fens":[{"fenStr":"rnbqkbnr/pppppppp/8/8/3P4/8/PPP1PPPP/RNBQKBNR","stockfishScores":{"bn":0.5048809523809524}},{"fenStr":"rnbqkbnr/ppp1pppp/8/3p4/3P4/8/PPP1PPPP/RNBQKBNR","stockfishScores":{"wn":0.5005952380952381}},{"fenStr":"rnbqkbnr/ppp1pppp/8/3p4/3P4/5N2/PPP1PPPP/RNBQKB1R","stockfishScores":{"bn":0.5038690476190476}},{"fenStr":"rnbqkb1r/ppp1pppp/5n2/3p4/3P4/5N2/PPP1PPPP/RNBQKB1R","stockfishScores":{"wn":0.5005952380952381}},{"fenStr":"rnbqkb1r/ppp1pppp/5n2/3p4/3P4/4PN2/PPP2PPP/RNBQKB1R","stockfishScores":{"bn":0.5022023809523809}},{"fenStr":"rnbqkb1r/pp2pppp/2p2n2/3p4/3P4/4PN2/PPP2PPP/RNBQKB1R","stockfishScores":{"wn":0.5005952380952381}},{"fenStr":"rnbqkb1r/pp2pppp/2p2n2/3p4/2PP4/4PN2/PP3PPP/RNBQKB1R","stockfishScores":{"bn":0.5025595238095238}},{"fenStr":"rn1qkb1r/pp2pppp/2p2n2/3p1b2/2PP4/4PN2/PP3PPP/RNBQKB1R","stockfishScores":{"wn":0.4957738095238095}},{"fenStr":"rn1qkb1r/pp2pppp/2p2n2/3P1b2/3P4/4PN2/PP3PPP/RNBQKB1R","stockfishScores":{"bn":0.49964285714285717}},{"fenStr":"rn1qkb1r/pp2pppp/5n2/3p1b2/3P4/4PN2/PP3PPP/RNBQKB1R","stockfishScores":{"wn":0.4951785714285714}},{"fenStr":"rn1qkb1r/pp2pppp/5n2/3p1b2/3P4/1Q2PN2/PP3PPP/RNB1KB1R","stockfishScores":{"bn":0.49654761904761907}},{"fenStr":"rn2kb1r/ppq1pppp/5n2/3p1b2/3P4/1Q2PN2/PP3PPP/RNB1KB1R","stockfishScores":{"wn":0.49154761904761907}},{"fenStr":"rn2kb1r/ppq1pppp/5n2/3p1b2/3P4/1Q2PN2/PP1B1PPP/RN2KB1R","stockfishScores":{"bn":0.4993452380952381}},{"fenStr":"r3kb1r/ppq1pppp/2n2n2/3p1b2/3P4/1Q2PN2/PP1B1PPP/RN2KB1R","stockfishScores":{"wn":0.4988095238095238}},{"fenStr":"r3kb1r/ppq1pppp/2n2n2/1B1p1b2/3P4/1Q2PN2/PP1B1PPP/RN2K2R","stockfishScores":{"bn":0.5014880952380952}},{"fenStr":"r3kb1r/ppq2ppp/2n1pn2/1B1p1b2/3P4/1Q2PN2/PP1B1PPP/RN2K2R","stockfishScores":{"wn":0.4986904761904762}},{"fenStr":"r3kb1r/ppq2ppp/2n1pn2/1B1p1b2/3P4/1Q2PN2/PP1B1PPP/RN3RK1","stockfishScores":{"bn":0.5090476190476191}},{"fenStr":"r3k2r/ppq2ppp/2nbpn2/1B1p1b2/3P4/1Q2PN2/PP1B1PPP/RN3RK1","stockfishScores":{"wn":0.5086309523809524}},{"fenStr":"r3k2r/ppq2ppp/2nbpn2/1B1p1b2/1B1P4/1Q2PN2/PP3PPP/RN3RK1","stockfishScores":{"bn":0.5074404761904762}},{"fenStr":"r4rk1/ppq2ppp/2nbpn2/1B1p1b2/1B1P4/1Q2PN2/PP3PPP/RN3RK1","stockfishScores":{"wn":0.4888095238095238}},{"fenStr":"r4rk1/ppq2ppp/2nBpn2/1B1p1b2/3P4/1Q2PN2/PP3PPP/RN3RK1","stockfishScores":{"bn":0.5278571428571428}},{"fenStr":"r4rk1/pp3ppp/2nqpn2/1B1p1b2/3P4/1Q2PN2/PP3PPP/RN3RK1","stockfishScores":{"wn":0.49476190476190474}},{"fenStr":"r4rk1/pp3ppp/2Bqpn2/3p1b2/3P4/1Q2PN2/PP3PPP/RN3RK1","stockfishScores":{"bn":0.5201785714285714}},{"fenStr":"r4rk1/p4ppp/2pqpn2/3p1b2/3P4/1Q2PN2/PP3PPP/RN3RK1","stockfishScores":{"wn":0.49375}},{"fenStr":"r4rk1/p4ppp/2pqpn2/3p1b2/3P4/1Q2PN2/PP1N1PPP/R4RK1","stockfishScores":{"bn":0.4975595238095238}},{"fenStr":"rr4k1/p4ppp/2pqpn2/3p1b2/3P4/1Q2PN2/PP1N1PPP/R4RK1","stockfishScores":{"wn":0.4932738095238095}},{"fenStr":"rr4k1/p4ppp/2pqpn2/3p1b2/3P4/2Q1PN2/PP1N1PPP/R4RK1","stockfishScores":{"bn":0.4980952380952381}},{"fenStr":"rr4k1/p4ppp/2pqp3/3p1b2/3Pn3/2Q1PN2/PP1N1PPP/R4RK1","stockfishScores":{"wn":0.49607142857142855}},{"fenStr":"rr4k1/p4ppp/2pqp3/3p1b2/3PN3/2Q1PN2/PP3PPP/R4RK1","stockfishScores":{"bn":0.5261309523809524}},{"fenStr":"rr4k1/p4ppp/2pqp3/3p4/3Pb3/2Q1PN2/PP3PPP/R4RK1","stockfishScores":{"wn":0.4988095238095238}},{"fenStr":"rr4k1/p4ppp/2pqp3/3p4/3Pb3/2Q1P3/PP1N1PPP/R4RK1","stockfishScores":{"bn":0.49970238095238095}},{"fenStr":"rr4k1/p4ppp/2pqp1b1/3p4/3P4/2Q1P3/PP1N1PPP/R4RK1","stockfishScores":{"wn":0.4988690476190476}},{"fenStr":"rr4k1/p4ppp/2pqp1b1/3p4/3P4/1NQ1P3/PP3PPP/R4RK1","stockfishScores":{"bn":0.4981547619047619}},{"fenStr":"rr4k1/p5pp/2pqppb1/3p4/3P4/1NQ1P3/PP3PPP/R4RK1","stockfishScores":{"wn":0.4992857142857143}},{"fenStr":"rr4k1/p5pp/2pqppb1/3p4/3P4/1NQ1P3/PP3PPP/2R2RK1","stockfishScores":{"bn":0.5019047619047619}},{"fenStr":"r5k1/p5pp/1rpqppb1/3p4/3P4/1NQ1P3/PP3PPP/2R2RK1","stockfishScores":{"wn":0.5039880952380953}},{"fenStr":"r5k1/p5pp/1rpqppb1/N2p4/3P4/2Q1P3/PP3PPP/2R2RK1","stockfishScores":{"bn":0.5022023809523809}},{"fenStr":"2r3k1/p5pp/1rpqppb1/N2p4/3P4/2Q1P3/PP3PPP/2R2RK1","stockfishScores":{"wn":0.5014285714285714}},{"fenStr":"2r3k1/p5pp/1rpqppb1/N2p4/3P4/P1Q1P3/1P3PPP/2R2RK1","stockfishScores":{"bn":0.5004166666666666}},{"fenStr":"2r3k1/p5pp/1rpq1pb1/N2pp3/3P4/P1Q1P3/1P3PPP/2R2RK1","stockfishScores":{"wn":0.5010119047619047}},{"fenStr":"2r3k1/p5pp/1rpq1pb1/N2pp3/1P1P4/P1Q1P3/5PPP/2R2RK1","stockfishScores":{"bn":0.5010714285714286}},{"fenStr":"2r1b1k1/p5pp/1rpq1p2/N2pp3/1P1P4/P1Q1P3/5PPP/2R2RK1","stockfishScores":{"wn":0.5048809523809524}},{"fenStr":"2r1b1k1/p5pp/1rpq1p2/N2pp3/1P1P4/P3P3/3Q1PPP/2R2RK1","stockfishScores":{"bn":0.5047619047619047}},{"fenStr":"2r1b1k1/p5pp/1rpq1p2/N2p4/1P1Pp3/P3P3/3Q1PPP/2R2RK1","stockfishScores":{"wn":0.50625}},{"fenStr":"2r1b1k1/p5pp/1rpq1p2/N1Rp4/1P1Pp3/P3P3/3Q1PPP/5RK1","stockfishScores":{"bn":0.5052380952380953}},{"fenStr":"2r3k1/p2b2pp/1rpq1p2/N1Rp4/1P1Pp3/P3P3/3Q1PPP/5RK1","stockfishScores":{"wn":0.5040476190476191}},{"fenStr":"2r3k1/p2b2pp/1rpq1p2/N1Rp4/1P1Pp3/P3P3/3Q1PPP/2R3K1","stockfishScores":{"bn":0.5045833333333334}},{"fenStr":"2r3k1/p2b2pp/1rpq4/N1Rp1p2/1P1Pp3/P3P3/3Q1PPP/2R3K1","stockfishScores":{"wn":0.5080357142857143}},{"fenStr":"2r3k1/p2b2pp/1rpq4/2Rp1p2/1P1Pp3/PN2P3/3Q1PPP/2R3K1","stockfishScores":{"bn":0.5063690476190477}},{"fenStr":"2r3k1/p2b3p/1rpq4/2Rp1pp1/1P1Pp3/PN2P3/3Q1PPP/2R3K1","stockfishScores":{"wn":0.5090476190476191}},{"fenStr":"2r3k1/p2b3p/1rpq4/R2p1pp1/1P1Pp3/PN2P3/3Q1PPP/2R3K1","stockfishScores":{"bn":0.5060119047619047}},{"fenStr":"2r3k1/pr1b3p/2pq4/R2p1pp1/1P1Pp3/PN2P3/3Q1PPP/2R3K1","stockfishScores":{"wn":0.5053571428571428}},{"fenStr":"2r3k1/pr1b3p/R1pq4/3p1pp1/1P1Pp3/PN2P3/3Q1PPP/2R3K1","stockfishScores":{"bn":0.50625}},{"fenStr":"2r1b1k1/pr5p/R1pq4/3p1pp1/1P1Pp3/PN2P3/3Q1PPP/2R3K1","stockfishScores":{"wn":0.5072619047619048}},{"fenStr":"2r1b1k1/pr5p/R1pq4/N2p1pp1/1P1Pp3/P3P3/3Q1PPP/2R3K1","stockfishScores":{"bn":0.5107738095238096}},{"fenStr":"2r1b1k1/p1r4p/R1pq4/N2p1pp1/1P1Pp3/P3P3/3Q1PPP/2R3K1","stockfishScores":{"wn":0.5090476190476191}},{"fenStr":"2r1b1k1/p1r4p/R1pq4/N1Rp1pp1/1P1Pp3/P3P3/3Q1PPP/6K1","stockfishScores":{"bn":0.5086309523809524}},{"fenStr":"2r1b1k1/p1r4p/R1pq4/N1Rp2p1/1P1Ppp2/P3P3/3Q1PPP/6K1","stockfishScores":{"wn":0.5081547619047619}},{"fenStr":"2r1b1k1/p1r4p/R1pq4/NPRp2p1/3Ppp2/P3P3/3Q1PPP/6K1","stockfishScores":{"bn":0.5057738095238096}},{"fenStr":"2r1b1k1/p1r4p/R1pq4/NPRp2p1/3Pp3/P3Pp2/3Q1PPP/6K1","stockfishScores":{"wn":0.5057142857142857}},{"fenStr":"2r1b1k1/p1r4p/R1pq4/NPRp2p1/3Pp3/P3Pp2/5PPP/2Q3K1","stockfishScores":{"bn":0.5042261904761904}},{"fenStr":"2r1b1k1/p1rq3p/R1p5/NPRp2p1/3Pp3/P3Pp2/5PPP/2Q3K1","stockfishScores":{"wn":0.5041071428571429}},{"fenStr":"2r1b1k1/p1rq3p/R1N5/1PRp2p1/3Pp3/P3Pp2/5PPP/2Q3K1","stockfishScores":{"bn":0.508452380952381}},{"fenStr":"2r1b1k1/p1r4p/R1N5/1PRp2p1/3Pp1q1/P3Pp2/5PPP/2Q3K1","stockfishScores":{"wn":0.50375}},{"fenStr":"2r1b1k1/p1r4p/R1N5/1PRp2p1/3Pp1q1/P3PpP1/5P1P/2Q3K1","stockfishScores":{"bn":0.505297619047619}},{"fenStr":"2r3k1/p1r4p/R1b5/1PRp2p1/3Pp1q1/P3PpP1/5P1P/2Q3K1","stockfishScores":{"wn":0.4832142857142857}},{"fenStr":"2r3k1/p1r4p/2R5/1PRp2p1/3Pp1q1/P3PpP1/5P1P/2Q3K1","stockfishScores":{"bn":0.5085714285714286}},{"fenStr":"2r3k1/p6p/2r5/1PRp2p1/3Pp1q1/P3PpP1/5P1P/2Q3K1","stockfishScores":{"wn":0.47095238095238096}},{"fenStr":"2r3k1/p6p/2R5/1P1p2p1/3Pp1q1/P3PpP1/5P1P/2Q3K1","stockfishScores":{"bn":0.505297619047619}},{"fenStr":"6k1/p6p/2r5/1P1p2p1/3Pp1q1/P3PpP1/5P1P/2Q3K1","stockfishScores":{"wn":0.45898809523809525}},{"fenStr":"6k1/p6p/2P5/3p2p1/3Pp1q1/P3PpP1/5P1P/2Q3K1","stockfishScores":{"bn":0.51375}},{"fenStr":"6k1/p6p/2P5/3p2p1/3Pp3/P3PpPq/5P1P/2Q3K1","stockfishScores":{"wn":0.5123214285714286}},{"fenStr":"6k1/p6p/2P5/3p2p1/3Pp3/P3PpPq/5P1P/5QK1","stockfishScores":{"bn":0.5116666666666667}},{"fenStr":"2q3k1/p6p/2P5/3p2p1/3Pp3/P3PpP1/5P1P/5QK1","stockfishScores":{"wn":0.5086309523809524}},{"fenStr":"2q3k1/p6p/2P5/1Q1p2p1/3Pp3/P3PpP1/5P1P/6K1","stockfishScores":{"bn":0.5098809523809524}},{"fenStr":"6k1/p6p/2P5/1Q1p2p1/3Pp3/P3PpPq/5P1P/6K1","stockfishScores":{"wn":0.5125}},{"fenStr":"6k1/p6p/2P5/3Q2p1/3Pp3/P3PpPq/5P1P/6K1","stockfishScores":{"bn":0.525}},{"fenStr":"5k2/p6p/2P5/3Q2p1/3Pp3/P3PpPq/5P1P/6K1","stockfishScores":{"wn":0.5253571428571429}},{"fenStr":"3Q1k2/p6p/2P5/6p1/3Pp3/P3PpPq/5P1P/6K1","stockfishScores":{"bn":0.5251190476190476}},{"fenStr":"3Q4/p4k1p/2P5/6p1/3Pp3/P3PpPq/5P1P/6K1","stockfishScores":{"wn":0.5264285714285715}},{"fenStr":"8/p2Q1k1p/2P5/6p1/3Pp3/P3PpPq/5P1P/6K1","stockfishScores":{"bn":0.5294047619047619}},{"fenStr":"8/p2q1k1p/2P5/6p1/3Pp3/P3PpP1/5P1P/6K1","stockfishScores":{"wn":0.43601190476190477}},{"fenStr":"8/p2P1k1p/8/6p1/3Pp3/P3PpP1/5P1P/6K1","stockfishScores":{"bn":0.5301785714285714}},{"fenStr":"8/p2Pk2p/8/6p1/3Pp3/P3PpP1/5P1P/6K1","stockfishScores":{"wn":0.5151190476190476}},{"fenStr":"8/p2Pk2p/8/6p1/3Pp3/P3PpP1/5P1P/5K2","stockfishScores":{"bn":0.5145833333333333}},{"fenStr":"8/p2k3p/8/6p1/3Pp3/P3PpP1/5P1P/5K2","stockfishScores":{"wn":0.5081547619047619}},{"fenStr":"8/p2k3p/8/6p1/3Pp3/P3PpP1/5P1P/4K3","stockfishScores":{"bn":0.5072023809523809}},{"fenStr":"8/p6p/2k5/6p1/3Pp3/P3PpP1/5P1P/4K3","stockfishScores":{"wn":0.506547619047619}},{"fenStr":"8/p6p/2k5/6p1/3Pp3/P3PpP1/3K1P1P/8","stockfishScores":{"bn":0.5066071428571428}},{"fenStr":"8/p6p/8/1k4p1/3Pp3/P3PpP1/3K1P1P/8","stockfishScores":{"wn":0.5111309523809524}},{"fenStr":"8/p6p/8/1k4p1/3Pp3/P1K1PpP1/5P1P/8","stockfishScores":{"bn":0.5113690476190477}},{"fenStr":"8/p6p/8/1k6/3Pp1p1/P1K1PpP1/5P1P/8","stockfishScores":{"wn":0.5110714285714286}},{"fenStr":"8/p6p/8/1k6/3Pp1p1/PK2PpP1/5P1P/8","stockfishScores":{"bn":0.5101785714285715}},{"fenStr":"8/7p/8/pk6/3Pp1p1/PK2PpP1/5P1P/8","stockfishScores":{"wn":0.5091666666666667}},{"fenStr":"8/7p/8/pk6/P2Pp1p1/1K2PpP1/5P1P/8","stockfishScores":{"bn":0.5095238095238095}},{"fenStr":"8/7p/1k6/p7/P2Pp1p1/1K2PpP1/5P1P/8","stockfishScores":{"wn":0.5095238095238095}},{"fenStr":"8/7p/1k6/p7/P1KPp1p1/4PpP1/5P1P/8","stockfishScores":{"bn":0.5103571428571428}},{"fenStr":"8/7p/2k5/p7/P1KPp1p1/4PpP1/5P1P/8","stockfishScores":{"wn":0.5098809523809524}},{"fenStr":"8/7p/2k5/p2P4/P1K1p1p1/4PpP1/5P1P/8","stockfishScores":{"bn":0.5083333333333333}},{"fenStr":"8/7p/3k4/p2P4/P1K1p1p1/4PpP1/5P1P/8","stockfishScores":{"wn":0.5051190476190476}},{"fenStr":"8/7p/3k4/p2P4/P2Kp1p1/4PpP1/5P1P/8","stockfishScores":{"bn":0.5072023809523809}},{"fenStr":"8/8/3k4/p2P3p/P2Kp1p1/4PpP1/5P1P/8","stockfishScores":{"wn":0.508095238095238}},{"fenStr":"8/8/3k4/p2P3p/P3K1p1/4PpP1/5P1P/8","stockfishScores":{"bn":0.5107142857142857}},{"fenStr":"8/8/8/p1kP3p/P3K1p1/4PpP1/5P1P/8","stockfishScores":{"wn":0.5132738095238095}},{"fenStr":"8/8/8/p1kPK2p/P5p1/4PpP1/5P1P/8","stockfishScores":{"bn":0.5145833333333333}},{"fenStr":"8/8/8/p2PK2p/Pk4p1/4PpP1/5P1P/8","stockfishScores":{"wn":0.5182738095238095}},{"fenStr":"8/8/3P4/p3K2p/Pk4p1/4PpP1/5P1P/8","stockfishScores":{"bn":0.5245238095238095}},{"fenStr":"8/8/3P4/p3K2p/k5p1/4PpP1/5P1P/8","stockfishScores":{"wn":0.5220833333333333}},{"fenStr":"8/3P4/8/p3K2p/k5p1/4PpP1/5P1P/8","stockfishScores":{"bn":0.5317857142857143}},{"fenStr":"8/3P4/8/p3K2p/6p1/1k2PpP1/5P1P/8","stockfishScores":{"wn":0.5314880952380953}},{"fenStr":"3Q4/8/8/p3K2p/6p1/1k2PpP1/5P1P/8","stockfishScores":{"bn":0.5728571428571428}},{"fenStr":"3Q4/8/8/4K2p/p5p1/1k2PpP1/5P1P/8","stockfishScores":{"wn":0.5726190476190476}},{"fenStr":"8/8/8/3QK2p/p5p1/1k2PpP1/5P1P/8","stockfishScores":{"bn":0.5735119047619047}},{"fenStr":"8/8/8/3QK2p/p5p1/4PpP1/1k3P1P/8","stockfishScores":{"wn":0.575}},{"fenStr":"8/8/8/1Q2K2p/p5p1/4PpP1/1k3P1P/8","stockfishScores":{"bn":0.5747619047619048}},{"fenStr":"8/8/8/1Q2K2p/p5p1/k3PpP1/5P1P/8","stockfishScores":{"wn":0.5748809523809524}},{"fenStr":"8/8/8/1Q5p/p2K2p1/k3PpP1/5P1P/8","stockfishScores":{"bn":0.5751190476190476}},{"fenStr":"8/8/8/1Q6/p2K2pp/k3PpP1/5P1P/8","stockfishScores":{"wn":0.5736904761904762}},{"fenStr":"8/8/8/1Q6/p5pp/k1K1PpP1/5P1P/8","stockfishScores":{"bn":0.5745238095238095}},{"fenStr":"8/8/8/1Q6/p5p1/k1K1Ppp1/5P1P/8","stockfishScores":{"wn":0.5681547619047619}},{"fenStr":"8/8/8/8/p5p1/k1K1Ppp1/1Q3P1P/8","stockfishScores":{"bn":0.5676785714285715}}],"result":{"ww":true}}