{"fens":[{"fenStr":"rnbqkbnr/pppppppp/8/8/4P3/8/PPPP1PPP/RNBQKBNR","stockfishScores":{"bn":0.5049404761904762}},{"fenStr":"rnbqkbnr/pppp1ppp/4p3/8/4P3/8/PPPP1PPP/RNBQKBNR","stockfishScores":{"wn":0.5002380952380953}},{"fenStr":"rnbqkbnr/pppp1ppp/4p3/8/3PP3/8/PPP2PPP/RNBQKBNR","stockfishScores":{"bn":0.5058928571428571}},{"fenStr":"rnbqkbnr/ppp2ppp/4p3/3p4/3PP3/8/PPP2PPP/RNBQKBNR","stockfishScores":{"wn":0.5010119047619047}},{"fenStr":"rnbqkbnr/ppp2ppp/4p3/3p4/3PP3/8/PPPN1PPP/R1BQKBNR","stockfishScores":{"bn":0.5027380952380952}},{"fenStr":"r1bqkbnr/ppp2ppp/2n1p3/3p4/3PP3/8/PPPN1PPP/R1BQKBNR","stockfishScores":{"wn":0.4992261904761905}},{"fenStr":"r1bqkbnr/ppp2ppp/2n1p3/3p4/3PP3/5N2/PPPN1PPP/R1BQKB1R","stockfishScores":{"bn":0.5036309523809523}},{"fenStr":"r1bqkb1r/ppp2ppp/2n1pn2/3p4/3PP3/5N2/PPPN1PPP/R1BQKB1R","stockfishScores":{"wn":0.5026785714285714}},{"fenStr":"r1bqkb1r/ppp2ppp/2n1pn2/3pP3/3P4/5N2/PPPN1PPP/R1BQKB1R","stockfishScores":{"bn":0.50625}},{"fenStr":"r1bqkbnr/ppp2ppp/2n1p3/3pP3/3P4/5N2/PPPN1PPP/R1BQKB1R","stockfishScores":{"wn":0.50625}},{"fenStr":"r1bqkbnr/ppp2ppp/2n1p3/3pP3/3P4/2P2N2/PP1N1PPP/R1BQKB1R","stockfishScores":{"bn":0.5096428571428572}},{"fenStr":"r1b1kbnr/pppq1ppp/2n1p3/3pP3/3P4/2P2N2/PP1N1PPP/R1BQKB1R","stockfishScores":{"wn":0.5113690476190477}},{"fenStr":"r1b1kbnr/pppq1ppp/2n1p3/3pP3/3P4/2PB1N2/PP1N1PPP/R1BQK2R","stockfishScores":{"bn":0.5118452380952381}},{"fenStr":"r1b1kbnr/p1pq1ppp/1pn1p3/3pP3/3P4/2PB1N2/PP1N1PPP/R1BQK2R","stockfishScores":{"wn":0.5110714285714286}},{"fenStr":"r1b1kbnr/p1pq1ppp/1pn1p3/3pP3/3P4/2PB1N2/PP1N1PPP/R1BQ1RK1","stockfishScores":{"bn":0.5226785714285714}},{"fenStr":"r3kbnr/pbpq1ppp/1pn1p3/3pP3/3P4/2PB1N2/PP1N1PPP/R1BQ1RK1","stockfishScores":{"wn":0.5226190476190476}},{"fenStr":"r3kbnr/pbpq1ppp/1pn1p3/3pP3/1P1P4/2PB1N2/P2N1PPP/R1BQ1RK1","stockfishScores":{"bn":0.5230357142857143}},{"fenStr":"r3kbnr/1bpq1ppp/1pn1p3/p2pP3/1P1P4/2PB1N2/P2N1PPP/R1BQ1RK1","stockfishScores":{"wn":0.5233333333333333}},{"fenStr":"r3kbnr/1bpq1ppp/1pn1p3/pP1pP3/3P4/2PB1N2/P2N1PPP/R1BQ1RK1","stockfishScores":{"bn":0.5248809523809523}},{"fenStr":"r3kbnr/nbpq1ppp/1p2p3/pP1pP3/3P4/2PB1N2/P2N1PPP/R1BQ1RK1","stockfishScores":{"wn":0.5235714285714286}},{"fenStr":"r3kbnr/nbpq1ppp/1p2p3/pP1pP3/P2P4/2PB1N2/3N1PPP/R1BQ1RK1","stockfishScores":{"bn":0.5255952380952381}},{"fenStr":"r3kbnr/nbpq2pp/1p2p3/pP1pPp2/P2P4/2PB1N2/3N1PPP/R1BQ1RK1","stockfishScores":{"wn":0.5283333333333333}},{"fenStr":"r3kbnr/nbpq2pp/1p2pP2/pP1p4/P2P4/2PB1N2/3N1PPP/R1BQ1RK1","stockfishScores":{"bn":0.5426785714285715}},{"fenStr":"r3kbnr/nbpq3p/1p2pp2/pP1p4/P2P4/2PB1N2/3N1PPP/R1BQ1RK1","stockfishScores":{"wn":0.5223214285714286}},{"fenStr":"r3kbnr/nbpq3p/1p2pp2/pP1p4/P2P4/2PB1N2/3N1PPP/R1BQR1K1","stockfishScores":{"bn":0.5243452380952381}},{"fenStr":"2kr1bnr/nbpq3p/1p2pp2/pP1p4/P2P4/2PB1N2/3N1PPP/R1BQR1K1","stockfishScores":{"wn":0.5142857142857142}},{"fenStr":"2kr1bnr/nbpq3p/1p2pp2/pP1p4/P2P4/2PB1N2/3NQPPP/R1B1R1K1","stockfishScores":{"bn":0.5130357142857143}},{"fenStr":"2k1rbnr/nbpq3p/1p2pp2/pP1p4/P2P4/2PB1N2/3NQPPP/R1B1R1K1","stockfishScores":{"wn":0.5125595238095239}},{"fenStr":"2k1rbnr/nbpq3p/1p2pp2/pP1p1B2/P2P4/2P2N2/3NQPPP/R1B1R1K1","stockfishScores":{"bn":0.509702380952381}},{"fenStr":"1k2rbnr/nbpq3p/1p2pp2/pP1p1B2/P2P4/2P2N2/3NQPPP/R1B1R1K1","stockfishScores":{"wn":0.5041071428571429}},{"fenStr":"1k2rbnr/nbpq3p/1p2Bp2/pP1p4/P2P4/2P2N2/3NQPPP/R1B1R1K1","stockfishScores":{"bn":0.5127380952380952}},{"fenStr":"1k2rbnr/nbp3qp/1p2Bp2/pP1p4/P2P4/2P2N2/3NQPPP/R1B1R1K1","stockfishScores":{"wn":0.5158928571428572}},{"fenStr":"1k2rbnr/nbp3qp/1p2Bp2/pP1p4/P2P4/2PQ1N2/3N1PPP/R1B1R1K1","stockfishScores":{"bn":0.5129166666666667}},{"fenStr":"1k2r1nr/nbp3qp/1p1bBp2/pP1p4/P2P4/2PQ1N2/3N1PPP/R1B1R1K1","stockfishScores":{"wn":0.5091071428571429}},{"fenStr":"1k2r1nr/nbp3qp/1p1bBp2/pP1p4/P2P4/2PQ1N2/5PPP/R1B1RNK1","stockfishScores":{"bn":0.507797619047619}},{"fenStr":"1k2r2r/nbp1n1qp/1p1bBp2/pP1p4/P2P4/2PQ1N2/5PPP/R1B1RNK1","stockfishScores":{"wn":0.5070833333333333}},{"fenStr":"1k2r2r/nbp1n1qp/1p1bBp2/pP1p4/P2P4/B1PQ1N2/5PPP/R3RNK1","stockfishScores":{"bn":0.5058333333333334}},{"fenStr":"1k2r2r/nbp1n1qp/1p2Bp2/pP1p4/P2P4/b1PQ1N2/5PPP/R3RNK1","stockfishScores":{"wn":0.48839285714285713}},{"fenStr":"1k2r2r/nbp1n1qp/1p2Bp2/pP1p4/P2P4/R1PQ1N2/5PPP/4RNK1","stockfishScores":{"bn":0.5098809523809524}},{"fenStr":"1kb1r2r/n1p1n1qp/1p2Bp2/pP1p4/P2P4/R1PQ1N2/5PPP/4RNK1","stockfishScores":{"wn":0.5094642857142857}},{"fenStr":"1kB1r2r/n1p1n1qp/1p3p2/pP1p4/P2P4/R1PQ1N2/5PPP/4RNK1","stockfishScores":{"bn":0.5279761904761905}},{"fenStr":"1kn1r2r/2p1n1qp/1p3p2/pP1p4/P2P4/R1PQ1N2/5PPP/4RNK1","stockfishScores":{"wn":0.5079166666666667}},{"fenStr":"1kn1r2r/2p1n1qp/1p3p2/pP1p4/P2P4/2PQ1N2/5PPP/R3RNK1","stockfishScores":{"bn":0.5076190476190476}},{"fenStr":"1k2r2r/2p1n1qp/1p1n1p2/pP1p4/P2P4/2PQ1N2/5PPP/R3RNK1","stockfishScores":{"wn":0.5038690476190476}},{"fenStr":"1k2r2r/2p1n1qp/1p1n1p2/pP1p4/P2P4/2PQNN2/5PPP/R3R1K1","stockfishScores":{"bn":0.5077380952380952}},{"fenStr":"1k2r2r/2p1n1q1/1p1n1p2/pP1p3p/P2P4/2PQNN2/5PPP/R3R1K1","stockfishScores":{"wn":0.5069047619047619}},{"fenStr":"1k2r2r/2p1n1q1/1p1n1p2/pP1p3p/P2P3N/2PQN3/5PPP/R3R1K1","stockfishScores":{"bn":0.5064285714285715}},{"fenStr":"1k4rr/2p1n1q1/1p1n1p2/pP1p3p/P2P3N/2PQN3/5PPP/R3R1K1","stockfishScores":{"wn":0.5064880952380952}},{"fenStr":"1k4rr/2p1n1q1/1p1n1p2/pP1p3p/P2P3N/2PQN1P1/5P1P/R3R1K1","stockfishScores":{"bn":0.5077380952380952}},{"fenStr":"1k4rr/2p1n3/1p1n1p2/pP1p2qp/P2P3N/2PQN1P1/5P1P/R3R1K1","stockfishScores":{"wn":0.5105357142857143}},{"fenStr":"1k4rr/2p1n3/1p1n1p2/pP1p2qp/P2P3N/2PQ2P1/5PNP/R3R1K1","stockfishScores":{"bn":0.5116071428571428}},{"fenStr":"1k4rr/2p5/1p1n1p2/pP1p1nqp/P2P3N/2PQ2P1/5PNP/R3R1K1","stockfishScores":{"wn":0.5098214285714285}},{"fenStr":"1k4rr/2p5/1p1n1p2/pP1p1Nqp/P2P4/2PQ2P1/5PNP/R3R1K1","stockfishScores":{"bn":0.5322619047619047}},{"fenStr":"1k4rr/2p5/1p3p2/pP1p1nqp/P2P4/2PQ2P1/5PNP/R3R1K1","stockfishScores":{"wn":0.5085119047619048}},{"fenStr":"1k4rr/2p5/1p3p2/pP1p1nqp/P2P4/2P2QP1/5PNP/R3R1K1","stockfishScores":{"bn":0.5083928571428571}},{"fenStr":"1k4rr/2p5/1p3p2/pP1p1nq1/P2P3p/2P2QP1/5PNP/R3R1K1","stockfishScores":{"wn":0.507797619047619}},{"fenStr":"1k4rr/2p5/1p3p2/pP1p1nq1/P2P3p/2P1NQP1/5P1P/R3R1K1","stockfishScores":{"bn":0.5108928571428571}},{"fenStr":"1k4rr/2p5/1p3p2/pP1p1nq1/P2P4/2P1NQp1/5P1P/R3R1K1","stockfishScores":{"wn":0.49214285714285716}},{"fenStr":"1k4rr/2p5/1p3p2/pP1p1nq1/P2P4/2P1NQP1/7P/R3R1K1","stockfishScores":{"bn":0.4979166666666667}},{"fenStr":"1k4rr/2p5/1p1n1p2/pP1p2q1/P2P4/2P1NQP1/7P/R3R1K1","stockfishScores":{"wn":0.4992857142857143}},{"fenStr":"1k4rr/2p5/1p1n1p2/pP1Q2q1/P2P4/2P1N1P1/7P/R3R1K1","stockfishScores":{"bn":0.5070833333333333}},{"fenStr":"1k4rr/2p5/1p1n4/pP1Q1pq1/P2P4/2P1N1P1/7P/R3R1K1","stockfishScores":{"wn":0.5074404761904762}},{"fenStr":"1k4rr/2p5/1p1n4/pP1Q1pq1/P2P4/2P1N1P1/R6P/4R1K1","stockfishScores":{"bn":0.5090476190476191}},{"fenStr":"1k4r1/2p5/1p1n4/pP1Q1pq1/P2P4/2P1N1P1/R6r/4R1K1","stockfishScores":{"wn":0.4635714285714286}},{"fenStr":"1k4r1/2p5/1p1n4/pP1Q1pq1/P2P4/2P1N1P1/7R/4R1K1","stockfishScores":{"bn":0.5439285714285714}},{"fenStr":"1k4r1/2p5/1p1n4/pP1Q1p2/P2P4/2P1N1q1/7R/4R1K1","stockfishScores":{"wn":0.5118452380952381}},{"fenStr":"1k4r1/2p5/1p1n4/pP1Q1p2/P2P4/2P3q1/6NR/4R1K1","stockfishScores":{"bn":0.5008928571428571}},{"fenStr":"1k4r1/2p5/1p1n4/pP1Q1p2/P2P4/2P5/6NR/4q1K1","stockfishScores":{"wn":0.47946428571428573}}],"result":{"bw":true}}